,career_DivWin,career_WCWin,career_LgWin,career_WSWin,career_team_wins,career_team_games,G,G_batting,AB,R,H,2B,3B,HR,RBI,SB,CS,BB,SO,IBB,HBP,SH,SF,GIDP,G_old,post_G,post_AB,post_R,post_H,post_2B,post_3B,post_HR,post_RBI,post_SB,post_CS,post_BB,post_SO,post_IBB,post_HBP,post_SH,post_SF,post_GIDP,fielding_G,fielding_GS,InnOuts,PO,A,E,DP,PB,fielding_WP,fielding_SB,fielding_CS,ZR,fielding_post_G,fielding_post_GS,post_InnOuts,post_PO,post_A,post_E,post_DP,post_TP,post_PB,fielding_post_SB,fielding_post_CS,inducted,seasons_played,ALCS MVP,All-MLB Team - First Team,All-MLB Team - Second Team,All-Star Game MVP,Babe Ruth Award,Baseball Magazine All-Star,Bob Feller Act of Valor Award - HOF Player,Bob Feller Act of Valor Award - MLB Player,Bob Feller Act of Valor Award - Patriot Award,Branch Rickey Award,Comeback Player of the Year,Cy Young Award,Gold Glove,Hank Aaron Award,Hutch Award,Lou Gehrig Memorial Award,MLB Players Choice Comeback Player,MLB Players Choice Man of the Year,MLB Players Choice Outstanding Pitcher,MLB Players Choice Outstanding Player,MLB Players Choice Outstanding Rookie,MLB Players Choice Player of the Year,MLB Players Curt Flood Award,Majestic Athletic Always Game Award,Most Valuable Player,NLCS MVP,Outstanding DH Award,Pitcher of the Month,Pitching Triple Crown,Platinum Glove,Player of the Month,Player of the Week,Reliever of the Month,Reliever of the Year,Reliever of the Year Award,Roberto Clemente Award,Rookie of the Month,Rookie of the Year,SIlver Slugger,Silver Slugger,TSN All-Star,TSN Comeback Player of the Year,TSN Fireman of the Year,TSN Guide MVP,TSN Major League Player of the Year,TSN Pitcher of the Year,TSN Player of the Year,TSN Reliever of the Year,TSN Rookie Pitcher of the Year,TSN Rookie Player of the Year,TSN Rookie of the Year,This Year in Baseball Best Bounceback Player,This Year in Baseball Best Breakout Player,This Year in Baseball Best Defensive Player,This Year in Baseball Best Major Leaguer,This Year in Baseball Best Major Leaguer - Postseason,This Year in Baseball Best Moment,This Year in Baseball Best Performance,This Year in Baseball Best Pitcher,This Year in Baseball Best Play - Defense,This Year in Baseball Best Play - Offense,This Year in Baseball Best Player,This Year in Baseball Best Rookie,This Year in Baseball Best Social Media Personality,This Year in Baseball Breakout Hitter of the Year,This Year in Baseball Breakout Pitcher of the Year,This Year in Baseball Breakout Player of the Year,This Year in Baseball Closer of the Year,This Year in Baseball Defensive Player of the Year,This Year in Baseball Dependable Player of the Year,This Year in Baseball Hitter of the Year,This Year in Baseball Hitting Performance of the Year,This Year in Baseball Moment of the Year,This Year in Baseball Oddity of the Year,This Year in Baseball Performance of the Year,This Year in Baseball Pitching Performance of the Year,This Year in Baseball Play of the Year,This Year in Baseball Player of the Year,This Year in Baseball Postseason MVP,This Year in Baseball Postseason Moment of the Year,This Year in Baseball Rookie of the Year,This Year in Baseball Setup Man of the Year,This Year in Baseball Starter of the Year,This Year in Baseball X-Factor Player of the Year,Triple Crown,World Series MVP,retired_five,hof_eligibility
career_DivWin,1.0,0.28065364679007626,0.14773121749628207,0.16025781173857215,0.4153761608521269,0.3531905351029214,0.12182063456137722,,0.02500435318082395,0.021378434561434012,0.019129050796964267,0.06882184667840956,-0.1753740772541341,0.19801008040556833,0.05165116506481734,0.004540774776035455,0.15646727500564506,0.06082890952458625,0.234763790095172,0.2801591708945448,0.0717988358051723,-0.19902927349121866,0.3441067254477937,0.2429990684585135,,0.6026276032656201,0.42270231270924724,0.37560013936033443,0.3999811291583841,0.3783652448173678,0.1469352503680213,0.35704216637129943,0.38250784459605813,0.21086190835470603,0.21609245675218808,0.3837735050460304,0.4660259662822075,0.29098763967311253,0.3059341524843111,0.1998954030835588,0.32608390497839324,0.3617083719220978,0.09592918614836572,0.36280440807827324,0.2564618038104156,0.0007382524433702045,-0.01941228356537047,-0.19594250959189916,0.02677429463120385,-0.07341767398445558,-0.04870474726687315,0.03498764337709374,0.0054213334487819035,-0.04656822476003423,0.5930754390760613,0.46654389662185114,0.46968710195252633,0.317018308308517,0.2995314643055556,0.2707852833246426,0.2805772651841365,-0.013340512467784288,0.10228183516885919,,,-0.010075768627546097,0.27371130641554475,0.16530147809045745,,,0.12806625164548568,0.12529862558261506,-0.16562159383755834,0.06477911000778873,0.020967994872234257,0.018847953165679717,0.09533612472095421,0.06160656110646309,0.15178881060096266,0.1962816837865002,0.1103734216199194,0.08742623915898431,0.10373385161261911,0.0975645496613058,0.11614375305253327,0.14460527007956128,0.10139775869491063,0.07189936881280169,0.08505562908205028,0.021611366884428634,,0.046593108389701224,0.1315718261613051,0.07350493916994706,0.23344281046807033,-0.00932329053362895,0.018847953165679714,0.21698162287312683,0.3758834856733027,0.07075171077884865,,0.10184659586011861,0.13560277152244293,0.03880238869133116,0.0882002841027964,,0.24032713274135445,0.16743725268323184,0.11963467014114489,0.05230679723385697,-0.05936598398020588,0.04948591323140309,0.11000633645682488,0.035294071225493724,0.11565654638847679,0.06675973099848988,0.12017423334971093,-0.039448870686832324,0.02689506957404575,,,,,,,,,0.002753720348947728,0.018847953165679707,,,-0.013340512467784284,0.0027537203489477326,-0.013340512467784288,0.10906024758208045,0.060454394190789205,0.0027537203489477464,0.07905247360808768,,0.09394224806857046,-0.0018405645855347828,0.09551760574729563,0.003894930909913746,0.09152420877311786,,0.028007982017817245,0.05600029204362327,0.013560639474575817,0.03496865906205293,0.02318865464794648,0.03494218598241186,-0.04060258784288441,0.15549768288950605,,
career_WCWin,0.28065364679007626,1.0,-0.00469090427506048,0.060144118800077265,0.17502454386259028,0.15357123049325386,0.013813737017977947,,-0.04122893197540521,-0.017401653086995855,-0.035940421745462636,0.020784437010775123,-0.14251566929157314,0.09786532017055341,-0.0055658073767633175,-0.03528645604383868,0.00170950322161286,0.00780871109067939,0.1161353283627675,0.07156424673136952,0.05674834077763163,-0.15825161925818582,0.13041988366683846,0.08189390886726125,,0.3679933206069845,0.23551429215103598,0.2366485067918321,0.2270305133263323,0.24460359935047685,0.05048053176972099,0.23789307548404925,0.23111211858104613,0.08934906683679728,0.04246778894172893,0.23122740705670577,0.2860262129150783,0.15897195795950625,0.2149702640716787,0.10327931364446122,0.19278764421689717,0.23308535637859085,0.009212035217160209,0.13862403950639166,0.08194558367380203,-0.023177060300412927,-0.05211861758792473,-0.14538918217638858,-0.013982725195963578,-0.041505907881788554,-0.05038106384106754,0.018802193679733695,-0.014877256438872114,-0.04649576876191125,0.3629872788523766,0.2584943574281092,0.26193368367167513,0.1885357076487956,0.1438381430878357,0.11173503471515797,0.1363215335752142,-0.007255718273357485,0.11353144242899757,,,-0.05250715103563988,0.06640320496553305,0.10785253253773401,,,0.05474525053121092,0.04965587810391545,-0.09007927002592556,-0.02297552540155577,0.019061747052993648,-0.0072557182733574924,0.02074866976684751,0.18911396111128623,0.04698169100818522,0.03068463253353705,0.1481595793678479,0.028782158917986935,0.01675929684159725,0.11988965156328817,0.07746688248441717,0.08214242852219765,0.10325709892505286,0.13017833008448854,0.06243931253715076,-0.01451794829779287,,-0.014400608863140206,0.07199353003120362,0.06379936159236951,0.11962728496751011,0.0019993709497285795,0.013476675699874097,0.12015924549161316,0.19526200559818077,0.09993702284982015,,0.05906936931306951,0.061662034436969486,0.14207670145597648,0.04440020600860663,,0.17034269326062512,0.028640200389381636,0.07157342135387428,0.005251085851905548,-0.03228832893947817,0.0035546079656819606,0.035611353378690265,-0.03918374950552143,0.10467677138119226,0.06285570590046141,0.044794606467463034,0.0019042663953590126,0.013476675699874086,,,,,,,,,0.013476675699874098,0.09640625159280049,,,0.03420906967310566,0.013476675699874093,0.05494146364633726,0.11700123026460715,0.060366973306867765,-0.007255718273357483,0.1370781754006711,,0.08284313473114945,0.10627626547939319,0.10926835444217206,0.03372395524593995,0.09583107583249119,,0.08321643481398089,0.0984331197484764,0.06844884077891927,0.020875439835570747,0.04150597580006149,-0.007255718273357485,-0.026004755257932912,0.07061637128665431,,
career_LgWin,0.14773121749628207,-0.00469090427506048,1.0,0.7749100294468951,0.36387735384398084,0.21556962478633523,0.17135223682869258,,0.16256703522019472,0.19316281697080329,0.17189164993865322,0.14491006398962009,0.2058597113304197,0.0981761114253549,0.1783088605335429,0.13709538980775762,0.05499534839863883,0.164079267334368,0.05614077438371449,0.01810026663213432,0.0951968742597227,0.19430251112514443,-0.01725357486183507,0.013192346616932324,,0.4778462665335651,0.40500618944076927,0.3717455321413306,0.3847283074307258,0.3141855671780699,0.2989470101558351,0.2665215582573589,0.3560723274300489,0.21556998943497743,0.2917047316341715,0.33964654531451527,0.3186341079249906,0.2146955342662903,0.1663919176535717,0.30667866884816497,0.21176948081098057,0.2820126899395796,0.1829469029719164,-0.007458290899303361,0.034860601853180996,0.11421196110343304,0.0974149679017278,0.1564825887454589,0.0784296454537229,0.05924077344935091,0.035580002112526515,-0.02007837932535404,0.00126075456320086,0.0250618087951521,0.45437473515034515,0.41160856241567495,0.4130108467091825,0.28719073612761664,0.2879932130499584,0.34307253346331,0.234472666453895,-0.005184773168620442,0.08877725273220766,,,0.26832311284577226,0.28639850773923814,0.07959161258066795,,,0.064660726491113,0.1623129418223949,0.2527420849907785,0.04933198292544741,-0.014675722944469456,0.005197184355140179,0.01793876342431033,2.503397421485712e-05,0.09358050867407491,0.04935076472585332,0.014130895819540565,0.042885014371979564,0.09365497909066993,-0.004912382985960308,0.030378588712611964,0.03466366022647014,-0.010071634156234972,-0.006956461473732509,-0.0043070342059527405,0.010399032999817471,,0.18268895024674753,0.059089382852633335,0.019128857796613608,0.04478120824314648,0.08467854815871502,-0.005184773168620457,0.008087300098156315,0.010889046683331204,-0.011096234400166997,,0.02208156057280141,0.05675212111215798,-0.025769979956116462,0.03922603291700506,,0.009512525764901,0.22212223513889567,0.02354112285392385,0.0090574426213598,0.11264074522049469,0.08498570024611239,0.11339464532011842,0.07826927586399542,0.034694576794629554,-0.027012557623043908,0.021504179948216857,0.03430159860938664,-0.005184773168620472,,,,,,,,,-0.015566730692381087,0.015579141878900866,,,-0.015566730692381105,-0.0155667306923811,-0.015566730692381108,0.06007436436797874,-0.003270004719282135,-0.015566730692381101,0.019717818310953254,,0.04853789874070124,-0.009802404644346544,0.02122315036895182,0.02203552778235087,0.00868063469367525,,0.02699193581718211,0.009835271047177557,-0.010374199488176144,0.006982481082585988,-0.004226375781273751,0.0051971843551402,0.07909202306150988,0.16437575553900202,,
career_WSWin,0.16025781173857215,0.060144118800077265,0.7749100294468951,1.0,0.2948835749540152,0.17606683258411465,0.11295317017291916,,0.09229898998494848,0.10656919939445515,0.09758839553172217,0.09050544445347959,0.09391034152158605,0.10041153588684111,0.11075007781503535,0.04304548561883579,0.09379000941942937,0.11702034986949583,0.05827264415412497,0.03720192650334642,0.039782571982748406,0.124396098218422,0.02516402653391934,0.042153272866288075,,0.41769938126790285,0.34812402278895527,0.33114427932796914,0.33594282515691204,0.28104240968933,0.23516100573927964,0.2574692679308356,0.3257115041967223,0.16695910050382404,0.24543639808767223,0.3082134902128322,0.2801709149506791,0.20733074359490636,0.16653946659342067,0.2693036705879864,0.19897942749325578,0.25840399277354004,0.11256191701895527,0.029194070448092163,-0.009581393895260526,0.06567619391578047,0.04440182013676648,-7.507568414251977e-05,0.057939510582791225,-0.022859034830350053,0.030936443505134248,-0.03653648911735713,-0.02646488440184287,0.017149596205721703,0.41622083565442214,0.3736557435285441,0.37633989488392156,0.2677520317794161,0.2536874756907581,0.26598979507835435,0.21664701518088425,0.004826282629166343,0.09776379214831227,,,0.18256017987529838,0.18900779646926344,0.08255550127722942,,,0.05308049420195434,0.20679035543690855,0.2284028146168183,0.050513869764251,-0.00441432532958828,0.00482628262916632,0.01743782695933599,0.008783082864022402,0.08416808925708415,0.04461156485446845,0.02725088233864528,0.03974616877593502,0.062223916544389385,-0.00017356609936721874,-0.007557995795508914,0.03338499465590636,-0.009746523010962977,0.01808111387799337,-0.005590530931630684,0.0017061151116738087,,0.1753767223059757,0.029741923555925434,0.03408966811395238,0.04480921205762113,0.06863069857275912,-0.011068148155470038,0.008038101004414112,0.027589475261472405,-0.004251677809955501,,0.027187892320387458,0.05392725641674885,-0.0075854248924752095,0.043293823215233486,,0.019166331146193146,0.21537254272628403,0.021169562995716575,0.011994285189143689,0.1319944859097886,0.09052131896905104,0.10275579984660926,0.07341770554736118,0.03892403770836823,-0.010036156612004571,0.017391840866158234,0.02946455321886434,-0.011068148155470038,,,,,,,,,-0.01106814815547004,0.036615144198439115,,,-0.011068148155470041,-0.011068148155470038,-0.011068148155470046,0.06153165254863932,0.012219503852460328,-0.011068148155470036,0.04435829256534031,,0.05520991110752798,-0.005258164831729978,0.04429942184222558,0.05178937540405856,0.019800683604059437,,0.04507946097890714,0.000754760502162196,-0.006244666453313098,0.017910813787225924,0.01832450455771021,0.004826282629166342,0.045780676333052536,0.18897542584698654,,
career_team_wins,0.4153761608521269,0.17502454386259028,0.36387735384398084,0.2948835749540152,1.0,0.9667369991786123,0.4570308375803659,,0.32331293319924576,0.3133033985153223,0.32590494925831,0.3344036440670131,0.1781655355887199,0.3388343799252704,0.34421459710194796,0.1817287152971363,0.25779571314833727,0.33686834068553717,0.336859452751505,0.3175953250363895,0.21551978455363172,0.19784178087177093,0.32942985505443817,0.3219545432888204,,0.42949124988076137,0.3459195857027918,0.3157945002567638,0.34240967677293144,0.30737804932908225,0.17396917974009965,0.28279083228128216,0.31980400000386905,0.19591421278514598,0.23212934159964432,0.30890701692284395,0.31543900627047156,0.23540849919726653,0.1988612462547825,0.23474875949947813,0.24189929703347393,0.26796748323981695,0.43763080140530697,0.36164975890049755,0.28876250889237937,0.22155353585052687,0.14515505762124628,0.020121342684239436,0.17985397685024482,-0.02712364674676782,0.005533160492571441,0.041211185903306476,0.037830171791448416,1.292009123523886e-05,0.42732875806344334,0.377408162518484,0.37624945910542845,0.2649191373361256,0.2316884562645479,0.27986173731408787,0.21514593609370933,-0.009509886672803107,0.06654172036660698,,,0.34053962421060013,0.884391803210552,0.11583017079776867,,,0.1718776391891631,0.12181162137111902,0.18587402129112626,0.108157030810869,-0.0018179708392610057,0.006530959540371125,0.09029456928324434,0.043550336767888755,0.14323320645942758,0.2420943019314528,0.09462712566907575,0.12035933836073655,0.19063565098999632,0.05559620174104172,0.07840673732725859,0.09537477132489956,0.09287888703839474,0.03615778342807478,0.05884770773570231,0.04390920362764155,,0.21298035352980416,0.07897546444900491,0.09209528360239917,0.16795253916002068,0.06746671104188214,0.03528782202435257,0.21386776501736296,0.31923174463843323,0.04168326086555981,,0.05259686850342005,0.17880598702300832,0.0019840520263206124,0.10218965914832041,,0.2261746867685261,0.3717799110921964,0.13261721415981212,0.07229795089610845,0.05181632178873754,0.14521918636381995,0.15287251232793433,0.16025449004787498,0.03987070561445585,0.05046570874255817,0.09861106914974828,0.03479383292405213,-0.007526654777356096,,,,,,,,,0.027238233742832463,0.03231297418118205,,,-0.006593369179498682,0.0022728440001467194,-0.006826690578962978,0.047456227365835095,0.042731085923381124,0.026538269544439337,0.06279117414491406,,0.04594359532293521,0.00979216894031458,0.0573325864722682,-0.01675117768457666,0.04104923368171374,,0.005487466016350816,0.03260903282588763,0.0023593581257712846,0.012054438785733276,0.001996811166194041,-0.0031518785373993666,0.08787547680942354,0.13272754436428455,,
career_team_games,0.3531905351029214,0.15357123049325386,0.21556962478633523,0.17606683258411465,0.9667369991786123,1.0,0.4554962028259716,,0.3176493684011816,0.29491266780965275,0.3167726912876181,0.3262395238559142,0.16046189281608547,0.3301837343480962,0.33067417378080993,0.1678276711841349,0.2598803046598621,0.32476383867675596,0.34000810124367215,0.31766863078643465,0.20999325577061115,0.1909712280474299,0.3354698577760174,0.32713730563326054,,0.3313607275148015,0.2637614046036967,0.23976633987322105,0.2645525048213631,0.24121591046440077,0.1206211678219855,0.2258847881051745,0.24747560058421866,0.15277373796536425,0.1815435431238413,0.23836959360791335,0.24614531784830335,0.1913156488168772,0.1576320006170105,0.18249347947863218,0.19614247719609967,0.20824342413433414,0.4322217658124057,0.36506766836033827,0.28699380489275245,0.21857967257921052,0.139245388877878,0.011218320791153114,0.17638831439416008,-0.027776650057255627,-0.0029829017980478466,0.05149276897820382,0.04694791376589465,-0.004588346989407115,0.33428376031359996,0.2944691327338582,0.29271902765426194,0.207003328717506,0.17252297943181882,0.2119452122415717,0.1678424843319629,-0.009210609867046207,0.049881955019270736,,,0.298327197794036,0.8924019080920591,0.1014981332280806,,,0.16074356729625022,0.09496741247760047,0.14496640377797124,0.10140815327130652,-0.003248912263834727,-0.001981293812888697,0.09499101806765353,0.040571102712046246,0.1293855843776141,0.23054317548160802,0.08663749482537285,0.11578797803514108,0.18620292414505493,0.05246106454453452,0.07496200175337484,0.0880000510281071,0.08724861797711447,0.03241411643732787,0.05256781580385267,0.04306306638293343,,0.1841005590742001,0.07362358929731123,0.09213430507095287,0.1584102811902441,0.05393446074560543,0.03612256853369769,0.2123020188043871,0.3173816684905023,0.03928069637334084,,0.04605516098690752,0.17555027530923098,0.0021372305425076373,0.08912898034551066,,0.22424868070136886,0.33054531243765034,0.13031279052362957,0.07376923037703842,0.03200691254749092,0.12366854641611268,0.1343087118472373,0.14736025748708143,0.02503873444027799,0.04580718102185124,0.09153354110239151,0.031052415111393932,-0.009936698379035967,,,,,,,,,0.03602786133648168,0.030913672686815673,,,-0.0047909406636312026,0.005437436635701004,-0.004822509729369809,0.03194492363928138,0.03984359075655908,0.030945241752554295,0.05559142748142837,,0.031666202553345256,0.013276410929279678,0.04678544144799319,-0.017693858807392847,0.033094035793424875,,0.0004688900896142985,0.025649049212294675,0.003173444619717614,0.01343714489700986,-0.0013744218551532093,-0.004822509729370005,0.08172460689030843,0.1063673747198499,,
G,0.12182063456137722,0.013813737017977947,0.17135223682869258,0.11295317017291916,0.4570308375803659,0.4554962028259716,1.0,,0.9664707339683071,0.933690579694582,0.9600136070399248,0.9380725723935102,0.7105706891262723,0.7324802420260556,0.9179116604127001,0.5974249871419189,0.6683778167035358,0.8858293457133706,0.7758231481657533,0.6112929070731058,0.6482661417175348,0.3697989755624488,0.695129635339266,0.7290521260915044,,0.49250057363813204,0.5821580144946009,0.5423748634129169,0.583206654546758,0.5290083458981988,0.3528683477746639,0.4471319239587818,0.5319544010366052,0.35247646274442634,0.4028621074716569,0.5108261989076068,0.4772969428630327,0.3783521582612753,0.3404163564218501,0.20846618632418573,0.3695095006964297,0.4298162097592622,0.9751317139340171,0.7040465869390333,0.7536640986838933,0.662573228912009,0.4961330908275822,0.4978477831689139,0.5814299426310843,0.05616166538264433,0.03250368290890085,0.08520513212383371,0.07817432830537153,0.030655662921439456,0.45692649328049856,0.5301691252052921,0.5387627218590655,0.42599495473634486,0.3435373591393687,0.4141285365391991,0.37862655622324104,0.01391845264940462,0.07490174094456471,,,0.33636761109474683,0.549257614557457,0.07591538300912008,,,0.20263655819182244,0.06833575532025489,0.18302168312962713,0.08437361894199413,0.005298460451674611,0.014060525769551862,0.07425873413505363,0.01762086863408556,-0.08431209883939705,0.3330065630219742,0.12539963323178113,0.10761557067578824,0.18644910989449626,0.05192447828717547,0.08323955622639698,-0.058784398608188515,0.13523859204551625,0.06359516517954454,0.09135874840782901,0.05710116507254319,,0.2866891790177773,0.04720755174011105,0.12707339486789906,-0.1493770061542617,-0.05289219579814861,0.05489234049987137,0.34281071563757565,0.37034600488144764,-0.026735501723034016,,-0.03347201557434156,0.18707328267184747,0.0157299802174647,0.15095963966586437,,0.35397986959334643,0.42832285424511557,0.08295553905041285,-0.038586735634557376,0.07981818431078752,0.1764845067168027,-0.10750865688350057,0.2700938501922475,-0.02473437323755907,-0.10930813232165265,0.18824759539470556,0.08743605265378473,0.017328207532938622,,,,,,,,,0.02264174222644581,0.039974662884410185,,,0.012355648327784848,-0.017025072918666208,0.010679185510047358,-0.005871311875379192,0.07001464813106383,0.0469362457716254,0.08073912633761532,,0.05593964519104183,0.03882496904048726,0.024552881629594937,-0.027577249650466085,0.05167706567121145,,0.01426861894581106,0.04188853761198852,0.005278061193931324,-0.020240127435993308,-0.044845129969596866,0.003859675742979396,0.1259007092217917,0.07253459629861345,,
G_batting,,,,,,,,,,,,,,,,,,,,,,,,,,,,,,,,,,,,,,,,,,,,,,,,,,,,,,,,,,,,,,,,,,,,,,,,,,,,,,,,,,,,,,,,,,,,,,,,,,,,,,,,,,,,,,,,,,,,,,,,,,,,,,,,,,,,,,,,,,,,,,,,,,,,,,,,,,,
AB,0.02500435318082395,-0.04122893197540521,0.16256703522019472,0.09229898998494848,0.32331293319924576,0.3176493684011816,0.9664707339683071,,1.0,0.9689491256706936,0.9929212508413933,0.9641332586950566,0.7638683276682658,0.720455598005695,0.9394419088615296,0.6370763322737677,0.6649115033204158,0.8853862898595439,0.7772348794555209,0.574693744747027,0.6710809870514272,0.4019577457898398,0.6697829252123897,0.7141214948745926,,0.43815114693518276,0.5827709589923735,0.5430685629632819,0.5842767681915921,0.5298601773208556,0.3651991432145849,0.43663727927243723,0.5280823823117639,0.36492212097118726,0.4033317604950945,0.49900401110615994,0.47054065365840775,0.35647350585774573,0.33720722624956395,0.20434300219342616,0.3586728510173749,0.4249274314014144,0.9490068459465102,0.6816777904747962,0.7610319160402146,0.6744864318847348,0.5226386633810981,0.5674555589477008,0.5921945307689982,0.08076725759377208,0.02805262468235637,0.09245884684845682,0.08644839240409916,0.02667718467590027,0.39797923243475525,0.5216571485088054,0.524085888563098,0.4126629412605458,0.34016751057643274,0.4078635462865286,0.37381380922005725,0.014937650739172463,0.065612694419652,,,0.3293167712922303,0.4435386848724604,0.06081616507620896,,,0.19205910198549528,0.05258910733166402,0.19020586240964765,0.07177627991016404,-0.002558603745935405,0.013728795546061873,0.06755002811714418,0.00498988486814049,-0.10031112452481772,0.3155325111369436,0.11935057132712569,0.0943882438532099,0.1681408409071269,0.04741184159389126,0.07520603532704762,-0.06764227355105762,0.12503024775001162,0.06841690802616991,0.08382073286656504,0.05173345246538372,,0.27354970903243486,0.043829491110576116,0.12195491022229255,-0.17598736830646744,-0.04724876007232285,0.05324653460345354,0.3320938971961662,0.34555487897287473,-0.07592789925739327,,-0.1023709512920459,0.17653328651414837,0.015849604204866422,0.1498683350895069,,0.3493906007364259,0.4135562838249073,0.07092855923653428,-0.11160513667646954,0.08599400985036755,0.16673463976462538,-0.11847829444539319,0.2606697801485328,-0.06725304097896255,-0.12599801125472038,0.18669187228132086,0.08748909855065472,0.018774452004262518,,,,,,,,,0.020285520995650706,0.03729490194653801,,,0.013958740827360093,-0.01771457920517275,0.013597398242462876,-0.036860926525688266,0.07118382940629078,0.045796307489391654,0.08055177695362724,,0.06147136510391203,0.03888077155413471,0.024157207361121005,-0.022495837504201095,0.053033991603985184,,0.01510863845582931,0.03896030453635435,0.010097966673450831,-0.042771572323807364,-0.04237733092192246,0.0037820196636194794,0.12373253412073587,0.060211742672696016,,
R,0.021378434561434012,-0.017401653086995855,0.19316281697080329,0.10656919939445515,0.3133033985153223,0.29491266780965275,0.933690579694582,,0.9689491256706936,1.0,0.9781905866510372,0.9519296025635722,0.8016163499324374,0.7340284140296381,0.9407459316250887,0.6964953762253154,0.6456607391952678,0.9146139691142189,0.7431511949694589,0.5425352189778236,0.6805358077066905,0.35976340940963364,0.6067052860200954,0.6314530389837693,,0.44848060969681225,0.586928533087371,0.5748574949506973,0.5930151631034666,0.5381480468227247,0.38688167642484944,0.46489622429789557,0.5434766849514776,0.4130479722995178,0.412634332203603,0.5349886019613272,0.47926647194808475,0.3696780898089183,0.3487731228729535,0.18159369349216378,0.3483855866863088,0.4135947291930287,0.9201131834981018,0.6082482947553635,0.7251878378098618,0.6385000633650084,0.4619183144652425,0.5735978559761103,0.5433386433375069,0.048846571651924076,-0.006487797507073522,0.03287103114378886,0.029103077679728986,-0.005508317056826183,0.4021605972447734,0.5168267937413848,0.5199161061503247,0.39220979556658137,0.3141323405379082,0.39305562207141737,0.3550961701891825,0.012504487422918945,0.03244418667298344,,,0.37851674159791504,0.4375059048576075,0.06485030057370852,,,0.18593641801515107,0.05205094428276128,0.2315902770652671,0.06308365762760261,-0.00023695233426854705,0.015311317659197554,0.06995923502035999,0.01343171812670812,-0.09906008048522066,0.2948751647689843,0.15354309779332556,0.09483350280203728,0.1662168886373806,0.058903540337820685,0.08638651633426442,-0.06502255966090977,0.16422287165806174,0.07728704936597187,0.11587125204683991,0.04411933703809408,,0.32386012682507226,0.03306747937287995,0.11788460333218222,-0.1652919866916022,-0.05230171823909447,0.046103896427783536,0.3585968908911968,0.3593447120228636,-0.06602355960699886,,-0.08941966051547996,0.18009853344838092,0.01557096235068236,0.1506892372681481,,0.3686823803915317,0.4450953942482503,0.07830888251635912,-0.09862375557808128,0.12184091193652725,0.2038798234685533,-0.11778921988956917,0.27914339142525596,-0.058685082880353456,-0.11672537510988143,0.18494373299601655,0.09089015884411875,0.018778578539306385,,,,,,,,,0.02538288497760892,0.041769820327647166,,,0.009491272610443371,-0.016265522498936542,0.017086225014491353,-0.03230994089222256,0.07152936023820618,0.04181109724288655,0.09635026368684219,,0.07165849166444982,0.04288860227690057,0.0369090155711801,-0.02221818982978999,0.05889658105910177,,0.01680185868987656,0.04374743929340648,0.01347812239326654,-0.037020581816418735,-0.0394673092729243,-8.497172509532551e-05,0.17539026475277283,0.059062519248495975,,
H,0.019129050796964267,-0.035940421745462636,0.17189164993865322,0.09758839553172217,0.32590494925831,0.3167726912876181,0.9600136070399248,,0.9929212508413933,0.9781905866510372,1.0,0.9727013512415051,0.7914295212544876,0.7132438626829388,0.9468514535594799,0.6446535943657594,0.6582560273288837,0.8827753327326392,0.7401231412300244,0.5618527115508719,0.6678155260990827,0.40220622574244713,0.6432799380552976,0.6926736153784231,,0.4369342959810144,0.5790988275590628,0.5448555425815367,0.5862641260638166,0.5310658337321361,0.3726453629195923,0.4366101612923339,0.5285659185472178,0.3655189137267681,0.40413817325304285,0.4965805243306562,0.45880299021485815,0.35832958021012773,0.3331063384811465,0.19738123537968902,0.35294097904089805,0.42436413727540545,0.9425245187605443,0.6470950791278568,0.7312822512895828,0.6744278244067065,0.49145140481255223,0.5545417674580676,0.5770303278624397,0.06991380259091665,0.019182359293267674,0.0738642116932366,0.0677003763311568,0.017794761658503928,0.3969109488007349,0.5159773641249525,0.5189782101445966,0.40823510726429824,0.3269009079200639,0.40037408368603605,0.36640639659256125,0.012662912897282016,0.057902763247803093,,,0.3595172317828843,0.44529619325429226,0.06173002170044262,,,0.19395882886342034,0.05026591913333324,0.22928764181298647,0.0732036024765133,-0.004040033488022695,0.014080912778777672,0.07068676988894804,0.007136612801123721,-0.10231856001017745,0.306302161717099,0.12344639112718558,0.09707109001446204,0.16818804201007795,0.046245592636952194,0.07161564231611324,-0.06759438852125448,0.13096051495768812,0.07032355336570578,0.08394330494500095,0.04657169700145402,,0.29295282719812143,0.041828304371236046,0.12516578093350073,-0.17284655683223604,-0.053180977948427806,0.053334750768117584,0.3386102798501439,0.34670929230975334,-0.07034938831453298,,-0.0952433009800343,0.17774962560836643,0.017625774308437977,0.15029646392252746,,0.3560911829449538,0.4310115183232228,0.0642629829199052,-0.10477783627495772,0.1057302476983568,0.1753569140677355,-0.12176509851556601,0.2682970030020984,-0.0625511568404427,-0.12269329113649118,0.18789932922011968,0.08674726629284442,0.019100182200579754,,,,,,,,,0.015746499941169383,0.03771424413703861,,,0.01216773833548989,-0.016912513202484467,0.01430599212504683,-0.0344630581947572,0.07308438650540637,0.051601639801845234,0.0853279487004151,,0.06649891271092329,0.04349536879816897,0.028705175310304747,-0.023332519487951762,0.053831211551320424,,0.015296956633742418,0.03809696042526394,0.01252442858737185,-0.03957252392264696,-0.0415040027777898,0.0031195486154700224,0.15306769668684067,0.057516297185317825,,
2B,0.06882184667840956,0.020784437010775123,0.14491006398962009,0.09050544445347959,0.3344036440670131,0.3262395238559142,0.9380725723935102,,0.9641332586950566,0.9519296025635722,0.9727013512415051,1.0,0.724458909523103,0.7632319812995847,0.9543398979292411,0.5663404991317597,0.6342578468941319,0.8760435252200724,0.7768152561624114,0.5900669431302208,0.6727354364040234,0.3209940378737135,0.6866476215349316,0.7252258648095925,,0.4708384595513696,0.605152755616359,0.5708456667485358,0.610622466303758,0.57355606607599,0.3607106695222498,0.48520377615780985,0.5670800757198693,0.33964900591029595,0.3912724519200093,0.5314770915508208,0.5056115052411772,0.3936699820966218,0.36814783263925865,0.17724782156185995,0.38440928275639724,0.46328497699837123,0.9124023301577497,0.662153783991534,0.7107273542668642,0.6668728396315103,0.45292006710234595,0.48122622468807125,0.5649003375974143,0.060317519327055646,0.007196856350093027,0.07812425052746148,0.06358041945475153,0.0060941530200906025,0.42989823687669454,0.5442800326232407,0.5471778082377821,0.43664816047796734,0.3282690875768066,0.40600476429357985,0.38006936172439504,0.00974000807736176,0.0672111669470616,,,0.33842667966448065,0.4328667388229568,0.07155564688664065,,,0.1887219844014162,0.05014959399940722,0.2244425803999835,0.06844377149328322,0.0029376433978660146,0.010363023608306978,0.07667953840604093,0.01999554667772309,-0.10032246254350903,0.30926880673969925,0.14442851739747814,0.1061973059293465,0.15965903005420234,0.06639224921629115,0.07883027641112016,-0.06557881370717891,0.151019204785047,0.08450551320037088,0.09557817802977098,0.042301358061277744,,0.29661133874832374,0.04687493655354063,0.15219923193663937,-0.16584262849964926,-0.05430405583747386,0.06219791578295173,0.3773765020358838,0.4014743062545505,-0.06677855593899205,,-0.09081703698524315,0.18527281333530718,0.020878385156759816,0.14409599129930875,,0.39822592901756626,0.43995770262663875,0.07380553793384688,-0.10034189348311481,0.11866760394700654,0.1824050857580876,-0.11958199303648047,0.2577126078345345,-0.05943346782377987,-0.11795239058850018,0.191926397303237,0.07839453933252145,0.022947937333401138,,,,,,,,,0.021826509377699678,0.061699503358195844,,,0.016842385130137666,-0.016675850434716914,0.020580478315809184,-0.03273751388578665,0.082077478140555,0.028056664687152216,0.09897968911035855,,0.0630096585701594,0.06010913135418084,0.02815209460550367,-0.022617410165617843,0.060858964072828876,,0.03040393131901143,0.047664740951912345,0.017930519722796526,-0.03770095299543172,-0.03970702497445628,0.01073683292687417,0.15958865535120176,0.06586372153776869,,
3B,-0.1753740772541341,-0.14251566929157314,0.2058597113304197,0.09391034152158605,0.1781655355887199,0.16046189281608547,0.7105706891262723,,0.7638683276682658,0.8016163499324374,0.7914295212544876,0.724458909523103,1.0,0.32889476965307723,0.6983442929950896,0.7120524056807853,0.4916662066301911,0.6346940123109523,0.3717544498072719,0.16347973085850934,0.4855953661727112,0.5595725040101546,0.172767749216243,0.21012409696531537,,0.19253129721226103,0.30970009412722416,0.30409010553290766,0.3223342772967835,0.2766325699870076,0.3578291006321214,0.15970348246162216,0.25962960190896167,0.32161643315565175,0.3267207785531063,0.235947470897328,0.18282000009487293,0.13268412244520697,0.13805463950533317,0.16729844148584733,0.1391235682065888,0.1544939719761994,0.7360850702820491,0.23256692689502073,0.43097887279271563,0.4970216982467245,0.38900938096316756,0.6328769569609279,0.3900941778133831,0.0579197285837603,-0.02046618326168341,-0.020037919746548328,0.003187305086322903,-0.022253689349861452,0.16261739678166598,0.2529501819965114,0.25544981723878835,0.16376129245703133,0.1610676107954275,0.25192606781478133,0.1556477010541772,0.015398242303083409,-0.012853513765853199,,,0.35807438688354426,0.3279989662571938,0.0028214497775663977,,,0.06994012446903915,-0.0035372047181069996,0.33970002679649053,0.03509914371448469,-0.01489869062359535,0.012005318408497315,0.034185504086399074,-0.024351511664099715,-0.0820524189866725,0.13077890246016263,0.01259808886049871,0.019389560751680388,0.08027043012842873,-0.027361263007926743,0.027667205622312067,-0.05356420796859296,0.020742839957855187,0.013952545617714947,0.012366096070159028,0.02717339711807197,,0.19400362411682812,-0.012645031087241335,0.018381113514944012,-0.13472119876915803,-0.033863942673190005,0.005219470619325069,0.08158148059992607,0.03463375888471515,-0.05192525828893371,,-0.07044446739823851,0.06573608828502876,-0.0191406912845538,0.04800182926228723,,0.08028550282592409,0.21434336129526582,-0.029162604796215862,-0.07808594197865622,0.12655858092093142,0.07702425692954415,-0.09788733416182732,0.1563650874158067,-0.046388947102589936,-0.09478003048740449,0.07114124624468746,0.043111587738169754,-0.0083522249590193,,,,,,,,,-0.004959301064433227,-0.003989894237408641,,,-0.005444004477945558,-0.013199259094142301,0.006188877446349665,-0.025722276067804296,0.013061602848556312,0.03333226860303852,0.0050003392265104895,,0.017371285671579775,0.0055703891797594576,-0.008790380557644889,-0.017640997129993015,0.020530010776980294,,-0.01503065942035266,0.02133979613531011,-0.004346462396962595,-0.029315207651325288,-0.03176155870669466,-0.009806335199556208,0.16115671675029616,-0.012247146544642463,,
HR,0.19801008040556833,0.09786532017055341,0.0981761114253549,0.10041153588684111,0.3388343799252704,0.3301837343480962,0.7324802420260556,,0.720455598005695,0.7340284140296381,0.7132438626829388,0.7632319812995847,0.32889476965307723,1.0,0.8583701410085672,0.244528250162223,0.4352288261406659,0.7786017910880644,0.862727167539896,0.7580003679700233,0.5386558105149044,-0.07183450871520355,0.7746549044252067,0.7646644431625109,,0.48302534387599383,0.569137585896346,0.5625840104260097,0.563425454496071,0.528798081694712,0.23289658294984308,0.6352455413571289,0.6123876171490755,0.21815977349067323,0.26888658280938116,0.585220009105437,0.5828821013281392,0.4849227426684768,0.3922872060338217,0.041183697443908485,0.4091433871818255,0.4746570152143389,0.6732665940414663,0.6900276824819124,0.6327568315282874,0.5473366950567617,0.16257980304762057,0.1534210990011269,0.3756992011544994,-5.418165482481292e-05,0.04186406185223696,0.06016767527690164,0.03525708872236987,0.041131328918807504,0.4476611602306776,0.5307448219431824,0.5324313097023005,0.4699760759387387,0.2121589307919873,0.3235119808860843,0.3219600094492776,-0.010111566407967136,0.05948111026758625,,,0.2816153881912507,0.35792011253943024,0.08482620756734066,,,0.23093537699930186,0.09404486380256227,0.10884236190258918,0.0771542752230873,0.01393042909408306,-0.0019891546779212945,0.050579426007942956,0.05960025714350201,-0.06988143449975422,0.3181153111476433,0.249352270071661,0.1200459118654519,0.197160782723265,0.14329968451323977,0.13610029015430994,-0.04572514146988657,0.2702061971685511,0.09203129500611001,0.21261557800119438,0.057138224159935816,,0.41245718030629147,0.06092263774722003,0.18289457112864146,-0.11495120703873263,-0.044244391652492096,0.07111255089249141,0.5250318015587495,0.5693698073521921,-0.0444442059993544,,-0.060414282215615935,0.2135686877412263,0.03279815898740376,0.1934298896829544,,0.5087861276491275,0.55917868504246,0.1836429097232051,-0.06698522482987143,0.13868481933293117,0.298481057775999,-0.08318461069677066,0.37558494177597906,-0.03976221039635529,-0.07926218960410784,0.2006091659814715,0.12164687033637128,0.04380742209786914,,,,,,,,,0.04812785386917026,0.08217285622702204,,,0.0111449579068337,-0.011321287303931402,0.02911795407544585,-0.0220554291420388,0.07033176109921596,0.008898333385757162,0.13579911011257864,,0.04171643700494368,0.04010441499275474,0.045889039110325255,-0.015157582076559237,0.05654483411892394,,0.04565817489398543,0.047426689337364505,0.02152189133206788,-0.02502098777909509,-0.027328495516622472,0.0009487389265633741,0.15933006384828738,0.10464551113626577,,
RBI,0.05165116506481734,-0.0055658073767633175,0.1783088605335429,0.11075007781503535,0.34421459710194796,0.33067417378080993,0.9179116604127001,,0.9394419088615296,0.9407459316250887,0.9468514535594799,0.9543398979292411,0.6983442929950896,0.8583701410085672,1.0,0.5092747207260877,0.5412328488584213,0.8853917778056934,0.7941780358659283,0.6311242424361847,0.6566362315231536,0.2603220531870181,0.6787067274261062,0.7142518294944041,,0.4564780875173755,0.5848447790955725,0.5610153781169538,0.5886272816183856,0.5407056441432961,0.33447385855704453,0.5309063182243097,0.5842716103817817,0.2926716436484278,0.3414415416348019,0.540591002802239,0.5081354279164162,0.4195792782345885,0.35472696465811776,0.12932382708591336,0.3856333688424622,0.4533817339634781,0.8854922134924624,0.6263620308961395,0.6978242678718265,0.693580367797608,0.38441462988963204,0.48718358438339177,0.5298341572168359,0.07956662272470438,0.027192724309850747,0.08750128132686724,0.07716480334426626,0.025623980325381872,0.4089180378663121,0.5215525456639054,0.523856976017024,0.4517069738671331,0.26979667004222296,0.3761617811437178,0.34696697619628125,0.006433504756356942,0.06632076942043505,,,0.37609133700467107,0.44767599011795955,0.06594080019981938,,,0.20194834822006397,0.06223641309334316,0.2407528067743768,0.07885565381237407,0.0017641101739259443,0.0012691108184345096,0.054455976416822566,0.02530601759251002,-0.09505642259459669,0.29498655214290087,0.1731542934169922,0.1019480785056162,0.17037202181458683,0.08495481246222626,0.0903454435573585,-0.06318389851820501,0.18481612907174866,0.06842482508747072,0.1336401104276228,0.051666904310016575,,0.3581204698351374,0.04891249157968608,0.15827614809713714,-0.1598194673565824,-0.04945401200979197,0.05838380648783099,0.4160231591368177,0.4313259479306162,-0.06402421454436283,,-0.08678433432456777,0.18322567445598562,0.01221364904127697,0.1531678614634793,,0.41400342610175966,0.49564821968607414,0.10723519541346752,-0.09570125021793359,0.15095166163348112,0.22609277762561383,-0.11278185381000978,0.31237119351204984,-0.05703071578431278,-0.11229130133685838,0.18135560164793965,0.09109591605873837,0.02866665831961634,,,,,,,,,0.026347057652583286,0.06105353555743511,,,0.009759724580781615,-0.015624584605616923,0.01803150809152176,-0.03143489418139867,0.06407550282712396,0.017812677839914873,0.10666493438018568,,0.04548177617229348,0.04147467728574533,0.030325553217212378,-0.02144981325516016,0.0466955797214383,,0.030406724461583202,0.03920638636711262,0.01280710482183203,-0.036211948618703464,-0.03831877669860761,0.001838069472612402,0.18627960810687738,0.07163485441707973,,
SB,0.004540774776035455,-0.03528645604383868,0.13709538980775762,0.04304548561883579,0.1817287152971363,0.1678276711841349,0.5974249871419189,,0.6370763322737677,0.6964953762253154,0.6446535943657594,0.5663404991317597,0.7120524056807853,0.244528250162223,0.5092747207260877,1.0,0.655960023690191,0.5541947845965944,0.3922526772807614,0.18967772587134404,0.48942874551120774,0.4144966824952553,0.25526738413638606,0.1871261639628164,,0.26847976204990365,0.3622872902237137,0.3764810480065723,0.368229846141687,0.3271975943622802,0.3680884726751301,0.1706597257276213,0.27342354837874633,0.5932742888781356,0.44973336351605087,0.29968095992639066,0.2558078416302515,0.1390069327940991,0.21055204208568756,0.19016787379811012,0.1637166578195772,0.1698515456348534,0.6189410268442926,0.3569970408733227,0.5376356340687221,0.31726827628511706,0.34568325573397124,0.5136841447288494,0.2795719579050362,-0.005011708194563243,-0.051206827734423234,-0.04088232705830079,-0.025605550865045158,-0.04757862770927882,0.23200674064555843,0.3006668036097736,0.3028325747381038,0.13833742225662243,0.21666093260717617,0.27067206420881906,0.17344149586421156,0.011986178039614371,-0.03241307973747031,,,0.24292931640758825,0.2800967499401473,0.057967840528416914,,,0.10796475612327974,0.018380536291585026,0.1314208381457196,0.009981705421526637,-0.012569888580699028,0.029810400660907437,0.07997414213227745,-0.009254411879705316,-0.06369913593798504,0.18153071891872058,0.06462832817349824,0.04431482363964917,0.06273189344697007,0.0014108008360976113,0.030688799656765034,-0.040366059190389034,0.08365428289048425,0.059857369053025904,0.0619707623656027,0.03532378006839277,,0.14190873862897746,-0.0008544307700505517,0.018822414532632125,-0.10205024187934397,-0.0393065728885989,0.009015474269398848,0.15525035844086313,0.14312171533173423,-0.03908180377102626,,-0.05306130650533077,0.1081837784787107,0.01601445685916887,0.07845998497738299,,0.17517438862870455,0.15479725253113322,0.037567729836556187,-0.05896706999013245,-0.003127636441527987,0.08417158290370023,-0.07760961053427005,0.10416911982403856,-0.034927155498808815,-0.0725205150826159,0.13481745082597454,0.026859500432226874,-0.0070888672217695285,,,,,,,,,0.0010414799388203135,-0.007245220051780864,,,0.004637595029081217,-0.009903218161973688,0.009171827099410177,-0.019355445435493328,0.04954683273345364,0.06968037231380003,0.03571014871879908,,0.055275518011596976,0.006957542527642642,0.020886142823454704,-0.014007359368001914,0.04586363965284612,,-0.014900573549674204,0.021863062086382716,0.02413953624158184,-0.022157521113298165,-0.024275981577436042,-0.00599439741169011,0.08102931312342398,-0.004769992631983753,,
CS,0.15646727500564506,0.00170950322161286,0.05499534839863883,0.09379000941942937,0.25779571314833727,0.2598803046598621,0.6683778167035358,,0.6649115033204158,0.6456607391952678,0.6582560273288837,0.6342578468941319,0.4916662066301911,0.4352288261406659,0.5412328488584213,0.655960023690191,1.0,0.6086966550200267,0.5837404636694452,0.4303414939822776,0.40349549684039504,0.2926155370987557,0.5592518675546082,0.508403959379721,,0.3667890145976091,0.4499675971631744,0.42911833422725076,0.44978230271225406,0.4032874400137881,0.31617949051582483,0.28012456100453453,0.363075201758924,0.44893802132974,0.48151778915171595,0.3864895596453658,0.3628930545075286,0.2536913687567045,0.2688194952595841,0.21147923496478102,0.27071404687618,0.30298928493600646,0.6518695932858213,0.6134662566743694,0.5267567500077387,0.3353012693422294,0.33173785760306695,0.18572926681056182,0.36356950984565006,-0.07389629982701974,-0.014456096105848242,-0.04953101964252381,-0.05362973836341934,-0.013342384685737159,0.36129895288221975,0.42986938608978237,0.433571503776823,0.2472004020556568,0.2893972094263318,0.3159332273503243,0.26462421537210545,0.02838432013682553,0.002308228673265448,,,0.14962047387855015,0.2827945124006855,0.07048984587877272,,,0.14398663988042065,0.039429284908961526,0.09831248762513226,0.04279173487209532,-0.010166100229441208,0.03801276752179181,0.10486295599718669,-0.00645684461007724,-0.07077407932518681,0.27738965930787696,0.06416578347337343,0.08395038326068245,0.111651217321564,0.017104265007553746,0.038432264681964756,-0.04492122558095534,0.08224238335502186,0.060247704145815345,0.05323854101297344,0.053048037762233165,,0.18269026791582071,0.02825535443589095,0.05548046432695421,-0.11405059514724918,-0.04689682745442645,0.011267080341330263,0.24707297217663526,0.2696498697982082,-0.044196615310276764,,-0.05983313267148937,0.1490822478532815,0.009870857197938804,0.1452234333155694,,0.25112821916363376,0.2817508892370204,0.07517319207398221,-0.06656176347461394,0.022913341102249553,0.11448077974012041,-0.0857208221408403,0.1763180310509772,-0.039287181063098135,-0.08068286360238063,0.19696399146428206,0.06217778020230135,-0.005315245710555777,,,,,,,,,0.005917942905238004,-0.006385073197774203,,,0.00431320167441032,-0.01119929689025727,0.0064528566488472215,-0.021770826756758784,0.0542590192540528,0.05138561111202233,0.027139587105469324,,0.050219525336209304,0.013243147098715557,0.014288245625343863,-0.015840565525774033,0.052943179341109904,,-0.013225053615024178,0.0197186658642021,0.031374309805378836,-0.02505737561682808,-0.027234547519060185,-0.0058501594541649875,0.052843096812198405,0.033331164643191025,,
BB,0.06082890952458625,0.00780871109067939,0.164079267334368,0.11702034986949583,0.33686834068553717,0.32476383867675596,0.8858293457133706,,0.8853862898595439,0.9146139691142189,0.8827753327326392,0.8760435252200724,0.6346940123109523,0.7786017910880644,0.8853917778056934,0.5541947845965944,0.6086966550200267,1.0,0.7725699675948515,0.629281038643354,0.61524619680404,0.28810270538937816,0.6417595300957168,0.6605074471472095,,0.45099733635467315,0.5670445378296963,0.5624043554440323,0.5650026735440756,0.5207724369359882,0.32844565847396484,0.4981224246653617,0.5421898635350234,0.34623566024501945,0.37686311512462967,0.5977072247187155,0.49359348591779206,0.4384243285191186,0.3445268727093727,0.15258809888210548,0.35684053144551475,0.4167876917743055,0.8532224368724577,0.6263207811044156,0.6598079132022162,0.6217516289936581,0.40817154065163447,0.42763508432835123,0.5260526431567687,0.031082942337283894,0.029288505010407508,0.05661114341319513,0.045726290303183,0.029637494074695406,0.41380145514980543,0.5194829659281278,0.5220575675727926,0.42423112384327766,0.2977472208057613,0.37667517388419036,0.3610424365926014,0.011143995211353805,0.0587654326838119,,,0.33257261659985865,0.41998101031477414,0.062375118227397774,,,0.17125393948369744,0.052488339119753945,0.20948135707558424,0.05989365436809122,0.009471935010277207,0.010107195062132021,0.05643922360369209,0.025816509505634196,-0.09238428771933258,0.2761973572201365,0.17931793579709115,0.1098087253138154,0.17066238957584218,0.08393956720613947,0.09167454480062025,-0.06109130107468605,0.19672706844251256,0.06362350042062048,0.14682903729221922,0.035454884406866595,,0.3508162564890099,0.028836972768597893,0.13193447996515129,-0.15395402165918037,-0.05316945263753235,0.030679492759850883,0.3949303526190769,0.3892466005698718,-0.06131421600955298,,-0.08282327651793912,0.1788432084889735,0.011290252368901401,0.14878780034439973,,0.36923973898397283,0.46321685510945704,0.11221486292842808,-0.09126426734691213,0.1147159769440347,0.2504837588959448,-0.10870232407639889,0.29865185169744674,-0.054201303913377234,-0.1088153559320698,0.18594380256326884,0.10345085008021224,0.030624924330944464,,,,,,,,,0.04072008367863143,0.05638122277477294,,,0.01572774323949276,-0.015376261237164367,0.00885212119728443,-0.02965137674907232,0.05021708674208201,0.019711238549661135,0.09702230847581739,,0.05251320693901928,0.048254971513791114,0.028343056556581234,-0.01993476900146031,0.04237734533163869,,0.02728091242445193,0.03830482857069979,0.012880713836882331,-0.034158757814077165,-0.036555174299516845,0.006396541896495633,0.16822559518384564,0.07362490106532996,,
SO,0.234763790095172,0.1161353283627675,0.05614077438371449,0.05827264415412497,0.336859452751505,0.34000810124367215,0.7758231481657533,,0.7772348794555209,0.7431511949694589,0.7401231412300244,0.7768152561624114,0.3717544498072719,0.862727167539896,0.7941780358659283,0.3922526772807614,0.5837404636694452,0.7725699675948515,1.0,0.6944584307533789,0.5853379124189857,0.0573302319578861,0.8033931493467562,0.7723677137436045,,0.5038004687467761,0.6053413600364872,0.5694503883267407,0.5852026277218025,0.5536916268085238,0.2761256454258803,0.5751801465019875,0.5893228949995498,0.312877568174962,0.3452257912983999,0.570843658919577,0.6471911185472654,0.4214867490251782,0.4119591967935382,0.1380107942723222,0.405208214481519,0.4823557844842883,0.7264818093668641,0.8080922738413863,0.7555547103550598,0.5306515689788648,0.3036483380404919,0.2291044724894255,0.43849870236751703,0.009267715384609434,0.026155270616478033,0.0883935975362488,0.06330369564074534,0.022949602203052352,0.47002618507607996,0.5710494133035958,0.5702129656187451,0.4640863523031816,0.30193806915514765,0.37468123909566203,0.3768043608060013,-0.001997672281802058,0.07880646693213895,,,0.18750240486349318,0.35899153484321034,0.07289171666093801,,,0.20493597973963756,0.09420971656256094,0.011363226866624884,0.05511726816165747,0.018203092245103393,0.013812847034988899,0.06049544585355736,0.037491997007000566,-0.05696912632596046,0.3309701244007646,0.19382854538629585,0.11242378902028806,0.16330020602208561,0.12100929227420872,0.15279075530955136,-0.043516103429723826,0.19379254423475656,0.11310594964916838,0.15223444196331887,0.06057647432892826,,0.24989467024246279,0.07863300998256038,0.1497470994628666,-0.12607229069828288,-0.02340785493242283,0.059762168799412575,0.4392780471672368,0.5080312873180001,-0.06901673419573433,,-0.09087098149408587,0.2080588180287316,0.05725971316496761,0.17369851647119897,,0.4424535190664065,0.4014078115461414,0.1726101313168356,-0.09593036591169381,0.03191069114493813,0.18056780396972263,-0.06704877929628486,0.2462034436247563,-0.05968117960919291,-0.09273224294563374,0.21139174920730916,0.08460138242118616,0.03384549366933196,,,,,,,,,0.04458047695544848,0.06057066126447587,,,0.040268517141778266,-0.015831876683994127,0.0376633747543525,-0.03176345932176872,0.08392958520640088,0.030476775064902067,0.12133520085940594,,0.0746296857028123,0.03713891416438326,0.04894401957543282,-0.007971541425180763,0.08633831893371575,,0.045747386305892895,0.061471447169724976,0.029233332934565374,-0.038175925450493586,-0.030220907285889782,0.004380434942585201,0.058973462022251025,0.11235766165964747,,
IBB,0.2801591708945448,0.07156424673136952,0.01810026663213432,0.03720192650334642,0.3175953250363895,0.31766863078643465,0.6112929070731058,,0.574693744747027,0.5425352189778236,0.5618527115508719,0.5900669431302208,0.16347973085850934,0.7580003679700233,0.6311242424361847,0.18967772587134404,0.4303414939822776,0.629281038643354,0.6944584307533789,1.0,0.3800679177615465,-0.1406087785719358,0.8084478014988704,0.7277024866216679,,0.4229052013399296,0.4813117544953378,0.4607226873911856,0.4802848396457425,0.44791127765832106,0.19180312736778923,0.5074803811817743,0.49962827315414904,0.17663322576253027,0.21562767310121786,0.5123825928438911,0.4635272063004902,0.5779291367765058,0.27949260393113645,0.025690790468342068,0.3845451739090243,0.3988533112839268,0.5444007191571679,0.7547320675535385,0.6722769645218177,0.46425909775621693,0.1388690617872983,0.061690152746094726,0.3304551200913701,0.013861744841940691,0.13166724332559757,0.11701029185171288,0.08818763880275247,0.12134261813744446,0.38601568682015075,0.44736334363018027,0.4490116500641689,0.41776889330217154,0.1755365962390916,0.27517610977041573,0.28693525569825873,-0.008539461691933743,0.09116411453914249,,,0.1961464422343525,0.3302622143829312,0.07578777927856464,,,0.24979070773455897,0.09445734232763776,-0.09002519333716585,0.1143308291178054,0.002510110629355637,0.006194984894911526,0.07260781707077862,0.06219634643692515,-0.05623583657992714,0.3691067287707628,0.28725887239040193,0.1652847853969719,0.2325035758432551,0.12250441627588249,0.07717661505599491,-0.03561322572545577,0.34414345980656175,0.05961352105056412,0.27640490988590594,0.06570902415203476,,0.3947241042242207,0.07098936354172687,0.20563432163244877,-0.08962498968562412,-0.03837743206679045,0.046469138898955285,0.5948339359462839,0.5971943843742024,-0.033699910543810226,,-0.04585155952669043,0.24056205061004635,0.053840212412253875,0.20411780307185257,,0.5377372215033253,0.5245896243417453,0.16266706461537675,-0.05096904171986843,-0.029326814048697563,0.31844850838242084,-0.06860122325769279,0.4077629913023499,-0.03019685069470544,-0.06210976084751442,0.22346000536116686,0.10540867401350396,0.07200884631615369,,,,,,,,,0.019947135042633776,0.09411051619642168,,,0.006194984894911535,-0.008539461691933738,0.01847369038394928,-0.016778336994403835,0.058897257242738574,0.08035836604869942,0.10746979037703693,,0.015710010817095825,0.05542380053747032,0.00976807382355914,-0.012078428120214452,0.018279394391112296,,0.047607655582014824,0.025323667153503274,0.01436100402476216,-0.019106244014876195,-0.0209329746476361,0.021911727920879785,0.04706718566503843,0.12035632652396377,,
HBP,0.0717988358051723,0.05674834077763163,0.0951968742597227,0.039782571982748406,0.21551978455363172,0.20999325577061115,0.6482661417175348,,0.6710809870514272,0.6805358077066905,0.6678155260990827,0.6727354364040234,0.4855953661727112,0.5386558105149044,0.6566362315231536,0.48942874551120774,0.40349549684039504,0.61524619680404,0.5853379124189857,0.3800679177615465,1.0,0.2553092014870139,0.4739578320527475,0.4613834326377366,,0.3507704411922352,0.4464272376703345,0.4312783714364995,0.44014457293838705,0.40999140815532154,0.2297130227475971,0.3690085997268513,0.4108368796649611,0.2611490409592231,0.2959426748273159,0.39898428707237266,0.4092191964771965,0.2540673141377066,0.459849568057299,0.14714721477807105,0.2830189413762694,0.32580044661542007,0.6325919959144065,0.4969072260257382,0.5825445557124723,0.49438883710716447,0.3206469366614195,0.37520107081246645,0.3835163659348468,0.07136197243133718,0.02029845711670835,0.1401343256137439,0.12098816931103511,0.016087572240821583,0.31853569043453345,0.40300399777488854,0.4045689863385191,0.33063820137325206,0.2607578239507564,0.32247013408691955,0.2925239797733143,0.015019035191405029,0.07522340025538102,,,0.19803825514065548,0.27690316959814354,0.03731020474544969,,,0.10994699188651913,0.05779168734779302,0.08029834487636202,0.03755984995872795,0.005529145510888154,-0.00018401782642622766,0.05878333920329005,0.04591085513752239,-0.07343598332691346,0.18187003166805157,0.17774873848296788,0.08308111715471943,0.06951945398227993,0.08830912335306189,0.05734695969995338,-0.04831988272865678,0.15617755136216507,0.06329392465388112,0.12938242611487474,0.02741907105075097,,0.1785582257588032,0.026371779268724298,0.09717176638068502,-0.12326324632731817,-0.043323313975515795,0.04425567561031128,0.2751494020731404,0.28995787902673736,-0.04911933524339023,,-0.06659266350104841,0.1366483908134809,0.041213640977548004,0.09689609082633097,,0.31008504766877193,0.2369259259134632,0.09157458067314081,-0.07315270437327077,0.006499494247543645,0.1154510461730443,-0.08898696567745151,0.1391563247375011,-0.0437279069350105,-0.08654615312541815,0.13485836317988784,0.07479430038209746,0.06004346143652072,,,,,,,,,0.03431521786788318,0.009756439916001901,,,0.0232052945086987,-0.01187867399398876,0.000400714981951882,-0.02410514450257177,0.05745730311495764,0.01969689765843004,0.09158610024841231,,0.12262950630789811,0.028269569458165337,0.06094487202292174,-0.017215023838853684,0.051355704196223415,,0.015890613970096282,0.05835368181163492,0.009284219946617246,-0.02788570289478799,-0.029835145268122403,0.033145752251126974,0.0677127974481827,0.059983519313124296,,
SH,-0.19902927349121866,-0.15825161925818582,0.19430251112514443,0.124396098218422,0.19784178087177093,0.1909712280474299,0.3697989755624488,,0.4019577457898398,0.35976340940963364,0.40220622574244713,0.3209940378737135,0.5595725040101546,-0.07183450871520355,0.2603220531870181,0.4144966824952553,0.2926155370987557,0.28810270538937816,0.0573302319578861,-0.1406087785719358,0.2553092014870139,1.0,-0.11936124336255004,-0.06757657232680524,,0.03190390310953369,0.10216140586178032,0.06414515556028016,0.09706796820038273,0.07237262513117416,0.15302794952961554,-0.07416160352781972,0.020555077580628682,0.13211874262733822,0.25341609012487987,0.033846290119063364,0.006027332956064296,-0.04316365862512612,0.03850476258232718,0.38013227700598157,0.04486769459213079,0.012054398560785396,0.4171848957313667,0.01128352797513039,0.03574166087786134,0.23728078651886866,0.45353542198585856,0.3975643914562955,0.32277685317667404,-0.03532836536969947,-0.03836143111302296,-0.031206435767324212,-0.005425317233661543,-0.03138600133448658,0.06695538259708979,0.1370051737369136,0.13062931318161625,0.04517104715782816,0.2315268504234535,0.24967314028398943,0.14502692935716427,0.0944433026872185,-0.0015943603875918984,,,0.21952424405037121,0.2750341640658399,-0.01741930361724118,,,-0.021080268259494134,0.007570436219499279,0.34877028415048694,0.005607194055327886,-0.01733118141054288,0.00038859752063396716,0.025350604937487763,-0.042177405140965234,0.028944588779782798,0.04063753511296725,-0.030504720372110567,-0.012703981051533577,0.0322734554248149,-0.0501537140613407,-0.013578764117683773,0.017366796943251706,-0.042494773114441005,-0.032048551314829005,-0.030843617612916308,0.021519335905593715,,0.04771536868557787,0.012480780786866059,-0.03613959695329087,0.0072461350857835165,0.015078686492883138,-0.009724811637063327,-0.09352192767726243,-0.1287799027500417,-0.051263391898347256,,-0.06615653341939054,0.001980574146484843,-0.03850143133772769,-0.023611912076706043,,-0.0702519656519585,0.047035881568302934,-0.04653651481216119,-0.06634712691395861,0.04457798416958383,-0.01517023074991747,0.03932769628435813,-0.026935698436226535,-0.040083951106889816,-0.017745961331108256,-0.03563647287472132,-0.013996460802182488,-0.014444402577321986,,,,,,,,,-0.006690788889754144,-0.01377017530014218,,,-0.013433061661552266,-0.0029825388652650916,-0.012084607107192636,-0.018371356289234027,-0.010858806793387901,0.002411279352173418,-0.012593169806071237,,0.018071968070417905,-0.013764587598176165,-0.006071603275203716,0.013662245919120209,-0.011770981255362904,,-0.01022941632858827,-0.012744336333897013,-0.015073907088334247,-0.029451806529953474,-0.003454751483945135,-0.005342334335394469,0.05342204014700009,0.001092764852929206,,
SF,0.3441067254477937,0.13041988366683846,-0.01725357486183507,0.02516402653391934,0.32942985505443817,0.3354698577760174,0.695129635339266,,0.6697829252123897,0.6067052860200954,0.6432799380552976,0.6866476215349316,0.172767749216243,0.7746549044252067,0.6787067274261062,0.25526738413638606,0.5592518675546082,0.6417595300957168,0.8033931493467562,0.8084478014988704,0.4739578320527475,-0.11936124336255004,1.0,0.8706056305490488,,0.5026798114456859,0.5758380319267883,0.5309627229511638,0.5691647904160697,0.5384205869981042,0.22877670141959375,0.525237064916162,0.5590098688172104,0.2579235162695444,0.2829895543967356,0.5260921684764398,0.5412867157022769,0.42737836936003293,0.3735938515153502,0.10632722261323338,0.43962793708045067,0.4914752674743689,0.6311873543423386,0.9093318767336362,0.8037376622873333,0.44841277950668385,0.2673343938179467,0.06542505753770268,0.41581540814663204,-0.015756473699178198,0.07066492007943628,0.1053526642052649,0.07212924713608924,0.06695556769074845,0.46968747782702225,0.5405745866669417,0.5437653386891426,0.434158276191057,0.32180411255433516,0.3348728616453228,0.3752181197499051,-0.011460018248593664,0.08166593555927062,,,0.11976147729974597,0.3227728893326545,0.10896869242175614,,,0.24765204777985708,0.09430162933645252,-0.12856908663951527,0.09334635025107223,0.010901721940856597,0.010239092020275517,0.08751281709638924,0.041305505353883595,-0.06184730055520447,0.40165776771886147,0.1583863815650687,0.15043861009342863,0.20703784325922941,0.10428959082351229,0.09601389592707198,-0.04497781382060628,0.18013947382454068,0.0892277949167166,0.1203395854012367,0.07077953631886813,,0.2323690818453198,0.08684821438614897,0.18101191983543743,-0.10956358425890171,-0.04815929245944189,0.06304026034119062,0.48361534186352423,0.575765674961839,-0.04473618900331833,,-0.06106939468706632,0.22376501419943923,0.04204773814726959,0.2073171130534807,,0.4843958208574331,0.43030685548947684,0.1451619415787448,-0.06752645753270632,-0.04566664824320512,0.19055966284975662,-0.07427203530555496,0.2939352107372773,-0.04024019778311245,-0.07705054020400104,0.2563698390141252,0.0957184470904015,0.032661505964773734,,,,,,,,,0.030491594937886776,0.055083919909271785,,,0.013855610398420332,-0.011460018248593652,0.018195432452194158,-0.022358742173232825,0.08795958820240486,0.023258558181596944,0.09814813754804587,,0.04314092156062674,0.0640542822068972,0.03632863706502759,-0.014674748129334326,0.05682420027174047,,0.029018492523644385,0.04982559450997665,0.024829142736614806,-0.02531705036771727,-0.027205675379568924,0.004452662615243692,0.006561247303523409,0.12059141217561385,,
GIDP,0.2429990684585135,0.08189390886726125,0.013192346616932324,0.042153272866288075,0.3219545432888204,0.32713730563326054,0.7290521260915044,,0.7141214948745926,0.6314530389837693,0.6926736153784231,0.7252258648095925,0.21012409696531537,0.7646644431625109,0.7142518294944041,0.1871261639628164,0.508403959379721,0.6605074471472095,0.7723677137436045,0.7277024866216679,0.4613834326377366,-0.06757657232680524,0.8706056305490488,1.0,,0.4583402654078977,0.5468076606300847,0.4894936028382054,0.5456529189266524,0.5101308539330551,0.20780265656605018,0.4780389466388481,0.5217818699276467,0.1969152820770675,0.24939921946930182,0.4778262537184116,0.49745818244379736,0.3951436880370358,0.33771320629852836,0.10731682785551833,0.3816937180610901,0.5044885056789664,0.672749217290303,0.8217769940967641,0.7052277128493469,0.498826760622593,0.3170135813836569,0.09696889823942495,0.47115134627120436,0.008611241907444405,0.0890006899186376,0.12507786667228535,0.08706535859507056,0.08623457101409716,0.43275874130323294,0.5156462825730229,0.5181252128706587,0.4424901852834791,0.31738086400705057,0.3297179112183902,0.37895279911635976,-0.01349817114488132,0.11206537855346928,,,0.16306255504722905,0.31154773545925984,0.08711648575824799,,,0.23225669988700762,0.09143350635872674,-0.03708110566733671,0.09821669772028314,0.006444097531750456,0.006898889512626064,0.0772634985501878,0.023568353000222957,-0.07270818849210448,0.370061550760828,0.14187164888131581,0.12252779392703647,0.19969004451462632,0.07115721123496484,0.07735733286617756,-0.04931941838497367,0.1385269277407748,0.07562930439232335,0.08501979631051446,0.05971795086183881,,0.24860343606493443,0.08091885606607563,0.1683438725343033,-0.12622771962918644,-0.053583973410806174,0.06340426025301839,0.3991825210087753,0.46705198599874964,-0.05289588597755624,,-0.0714385191589006,0.20030365824439406,0.027381357715233957,0.18587159876899972,,0.43583251215792174,0.4527682332474439,0.10479179473828504,-0.07825425981001563,0.03740836099713307,0.18870489694936526,-0.08583126262223892,0.3014690985940151,-0.046756919270050365,-0.08837849352866702,0.20708308389415758,0.1110376695932051,0.030052309718445344,,,,,,,,,0.03335994117641943,0.05155191419527755,,,0.017648691751042226,-0.012119991370725438,0.012135972654418582,-0.025618594856751928,0.07390758501418065,0.011860336699587415,0.10421634363037689,,0.06659371780722745,0.04287783991961496,0.04168606587122757,-0.017727618397022003,0.06174843103664206,,0.03646745874100823,0.030260666582530266,0.02386919745358273,-0.029954207156332836,-0.030498292361430562,0.015719240067223958,0.040408608812925365,0.09920049220158161,,
G_old,,,,,,,,,,,,,,,,,,,,,,,,,,,,,,,,,,,,,,,,,,,,,,,,,,,,,,,,,,,,,,,,,,,,,,,,,,,,,,,,,,,,,,,,,,,,,,,,,,,,,,,,,,,,,,,,,,,,,,,,,,,,,,,,,,,,,,,,,,,,,,,,,,,,,,,,,,,
post_G,0.6026276032656201,0.3679933206069845,0.4778462665335651,0.41769938126790285,0.42949124988076137,0.3313607275148015,0.49250057363813204,,0.43815114693518276,0.44848060969681225,0.4369342959810144,0.4708384595513696,0.19253129721226103,0.48302534387599383,0.4564780875173755,0.26847976204990365,0.3667890145976091,0.45099733635467315,0.5038004687467761,0.4229052013399296,0.3507704411922352,0.03190390310953369,0.5026798114456859,0.4583402654078977,,1.0,0.9212583623247268,0.8683310355778434,0.8952926413230186,0.8200285594544684,0.4771180971756915,0.7388924870901679,0.8484276215789692,0.5038877774090148,0.5233535819124492,0.8295395047226425,0.8636847637908427,0.5840284705977893,0.5820372930341501,0.40728791290091015,0.6054534555609797,0.7285823390928402,0.47440681340765756,0.4995088354259682,0.44893143037939015,0.2831961078289011,0.20307618229254118,0.07703265334759124,0.2613877062733945,-0.0005846722808534976,-0.005790731662782126,0.054066212237611426,0.03118133530851835,-0.008127523349597564,0.9615137417344645,0.9010037378318035,0.9145488285868429,0.6700248573911323,0.5814547648842318,0.5999366777895319,0.5758787785619771,-0.003385023701486718,0.2095824450740049,,,0.1861322182782686,0.3553475127880201,0.20347653192886486,,,0.1987853427446884,0.19688710282914898,0.05974836044929457,0.06988158633939934,0.02777717024476306,0.01580123712037866,0.07936027948464063,0.08753685380098716,0.039100870749848866,0.28471991399513885,0.22474129324834283,0.0976807864343628,0.16917257747474335,0.10073040697684517,0.15814367843209423,0.04349376333251663,0.16485689370142828,0.12392994992325018,0.12219555401046076,0.03161665529340772,,0.22087666121390148,0.14565856166141405,0.13611110828341408,0.03666685009086854,-0.004537190003577537,0.023475741449124732,0.32027326577385096,0.4221895753862252,0.03625354451940953,,0.07325960326004763,0.18545503887176168,0.048937347385414755,0.15429904967909439,,0.3671419660595283,0.35770811916040657,0.11500508687248287,0.023476364186968874,0.04078913256759781,0.13014063298906858,0.020378834221334467,0.12283202275546536,0.09557782909107901,-0.017003164578398084,0.18677936301343612,0.011869631316396708,0.04394108632578125,,,,,,,,,0.013243069010796605,0.09638353257221338,,,0.0030103965724684223,-0.009780443975441845,-0.0008268555919046619,0.1201232950778719,0.11003854306605994,0.01196398495600559,0.17485322537866438,,0.18159007727598558,0.03603709863348072,0.1270490336997057,0.001544227477839412,0.13667677176979043,,0.10198547086201983,0.12168430127918023,0.02777768122983894,0.024478828976316258,0.0026762815758861695,0.05545284281890053,0.03829506913348988,0.2334277799847689,,
post_AB,0.42270231270924724,0.23551429215103598,0.40500618944076927,0.34812402278895527,0.3459195857027918,0.2637614046036967,0.5821580144946009,,0.5827709589923735,0.586928533087371,0.5790988275590628,0.605152755616359,0.30970009412722416,0.569137585896346,0.5848447790955725,0.3622872902237137,0.4499675971631744,0.5670445378296963,0.6053413600364872,0.4813117544953378,0.4464272376703345,0.10216140586178032,0.5758380319267883,0.5468076606300847,,0.9212583623247268,1.0,0.9490936021227189,0.9811950423036302,0.8960955753094085,0.5384658306257591,0.7954421653879943,0.9187920149750297,0.572411096822935,0.5801879765295925,0.885917201693828,0.9103937827345103,0.6144828364522824,0.6196310633152363,0.39829455065755676,0.6435879786497315,0.781839827176349,0.5638515085005833,0.5731531899925962,0.5398819243785122,0.37458899001843765,0.2855004927655914,0.17577220521451323,0.34342062011203517,0.0274372363830973,0.008336834483490131,0.07448350469079683,0.05255697935730068,0.005893430530331084,0.8827289966407199,0.9530403560026286,0.9585444391721953,0.7120459443519656,0.6185551612236856,0.6407760103121303,0.6279914210185001,0.00012290363048640448,0.2077514081121735,,,0.2134589116627188,0.31886581845008255,0.16212835474620815,,,0.2088724524544868,0.16724642160936384,0.09207398535130568,0.07226203453787318,0.0273112301613435,0.013879022300453077,0.0752335629551241,0.03903298392029123,-0.023725060094845127,0.31825772797649504,0.2459437602314957,0.09920835149458651,0.17830175538878892,0.07425597042731988,0.13107172330840933,-0.010860577306719759,0.17123870604937466,0.1386336872095372,0.12409862729009108,0.03447056349363006,,0.2507588036010379,0.12995378412534508,0.14590039804882007,-0.060634354134404114,-0.01692508390045645,0.030893169076464732,0.3592110874037547,0.43062210562823006,-0.03633203276874583,,-0.04659883291838711,0.1980677704357091,0.04467060609805302,0.17768563249848604,,0.413906441805226,0.3973146114611863,0.10495123797180898,-0.05372076658266643,0.054915915939672585,0.14259693404426693,-0.03263932503438191,0.1527555809561257,-0.02815426597269331,-0.05659282259152856,0.2129952391012425,0.02510424293651532,0.05007933458983983,,,,,,,,,0.017499053529391722,0.10075977179498063,,,0.002294922367849551,-0.009289177564754064,0.0030189286136372627,-0.012877385451430303,0.12083666170286066,0.018947066020967337,0.19468816667105826,,0.21808628203935754,0.043737726012229854,0.13962094169822903,-0.005458450978042339,0.1540423513688278,,0.09303784809655416,0.11933257892050325,0.03175432175307563,-0.020783662911369457,-0.011826337737930159,0.04609730023800709,0.05225669002316563,0.21321989956341597,,
post_R,0.37560013936033443,0.2366485067918321,0.3717455321413306,0.33114427932796914,0.3157945002567638,0.23976633987322105,0.5423748634129169,,0.5430685629632819,0.5748574949506973,0.5448555425815367,0.5708456667485358,0.30409010553290766,0.5625840104260097,0.5610153781169538,0.3764810480065723,0.42911833422725076,0.5624043554440323,0.5694503883267407,0.4607226873911856,0.4312783714364995,0.06414515556028016,0.5309627229511638,0.4894936028382054,,0.8683310355778434,0.9490936021227189,1.0,0.9571805902772625,0.8766979622942209,0.5493786119695099,0.8451892601841898,0.9154264185320612,0.6143054109520374,0.5604372926002557,0.904383539484871,0.8640268892979838,0.6166668409802041,0.6124777754195081,0.32266777166116095,0.6133904182325548,0.7261844932405516,0.5217419988575623,0.5213375502481367,0.5049254725350062,0.3361422346341278,0.23648756905562743,0.16789376555010635,0.29530086903509567,0.016309376627536152,0.0030532031928036563,0.04367515092030438,0.02689483690084765,0.0027276314921071613,0.8253830926959719,0.8912172954850945,0.8984855914157474,0.6477685970228952,0.5429331240918968,0.583291819067563,0.5611098776769663,-0.00022337791226903402,0.17673280373582567,,,0.22515207780695717,0.2970102914696368,0.17398554580107584,,,0.18746005035521385,0.16484186864170733,0.09365665034852946,0.08137165026885873,0.017481575011972582,0.014876066420097615,0.07254416146718325,0.04929540314511269,-0.03548273544207882,0.2957074023043196,0.2937761788445985,0.10309804670965841,0.17545244728188295,0.07228315121053235,0.1231481423949756,-0.021572133050093693,0.200367188314664,0.16660361220013184,0.1503219597793521,0.023471225275809377,,0.27545572767735454,0.11540301473716179,0.15211763314789714,-0.06607546334397543,-0.02523918614176812,0.032492084807858555,0.3671997492808911,0.4290542057046046,-0.030675560912623363,,-0.04113164376388006,0.19592516121945067,0.04078038856031051,0.17327452147836075,,0.4182714656248297,0.3904611038770463,0.10906117044386865,-0.046394898939072664,0.06934896708451468,0.16055728997698057,-0.04598129207633246,0.16106244248260118,-0.026003712569489183,-0.05205502983166276,0.2156504475054562,0.02276741232666389,0.024942362641675233,,,,,,,,,0.022425788586280825,0.12057217674666386,,,-0.0027399519676634507,-0.007773100078452334,0.004809770198519855,-0.013624400961144631,0.1173095887649686,0.017392640475492,0.22408186107922629,,0.25921382798933096,0.04129777839805095,0.1557321058336798,-0.01099446709357617,0.16142261090283785,,0.09844277250000587,0.11555610344232017,0.022212373614012484,-0.01739158183603627,-0.018026219404958427,0.045074955084830844,0.07586508691691021,0.21345176342749936,,
post_H,0.3999811291583841,0.2270305133263323,0.3847283074307258,0.33594282515691204,0.34240967677293144,0.2645525048213631,0.583206654546758,,0.5842767681915921,0.5930151631034666,0.5862641260638166,0.610622466303758,0.3223342772967835,0.563425454496071,0.5886272816183856,0.368229846141687,0.44978230271225406,0.5650026735440756,0.5852026277218025,0.4802848396457425,0.44014457293838705,0.09706796820038273,0.5691647904160697,0.5456529189266524,,0.8952926413230186,0.9811950423036302,0.9571805902772625,1.0,0.9112209602441512,0.55176529650575,0.8064278334581048,0.9272590179649915,0.5778336669991847,0.5906769806132418,0.8709184847370629,0.8694727196608918,0.6135552779809129,0.5961334249203272,0.37178071787309425,0.6361874972124273,0.7699186407631328,0.5626674431600928,0.5599683749044961,0.5306270766180048,0.3743297785869778,0.27511838054958654,0.17606259345185066,0.3381255688241213,0.024326168502785985,0.0042074587846703815,0.06619520064268004,0.04666074976385258,0.002710764664645669,0.8560117711930078,0.9266135066187219,0.9336380120871374,0.6898560483433912,0.5977434817094378,0.6235915252462045,0.6129319858764021,-0.0031643805341588,0.19874759530257174,,,0.2290521088883472,0.3204179899967135,0.1705368601133382,,,0.21865169834350467,0.17361108995600097,0.10213979545762267,0.07836867168710933,0.012857503862234795,0.0036437581407996206,0.07449832830386421,0.04491045102630155,-0.04007698604536481,0.31752455654479084,0.2580269915723985,0.11205773064148508,0.19398211820371733,0.07080626224518786,0.11735136951594079,-0.023039686676729485,0.17048893328438644,0.15099575439953314,0.12286339532426356,0.02159429321073965,,0.25825725556901774,0.139253948733824,0.15793281177720303,-0.07395445623709927,-0.027508816394862485,0.03087631284063321,0.35820438789277326,0.42752084110740773,-0.03382827083151833,,-0.04448916126660594,0.21295751431421114,0.04707286825732229,0.17675040718843152,,0.4164947263923242,0.40262719539848557,0.09675755687124526,-0.05098388339444887,0.07018069209726377,0.14051044057959983,-0.05057932758009368,0.16184249685345206,-0.02723948725425218,-0.05706013554560852,0.21502639513819488,0.01555047530235655,0.033599568310616626,,,,,,,,,0.015898407755724715,0.11121234920514221,,,0.0009205026708162513,-0.008610891474125517,0.010451896815758015,-0.013351580121807694,0.12428448044712309,0.02815305737064991,0.21238490721128966,,0.2502263211549869,0.05034275442962432,0.1502317485543001,-0.008327619566604593,0.15363213622029828,,0.102250355917999,0.11782204625414257,0.024999890064264993,-0.01926606144807267,-0.014988792772047534,0.04449259019055005,0.05972553427552046,0.22277498877862034,,
post_2B,0.3783652448173678,0.24460359935047685,0.3141855671780699,0.28104240968933,0.30737804932908225,0.24121591046440077,0.5290083458981988,,0.5298601773208556,0.5381480468227247,0.5310658337321361,0.57355606607599,0.2766325699870076,0.528798081694712,0.5407056441432961,0.3271975943622802,0.4032874400137881,0.5207724369359882,0.5536916268085238,0.44791127765832106,0.40999140815532154,0.07237262513117416,0.5384205869981042,0.5101308539330551,,0.8200285594544684,0.8960955753094085,0.8766979622942209,0.9112209602441512,1.0,0.4459904996326572,0.7307304667264606,0.8620165983531424,0.48779601175548765,0.5195565379834829,0.8117519301447615,0.8216444270044445,0.5843878415243524,0.5674792540209967,0.3108513049566184,0.623505990088708,0.7249169279376707,0.5078339798915906,0.5237420219920409,0.488557275652109,0.324300447203593,0.24765842335116098,0.1414395341362897,0.2956376389234015,0.014509557233041996,-0.003553505801123696,0.0663085285308068,0.045240274456140775,-0.005909395625613236,0.7848330398886145,0.8481992778753156,0.8550099198494863,0.6252496302676469,0.5319991127396014,0.5544721053748399,0.5307234042133231,-0.007813337397200812,0.18930733359657104,,,0.1823176534332555,0.2824205817420494,0.15319567576349302,,,0.18861995807482373,0.15936047239450127,0.07292059433159019,0.07041302564071081,0.03342887286839244,0.006163367724977167,0.06069702640149579,0.042091894770388265,-0.035038450542895345,0.29391666883067713,0.2612328547210699,0.08461573163144555,0.1477423632728761,0.06744351274265366,0.09722406054892244,-0.018984239469348352,0.17740964619373178,0.14674164541259885,0.12790151396920957,0.005340778393984269,,0.2410250089469657,0.12590343100591694,0.18538823993925865,-0.0630209893629537,-0.031524816763740186,0.03411677796933317,0.34273370869686964,0.41024057635424094,-0.030834352425632518,,-0.04139268106378705,0.20974754257217182,0.058368323272667166,0.15763017448096855,,0.40722113869031995,0.3703739697443142,0.08996745051588675,-0.046635061334780105,0.06144133669897662,0.14593545081871118,-0.04679188800524831,0.1544052912513793,-0.02625628066042307,-0.053083317419406216,0.18583075867625726,0.02621669089409509,0.027128425408244103,,,,,,,,,0.02014007284715508,0.14593041894675682,,,-0.000824984836111805,-0.007813337397200817,0.006163367724977183,-0.0138260124992419,0.1549417401191353,0.020140072847155115,0.22614345196056299,,0.21161037512222697,0.04804603611022863,0.14358869645312264,-0.011051379763225209,0.13279208478450422,,0.14386427989656986,0.11942650601222118,0.029810988007423142,-0.01748160906002858,-0.013442774512838934,0.05508183565259998,0.034612985068409124,0.21847243838168615,,
post_3B,0.1469352503680213,0.05048053176972099,0.2989470101558351,0.23516100573927964,0.17396917974009965,0.1206211678219855,0.3528683477746639,,0.3651991432145849,0.38688167642484944,0.3726453629195923,0.3607106695222498,0.3578291006321214,0.23289658294984308,0.33447385855704453,0.3680884726751301,0.31617949051582483,0.32844565847396484,0.2761256454258803,0.19180312736778923,0.2297130227475971,0.15302794952961554,0.22877670141959375,0.20780265656605018,,0.4771180971756915,0.5384658306257591,0.5493786119695099,0.55176529650575,0.4459904996326572,1.0,0.3574692200382461,0.48374815957581924,0.509727744401269,0.4334387802701168,0.44075540927185886,0.42354893075676786,0.28252456980026014,0.25386604352003694,0.2512669245664101,0.27006814668398327,0.319263776709207,0.3528131676591005,0.2517634974166578,0.2954294878961078,0.214394476989229,0.19477399733821718,0.22171208363071923,0.19602731235547202,0.02325199111954501,0.009912934326212033,-0.0065627769282910605,-0.009140988286846247,0.014736073783130473,0.4252846880405431,0.4726522409605643,0.47397562746353744,0.3003619345813254,0.35711763325941287,0.38017676032471037,0.32442190821923905,-0.005339773057046233,0.05859020909692792,,,0.1707096215790386,0.18185191666016373,0.10753830145310114,,,0.10127742232719238,0.08312884387186949,0.14401580361514468,0.065835378406078,-0.007552708516593359,0.027323628494830773,0.0593127506231795,0.02238128903509179,-0.030792821484922534,0.17143325784628266,0.09458243178865425,0.08157816548416694,0.1425919052308266,0.02654025098848116,0.07816353143372962,-0.022269148813317246,0.04743252776935411,0.08592055530655884,0.04105842178914678,0.054671778981916316,,0.1596719284131363,0.05327182704084293,0.08099692820017321,-0.05240830197155708,-0.019803522452119963,-0.005339773057046229,0.14120846159386383,0.14067775975964342,-0.021072742151497032,,-0.028671236082181025,0.1130346249059348,0.02118481182958326,0.06290768395005389,,0.14715812837245096,0.18287136966686407,0.05343087751671346,-0.031871226259648236,0.07162619852512547,0.06597093290124459,-0.0387847707092113,0.10585800032045546,-0.01888225927631308,-0.039553764858241115,0.12425101345426473,-0.0114062113161818,-0.00533977305704623,,,,,,,,,-0.005339773057046227,0.059987030046707635,,,-0.005339773057046232,-0.005339773057046232,0.02732362849483077,-0.010491587767105704,0.017492672820188595,-0.005339773057046233,0.08286237337335493,,0.13970236099329678,0.03528637102424495,0.05363427028402127,-0.007552708516593366,0.13657330219132874,,0.06620393134585165,0.04764306358804659,0.05467177898191632,-0.011947241019695192,-0.013089505879845137,0.027323628494830735,0.09792886727366809,0.0846033005664319,,
post_HR,0.35704216637129943,0.23789307548404925,0.2665215582573589,0.2574692679308356,0.28279083228128216,0.2258847881051745,0.4471319239587818,,0.43663727927243723,0.46489622429789557,0.4366101612923339,0.48520377615780985,0.15970348246162216,0.6352455413571289,0.5309063182243097,0.1706597257276213,0.28012456100453453,0.4981224246653617,0.5751801465019875,0.5074803811817743,0.3690085997268513,-0.07416160352781972,0.525237064916162,0.4780389466388481,,0.7388924870901679,0.7954421653879943,0.8451892601841898,0.8064278334581048,0.7307304667264606,0.3574692200382461,1.0,0.9025744580492201,0.34390160670786313,0.3813514105789163,0.8106780783356101,0.8131505385815269,0.6338461032784488,0.550361343030778,0.14038344514407844,0.5694065722296505,0.6675133316779243,0.4061811796488986,0.4699986933896882,0.42275294205161673,0.30435873955099385,0.0930912303771096,0.0506817231741195,0.19995081009028084,0.002858857345073214,0.012131567401258947,0.05786709613626159,0.035208706846778674,0.015312838903946354,0.7065497405691954,0.7616377846842075,0.7645494668112027,0.5984998994166185,0.3356496846802107,0.4262480266145859,0.40953941751691275,-0.005892940346317589,0.15908703553709108,,,0.19016295797633911,0.2526327254657954,0.16987671461232867,,,0.17523771017940779,0.18012845802092164,0.05086659884267987,0.09309050361201776,0.017263151129726515,-0.005892940346317583,0.04085482026416327,0.05532053486315525,-0.03274588009606433,0.22413849441386255,0.3197973623935569,0.1095760556011382,0.17028612767575835,0.0884888139133398,0.14402759627620035,-0.02457609417444777,0.23546285470746106,0.13793518408023486,0.16612169212785968,0.001788426565508811,,0.27769680622372533,0.1390672866599369,0.18201873977502467,-0.05991286631504548,-0.022997851728926107,0.03935207663114604,0.4203010412082764,0.48841971865956274,-0.023255747220986934,,-0.03164139788010802,0.19270112118216254,0.04181532951091791,0.15937713190734004,,0.42483368527737847,0.39507820521852177,0.12707005922379225,-0.03517288714438174,0.08451459602578522,0.18002388153059903,-0.04105042338720152,0.17570441617764074,-0.020838343939014965,-0.03992742958849101,0.19228481167249617,0.02399918576842282,0.03935207663114605,,,,,,,,,0.04840108002663875,0.1479401173770586,,,-0.005892940346317589,-0.005892940346317588,0.0031560630491751372,-0.011578451029510476,0.08817877417677022,0.0031560630491751234,0.2178272949135241,,0.16030594340036158,0.039167117372777206,0.11125264829341075,-0.00833512216079638,0.1061178652942813,,0.1308922672374432,0.13159549857831046,0.02442108650572247,-0.01318490090870776,-0.014445497306465915,0.0393520766311461,0.08833733336469429,0.23326565692861329,,
post_RBI,0.38250784459605813,0.23111211858104613,0.3560723274300489,0.3257115041967223,0.31980400000386905,0.24747560058421866,0.5319544010366052,,0.5280823823117639,0.5434766849514776,0.5285659185472178,0.5670800757198693,0.25962960190896167,0.6123876171490755,0.5842716103817817,0.27342354837874633,0.363075201758924,0.5421898635350234,0.5893228949995498,0.49962827315414904,0.4108368796649611,0.020555077580628682,0.5590098688172104,0.5217818699276467,,0.8484276215789692,0.9187920149750297,0.9154264185320612,0.9272590179649915,0.8620165983531424,0.48374815957581924,0.9025744580492201,1.0,0.46697797974911,0.4916730867914976,0.865157676719477,0.8617287837570594,0.6566483818045808,0.5916957135728012,0.26724876112020746,0.6698856813691567,0.7443786023042676,0.4994309710487442,0.518503009694184,0.4888041580497933,0.36105756080290474,0.19300424906787053,0.13164508076939868,0.2823095876528109,0.01922947785468103,0.008346130548025833,0.06809122881518787,0.047380681174757584,0.005160869881653304,0.8002140180901117,0.8648361932160421,0.8699733884304657,0.6690225926527209,0.470581757237912,0.5402703705981298,0.5165536842651978,-0.005068897806053958,0.17751385918325643,,,0.20638707089295885,0.29366487076048137,0.19514309935544033,,,0.19422926190123133,0.1719679652665625,0.08548572363042539,0.07129698594775302,0.004194422595755424,0.0002873415936165085,0.06286213654655516,0.05337752397550226,-0.03340036082969557,0.2885345740322918,0.27949553762962126,0.10482225352388563,0.16674482916664926,0.09268949933564952,0.13449957205454377,-0.026351640713781977,0.2009808612352333,0.12740499547692466,0.1471593758038967,0.012631887630735134,,0.2571167725321051,0.1421236157561467,0.19499108270607823,-0.0710629968574868,-0.02243639412699044,0.021712299192298296,0.3984619229859705,0.46395422318589924,-0.030572629323508998,,-0.04116738218622194,0.19331491749562865,0.05101128071786473,0.16016139779228927,,0.4246703603083974,0.40361694970605444,0.11485821314569236,-0.046239221242153204,0.09028955900183715,0.14643368386303124,-0.04231536597290797,0.15749087827129737,-0.02634239683574391,-0.05150726876707536,0.19083616124044464,0.019750992639232356,0.02439041889213352,,,,,,,,,0.03510289769147439,0.15561828418405949,,,-0.005068897806053925,-0.007747017505889172,-0.002390778106218694,-0.014052015650379421,0.1337976069514566,0.013677940092792617,0.2106572388669769,,0.1450003131281057,0.046352359224551644,0.09808423753712839,-0.007169575789181983,0.11258505706095964,,0.13660529040409705,0.12537752550230485,0.039425102218652676,-0.01733322452805778,-0.01570797082938871,0.04313725679098005,0.07961737572987732,0.22516108866421983,,
post_SB,0.21086190835470603,0.08934906683679728,0.21556998943497743,0.16695910050382404,0.19591421278514598,0.15277373796536425,0.35247646274442634,,0.36492212097118726,0.4130479722995178,0.3655189137267681,0.33964900591029595,0.32161643315565175,0.21815977349067323,0.2926716436484278,0.5932742888781356,0.44893802132974,0.34623566024501945,0.312877568174962,0.17663322576253027,0.2611490409592231,0.13211874262733822,0.2579235162695444,0.1969152820770675,,0.5038877774090148,0.572411096822935,0.6143054109520374,0.5778336669991847,0.48779601175548765,0.509727744401269,0.34390160670786313,0.46697797974911,1.0,0.5183453406386087,0.513633265811472,0.4666933838996255,0.24105041638037156,0.3360047146525521,0.2774585300305775,0.3084579515524724,0.32850915151706345,0.36388965915861743,0.3207220727209684,0.36808072428873506,0.14889438917653555,0.22346331757009807,0.21527111502155924,0.18093199415556313,-0.0008679864724414377,-0.017935155655521333,-0.030808514110716622,-0.027272391389497646,-0.013451126826274288,0.46562796019885827,0.5099138171950848,0.5142136083569337,0.2605210888987583,0.396801106151887,0.39376243510025766,0.33885588424973156,-0.004632314935599851,0.008590485371239659,,,0.1680154002835932,0.21035928744999371,0.14240786179470474,,,0.12730400922287977,0.07568262163053724,0.05959641417252145,0.01720204752431081,-0.006552062061791232,0.02281702232741738,0.05552552310059716,0.03667945004518637,-0.028062763272013905,0.2224623564053614,0.1208962653601867,0.0689501748863974,0.08939385722788128,0.0360102215491534,0.07116101836627481,-0.014230942818022878,0.11643043027954729,0.11259080994771588,0.09509449380500146,0.013615925013578407,,0.14812168933021333,0.009776655286800807,0.009578422366454582,-0.04398038364632891,-0.018468485183460056,-0.004632314935599851,0.15838529774794738,0.19374571352025344,-0.01828084773633085,,-0.022672841939300213,0.11484828968519306,0.02026278049014093,0.11174847748243995,,0.2085871960265754,0.1686311701461878,0.09035417117063661,-0.02764865769410017,-0.0104347958827637,0.10406489019369702,-0.03492777256045465,0.07575436397430181,-0.010988073998832757,-0.03431334885482725,0.1513650320077847,0.009750909509819035,-0.004632314935599852,,,,,,,,,-0.004632314935599851,-0.00463231493559985,,,-0.004632314935599855,-0.004632314935599852,0.013667243239744994,-0.0031090775616075773,0.06935266712609714,0.0319668014150899,0.08962172052854353,,0.14753527567299812,0.03619260102105418,0.08583729294143322,-0.006552062061791235,0.1234975100446598,,-0.0080258045275281,0.08119076483554637,0.022769809903157176,-0.010364369875554039,-0.011355297863607977,0.0228170223274175,0.016190754000537037,0.047468095587197404,,
post_CS,0.21609245675218808,0.04246778894172893,0.2917047316341715,0.24543639808767223,0.23212934159964432,0.1815435431238413,0.4028621074716569,,0.4033317604950945,0.412634332203603,0.40413817325304285,0.3912724519200093,0.3267207785531063,0.26888658280938116,0.3414415416348019,0.44973336351605087,0.48151778915171595,0.37686311512462967,0.3452257912983999,0.21562767310121786,0.2959426748273159,0.25341609012487987,0.2829895543967356,0.24939921946930182,,0.5233535819124492,0.5801879765295925,0.5604372926002557,0.5906769806132418,0.5195565379834829,0.4334387802701168,0.3813514105789163,0.4916730867914976,0.5183453406386087,1.0,0.5037903720578656,0.49197530392496674,0.297956113001882,0.33802475898246603,0.31279783547435175,0.34965858905964325,0.3672469780716412,0.3984269603441688,0.33772412650667827,0.30357787516476387,0.2000230178330078,0.20903455260066292,0.14578593048767838,0.1951969177488804,-0.028977415877373867,0.001424064228876128,-0.016659538673623533,-0.01751741246702021,-0.0015457098270008525,0.5189207903074721,0.5648030861707936,0.5692006300213164,0.3426889617549109,0.3780548834139992,0.4579325873309459,0.33065965524206825,-0.005558885916805176,0.05672268590929369,,,0.15168180518018926,0.21711907819431012,0.11122170325390543,,,0.12214938888590197,0.07441588166316143,0.12889939723284627,0.05938809173568557,-0.007862627223683865,-0.0055588859168051764,0.037227245572881235,0.01571873629446071,-0.03662902716457536,0.20391108112940773,0.11389100233228983,0.06462179251706228,0.09083280049968234,0.03773398739135428,0.07278523071458065,-0.023182943618593636,0.11091689902942295,0.07320914806293993,0.08734388885127051,0.0010395782911551237,,0.18172733295198218,0.01839273596472665,0.08359767746636253,-0.05638207057167774,-0.024982343657650386,-0.005558885916805173,0.20120540883784171,0.20197335013302517,-0.02193744346865961,,-0.029847734870364684,0.1178347680531694,0.03592150661157361,0.09351848027114028,,0.19939613021751212,0.21959337660813402,0.08012533623174588,-0.03317903381161175,-0.01121264192802435,0.09145846765603677,-0.044718194473950666,0.10950457447085973,-0.01965707606806474,-0.03784160592016781,0.16180937410953278,0.009545794396670044,0.01875488176637148,,,,,,,,,-0.005558885916805174,0.01875488176637149,,,-0.005558885916805169,-0.0055588859168051764,0.018754881766371485,-0.010922100782266296,0.0782644672838113,0.06738241713272479,0.08944047212356564,,0.10893441874724594,-0.005522644580762627,0.0757747067823151,-0.007862627223683862,0.0969035394774451,,0.018452365019325775,0.040467322485518535,0.04968893440591044,-0.012437485477294428,-0.013626622164661753,-0.005558885916805173,0.023647461872432676,0.05706359473215256,,
post_BB,0.3837735050460304,0.23122740705670577,0.33964654531451527,0.3082134902128322,0.30890701692284395,0.23836959360791335,0.5108261989076068,,0.49900401110615994,0.5349886019613272,0.4965805243306562,0.5314770915508208,0.235947470897328,0.585220009105437,0.540591002802239,0.29968095992639066,0.3864895596453658,0.5977072247187155,0.570843658919577,0.5123825928438911,0.39898428707237266,0.033846290119063364,0.5260921684764398,0.4778262537184116,,0.8295395047226425,0.885917201693828,0.904383539484871,0.8709184847370629,0.8117519301447615,0.44075540927185886,0.8106780783356101,0.865157676719477,0.513633265811472,0.5037903720578656,1.0,0.8480411773816918,0.7261676378247109,0.5706058682635048,0.26306709297520786,0.6099086049279502,0.7108210593056999,0.4816625465509879,0.5014332128244967,0.4643379467833855,0.33197023614550575,0.20598890424795568,0.12398890444499817,0.2807947973435012,0.017066146282535326,-0.0010976419854847113,0.05869576299714638,0.03887148792782138,-0.0026687291277694056,0.7923175844304126,0.8539726180235794,0.860182831647071,0.6532101809170423,0.49112929189335336,0.5408703504919703,0.5274793094091579,-0.0013866860608072655,0.18177051495991128,,,0.198325332533285,0.2835983088414211,0.16176230956761167,,,0.14119408097349373,0.14458182787896984,0.08390844481056198,0.057754368786423975,0.03946996264536035,0.016188509240181625,0.05525684858479374,0.05677177271945667,-0.03415016312234175,0.2653277991085125,0.335722801808094,0.09217434675405171,0.14047258597313594,0.10095822919390647,0.13634823214829975,-0.025328708546621323,0.27844815764989583,0.15930883426815914,0.20142442339537164,0.032391547096073246,,0.3023806148372833,0.08772482328419949,0.17867913975344604,-0.06336240938282778,-0.024661818183596827,0.0044717123728557,0.4275261216453355,0.4538147739281966,-0.028591813881736955,,-0.03796258190260435,0.16897028763570573,0.05034664054886324,0.16993396172184894,,0.44709472499506236,0.4086607387247878,0.12545784302597116,-0.04257943469492906,0.05941197541357208,0.20508198768235344,-0.04126443591654288,0.16670104625339593,-0.023893383862258446,-0.04764000161676421,0.21432371848582868,0.03426777657425689,0.036692903758002,,,,,,,,,0.033763704541170454,0.1655776692985867,,,-0.0013866860608072458,-0.007245084494470221,0.004471712372855703,-0.01231671376185851,0.10588013592313085,0.01325931002335013,0.2327381246988337,,0.17811348627514237,0.0273554492566847,0.12345473003854492,-0.010247628650175795,0.1326946784985755,,0.12109009384165215,0.09827561058384549,0.030926290274427958,-0.016210196526848873,-0.016563303362048587,0.06598489592631668,0.06720626029758521,0.19849086254649645,,
post_SO,0.4660259662822075,0.2860262129150783,0.3186341079249906,0.2801709149506791,0.31543900627047156,0.24614531784830335,0.4772969428630327,,0.47054065365840775,0.47926647194808475,0.45880299021485815,0.5056115052411772,0.18282000009487293,0.5828821013281392,0.5081354279164162,0.2558078416302515,0.3628930545075286,0.49359348591779206,0.6471911185472654,0.4635272063004902,0.4092191964771965,0.006027332956064296,0.5412867157022769,0.49745818244379736,,0.8636847637908427,0.9103937827345103,0.8640268892979838,0.8694727196608918,0.8216444270044445,0.42354893075676786,0.8131505385815269,0.8617287837570594,0.4666933838996255,0.49197530392496674,0.8480411773816918,1.0,0.5929845387302194,0.6250807510182252,0.3224758103858619,0.601698080244323,0.7281469337637255,0.4503661259834126,0.5407994673606376,0.4832109977172772,0.3105803739018943,0.17959738392209484,0.07681730599774818,0.2551083677324272,0.004433356201540644,-0.001365523948423723,0.07268826086137088,0.0450193705430082,-0.0009402403262854684,0.8347309353083513,0.8897270272148131,0.8912075338039063,0.6788305669465188,0.513852224388014,0.5510059110606486,0.5521256671825393,-0.006667440904324366,0.2072937212574536,,,0.1546032278557767,0.272980444607176,0.1408394756050488,,,0.18475876727517648,0.17745097389614706,0.024747506640565284,0.038996941408453355,0.04938299798058152,0.009603492271755292,0.05777706119649205,0.05049154355815603,0.01660199806502594,0.28218256354821947,0.2928349017811391,0.08031382992116214,0.14798123422709675,0.09714117076693965,0.17305728570060014,0.022458190777420776,0.21183753722441664,0.13023325578792902,0.16399513249602332,0.02645037421454733,,0.20481661996103612,0.1327032024360468,0.15388304996947788,-0.015073083939994758,0.0016065155327095256,0.03672171423188809,0.38120153940960927,0.46463048557467496,-0.03324294773177753,,-0.04043625093729954,0.18481539471408753,0.0552799226137672,0.15972700323943023,,0.42780153023511097,0.3495775526215867,0.12078438135841786,-0.04717146722308068,0.024885830868993132,0.14335347248428498,0.010424375767662438,0.12508402502877228,-0.022866769648574602,-0.042444481504055366,0.18866861604780982,0.01570058248821672,0.05660841033598554,,,,,,,,,0.02587442544783503,0.12169214304030376,,,0.011411373735764145,-0.0084753223683332,0.004179847879728806,-0.009153383229465373,0.12501568525618179,0.0077956108077464475,0.23555979144281916,,0.22656355956241872,0.027483056707623958,0.16018535623657174,0.009747750460279127,0.1627884865397042,,0.12626847985383474,0.13280806557692992,0.04905903320096586,-0.018962738298489077,0.0013827541382889165,0.02406654398382608,0.040088834877665305,0.2126769620655565,,
post_IBB,0.29098763967311253,0.15897195795950625,0.2146955342662903,0.20733074359490636,0.23540849919726653,0.1913156488168772,0.3783521582612753,,0.35647350585774573,0.3696780898089183,0.35832958021012773,0.3936699820966218,0.13268412244520697,0.4849227426684768,0.4195792782345885,0.1390069327940991,0.2536913687567045,0.4384243285191186,0.4214867490251782,0.5779291367765058,0.2540673141377066,-0.04316365862512612,0.42737836936003293,0.3951436880370358,,0.5840284705977893,0.6144828364522824,0.6166668409802041,0.6135552779809129,0.5843878415243524,0.28252456980026014,0.6338461032784488,0.6566483818045808,0.24105041638037156,0.297956113001882,0.7261676378247109,0.5929845387302194,1.0,0.37640836051005033,0.13760103313062616,0.5029334138631161,0.5364639138457622,0.3432663404058495,0.39115619712261834,0.34465028282371934,0.2834390640442878,0.08705501677418094,0.04431308301379447,0.18145349777289252,0.018495597442516297,0.037364274465307795,0.07342498474394739,0.05415847721071504,0.028849465716218905,0.5581802363419742,0.5996038077457632,0.6051845446337296,0.525333779423232,0.2680635221604762,0.3706096980690067,0.3307299390841547,-0.0048589847114614655,0.16214148859131836,,,0.14835084390454473,0.21682499512771877,0.1371007004345883,,,0.10415160925918063,0.11026535132051984,0.04621321063996715,0.10772327034027533,-0.0068726694599549505,0.012812931423919042,0.06413148831339494,0.0675309046341472,-0.032017185754851275,0.23572629360683858,0.3607227023790516,0.09713018990450105,0.11407938328161622,0.09854367421253732,0.07895106602701266,-0.02026405475760495,0.3735311676771565,0.0772787630543879,0.3066961328583521,0.025637362001590506,,0.3610424712178277,0.08979848901902807,0.20144898994332386,-0.05112619863647098,-0.02183689820329398,0.01281293142391905,0.48153097966440306,0.44155426528507463,-0.019175371471560787,,-0.02608970386825432,0.1364901912292625,0.04675044785311586,0.1314176617674936,,0.4233073632999781,0.39911387970974943,0.07847699744311852,-0.029001569818928492,0.06930587031249195,0.25084921221293116,-0.03908787237676664,0.1963396184891195,-0.017182117697003466,-0.035992379577503626,0.161847164137587,0.002434743142662907,0.08350059596544127,,,,,,,,,-0.004858984711461456,0.18953209277772376,,,-0.004858984711461461,-0.00485898471146146,-0.004858984711461463,-0.009546934675819763,0.07718356773002953,0.03048484755929951,0.17526442118546467,,0.051295679664217775,0.020559564522456282,0.0530684100738334,-0.0068726694599549505,0.03848484255933356,,0.12425865673355924,0.03393027451121031,0.007957515905687409,-0.010871522223634716,-0.011910938586954573,0.048156763694679874,0.04592200706567787,0.1594011371593635,,
post_HBP,0.3059341524843111,0.2149702640716787,0.1663919176535717,0.16653946659342067,0.1988612462547825,0.1576320006170105,0.3404163564218501,,0.33720722624956395,0.3487731228729535,0.3331063384811465,0.36814783263925865,0.13805463950533317,0.3922872060338217,0.35472696465811776,0.21055204208568756,0.2688194952595841,0.3445268727093727,0.4119591967935382,0.27949260393113645,0.459849568057299,0.03850476258232718,0.3735938515153502,0.33771320629852836,,0.5820372930341501,0.6196310633152363,0.6124777754195081,0.5961334249203272,0.5674792540209967,0.25386604352003694,0.550361343030778,0.5916957135728012,0.3360047146525521,0.33802475898246603,0.5706058682635048,0.6250807510182252,0.37640836051005033,1.0,0.2372832359972267,0.40073734854637927,0.47588725391836045,0.31750454612646095,0.36514367825141253,0.32518074259289215,0.22541990709361726,0.15624001726723902,0.06663368335461041,0.2041859131161257,0.0001679643343964694,-0.0008795707114181062,0.06031210234686333,0.03199148534347917,-0.008075876572751231,0.5638911135103725,0.6078392377428808,0.6105635857542081,0.49100253623499834,0.38313548995156443,0.3930765085090911,0.4098101213395144,-0.004971129252404669,0.16931959333260502,,,0.07252685820176784,0.16701287784199811,0.0798594135128488,,,0.08537292484118306,0.12889640692927865,0.03879913717641831,0.007495628037012833,0.010267750699969233,0.019489750863104182,0.10206396874055715,0.056695218657049816,-0.024532695011635307,0.14902846853864957,0.23910869978060736,0.04351445935917502,0.08957878549796819,0.07648901736818653,0.07127081852275674,-0.020731745695812553,0.222217228654626,0.10386507591156816,0.1573200521661743,0.0022892083340391284,,0.13659313587807922,0.059366297057430385,0.1261718203263884,-0.049477861873991016,-0.01920002378661981,0.04395063097861295,0.29106463597000354,0.3208385933717403,-0.019617935784640658,,-0.026691849797371645,0.10785013254220388,0.030836734034766798,0.10269281118805719,,0.31543677286792043,0.19891338188375599,0.07913770470844708,-0.029670921119068282,0.022099421543101738,0.11488544274066087,-0.03218150622348325,0.0437986069323607,-0.017578678051889448,-0.03682307757818921,0.13108549402033906,0.02199272392070934,0.11733327132514029,,,,,,,,,-0.004971129252404663,0.04395063097861304,,,-0.004971129252404668,-0.004971129252404662,-0.004971129252404669,-0.009767276304824886,0.07256983163208412,-0.004971129252404668,0.19949614840967828,,0.11790713234820051,0.00534310976489443,0.13771792392864643,-0.00703128950249656,0.06670269109823518,,0.07614749385561638,0.12564051584842412,0.02676106483785698,-0.011122435108017283,-0.012185841024265374,0.11733327132513979,0.026017631021805616,0.1313777144109073,,
post_SH,0.1998954030835588,0.10327931364446122,0.30667866884816497,0.2693036705879864,0.23474875949947813,0.18249347947863218,0.20846618632418573,,0.20434300219342616,0.18159369349216378,0.19738123537968902,0.17724782156185995,0.16729844148584733,0.041183697443908485,0.12932382708591336,0.19016787379811012,0.21147923496478102,0.15258809888210548,0.1380107942723222,0.025690790468342068,0.14714721477807105,0.38013227700598157,0.10632722261323338,0.10731682785551833,,0.40728791290091015,0.39829455065755676,0.32266777166116095,0.37178071787309425,0.3108513049566184,0.2512669245664101,0.14038344514407844,0.26724876112020746,0.2774585300305775,0.31279783547435175,0.26306709297520786,0.3224758103858619,0.13760103313062616,0.2372832359972267,1.0,0.23268904594609552,0.25721058903530086,0.22763072821775432,0.17956204947560714,0.13656677784130491,0.09201691319164157,0.24718804415618012,0.09146254201548107,0.19391025929287253,-0.023685766810358704,-0.0019474052181892422,-0.005178557181521786,-0.003055847626670766,-0.010761725253572494,0.4329308615060973,0.45652769670683807,0.4483899204130418,0.22398699061110056,0.5029860602628864,0.4110297455038177,0.3811162002105946,0.013301600455063496,0.08132466585723165,,,0.12977099531254835,0.21032172471207788,0.047971701532769695,,,0.05229493968125012,0.13579967190173728,0.12998074504245793,-0.014733523805550397,0.004705637322827308,0.013301600455063482,0.09026048825433598,0.0044790130421874744,0.10240274110674631,0.17326580650562987,0.04376939552831736,0.03294344019650823,0.10394097764900467,0.0443800271912523,0.05294019883620429,0.13867104572435193,0.001444108767298462,0.07307688142323314,0.005542269386134473,0.04657351017487851,,0.04758352894872997,0.12195572221533674,0.00114570585974391,0.1284259480644881,0.021355417519307966,-0.0066478191427143795,-0.0031632595242965305,0.06881254328816064,-0.02623478136010844,,-0.01810843395918426,0.08880547948046395,0.003945990435484939,0.05231210330909377,,0.056201462859349564,0.12335689315599534,0.048413449029157694,-0.030635120991535716,0.03145033308949462,0.02848262603583229,0.113372434587222,-0.007016654783220767,-0.0039120954917286725,0.041062796058044346,0.058313059106413885,-0.014621631012461231,-0.006647819142714387,,,,,,,,,-0.0066478191427143795,-0.006647819142714391,,,-0.006647819142714386,-0.006647819142714379,-0.0066478191427143864,0.008714266123085129,0.021050560732440323,0.013301600455063504,0.0568028944965881,,0.16444363629301353,0.02013044542748717,0.07335856364185984,0.01881411624951207,0.11984587900479195,,3.443289781551534e-06,0.005036558503034075,0.01663595285319369,-0.01487387136210734,0.05705774321778865,0.013301600455063518,-0.005951163569751149,0.12697667796397066,,
post_SF,0.32608390497839324,0.19278764421689717,0.21176948081098057,0.19897942749325578,0.24189929703347393,0.19614247719609967,0.3695095006964297,,0.3586728510173749,0.3483855866863088,0.35294097904089805,0.38440928275639724,0.1391235682065888,0.4091433871818255,0.3856333688424622,0.1637166578195772,0.27071404687618,0.35684053144551475,0.405208214481519,0.3845451739090243,0.2830189413762694,0.04486769459213079,0.43962793708045067,0.3816937180610901,,0.6054534555609797,0.6435879786497315,0.6133904182325548,0.6361874972124273,0.623505990088708,0.27006814668398327,0.5694065722296505,0.6698856813691567,0.3084579515524724,0.34965858905964325,0.6099086049279502,0.601698080244323,0.5029334138631161,0.40073734854637927,0.23268904594609552,1.0,0.539850431998704,0.3489009388997462,0.40037516545808527,0.35398037301547836,0.2213730849936579,0.19041776975554847,0.07283467278101755,0.20154236815960797,0.015168173304297768,-8.141903939855517e-05,0.08709621813006566,0.06390103084258546,0.0027277144882758694,0.5913936680299976,0.630408038753683,0.6390936084521894,0.47127332870011457,0.42001140534849746,0.42544813051266916,0.3753865730291583,-0.005114978321413597,0.1575872695261428,,,0.10676428781001339,0.21663843626380816,0.1866759489029955,,,0.17121788420071712,0.09034741645950126,0.03306551255245455,0.054711834040025546,0.015389063863315958,0.02687514777849284,0.03651501164044384,0.05106085074271727,-0.018647445628306364,0.2728660175843635,0.2623491713297419,0.0470679817077425,0.10634132346108689,0.08255123398301371,0.10810647762326861,-0.007990400545691544,0.2196771082336456,0.10618489627783431,0.1736898567588816,-0.010234547155350274,,0.18360507622428682,0.09627121171808976,0.1372522780669893,-0.039024163421970924,-0.014772068222709371,0.02687514777849283,0.32954385674803244,0.344949005748129,-0.0201856180264839,,-0.027464229180108633,0.15030260028573167,0.017586582640576914,0.08311759488775111,,0.3665157888546401,0.30367953733346686,0.08485143217808153,-0.030529505590101837,0.008378834135916634,0.10496189226733108,-0.030935174884295043,0.10173655485508191,-0.01808735049707859,-0.029112206980168014,0.1346430312837651,-0.010539964789533347,0.026875147778492838,,,,,,,,,-0.005114978321413607,0.12284552607821175,,,-0.005114978321413606,-0.0051149783214136085,-0.005114978321413608,-0.010049911000457178,0.08829297242543835,-0.0051149783214136,0.17245303612974344,,0.11770129118615037,0.02276085534395653,0.07894934066388401,-0.0072347532222091695,0.09139817941063057,,0.10198813944550161,0.02276085534395659,0.005767693396893672,-0.011444283898134025,-0.012538461484814332,-0.005114978321413601,0.003165314200153419,0.17041182401684693,,
post_GIDP,0.3617083719220978,0.23308535637859085,0.2820126899395796,0.25840399277354004,0.26796748323981695,0.20824342413433414,0.4298162097592622,,0.4249274314014144,0.4135947291930287,0.42436413727540545,0.46328497699837123,0.1544939719761994,0.4746570152143389,0.4533817339634781,0.1698515456348534,0.30298928493600646,0.4167876917743055,0.4823557844842883,0.3988533112839268,0.32580044661542007,0.012054398560785396,0.4914752674743689,0.5044885056789664,,0.7285823390928402,0.781839827176349,0.7261844932405516,0.7699186407631328,0.7249169279376707,0.319263776709207,0.6675133316779243,0.7443786023042676,0.32850915151706345,0.3672469780716412,0.7108210593056999,0.7281469337637255,0.5364639138457622,0.47588725391836045,0.25721058903530086,0.539850431998704,1.0,0.41087489258342696,0.46632707490968317,0.4065040236496078,0.28585579900828295,0.19671625102959242,0.06904591557270828,0.2540048757702015,0.016709529800185204,0.016514456423871095,0.08816170226272824,0.06458783965465355,0.014631391874335644,0.7245453204888171,0.7748811118938265,0.7803070594484502,0.6025414447144127,0.4744495129227423,0.49340033230108205,0.4755490451576543,-0.006750247896987669,0.23967273586369311,,,0.13559120803996608,0.22945005749405198,0.14735106962506278,,,0.173721263707073,0.12666538775053904,0.06942050760945041,0.05664745882488443,0.029175515871927328,0.006938436626237053,0.04921894801121014,0.04639750356370566,-0.022389808985967444,0.23492112216719369,0.22062917872532836,0.05712434027407032,0.11865343254151475,0.06360157783039821,0.10704651857314179,-0.01673389551371297,0.12456832410293639,0.09864962578440716,0.07432589122060973,0.01388310025447126,,0.181264325474825,0.11557990098355031,0.09583937978590493,-0.054406951417275654,-0.018032737142124625,0.020627121149461653,0.2798673374105416,0.3564239111041382,-0.026639003544205134,,-0.03295357278108961,0.13563581549101253,0.036154841876754426,0.13837595802077607,,0.34529156157311025,0.33207938897372963,0.08972163844083797,-0.040289854219500376,0.05752688237275861,0.08659664353013295,-0.02895743636162135,0.09300083993368877,-0.01580236619589991,-0.03685759259155873,0.17134399374452455,0.0205984646934756,0.10275922828880962,,,,,,,,,0.006938436626237048,0.04800449019591104,,,-0.006750247896987666,-0.0067502478969876665,-0.006750247896987668,-0.004297711966143021,0.08255080225754581,-0.006750247896987672,0.13875221466217905,,0.1714571618192884,0.0390877955819907,0.14004474092663657,0.00013308942186717745,0.11220746635505863,,0.098982142898044,0.11158655612375365,0.03442534087274703,-0.015103046085747559,-0.00536190777787573,0.020627121149461716,0.01260242200504852,0.17353646276610868,,
fielding_G,0.09592918614836572,0.009212035217160209,0.1829469029719164,0.11256191701895527,0.43763080140530697,0.4322217658124057,0.9751317139340171,,0.9490068459465102,0.9201131834981018,0.9425245187605443,0.9124023301577497,0.7360850702820491,0.6732665940414663,0.8854922134924624,0.6189410268442926,0.6518695932858213,0.8532224368724577,0.7264818093668641,0.5444007191571679,0.6325919959144065,0.4171848957313667,0.6311873543423386,0.672749217290303,,0.47440681340765756,0.5638515085005833,0.5217419988575623,0.5626674431600928,0.5078339798915906,0.3528131676591005,0.4061811796488986,0.4994309710487442,0.36388965915861743,0.3984269603441688,0.4816625465509879,0.4503661259834126,0.3432663404058495,0.31750454612646095,0.22763072821775432,0.3489009388997462,0.41087489258342696,1.0,0.6844175609621606,0.755936802627054,0.6606015219500507,0.5504586114738466,0.5493872509949657,0.6052227023872614,0.06963311576624111,0.031081906251041565,0.09041511351945884,0.0868347689387217,0.03034914606078533,0.4687020645786566,0.5352944200074133,0.544844896134871,0.42020602499347637,0.3756812040772188,0.433085211240533,0.39227048540477105,0.015467503695457692,0.07406344024143076,,,0.3410565852493219,0.541498716991867,0.06411923288369532,,,0.2037700084216275,0.06009055546987878,0.2008178475918722,0.08765658860168057,0.007827704433995906,0.009513594176185922,0.07106238889879068,0.013175524754996252,-0.07734879270461839,0.351964329360557,0.10662887278097258,0.09148878439318842,0.19289854020358124,0.02538145505211723,0.06962409381565812,-0.05402927906933078,0.11843271796513734,0.06355952662983734,0.09093274946206045,0.05258708197319852,,0.2845921391297852,0.04999094798150234,0.01107892685536458,-0.13785280372721967,-0.04815432577144438,0.05586903257623012,0.2934385187702015,0.31612754567604523,-0.01983005951240235,,-0.023895568718176424,0.16052629185104147,0.010363085233400909,0.14858874118548024,,0.3161175707307038,0.41360659444012243,0.05802072385905934,-0.028202971335449085,0.08625248445860029,0.17349271048927495,-0.10070427758487407,0.26305096219102486,-0.018641225183856223,-0.10179049831810676,0.1743089492134332,0.0900740470649297,0.012034892595061198,,,,,,,,,0.02202895500241023,-0.019739542900644048,,,0.013675255421799336,-0.01603353799579122,0.011457727896764459,-0.001978562651689932,0.07350230088636248,0.043687819733230375,0.03964143872298698,,0.059718355534116946,0.034581986714310634,0.026435966660436357,-0.02654518733486356,0.05502456316380901,,-0.020340778702491572,0.035731163887133745,0.007958308820766452,-0.016707156414131827,-0.04254255843147316,0.0048962765898119725,0.1298504986255838,0.06454263218135718,,
fielding_GS,0.36280440807827324,0.13862403950639166,-0.007458290899303361,0.029194070448092163,0.36164975890049755,0.36506766836033827,0.7040465869390333,,0.6816777904747962,0.6082482947553635,0.6470950791278568,0.662153783991534,0.23256692689502073,0.6900276824819124,0.6263620308961395,0.3569970408733227,0.6134662566743694,0.6263207811044156,0.8080922738413863,0.7547320675535385,0.4969072260257382,0.01128352797513039,0.9093318767336362,0.8217769940967641,,0.4995088354259682,0.5731531899925962,0.5213375502481367,0.5599683749044961,0.5237420219920409,0.2517634974166578,0.4699986933896882,0.518503009694184,0.3207220727209684,0.33772412650667827,0.5014332128244967,0.5407994673606376,0.39115619712261834,0.36514367825141253,0.17956204947560714,0.40037516545808527,0.46632707490968317,0.6844175609621606,1.0,0.8926194970183441,0.44652563863227435,0.35308589525828243,0.11205601159487566,0.4475049091657337,-0.02124021113849536,0.07452372054867105,0.12608986349011797,0.09963841131378479,0.06865256516540723,0.5013223000272204,0.5804744166919305,0.5784214300171285,0.4348977409055499,0.3772188452851496,0.3796893843073892,0.3993049743032334,-0.01490140898952129,0.09206708005096582,,,0.12263506731258797,0.3524170105199518,0.1029872262038818,,,0.25428319618013373,0.10257989328365501,-0.13499081162947746,0.0962284229078793,0.006494681909506503,0.018020365749791375,0.10381242437099102,0.03401155048264415,-0.015834677443736733,0.4459656762762778,0.1360244178575171,0.14290884369824464,0.22147914581434966,0.07557357408181628,0.09155816913707103,-0.007772080134715212,0.1492833932841371,0.10077164118907679,0.11251776385193485,0.06854563046332961,,0.209929046722741,0.09680548050966856,0.050520781775226585,-0.042470282245400684,-0.04249884073546932,0.06344663914008859,0.3976636072812892,0.5079147199045505,-0.056182052413227185,,-0.07450310120041463,0.2175610639151417,0.05361717934752294,0.21658356167183196,,0.42405532523018497,0.4047482954907724,0.1408936089614125,-0.08108656325988862,-0.06150088933517347,0.17798526659508168,-0.03179911697429272,0.26854176758018267,-0.04863158052147586,-0.04916485209086923,0.24391280023205378,0.11123252667401856,0.023103025709544926,,,,,,,,,0.029138684411752235,-0.007219661550348346,,,0.023420691957029508,-0.006237784058123212,0.021399179473036628,-0.025968402729031465,0.0932061427846412,0.05001802049642157,0.058852961364258605,,0.07339888123821477,0.05786949689364192,0.051807371599665454,-0.008802454315686766,0.08009004472459127,,-0.0006504026264424375,0.05629630495875514,0.028371709654077103,-0.030264901735029985,-0.014028378652877666,0.01371743203386363,0.013280754490212633,0.1216037145578215,,
InnOuts,0.2564618038104156,0.08194558367380203,0.034860601853180996,-0.009581393895260526,0.28876250889237937,0.28699380489275245,0.7536640986838933,,0.7610319160402146,0.7251878378098618,0.7312822512895828,0.7107273542668642,0.43097887279271563,0.6327568315282874,0.6978242678718265,0.5376356340687221,0.5267567500077387,0.6598079132022162,0.7555547103550598,0.6722769645218177,0.5825445557124723,0.03574166087786134,0.8037376622873333,0.7052277128493469,,0.44893143037939015,0.5398819243785122,0.5049254725350062,0.5306270766180048,0.488557275652109,0.2954294878961078,0.42275294205161673,0.4888041580497933,0.36808072428873506,0.30357787516476387,0.4643379467833855,0.4832109977172772,0.34465028282371934,0.32518074259289215,0.13656677784130491,0.35398037301547836,0.4065040236496078,0.755936802627054,0.8926194970183441,1.0,0.5056575390956959,0.42074505281274743,0.4207750966928402,0.46410619475346626,0.10045782506803555,0.05879362734411239,0.17719275481558439,0.164751762763143,0.05399689323359932,0.41772796787034105,0.5003493030079793,0.5014765353482686,0.38298551355050603,0.32866416741807253,0.332502680563799,0.35318372523455627,-0.01659068523110047,0.0779024105361675,,,0.17055592762938812,0.37281985977210474,0.08457083326000807,,,0.22999945443624276,0.07979653238252034,-0.14809019163191234,0.08617051736247013,0.004623494539026803,0.01519257487339986,0.0878814530623764,0.02285362614494951,-0.043659232015110516,0.4042547886313938,0.12290733891783627,0.11912054226399482,0.1950516014403801,0.057092113303824854,0.08185765366206434,-0.028399685181874267,0.13513276418679213,0.08832244779103614,0.10240668516439237,0.06205044176800525,,0.17890974824514935,0.07779056508073931,0.03954136424061292,-0.08569598883959649,-0.041646874103848174,0.05929404851743387,0.3562110594367668,0.4316418185851864,-0.05409314207344162,,-0.0692701653628983,0.1925472306515312,0.03982679606941801,0.1867003549692698,,0.37942282789550724,0.34151558926685405,0.10867321335279125,-0.0739962013709975,-0.06945832084953922,0.1528907610937641,-0.06379252357241506,0.24205500638178887,-0.04718906678570367,-0.072155273450947,0.21898015643455043,0.09511192806910569,0.020283367952792133,,,,,,,,,0.02652995450365661,-0.00971318389534985,,,0.020779616892837045,-0.009994179555845374,0.018243233421496377,-0.024611026085870576,0.08502854543667039,0.04715927742795952,0.051980517840600794,,0.06729329899648585,0.04953428010408496,0.04093592041182757,-0.014990154155866004,0.07083722051924358,,-0.006599517483256968,0.048457222675061355,0.022199046491057934,-0.030660846367224968,-0.024032385319048694,0.011877886440535793,0.03628020662527667,0.09748813311567424,,
PO,0.0007382524433702045,-0.023177060300412927,0.11421196110343304,0.06567619391578047,0.22155353585052687,0.21857967257921052,0.662573228912009,,0.6744864318847348,0.6385000633650084,0.6744278244067065,0.6668728396315103,0.4970216982467245,0.5473366950567617,0.693580367797608,0.31726827628511706,0.3353012693422294,0.6217516289936581,0.5306515689788648,0.46425909775621693,0.49438883710716447,0.23728078651886866,0.44841277950668385,0.498826760622593,,0.2831961078289011,0.37458899001843765,0.3361422346341278,0.3743297785869778,0.324300447203593,0.214394476989229,0.30435873955099385,0.36105756080290474,0.14889438917653555,0.2000230178330078,0.33197023614550575,0.3105803739018943,0.2834390640442878,0.22541990709361726,0.09201691319164157,0.2213730849936579,0.28585579900828295,0.6606015219500507,0.44652563863227435,0.5056575390956959,1.0,0.19239977609195005,0.34689082729168386,0.6482169748659484,0.2086581690630477,0.1273392554909555,0.28564557619602815,0.2577768240244859,0.11593892513289292,0.26669716219440787,0.3497186451180181,0.3525611792869173,0.5959561623718858,0.11414586964934834,0.22848897689179826,0.37234781531172567,0.0058048274209571435,0.1723872550603087,,,0.22281151947373562,0.3106622252253869,0.010199555337268101,,,0.13877517078402887,0.0055173338215874675,0.1337675614111548,0.07163509303220371,0.0022769222469083525,0.003385134331964139,0.009485585428746406,0.020637534992200047,-0.07737728370487443,0.21040735618105244,0.054431346104365654,0.07845858387254596,0.1065037810046761,0.05007496331299743,0.036469600510233714,-0.04877276183930639,0.06707208243296188,0.006703939908605843,0.06792488093468436,0.010981109997892098,,0.2154379997591576,0.06942661948175363,0.01932678497491278,-0.12421279937435915,-0.052733857335056374,-0.000828937901675322,0.23070627762178728,0.2262768576539308,-0.04932237784391729,,-0.06649332520239758,0.10405960891517511,0.013233004093126138,0.12169748649105616,,0.20108277104325833,0.2595018478271855,0.07236182567859462,-0.07367210058971681,0.13129233653062305,0.09767737034237563,-0.09462272140676167,0.15949619483448757,-0.0438385692365757,-0.08875889839596902,0.15593698776702122,0.056320679404672454,0.04550954413068012,,,,,,,,,0.0012210043332693008,-0.0020088781270944,,,-0.005026697597636208,-0.012144401538067291,-0.00026343659548370215,-0.024048880924200818,0.0195619823326337,0.014515722541331915,0.017098938072273927,,0.015874352572172186,0.08283229568917005,-0.013959314364911012,-0.01723118184507819,0.002841723804124697,,-0.011579323128773196,0.0037414619754870524,-0.011594693073586302,-0.028057637823945103,-0.02945661105308764,0.02890338077386102,0.0889611776570396,0.010626516557786278,,
A,-0.01941228356537047,-0.05211861758792473,0.0974149679017278,0.04440182013676648,0.14515505762124628,0.139245388877878,0.4961330908275822,,0.5226386633810981,0.4619183144652425,0.49145140481255223,0.45292006710234595,0.38900938096316756,0.16257980304762057,0.38441462988963204,0.34568325573397124,0.33173785760306695,0.40817154065163447,0.3036483380404919,0.1388690617872983,0.3206469366614195,0.45353542198585856,0.2673343938179467,0.3170135813836569,,0.20307618229254118,0.2855004927655914,0.23648756905562743,0.27511838054958654,0.24765842335116098,0.19477399733821718,0.0930912303771096,0.19300424906787053,0.22346331757009807,0.20903455260066292,0.20598890424795568,0.17959738392209484,0.08705501677418094,0.15624001726723902,0.24718804415618012,0.19041776975554847,0.19671625102959242,0.5504586114738466,0.35308589525828243,0.42074505281274743,0.19239977609195005,1.0,0.677194634578486,0.7405514191018201,-0.006806146855674353,-0.037868750676672884,-0.038596173064458165,-0.025008717879695372,-0.034456925769889825,0.21086335185775854,0.2799682936266617,0.2818262986374756,0.0993520677553802,0.5933180788455589,0.4388910377556748,0.4448330657564152,0.04088971208132795,-0.02265125403337385,,,0.1845124277116351,0.23935300493799275,0.03584853304264821,,,0.07617510769223546,0.03785325779735652,0.13025572417596165,0.04051125457437975,-0.012606909486684172,-0.011019879189966034,0.009278364532401221,-0.013054263723893804,-0.040894000972403255,0.1886878174577957,0.046332190775556094,0.017579349908150597,0.12847848694011552,-0.02872383257681448,0.010677895248125416,-0.02741819044099918,0.024953362119699937,0.04261440806920918,0.021400069369550766,0.017175070405999623,,0.1105653924044782,0.008418852436137816,-0.021430027572106377,-0.07575221003854715,-0.007047815660242706,0.052232964827590204,0.07218303455873097,0.048559465170414186,-0.042088362314749286,,-0.05347493436291858,0.05904903060390326,-0.021417742740369783,0.06717869982148646,,0.14935577382482199,0.19949751021864362,-0.018970803929719292,-0.055754778629686856,0.037489886178301,0.06680871752972019,-0.048895534652146654,0.0663415070721718,-0.036788122087242636,-0.062303969520304064,0.05976026953250323,0.021949233459769377,-0.00266689568618245,,,,,,,,,-0.00045508496550602113,-0.00983365668055298,,,0.01419970561953447,-0.007090517127535307,-0.01090867082970857,-0.01875468447211985,0.021912630062321307,-0.010340272543948136,0.05173547595644066,,0.07782755979607558,-0.009736097148344289,0.04949352802122979,-0.013358434271401404,0.0276891392018586,,-0.00669720099337811,0.0011134322204719236,0.020197586552102288,-0.02338420753865486,-0.020783690393237186,-0.004569794295032566,0.030996732074874182,0.03749005259091323,,
E,-0.19594250959189916,-0.14538918217638858,0.1564825887454589,-7.507568414251977e-05,0.020121342684239436,0.011218320791153114,0.4978477831689139,,0.5674555589477008,0.5735978559761103,0.5545417674580676,0.48122622468807125,0.6328769569609279,0.1534210990011269,0.48718358438339177,0.5136841447288494,0.18572926681056182,0.42763508432835123,0.2291044724894255,0.061690152746094726,0.37520107081246645,0.3975643914562955,0.06542505753770268,0.09696889823942495,,0.07703265334759124,0.17577220521451323,0.16789376555010635,0.17606259345185066,0.1414395341362897,0.22171208363071923,0.0506817231741195,0.13164508076939868,0.21527111502155924,0.14578593048767838,0.12398890444499817,0.07681730599774818,0.04431308301379447,0.06663368335461041,0.09146254201548107,0.07283467278101755,0.06904591557270828,0.5493872509949657,0.11205601159487566,0.4207750966928402,0.34689082729168386,0.677194634578486,1.0,0.4706985050195029,0.25698151693081533,-0.02075103986868009,0.07761508574357591,0.09836905340679943,-0.01819025163029675,0.03105700378330318,0.10933135526706415,0.10940002841621602,0.06048466537525068,0.22307813051408237,0.24810039756023763,0.16422416840993284,0.03731595586195727,-0.002533950479607256,,,0.2209817133399373,0.24484898838445762,-0.00797489468627418,,,0.03254779657198379,-0.005002566105014784,0.134099005156049,0.024402489145081058,-0.010860478861740986,-0.00681181286234511,-0.01572648666104944,-0.02416301659803426,-0.05912849570282891,0.0467086512082747,0.015579231049664055,-0.007227582006138596,0.055303902949756956,-0.026143603048672644,-0.0013406258179266847,-0.03891634557611561,0.009848115786255886,-0.0010433764060151646,0.00925642633388512,0.003309056761986317,,0.07899123732950578,-0.014083132423240365,-0.010020140699746565,-0.10010275988380292,-0.02316668471443987,0.028783698465113267,0.03712751295194573,-0.015446884110838917,-0.04654370096885457,,-0.06137266938024486,0.01322586936220384,-0.039909949828696285,0.018238242017026517,,0.04954285512251646,0.09525674940918046,-0.024307405839077915,-0.0655764252756642,0.03409346508493937,0.030239161439039583,-0.07316528471995812,0.05262812045597222,-0.04189711086723637,-0.07578597337258525,0.02160214779088752,0.008242060724419334,-1.2670249235074496e-05,,,,,,,,,-0.0013458354674919378,-0.009744776342510225,,,0.002920293230930044,-0.010544675473464346,-0.00867824416790474,-0.022522659580336175,-0.006825064848087239,-0.007611711993299236,0.010393121167567965,,0.0203241663212359,-0.015970747515001747,0.007594316246338642,-0.01538606818116028,0.001029753558431493,,-0.011955921429685868,-0.011582975451533995,-0.003693201364285437,-0.025978987275154783,-0.02622966907838665,-0.005611964165913919,0.0738062843953147,-0.003198889498326599,,
DP,0.02677429463120385,-0.013982725195963578,0.0784296454537229,0.057939510582791225,0.17985397685024482,0.17638831439416008,0.5814299426310843,,0.5921945307689982,0.5433386433375069,0.5770303278624397,0.5649003375974143,0.3900941778133831,0.3756992011544994,0.5298341572168359,0.2795719579050362,0.36356950984565006,0.5260526431567687,0.43849870236751703,0.3304551200913701,0.3835163659348468,0.32277685317667404,0.41581540814663204,0.47115134627120436,,0.2613877062733945,0.34342062011203517,0.29530086903509567,0.3381255688241213,0.2956376389234015,0.19602731235547202,0.19995081009028084,0.2823095876528109,0.18093199415556313,0.1951969177488804,0.2807947973435012,0.2551083677324272,0.18145349777289252,0.2041859131161257,0.19391025929287253,0.20154236815960797,0.2540048757702015,0.6052227023872614,0.4475049091657337,0.46410619475346626,0.6482169748659484,0.7405514191018201,0.4706985050195029,1.0,-0.058693617437250746,-0.03485240645711478,-0.07463175986998243,-0.06737353571145452,-0.03474145044293541,0.2614109364090315,0.3317624370576766,0.33507523784700466,0.3716551383645725,0.48135629819954673,0.38243283181835114,0.6173736775102852,0.024099962270032825,-0.03821885675936417,,,0.18789616534832831,0.24071378848278896,0.029150210213864852,,,0.11001206737923881,0.034236717328546315,0.10557295826047441,0.03874256695035735,-0.0027773576446102157,-0.009944296444227715,0.00020193430160287315,0.024737733421178104,-0.05843439970523988,0.20568047217154375,0.06859224953064819,0.06572096573173235,0.1508982697581375,0.027382663991569703,0.026951401142844146,-0.03710448021980014,0.05429730557131473,0.030825844301302356,0.06115760199203535,0.00855280659917885,,0.1762849545621043,0.04187196065974114,0.00211153576326504,-0.09563817431465159,-0.03868511850346082,0.01596772836351065,0.18419310749738096,0.173596929490064,-0.03995582258887047,,-0.05328534799144304,0.10267361238904706,0.004864800412322355,0.1282411399775414,,0.18241188495485688,0.24164131896725727,0.04909837437746986,-0.058094654932991374,0.12158959522254326,0.1047014159981685,-0.07022189193467081,0.12054381078869018,-0.03562102019938303,-0.06975343270525379,0.11706164378323893,0.04981912097919856,0.04132413470558595,,,,,,,,,-0.005196284101289301,-0.0015089979200711824,,,-0.0003977609887451579,-0.009085613360930339,-0.010045317983439175,-0.019538556753654308,0.01585795852799514,-0.009035102591324617,0.05050602237663113,,0.0711299314334242,0.06357136044226329,0.031403415281162916,-0.013994017822061144,0.016370378667384278,,-0.005181502092456502,0.00043713512833929867,0.007719004914711511,-0.022543263989828734,-0.02324167765322972,-0.0070651825767012325,0.055395959563932146,0.02629730737670285,,
PB,-0.07341767398445558,-0.041505907881788554,0.05924077344935091,-0.022859034830350053,-0.02712364674676782,-0.027776650057255627,0.05616166538264433,,0.08076725759377208,0.048846571651924076,0.06991380259091665,0.060317519327055646,0.0579197285837603,-5.418165482481292e-05,0.07956662272470438,-0.005011708194563243,-0.07389629982701974,0.031082942337283894,0.009267715384609434,0.013861744841940691,0.07136197243133718,-0.03532836536969947,-0.015756473699178198,0.008611241907444405,,-0.0005846722808534976,0.0274372363830973,0.016309376627536152,0.024326168502785985,0.014509557233041996,0.02325199111954501,0.002858857345073214,0.01922947785468103,-0.0008679864724414377,-0.028977415877373867,0.017066146282535326,0.004433356201540644,0.018495597442516297,0.0001679643343964694,-0.023685766810358704,0.015168173304297768,0.016709529800185204,0.06963311576624111,-0.02124021113849536,0.10045782506803555,0.2086581690630477,-0.006806146855674353,0.25698151693081533,-0.058693617437250746,1.0,0.18834249378375428,0.6060522750439551,0.6108751124372401,0.17151313524884676,-0.02675411511331962,-0.002169027990567072,-0.001924258743764426,0.10559552779181325,-0.042724107585446064,-0.02118456429282275,-0.044879415037226277,-0.004154099037706623,0.20952750585404153,,,0.042943542257008076,0.08896454859140104,-0.021721853199018537,,,-0.00021178562488973323,-0.015610106068235187,-0.00132572338730123,0.03743181159895965,-0.00587566153948393,-0.004154099037706621,-0.015109706984137111,-0.016758044531954123,-0.02737250031278616,0.0017945584760759672,-0.0136692125477254,-0.013829607459589256,-0.024497214204392305,-0.01468424000993119,-0.009731840615106397,-0.017324378520895252,-0.013470184233483725,-0.016403322264046397,-0.010377375005210505,-0.00831192623269103,,-0.004178244894567252,0.014459833917684968,-0.013978932597896366,-0.04370939716200135,-0.01866905191095297,-0.00415409903770662,-0.03128250473426928,-0.056846382306909506,-0.016393628897366685,,-0.022304909393421106,-0.01850281716640986,-0.01757096872841157,-0.010704814010084298,,0.014584152994143788,-0.0026931447513756546,-0.0288379828561443,-0.02479435528838211,-0.008183862643209031,-0.021328433170632696,-0.033417452959527395,-0.017551336668221958,-0.0146895334785723,-0.030771018689356815,0.014646181253330325,-0.016705080375002793,-0.00415409903770662,,,,,,,,,-0.00415409903770662,-0.004154099037706624,,,-0.00415409903770662,-0.004154099037706625,-0.00415409903770662,-0.008161975084285107,-0.010517624659608031,-0.004154099037706623,-0.0026478691510713145,,-0.002269863711718212,-0.01100058339756788,-0.010183036469643168,-0.005875661539483932,-0.012477226495068498,,-0.0071972625626993665,-0.011000583397567936,-0.008311926232691037,-0.009294406689751407,-0.010183036469643181,0.0157113628723123,-0.013868669749727306,-0.0051630737082129655,,
fielding_WP,-0.04870474726687315,-0.05038106384106754,0.035580002112526515,0.030936443505134248,0.005533160492571441,-0.0029829017980478466,0.03250368290890085,,0.02805262468235637,-0.006487797507073522,0.019182359293267674,0.007196856350093027,-0.02046618326168341,0.04186406185223696,0.027192724309850747,-0.051206827734423234,-0.014456096105848242,0.029288505010407508,0.026155270616478033,0.13166724332559757,0.02029845711670835,-0.03836143111302296,0.07066492007943628,0.0890006899186376,,-0.005790731662782126,0.008336834483490131,0.0030532031928036563,0.0042074587846703815,-0.003553505801123696,0.009912934326212033,0.012131567401258947,0.008346130548025833,-0.017935155655521333,0.001424064228876128,-0.0010976419854847113,-0.001365523948423723,0.037364274465307795,-0.0008795707114181062,-0.0019474052181892422,-8.141903939855517e-05,0.016514456423871095,0.031081906251041565,0.07452372054867105,0.05879362734411239,0.1273392554909555,-0.037868750676672884,-0.02075103986868009,-0.03485240645711478,0.18834249378375428,1.0,0.17930450485724253,0.2019585246975848,0.9132864930538279,-0.001224528797597521,0.012923102087984023,0.012190257873016287,0.06953472511425886,-0.020751367836880318,-0.02312577739689457,-0.016446118210891193,-0.0020758252970261653,0.10939516527115063,,,-0.0038665270513700157,-0.007502021115217736,-0.010854525123143173,,,-0.013872351042936009,0.025485917702223897,-0.019157038572324807,0.12622105500865544,-0.0029360991997817243,-0.0020758252970261644,-0.009072756627133307,-0.008374083634589104,-0.013678183422296895,0.05082286292139829,-0.006830577927834097,0.03295532822633371,-0.0009128451455598086,-0.01187165659607479,-0.006744477331123988,-0.00865708372922787,-0.0076248215719788215,-0.009309851134355259,-0.005185629268106131,-0.00415351357399533,,0.048452448293365195,-0.011631467161654502,-0.0076403229525914326,-0.021841817328634834,-0.009329024146146928,-0.0020758252970261635,-0.0241355632950986,-0.040269075913697217,-0.008191983211358446,,-0.011145881392443076,-0.013858833111312589,-0.011301424004926158,-0.007315047520232702,,-0.025240117487037597,0.044301103944825754,-0.01919018243971832,-0.012389870694920351,-0.009237532038334767,0.01556113328430184,-0.016698878285257658,0.01937817558433107,-0.0073404377025078115,-0.015376441059983904,-0.0028282509453156214,0.00556459985670473,-0.0020758252970261653,,,,,,,,,-0.0020758252970261635,-0.0020758252970261653,,,-0.002075825297026165,-0.0020758252970261644,-0.0020758252970261657,-0.004078582190714943,-0.005255712763433276,-0.0020758252970261653,-0.003940133168007268,,-0.003130019903853266,-0.005497049803445315,-0.005088517272302475,-0.0029360991997817235,-0.006234936182332201,,-0.003596510232755274,-0.005497049803445315,-0.004153513573995339,-0.004644464263443917,-0.005088517272302474,-0.0020758252970261657,-0.0074398325256931335,-0.0015476535281915107,,
fielding_SB,0.03498764337709374,0.018802193679733695,-0.02007837932535404,-0.03653648911735713,0.041211185903306476,0.05149276897820382,0.08520513212383371,,0.09245884684845682,0.03287103114378886,0.0738642116932366,0.07812425052746148,-0.020037919746548328,0.06016767527690164,0.08750128132686724,-0.04088232705830079,-0.04953101964252381,0.05661114341319513,0.0883935975362488,0.11701029185171288,0.1401343256137439,-0.031206435767324212,0.1053526642052649,0.12507786667228535,,0.054066212237611426,0.07448350469079683,0.04367515092030438,0.06619520064268004,0.0663085285308068,-0.0065627769282910605,0.05786709613626159,0.06809122881518787,-0.030808514110716622,-0.016659538673623533,0.05869576299714638,0.07268826086137088,0.07342498474394739,0.06031210234686333,-0.005178557181521786,0.08709621813006566,0.08816170226272824,0.09041511351945884,0.12608986349011797,0.17719275481558439,0.28564557619602815,-0.038596173064458165,0.07761508574357591,-0.07463175986998243,0.6060522750439551,0.17930450485724253,1.0,0.9569023395517651,0.16214704633321367,0.05703517436806545,0.0794872981690881,0.08094885090167814,0.25318594243925147,-0.023301163963516742,0.017167198416840772,-0.0317957243487206,-0.004480296557280184,0.36358848217042267,,,0.000560240996052658,0.08545588695549827,-0.023427545473021887,,,0.05854454966928652,-0.006635196498762333,-0.038612909509340675,0.06242275218255104,-0.006337043466740906,-0.004480296557280187,-0.009690963918903622,-0.01807395744342011,-0.02952190542458309,0.04406886846639655,-0.014742577238147777,-0.00854859982352257,-0.024835400896868687,-0.005272573188536684,-0.009824922316941107,-0.018684762385211846,-0.012560845655230291,-0.009918489413848828,-0.011192250614977663,-0.008964614022599663,,-0.019780092478011987,0.03797889481804774,-0.011436067988846235,-0.047141644878505515,-0.020135025247377168,-0.0044802965572801915,-0.008823151452361778,-0.014762131602980674,-0.017680926343718116,,-0.024056385718950333,0.0004993315935668963,-0.009101806821518456,0.020464416522219704,,0.08728968655723444,0.03809424954860312,-0.021044952836349034,-0.026741313490649985,-0.019937555943849175,-0.02190495565132547,-0.03604153345614506,-0.019227410844286235,-0.015843018106865708,-0.03318728991450337,0.08229476032185326,-0.012438427268817217,-0.00448029655728019,,,,,,,,,-0.0044802965572801915,-0.004480296557280187,,,-0.004480296557280182,-0.004480296557280191,-0.004480296557280184,-0.008802888072432095,-0.01134351326857673,-0.004480296557280185,0.0029043051297493656,,0.006211117876024833,-0.01186439598017065,-0.01098265179127466,-0.006337043466740906,-0.013456991372339208,,-0.00770520551836229,-0.011826916425876109,-0.00896461402259966,-0.010024243022632575,-0.010982651791274663,0.05615213821916883,-0.01605754400399523,0.015467207662143595,,
fielding_CS,0.0054213334487819035,-0.014877256438872114,0.00126075456320086,-0.02646488440184287,0.037830171791448416,0.04694791376589465,0.07817432830537153,,0.08644839240409916,0.029103077679728986,0.0677003763311568,0.06358041945475153,0.003187305086322903,0.03525708872236987,0.07716480334426626,-0.025605550865045158,-0.05362973836341934,0.045726290303183,0.06330369564074534,0.08818763880275247,0.12098816931103511,-0.005425317233661543,0.07212924713608924,0.08706535859507056,,0.03118133530851835,0.05255697935730068,0.02689483690084765,0.04666074976385258,0.045240274456140775,-0.009140988286846247,0.035208706846778674,0.047380681174757584,-0.027272391389497646,-0.01751741246702021,0.03887148792782138,0.0450193705430082,0.05415847721071504,0.03199148534347917,-0.003055847626670766,0.06390103084258546,0.06458783965465355,0.0868347689387217,0.09963841131378479,0.164751762763143,0.2577768240244859,-0.025008717879695372,0.09836905340679943,-0.06737353571145452,0.6108751124372401,0.2019585246975848,0.9569023395517651,1.0,0.19047817398815345,0.03377821808614977,0.05650681841319428,0.05734869888680885,0.20136021559782522,-0.024044208921669228,0.008633287656352235,-0.032842436319321586,-0.004179895205973546,0.3064173202564838,,,0.005075666980736089,0.08762694172020363,-0.021856741793417744,,,0.03927936774497441,-0.0005970185144631482,-0.02559759850906688,0.0684990675012772,-0.005912148284835024,-0.004179895205973551,-0.013327225216574062,-0.016862108814641435,-0.027542478355568854,0.05487740843127087,-0.013754095768793776,-0.006453515745683076,-0.02076624545664779,-0.009781367122551541,-0.009070706694806595,-0.01743195963039409,-0.012122070592055936,-0.012595013222684703,-0.010441816538590833,-0.0083635417203755,,-0.008735975437658484,0.03727026620925421,-0.012796123165201144,-0.043980824240124006,-0.018784983187532463,-0.0041798952059735476,-0.014556376977369693,-0.03061896287530465,-0.016495430227980973,,-0.022443418656360768,-0.0035342573046211164,-0.012214823621546517,0.012401604034399872,,0.05729313754963694,0.03026547588915589,-0.024876190621813073,-0.024948323538845962,-0.01860075408917026,-0.017721131279492614,-0.03362496901337467,-0.013624438805840815,-0.014780752699379568,-0.030962100887602477,0.06338806353262337,-0.013630798924095232,-0.0041798952059735476,,,,,,,,,-0.0041798952059735476,-0.0041798952059735476,,,-0.004179895205973547,-0.00417989520597355,-0.004179895205973547,-0.008212659403737662,-0.010582937116779838,-0.004179895205973548,0.001528249083872872,,0.00017581975936916707,-0.01106889493703348,-0.01024627119752397,-0.005912148284835027,-0.012554707708503721,,-0.007241956200102655,-0.011068894937033471,-0.008363541720375492,-0.009352123194999314,-0.010246271197523993,0.033827592861765836,-0.014980894756385086,0.019847104586171085,,
ZR,-0.04656822476003423,-0.04649576876191125,0.0250618087951521,0.017149596205721703,1.292009123523886e-05,-0.004588346989407115,0.030655662921439456,,0.02667718467590027,-0.005508317056826183,0.017794761658503928,0.0060941530200906025,-0.022253689349861452,0.041131328918807504,0.025623980325381872,-0.04757862770927882,-0.013342384685737159,0.029637494074695406,0.022949602203052352,0.12134261813744446,0.016087572240821583,-0.03138600133448658,0.06695556769074845,0.08623457101409716,,-0.008127523349597564,0.005893430530331084,0.0027276314921071613,0.002710764664645669,-0.005909395625613236,0.014736073783130473,0.015312838903946354,0.005160869881653304,-0.013451126826274288,-0.0015457098270008525,-0.0026687291277694056,-0.0009402403262854684,0.028849465716218905,-0.008075876572751231,-0.010761725253572494,0.0027277144882758694,0.014631391874335644,0.03034914606078533,0.06865256516540723,0.05399689323359932,0.11593892513289292,-0.034456925769889825,-0.01819025163029675,-0.03474145044293541,0.17151313524884676,0.9132864930538279,0.16214704633321367,0.19047817398815345,1.0,-0.0037615538826720994,0.009476428618478487,0.008938513467125354,0.05697260588682061,-0.017999703509614676,-0.02111710381276271,-0.011908820274001034,-0.001915741463997813,0.101328882531217,,,-0.008165484803622577,-0.007299857075435807,-0.010017444088479727,,,-0.012802540817938139,0.030455160710613823,-0.019541742219865987,0.10684155927995247,-0.0027096726239393873,-0.0019157414639978066,-0.008373082305269333,-0.007728289690250183,-0.012623347047461793,0.062294881005035566,-0.00630381630774357,0.028409527701820314,0.009228152550081825,-0.010956136250977098,-0.0062243556308605305,-0.007989465337541664,-0.007036809341302098,-0.00859189251970401,-0.004785723066417758,-0.003833202238348256,,0.03635941871433188,-0.010734469784443389,-0.007051115283922216,-0.02015741650584803,-0.008609586944052602,-0.0019157414639978066,-0.02190602254395565,-0.035250817761637736,-0.007560232517089123,,-0.010286331497595119,-0.012790065364365236,-0.010429878949579263,0.0012809433542012158,,-0.02339520925530655,0.04625892046799383,-0.01771027082776121,-0.011434386630625579,-0.008525150539498002,0.013090353517193832,-0.015411091472462009,0.013163323243305337,-0.006774356633351044,-0.014190638176310059,0.0067327573893126,0.013237143761127243,-0.0019157414639978112,,,,,,,,,-0.0019157414639978069,-0.0019157414639978127,,,-0.0019157414639978097,-0.0019157414639978066,-0.00191574146399781,-0.003764049425676299,-0.004850401851348455,-0.001915741463997813,-0.0036362773372298368,,-0.002888638519600144,-0.005073127422239199,-0.004696100169308271,-0.002709672623939382,-0.005754109359292348,,-0.0033191539714119236,-0.005073127422239198,-0.0038332022383482604,-0.004286291712641862,-0.004696100169308274,-0.001915741463997812,-0.00686608631038872,0.009562275977114737,,
fielding_post_G,0.5930754390760613,0.3629872788523766,0.45437473515034515,0.41622083565442214,0.42732875806344334,0.33428376031359996,0.45692649328049856,,0.39797923243475525,0.4021605972447734,0.3969109488007349,0.42989823687669454,0.16261739678166598,0.4476611602306776,0.4089180378663121,0.23200674064555843,0.36129895288221975,0.41380145514980543,0.47002618507607996,0.38601568682015075,0.31853569043453345,0.06695538259708979,0.46968747782702225,0.43275874130323294,,0.9615137417344645,0.8827289966407199,0.8253830926959719,0.8560117711930078,0.7848330398886145,0.4252846880405431,0.7065497405691954,0.8002140180901117,0.46562796019885827,0.5189207903074721,0.7923175844304126,0.8347309353083513,0.5581802363419742,0.5638911135103725,0.4329308615060973,0.5913936680299976,0.7245453204888171,0.4687020645786566,0.5013223000272204,0.41772796787034105,0.26669716219440787,0.21086335185775854,0.03105700378330318,0.2614109364090315,-0.02675411511331962,-0.001224528797597521,0.05703517436806545,0.03377821808614977,-0.0037615538826720994,1.0,0.9294496575475497,0.944426420942238,0.6857509833356576,0.6190001846697899,0.6277378596785678,0.5996785657283383,-0.0020858166559244496,0.21881504596684467,,,0.17151747145443133,0.3454826341597114,0.1885804297800749,,,0.2080921988572085,0.19103179129617656,0.07647339615474898,0.07630107829366109,0.03218294753736402,0.014026093765137205,0.08323249869445978,0.0866738622537167,0.048547142521831906,0.3055071676973929,0.2063563716342451,0.09632674823874575,0.17996602482204638,0.081068495622496,0.14328886240173763,0.050095640790990895,0.15798864048465214,0.12643424028117356,0.12671748150355847,0.03142292969536017,,0.23071914495538948,0.15861313855073855,0.00519461352700523,0.05187285838850476,-0.002305430502575796,0.02611002658093341,0.2823887099726917,0.3961361133948398,0.043846604770309945,,0.08478018744530051,0.1596500218213607,0.0487120358077853,0.15347275665221785,,0.33870058580314477,0.3558797657832952,0.10378460464737671,0.033503389426019145,0.04747959627787268,0.1384858310637312,0.030624952821796086,0.12539792760993806,0.10525377368980915,-0.007530809543098997,0.17908653353245554,0.01905502063160627,0.04087927780023999,,,,,,,,,0.014026093765137209,-0.0020858166559244423,,,-0.010141771866455245,-0.008799112664700074,0.0005995017475858334,0.12868400009872213,0.11837340238841543,0.018054071370402634,0.11624549948661307,,0.1899941316627271,0.03155561741897721,0.13421829788247017,0.0036965863765735765,0.14518921008017976,,0.04601283503903045,0.11688839965273123,0.032094560543549755,0.028978809146243158,0.006406508208970311,0.055648529019546415,0.030720710369067664,0.23306760427979395,,
fielding_post_GS,0.46654389662185114,0.2584943574281092,0.41160856241567495,0.3736557435285441,0.377408162518484,0.2944691327338582,0.5301691252052921,,0.5216571485088054,0.5168267937413848,0.5159773641249525,0.5442800326232407,0.2529501819965114,0.5307448219431824,0.5215525456639054,0.3006668036097736,0.42986938608978237,0.5194829659281278,0.5710494133035958,0.44736334363018027,0.40300399777488854,0.1370051737369136,0.5405745866669417,0.5156462825730229,,0.9010037378318035,0.9530403560026286,0.8912172954850945,0.9266135066187219,0.8481992778753156,0.4726522409605643,0.7616377846842075,0.8648361932160421,0.5099138171950848,0.5648030861707936,0.8539726180235794,0.8897270272148131,0.5996038077457632,0.6078392377428808,0.45652769670683807,0.630408038753683,0.7748811118938265,0.5352944200074133,0.5804744166919305,0.5003493030079793,0.3497186451180181,0.2799682936266617,0.10933135526706415,0.3317624370576766,-0.002169027990567072,0.012923102087984023,0.0794872981690881,0.05650681841319428,0.009476428618478487,0.9294496575475497,1.0,0.9955739980189242,0.731780992910835,0.6560474064324034,0.6728424021342788,0.6443182819754736,0.000577747285453544,0.2253722261112111,,,0.1997127391082106,0.33270788724303174,0.17368426557352398,,,0.2118836498584691,0.1831402598105131,0.10596443712697982,0.08175243966191292,0.032257400524422726,0.013484484491795113,0.08631714111412468,0.03897046443990884,0.04363008084127978,0.337126793191811,0.22512549997324355,0.10913436854948096,0.19097737951205324,0.06413209891595932,0.12651650412519283,0.04925856865447428,0.17068537452702706,0.13701369961140505,0.13598556274836243,0.03343733527097388,,0.261462815113877,0.15566995771529166,0.015260866623879753,0.036838210869293155,0.002780611482164264,0.030693467433583647,0.32150251419829035,0.4283324900445346,-0.03717426135901149,,-0.04677625766778993,0.17793651508533653,0.045917380442055254,0.17322350394981623,,0.3791560305291648,0.4068934110311744,0.10660592467893804,-0.05549320525895563,0.060804384595830846,0.1596294956898396,0.032206848049603325,0.15001155657556872,-0.02584823552207167,-0.030736297091849205,0.20226583851623714,0.02973810247276758,0.04646836846355661,,,,,,,,,0.017786730227242285,0.0005777472854535608,,,-0.008026744185440794,-0.0065926622736250644,0.002011829197269276,-0.010135580303019193,0.12582124491469424,0.017786730227242233,0.12857870082171727,,0.20672889488263568,0.03950626415148673,0.1467193320050127,0.0008171802053508178,0.15057990683116326,,0.04572460843802149,0.11708645203389124,0.03415469798635772,-0.02116771039177275,0.005517541737253727,0.059375105669898086,0.04190412597526108,0.22691625285488284,,
post_InnOuts,0.46968710195252633,0.26193368367167513,0.4130108467091825,0.37633989488392156,0.37624945910542845,0.29271902765426194,0.5387627218590655,,0.524085888563098,0.5199161061503247,0.5189782101445966,0.5471778082377821,0.25544981723878835,0.5324313097023005,0.523856976017024,0.3028325747381038,0.433571503776823,0.5220575675727926,0.5702129656187451,0.4490116500641689,0.4045689863385191,0.13062931318161625,0.5437653386891426,0.5181252128706587,,0.9145488285868429,0.9585444391721953,0.8984855914157474,0.9336380120871374,0.8550099198494863,0.47397562746353744,0.7645494668112027,0.8699733884304657,0.5142136083569337,0.5692006300213164,0.860182831647071,0.8912075338039063,0.6051845446337296,0.6105635857542081,0.4483899204130418,0.6390936084521894,0.7803070594484502,0.544844896134871,0.5784214300171285,0.5014765353482686,0.3525611792869173,0.2818262986374756,0.10940002841621602,0.33507523784700466,-0.001924258743764426,0.012190257873016287,0.08094885090167814,0.05734869888680885,0.008938513467125354,0.944426420942238,0.9955739980189242,1.0,0.7407940112600193,0.6597678230354544,0.673902277809602,0.6507773189340798,0.00021961179691313328,0.2304874927115646,,,0.1959674240964085,0.32896631103539314,0.16843806621065682,,,0.21629158339089324,0.1772594591825677,0.10699716175808291,0.0819771036914517,0.03205320351647941,0.013592792234609666,0.07966098141228647,0.04388959893087731,0.01931417362210001,0.3381877416744383,0.23030584432069456,0.10108355986335538,0.18952676174137867,0.0604403726070445,0.1307827996215639,0.025693355954463246,0.17521276498155122,0.13912689752066262,0.14041572939033173,0.03396862431831531,,0.2620811332923549,0.14793590665550727,0.012245919641515095,0.003205974804446119,-0.004665082281528409,0.030052091234851395,0.3227820080154235,0.41827567501801177,-0.023985771325474636,,-0.024186436067976783,0.17374004844439767,0.04587859528741328,0.17203327169883945,,0.3807125364010706,0.400375657904759,0.09907888932515581,-0.03908385408357385,0.06130933278785157,0.15765583187368482,0.007238638192439377,0.14984102010053496,-0.005009643694577378,-0.03694127027032579,0.2033176274587834,0.027199984094306295,0.04629482051140598,,,,,,,,,0.01824904129388868,-0.0018378005781171148,,,-0.008064180134129666,-0.008497319581504468,0.0024935938956307502,0.012393228208754062,0.12634535954925774,0.018628038310341603,0.13158305398019038,,0.21166009111336287,0.037818369387269145,0.14858812349771314,-0.001106113131019193,0.15520461300078053,,0.03671448525336854,0.11352092574055257,0.03556654274659374,-0.014117955261949531,-0.0010321872804263535,0.059126576639884076,0.041488752624245305,0.2215183819155903,,
post_PO,0.317018308308517,0.1885357076487956,0.28719073612761664,0.2677520317794161,0.2649191373361256,0.207003328717506,0.42599495473634486,,0.4126629412605458,0.39220979556658137,0.40823510726429824,0.43664816047796734,0.16376129245703133,0.4699760759387387,0.4517069738671331,0.13833742225662243,0.2472004020556568,0.42423112384327766,0.4640863523031816,0.41776889330217154,0.33063820137325206,0.04517104715782816,0.434158276191057,0.4424901852834791,,0.6700248573911323,0.7120459443519656,0.6477685970228952,0.6898560483433912,0.6252496302676469,0.3003619345813254,0.5984998994166185,0.6690225926527209,0.2605210888987583,0.3426889617549109,0.6532101809170423,0.6788305669465188,0.525333779423232,0.49100253623499834,0.22398699061110056,0.47127332870011457,0.6025414447144127,0.42020602499347637,0.4348977409055499,0.38298551355050603,0.5959561623718858,0.0993520677553802,0.06048466537525068,0.3716551383645725,0.10559552779181325,0.06953472511425886,0.25318594243925147,0.20136021559782522,0.05697260588682061,0.6857509833356576,0.731780992910835,0.7407940112600193,1.0,0.32233807926446106,0.4243699817255476,0.6089271149080404,0.0003833838790501476,0.4266638242124505,,,0.1441295093827696,0.23646319670625845,0.06030116605896588,,,0.20083998854504453,0.06597979611962958,0.08188574141047186,0.08002344929464301,0.026979848956800903,0.007792586846926664,0.01918427392934535,0.046154354483610854,-0.03476906560961747,0.23768805773861976,0.11294813508536516,0.07849694217364259,0.1374272020875779,0.04975550416857343,0.08178053672718513,-0.01989036460966497,0.08218039777206487,0.03472234157782286,0.09696130910166956,0.008179639548564889,,0.2069748761117536,0.16672529668639052,0.017554277949292974,-0.05805721779135523,-0.02677484119240452,0.0007201658321354776,0.2550365911616048,0.3005786946717759,-0.024688641805459807,,-0.03143565315784921,0.12387408635240404,0.03855882701026357,0.13208293827636125,,0.2780002373630071,0.2984331058453051,0.08896443584126934,-0.037380036623576786,0.0903165652747524,0.0826633802023046,-0.042994238342283136,0.08784722922780759,-0.018691327973885216,-0.04594486756931019,0.15745063193501546,0.009890295096419593,0.08996738339973892,,,,,,,,,0.004087985362988439,0.008129368800011968,,,-0.006689037135741064,-0.006689037135741063,-0.002310871745632185,-0.006525529385440723,0.05564922961476393,0.003414421456817819,0.04515539090017646,,0.07817214082177933,0.052105027321428875,0.03492539951288618,-0.00803208291978217,0.057349097094690694,,0.014279190400901358,0.04675397825675968,0.0049787753071487565,-0.014513981947109995,-0.013369929618215915,0.12836052605146253,0.03826417982921939,0.10393579336968754,,
post_A,0.2995314643055556,0.1438381430878357,0.2879932130499584,0.2536874756907581,0.2316884562645479,0.17252297943181882,0.3435373591393687,,0.34016751057643274,0.3141323405379082,0.3269009079200639,0.3282690875768066,0.1610676107954275,0.2121589307919873,0.26979667004222296,0.21666093260717617,0.2893972094263318,0.2977472208057613,0.30193806915514765,0.1755365962390916,0.2607578239507564,0.2315268504234535,0.32180411255433516,0.31738086400705057,,0.5814547648842318,0.6185551612236856,0.5429331240918968,0.5977434817094378,0.5319991127396014,0.35711763325941287,0.3356496846802107,0.470581757237912,0.396801106151887,0.3780548834139992,0.49112929189335336,0.513852224388014,0.2680635221604762,0.38313548995156443,0.5029860602628864,0.42001140534849746,0.4744495129227423,0.3756812040772188,0.3772188452851496,0.32866416741807253,0.11414586964934834,0.5933180788455589,0.22307813051408237,0.48135629819954673,-0.042724107585446064,-0.020751367836880318,-0.023301163963516742,-0.024044208921669228,-0.017999703509614676,0.6190001846697899,0.6560474064324034,0.6597678230354544,0.32233807926446106,1.0,0.7039082782815885,0.7908813574267637,0.008883879289720597,0.049708555933452914,,,0.15640249729000297,0.20579488435610618,0.10791113585090664,,,0.15012721658454212,0.16742926320722906,0.09336866402436335,0.059843452530161906,-0.004694527522823195,-0.0045814065644308,0.022373108890493258,0.006980790269173868,0.01949414896514783,0.24380587864884098,0.16962168573506403,0.04988763865707308,0.17027530653172962,0.001874760032084218,0.037614141052190825,0.02254262080252144,0.08090992826227504,0.17043735634181814,0.06353919679962151,0.04177153483892242,,0.15055685669637678,0.06564066950128267,-0.013764877027171218,0.013950480443527365,0.008155063228939162,0.03581445099802331,0.14120146558898258,0.1734153873034761,-0.015138317972067088,,-0.01630365030402384,0.11562557538103674,0.013106451536429583,0.1267812827211082,,0.23201820561470923,0.24763995763998656,0.023446299281656393,-0.0253101313215156,0.021627581876834556,0.09640273355351521,0.01311453359666987,0.06276927272113374,-0.00297408004780005,-0.0259706974544171,0.12944522218031734,0.021865099856316416,0.0072007185579516545,,,,,,,,,-0.006264567296199737,-0.005422986930315273,,,-0.0020566654667774306,-0.00626456729619974,-0.005422986930315277,0.010289720215179718,0.04353414351476607,-0.006264567296199736,0.18246043212662827,,0.337998429395437,-0.005127938988286458,0.2108842017627184,-0.003504175212171014,0.1710470702590526,,0.02705669982595367,0.04804037607587187,0.043034471854256844,-0.008744101511565856,-0.0033223962718492905,0.01393336148502737,-0.005108972279639729,0.16772074887303373,,
post_E,0.2707852833246426,0.11173503471515797,0.34307253346331,0.26598979507835435,0.27986173731408787,0.2119452122415717,0.4141285365391991,,0.4078635462865286,0.39305562207141737,0.40037408368603605,0.40600476429357985,0.25192606781478133,0.3235119808860843,0.3761617811437178,0.27067206420881906,0.3159332273503243,0.37667517388419036,0.37468123909566203,0.27517610977041573,0.32247013408691955,0.24967314028398943,0.3348728616453228,0.3297179112183902,,0.5999366777895319,0.6407760103121303,0.583291819067563,0.6235915252462045,0.5544721053748399,0.38017676032471037,0.4262480266145859,0.5402703705981298,0.39376243510025766,0.4579325873309459,0.5408703504919703,0.5510059110606486,0.3706096980690067,0.3930765085090911,0.4110297455038177,0.42544813051266916,0.49340033230108205,0.433085211240533,0.3796893843073892,0.332502680563799,0.22848897689179826,0.4388910377556748,0.24810039756023763,0.38243283181835114,-0.02118456429282275,-0.02312577739689457,0.017167198416840772,0.008633287656352235,-0.02111710381276271,0.6277378596785678,0.6728424021342788,0.673902277809602,0.4243699817255476,0.7039082782815885,1.0,0.5752218742507383,-0.007480544504559716,0.1090221897330709,,,0.18100904217240849,0.2464842324894042,0.12240296728926155,,,0.12522681058757404,0.11524451163238017,0.14600317627376064,0.08319601372295976,-0.0013994142322241224,0.03146639830496861,0.02404644464562776,0.019285129049779203,0.009192824733329255,0.1960672859110257,0.12954404858535418,0.05078916271374957,0.15287368213010546,0.03971419998128998,0.07060093980262806,0.024749472404235,0.08753026452363405,0.11492245919784395,0.0713994331865793,0.030490686956182442,,0.18874115334699176,0.05507597800112453,-0.004197174185974422,-0.0036553905095121574,0.003054961210674672,0.0055017697652830315,0.20584696793584994,0.25354057192449314,-0.016346809443169047,,-0.03184262632794571,0.08597796104815632,0.0007595322587265834,0.12632310491386778,,0.23739084254030038,0.2664611126460856,0.06745968782084914,-0.03974450569224603,0.02809391453021254,0.08832570096320609,-0.0029859554413692877,0.09709271593244906,-0.011149869518882938,-0.04828795204540398,0.1325851162959301,0.011221298690511763,0.018484084035125834,,,,,,,,,0.005501769765283034,-0.007480544504559715,,,-0.007480544504559717,-0.007480544504559707,-0.00748054450455972,0.005141511144506974,0.0755600372847066,0.0055017697652830376,0.08847526240753363,,0.18447350457888964,-0.009986914181380204,0.10365415637049387,0.007781840710956118,0.10317752615086133,,0.03202494808723787,0.06368198981089958,0.004514407247618095,-0.016737016198955873,0.008182638861974147,0.04444871257481132,0.0022701352416549256,0.14688213089611346,,
post_DP,0.2805772651841365,0.1363215335752142,0.234472666453895,0.21664701518088425,0.21514593609370933,0.1678424843319629,0.37862655622324104,,0.37381380922005725,0.3550961701891825,0.36640639659256125,0.38006936172439504,0.1556477010541772,0.3219600094492776,0.34696697619628125,0.17344149586421156,0.26462421537210545,0.3610424365926014,0.3768043608060013,0.28693525569825873,0.2925239797733143,0.14502692935716427,0.3752181197499051,0.37895279911635976,,0.5758787785619771,0.6279914210185001,0.5611098776769663,0.6129319858764021,0.5307234042133231,0.32442190821923905,0.40953941751691275,0.5165536842651978,0.33885588424973156,0.33065965524206825,0.5274793094091579,0.5521256671825393,0.3307299390841547,0.4098101213395144,0.3811162002105946,0.3753865730291583,0.4755490451576543,0.39227048540477105,0.3993049743032334,0.35318372523455627,0.37234781531172567,0.4448330657564152,0.16422416840993284,0.6173736775102852,-0.044879415037226277,-0.016446118210891193,-0.0317957243487206,-0.032842436319321586,-0.011908820274001034,0.5996785657283383,0.6443182819754736,0.6507773189340798,0.6089271149080404,0.7908813574267637,0.5752218742507383,1.0,0.008231966975312689,0.023623415332021804,,,0.14117077222434543,0.1928758187747722,0.06354220783899078,,,0.18320565957639828,0.12174056087497051,0.06324988506742148,0.02170368974503569,0.014079664905205666,-0.0055470032595028515,0.01220685575046023,0.032436541375242975,-0.02520155131659279,0.22265474640489383,0.16754363202694625,0.07833313788948618,0.18461268207217818,0.021905801765269222,0.05976303965683201,-0.013077147856937334,0.06819645260636523,0.12343553852501504,0.0874946466737049,0.018194466013529198,,0.14081719773148788,0.1250885541970457,0.005825731326848049,-0.03854996053431302,-0.018736496177888317,0.022010937210128232,0.2119878002182378,0.24303996292243785,-0.019948515364212403,,-0.026195135080087667,0.15113310656446088,0.03299401464295408,0.14000698263651828,,0.23476246051362418,0.22917283934509403,0.05035402543010267,-0.02998500315691562,0.06106373677296915,0.0835890944654577,-0.03142685816140017,0.04975449732127717,-0.01555467722828008,-0.036363513803522485,0.1407843415569641,0.023808453955267567,0.07368207559068628,,,,,,,,,-0.0055470032595028515,0.0013424818579049242,,,-0.005547003259502855,-0.005547003259502853,-0.005547003259502858,-0.004130522480288711,0.026293260263197515,-0.005547003259502853,0.14530500745748084,,0.3250993281301088,0.034830892965991116,0.16795226784685016,-0.007845820096105936,0.15118402437337977,,0.016251867372754396,0.03874037171624407,0.023363898502739643,-0.012410899146896363,-0.01359749393936723,0.00823196697531269,0.017157584491094915,0.11362018901898543,,
post_TP,-0.013340512467784288,-0.007255718273357485,-0.005184773168620442,0.004826282629166343,-0.009509886672803107,-0.009210609867046207,0.01391845264940462,,0.014937650739172463,0.012504487422918945,0.012662912897282016,0.00974000807736176,0.015398242303083409,-0.010111566407967136,0.006433504756356942,0.011986178039614371,0.02838432013682553,0.011143995211353805,-0.001997672281802058,-0.008539461691933743,0.015019035191405029,0.0944433026872185,-0.011460018248593664,-0.01349817114488132,,-0.003385023701486718,0.00012290363048640448,-0.00022337791226903402,-0.0031643805341588,-0.007813337397200812,-0.005339773057046233,-0.005892940346317589,-0.005068897806053958,-0.004632314935599851,-0.005558885916805176,-0.0013866860608072655,-0.006667440904324366,-0.0048589847114614655,-0.004971129252404669,0.013301600455063496,-0.005114978321413597,-0.006750247896987669,0.015467503695457692,-0.01490140898952129,-0.01659068523110047,0.0058048274209571435,0.04088971208132795,0.03731595586195727,0.024099962270032825,-0.004154099037706623,-0.0020758252970261653,-0.004480296557280184,-0.004179895205973546,-0.001915741463997813,-0.0020858166559244496,0.000577747285453544,0.00021961179691313328,0.0003833838790501476,0.008883879289720597,-0.007480544504559716,0.008231966975312689,1.0,-0.0020294670318491523,,,-0.005174023270376075,-0.0021448953766922663,-0.0015632336890117433,,,-0.001997851241771799,-0.002260902085970563,-0.003711490254500045,-0.0009466488637768793,-0.00042284753421346536,-0.0002989536621823639,-0.0013066291386160936,-0.0012060085083114985,-0.0019698878474772633,-0.003864308061625758,-0.000983717796133149,-0.0020187634523300617,-0.0022761843344672,-0.001709717682240587,-0.0009713178659755144,-0.001246765268917224,-0.001098102203348095,-0.0013407747246241644,-0.0007468175971461999,-0.0005981756247257105,,-0.003077038512469934,-0.0016751263748023724,-0.0011003346621728564,-0.0031455880648858267,-0.0013435359599258078,-0.00029895366218236327,-0.0034857897272412325,-0.006788434744327422,-0.0011797829928561526,,-0.0016051938789332094,-0.0019959044328713847,-0.0016275946241663646,-0.002890993656007707,,-0.003650849353023427,-0.005809886836644124,-0.0027637081629751144,-0.0017843492048770803,-0.0013303595617335147,-0.0020477986650417447,-0.0024049185761764826,-0.0022919493703050064,-0.0010571461559554034,-0.0022144654334827125,-0.002433635332831817,-0.0016445811395883311,-0.0002989536621823632,,,,,,,,,-0.00029895366218236327,-0.00029895366218236213,,,-0.00029895366218236284,-0.0002989536621823636,-0.00029895366218236295,-0.0005873842486517425,-0.000756910796037552,-0.0002989536621823619,-0.0005674452670701414,,-0.0004507753683805446,-0.0007916673779306494,-0.0007328318408164488,-0.0004228475342134671,-0.0008979353936248097,,-0.0005179578005426818,-0.0007916673779306474,-0.0005981756247257098,-0.000668880759098953,-0.0007328318408164478,-0.0002989536621823621,-0.0010714606777197328,-0.0022462903295795145,,
post_PB,0.10228183516885919,0.11353144242899757,0.08877725273220766,0.09776379214831227,0.06654172036660698,0.049881955019270736,0.07490174094456471,,0.065612694419652,0.03244418667298344,0.057902763247803093,0.0672111669470616,-0.012853513765853199,0.05948111026758625,0.06632076942043505,-0.03241307973747031,0.002308228673265448,0.0587654326838119,0.07880646693213895,0.09116411453914249,0.07522340025538102,-0.0015943603875918984,0.08166593555927062,0.11206537855346928,,0.2095824450740049,0.2077514081121735,0.17673280373582567,0.19874759530257174,0.18930733359657104,0.05859020909692792,0.15908703553709108,0.17751385918325643,0.008590485371239659,0.05672268590929369,0.18177051495991128,0.2072937212574536,0.16214148859131836,0.16931959333260502,0.08132466585723165,0.1575872695261428,0.23967273586369311,0.07406344024143076,0.09206708005096582,0.0779024105361675,0.1723872550603087,-0.02265125403337385,-0.002533950479607256,-0.03821885675936417,0.20952750585404153,0.10939516527115063,0.36358848217042267,0.3064173202564838,0.101328882531217,0.21881504596684467,0.2253722261112111,0.2304874927115646,0.4266638242124505,0.049708555933452914,0.1090221897330709,0.023623415332021804,-0.0020294670318491523,1.0,,,-0.0068047856965050835,0.059274687874298064,-0.010612116980825018,,,0.007878644977061257,0.015588680629625526,0.01013681704311283,0.04538734329874578,-0.0028705289104686053,-0.0020294670318491553,-0.008870139741112249,-0.00818706982841626,-0.013372716071485036,0.04401556894908146,-0.006678034386070536,-0.007565917672791243,-0.00998780571770683,0.0013906087559685865,-0.006593856626653078,-0.00846374983752023,-0.007454540623544682,-0.009101939347046731,-0.005069821460452526,-0.004060755438734413,,0.029065853481325184,0.03724971309792532,-0.003968210500245391,-0.021354036029736942,-0.009120684178506411,-0.0020294670318491558,-0.01821857847944354,-0.018942292101359712,-0.0080090361538282,,-0.010896966550735254,-0.013549331410307841,-0.011049035515563006,0.010804141458646306,,0.053081231730168814,0.0642540130055656,-0.006692333336222698,-0.01211317452400127,-0.00903123531364035,-0.010009816951146059,-0.016325951416693248,-0.0011398336384194892,-0.007176507742691011,-0.015033047454963885,0.014218076923344439,-0.011164349617364674,-0.0020294670318491566,,,,,,,,,-0.0020294670318491558,-0.002029467031849152,,,-0.0020294670318491545,-0.0020294670318491566,-0.0020294670318491553,-0.003987497456843418,-0.0051383398196067805,-0.0020294670318491523,-0.0038521403400477603,,-0.0030601188900637034,-0.00537428721217886,-0.004974878213463982,-0.0028705289104686096,-0.0060956947802178595,,-0.0035161913469026174,-0.005374287212178864,-0.004060755438734413,-0.004540741996334864,-0.004974878213463979,0.07978495090269584,-0.007273682835932279,0.045217189754937694,,
fielding_post_SB,,,,,,,,,,,,,,,,,,,,,,,,,,,,,,,,,,,,,,,,,,,,,,,,,,,,,,,,,,,,,,,,,,,,,,,,,,,,,,,,,,,,,,,,,,,,,,,,,,,,,,,,,,,,,,,,,,,,,,,,,,,,,,,,,,,,,,,,,,,,,,,,,,,,,,,,,,,
fielding_post_CS,,,,,,,,,,,,,,,,,,,,,,,,,,,,,,,,,,,,,,,,,,,,,,,,,,,,,,,,,,,,,,,,,,,,,,,,,,,,,,,,,,,,,,,,,,,,,,,,,,,,,,,,,,,,,,,,,,,,,,,,,,,,,,,,,,,,,,,,,,,,,,,,,,,,,,,,,,,
inducted,-0.010075768627546097,-0.05250715103563988,0.26832311284577226,0.18256017987529838,0.34053962421060013,0.298327197794036,0.33636761109474683,,0.3293167712922303,0.37851674159791504,0.3595172317828843,0.33842667966448065,0.35807438688354426,0.2816153881912507,0.37609133700467107,0.24292931640758825,0.14962047387855015,0.33257261659985865,0.18750240486349318,0.1961464422343525,0.19803825514065548,0.21952424405037121,0.11976147729974597,0.16306255504722905,,0.1861322182782686,0.2134589116627188,0.22515207780695717,0.2290521088883472,0.1823176534332555,0.1707096215790386,0.19016295797633911,0.20638707089295885,0.1680154002835932,0.15168180518018926,0.198325332533285,0.1546032278557767,0.14835084390454473,0.07252685820176784,0.12977099531254835,0.10676428781001339,0.13559120803996608,0.3410565852493219,0.12263506731258797,0.17055592762938812,0.22281151947373562,0.1845124277116351,0.2209817133399373,0.18789616534832831,0.042943542257008076,-0.0038665270513700157,0.000560240996052658,0.005075666980736089,-0.008165484803622577,0.17151747145443133,0.1997127391082106,0.1959674240964085,0.1441295093827696,0.15640249729000297,0.18100904217240849,0.14117077222434543,-0.005174023270376075,-0.0068047856965050835,,,1.0,0.4209423738989433,0.06375493798865108,,,0.1881507993615009,0.1671809487599819,0.41030711455211755,0.182961848895602,-0.007318267874260197,-0.005174023270376089,0.09323881072642905,0.007345440128396947,0.15638531544473958,0.22224746880910415,0.02800764432483901,0.09731805260321846,0.22128841234999966,0.03041520911473386,0.0547784400203556,0.057185360797603786,0.055807544984805,0.03326321632376032,-0.012925252690176794,0.052629311569302804,,0.35309547756053367,0.03514451928810645,0.10489365691041395,0.047466488475331185,0.195001552317456,0.05777972895754519,0.15586052689951393,0.17993645829385477,0.02926918011336169,,0.08825621168521976,0.16605351423292342,0.009085323254663592,0.09714437011857376,,0.20070963404657577,0.5144377821117014,0.03884644907958338,0.06900066643586245,0.19584057142593067,0.22808556414572315,0.16738004393014264,0.2765449983977355,0.04354112301465443,-0.0037835625835499127,0.10768138880189931,0.0869758541085853,-0.005174023270376085,,,,,,,,,-0.00517402327037609,0.057779728957545254,,,-0.005174023270376085,-0.005174023270376094,-0.0051740232703760885,0.05855160635576311,0.0068238761547826,0.057779728957545254,0.06984102707352532,,0.06813791236664632,0.010114178016748236,0.03875678355944926,-0.007318267874260215,0.005469058159692507,,0.027392885039214835,0.010114178016748248,-0.010352690044033103,-0.011576391429430604,0.013036791931143613,-0.0051740232703760755,0.17888106271567142,0.13947670883702576,,
seasons_played,0.27371130641554475,0.06640320496553305,0.28639850773923814,0.18900779646926344,0.884391803210552,0.8924019080920591,0.549257614557457,,0.4435386848724604,0.4375059048576075,0.44529619325429226,0.4328667388229568,0.3279989662571938,0.35792011253943024,0.44767599011795955,0.2800967499401473,0.2827945124006855,0.41998101031477414,0.35899153484321034,0.3302622143829312,0.27690316959814354,0.2750341640658399,0.3227728893326545,0.31154773545925984,,0.3553475127880201,0.31886581845008255,0.2970102914696368,0.3204179899967135,0.2824205817420494,0.18185191666016373,0.2526327254657954,0.29366487076048137,0.21035928744999371,0.21711907819431012,0.2835983088414211,0.272980444607176,0.21682499512771877,0.16701287784199811,0.21032172471207788,0.21663843626380816,0.22945005749405198,0.541498716991867,0.3524170105199518,0.37281985977210474,0.3106622252253869,0.23935300493799275,0.24484898838445762,0.24071378848278896,0.08896454859140104,-0.007502021115217736,0.08545588695549827,0.08762694172020363,-0.007299857075435807,0.3454826341597114,0.33270788724303174,0.32896631103539314,0.23646319670625845,0.20579488435610618,0.2464842324894042,0.1928758187747722,-0.0021448953766922663,0.059274687874298064,,,0.4209423738989433,1.0,0.1088306606762176,,,0.18158657821521926,0.11321114690177554,0.2151637732492756,0.1200574757025758,-0.015004399241717746,0.003497258656650761,0.1087338705889913,0.030546789300020215,0.14406161760081793,0.26475036338326136,0.09384274841379237,0.1362232218717867,0.21504176154797305,0.04778675406597359,0.0755237022467778,0.09615645765060345,0.10488707348609037,0.011889158200346634,0.0666813654932323,0.057799828633144035,,0.23711896351602957,0.07803541783260763,0.10076801254334374,0.1635231991079691,0.08526655234726616,0.04299233689005302,0.23919129828866081,0.33687600020997016,0.03161433150887719,,0.05223805228476007,0.2022751445264478,-0.019022976008530295,0.09557649135326636,,0.25725988010773554,0.3968324103767439,0.12888129498685277,0.06904342018070488,0.05557867394864564,0.16459202100788112,0.1527705328079699,0.18342843262988068,0.023451025332458065,0.04448048908656007,0.10266410512895757,0.028550309762554685,-0.007787049410035511,,,,,,,,,0.009139412689993983,0.03735018285671002,,,-0.007787049410035576,0.009139412689993976,-0.007787049410035538,0.03520155246357438,0.03563930759326513,0.031708028823366756,0.06910964752320471,,0.0393032626690706,0.013530084278811767,0.0546753727693426,-0.015004399241717878,0.031217026215926966,,0.0028007679556010003,0.028471226852047355,-0.00429171572128641,0.007824787988711914,0.0039626624687421974,-0.007787049410035372,0.11996199167809118,0.1207961720204195,,
ALCS MVP,0.16530147809045745,0.10785253253773401,0.07959161258066795,0.08255550127722942,0.11583017079776867,0.1014981332280806,0.07591538300912008,,0.06081616507620896,0.06485030057370852,0.06173002170044262,0.07155564688664065,0.0028214497775663977,0.08482620756734066,0.06594080019981938,0.057967840528416914,0.07048984587877272,0.062375118227397774,0.07289171666093801,0.07578777927856464,0.03731020474544969,-0.01741930361724118,0.10896869242175614,0.08711648575824799,,0.20347653192886486,0.16212835474620815,0.17398554580107584,0.1705368601133382,0.15319567576349302,0.10753830145310114,0.16987671461232867,0.19514309935544033,0.14240786179470474,0.11122170325390543,0.16176230956761167,0.1408394756050488,0.1371007004345883,0.0798594135128488,0.047971701532769695,0.1866759489029955,0.14735106962506278,0.06411923288369532,0.1029872262038818,0.08457083326000807,0.010199555337268101,0.03584853304264821,-0.00797489468627418,0.029150210213864852,-0.021721853199018537,-0.010854525123143173,-0.023427545473021887,-0.021856741793417744,-0.010017444088479727,0.1885804297800749,0.17368426557352398,0.16843806621065682,0.06030116605896588,0.10791113585090664,0.12240296728926155,0.06354220783899078,-0.0015632336890117433,-0.010612116980825018,,,0.06375493798865108,0.1088306606762176,1.0,,,0.08409000952059638,0.12458252665438779,-0.01940744448460391,0.05216320867482477,-0.0022110768136194264,-0.0015632336890117453,0.0346579268183259,0.03411650930468739,0.026081262491284993,0.09744472191757322,0.046464554067798536,0.016509653355509055,0.012190220535057973,0.04836582728277356,0.024221753898199593,0.01855393844232126,0.03322902843214744,-0.0070109334122470356,-0.0039051216796721936,-0.0031278703250889476,,0.036351919908125335,0.02186612450320771,0.11775410506104403,0.10868115711792525,-0.00702537195772361,-0.0015632336890117463,0.10180972459220404,0.1419448061928834,0.03450444222411136,,0.09278735190011317,0.1264008528569175,0.012836257527177462,0.02321690798595254,,0.10049210279027788,0.09261028190310173,0.05650177269920341,0.0588046821497443,-0.0069564723516654025,0.0236108762062203,0.02197074281137976,0.01980339692928232,0.10077179471588302,0.0626445253459254,0.03245176315364653,-0.008599542226546028,-0.0015632336890117435,,,,,,,,,-0.001563233689011747,0.1788015912569633,,,-0.0015632336890117433,-0.0015632336890117463,-0.0015632336890117442,0.15443116430752776,0.05312456061417465,-0.001563233689011744,0.1111499096095778,,-0.002357111924587483,-0.004139641931925425,-0.0038319899264052286,-0.002211076813619428,-0.004695319159576216,,0.10145641536345447,-0.004139641931925437,-0.0031278703250889463,-0.003497588652777222,0.0698567358997549,-0.0015632336890117433,-0.005602685766201194,0.12155568193061733,,
All-MLB Team - First Team,,,,,,,,,,,,,,,,,,,,,,,,,,,,,,,,,,,,,,,,,,,,,,,,,,,,,,,,,,,,,,,,,,,,,,,,,,,,,,,,,,,,,,,,,,,,,,,,,,,,,,,,,,,,,,,,,,,,,,,,,,,,,,,,,,,,,,,,,,,,,,,,,,,,,,,,,,,
All-MLB Team - Second Team,,,,,,,,,,,,,,,,,,,,,,,,,,,,,,,,,,,,,,,,,,,,,,,,,,,,,,,,,,,,,,,,,,,,,,,,,,,,,,,,,,,,,,,,,,,,,,,,,,,,,,,,,,,,,,,,,,,,,,,,,,,,,,,,,,,,,,,,,,,,,,,,,,,,,,,,,,,
All-Star Game MVP,0.12806625164548568,0.05474525053121092,0.064660726491113,0.05308049420195434,0.1718776391891631,0.16074356729625022,0.20263655819182244,,0.19205910198549528,0.18593641801515107,0.19395882886342034,0.1887219844014162,0.06994012446903915,0.23093537699930186,0.20194834822006397,0.10796475612327974,0.14398663988042065,0.17125393948369744,0.20493597973963756,0.24979070773455897,0.10994699188651913,-0.021080268259494134,0.24765204777985708,0.23225669988700762,,0.1987853427446884,0.2088724524544868,0.18746005035521385,0.21865169834350467,0.18861995807482373,0.10127742232719238,0.17523771017940779,0.19422926190123133,0.12730400922287977,0.12214938888590197,0.14119408097349373,0.18475876727517648,0.10415160925918063,0.08537292484118306,0.05229493968125012,0.17121788420071712,0.173721263707073,0.2037700084216275,0.25428319618013373,0.22999945443624276,0.13877517078402887,0.07617510769223546,0.03254779657198379,0.11001206737923881,-0.00021178562488973323,-0.013872351042936009,0.05854454966928652,0.03927936774497441,-0.012802540817938139,0.2080921988572085,0.2118836498584691,0.21629158339089324,0.20083998854504453,0.15012721658454212,0.12522681058757404,0.18320565957639828,-0.001997851241771799,0.007878644977061257,,,0.1881507993615009,0.18158657821521926,0.08409000952059638,,,1.0,0.0509762159531261,-0.024803193109083438,0.035179060620350644,-0.0028258107465269815,-0.0019978512417717963,0.02141987902429132,0.08006851960707743,0.07496696577926668,0.20450076256488625,0.04968331049170438,0.025847496157357718,0.12485625634382698,0.051042361776580815,0.05738927076059884,0.04633188994660268,0.03514311715823685,0.04982543910484684,-0.0049908419015299655,-0.003997495484523915,,0.16998925247833446,0.07782976336588296,0.015085559620910923,0.05096811494914246,0.04151281552580076,-0.0019978512417717976,0.14419298483614137,0.20353838135762783,0.021674008475583397,,0.041794363749624766,0.2054352789109289,0.06668945731501062,0.1478283544503012,,0.24191755654457203,0.30314729476789376,0.045984580796298136,0.007881575147718246,-0.008890543380569112,0.16089628678190238,0.050875955143286675,0.21569333934779564,0.07018534872044131,0.021161183416080514,0.18072385980191255,0.08515066959874348,0.1290768596399622,,,,,,,,,-0.0019978512417717976,-0.001997851241771798,,,-0.001997851241771798,-0.0019978512417717993,-0.0019978512417717985,0.11053490250254362,0.03642466767581877,0.1290768596399622,0.037673451040540804,,0.11557165170064769,-0.005290564572860687,0.04865368710976507,-0.002825810746526983,0.08148708864872593,,-0.003461414814073607,0.0442955112276768,-0.00399749548452392,-0.004470004633520573,-0.004897377715653991,-0.001997851241771798,0.051561689062911246,0.04957040126526579,,
Babe Ruth Award,0.12529862558261506,0.04965587810391545,0.1623129418223949,0.20679035543690855,0.12181162137111902,0.09496741247760047,0.06833575532025489,,0.05258910733166402,0.05205094428276128,0.05026591913333324,0.05014959399940722,-0.0035372047181069996,0.09404486380256227,0.06223641309334316,0.018380536291585026,0.039429284908961526,0.052488339119753945,0.09420971656256094,0.09445734232763776,0.05779168734779302,0.007570436219499279,0.09430162933645252,0.09143350635872674,,0.19688710282914898,0.16724642160936384,0.16484186864170733,0.17361108995600097,0.15936047239450127,0.08312884387186949,0.18012845802092164,0.1719679652665625,0.07568262163053724,0.07441588166316143,0.14458182787896984,0.17745097389614706,0.11026535132051984,0.12889640692927865,0.13579967190173728,0.09034741645950126,0.12666538775053904,0.06009055546987878,0.10257989328365501,0.07979653238252034,0.0055173338215874675,0.03785325779735652,-0.005002566105014784,0.034236717328546315,-0.015610106068235187,0.025485917702223897,-0.006635196498762333,-0.0005970185144631482,0.030455160710613823,0.19103179129617656,0.1831402598105131,0.1772594591825677,0.06597979611962958,0.16742926320722906,0.11524451163238017,0.12174056087497051,-0.002260902085970563,0.015588680629625526,,,0.1671809487599819,0.11321114690177554,0.12458252665438779,,,0.0509762159531261,1.0,-0.01596886021220222,0.11261481228039164,-0.003197876437344201,-0.0022609020859705705,0.07712901155567284,0.01913658322201298,0.1800848799269975,0.09833655047947513,0.1368667037652508,0.13609417867268656,0.1175192159366087,0.007099589162718519,0.03361928990523943,0.07820776500042492,0.10066522399323351,0.018133521959615963,0.06434502681877113,0.05854594199999506,,0.09403846434860554,0.07296548467941355,0.11039238360767514,0.13292974529776297,0.10316581556793486,-0.002260902085970564,0.07768777678531649,0.1376049379572331,0.047942843737405066,,0.08890314490627726,0.13795422847128874,0.002613440742754495,0.018331928763325605,,0.09643149759167048,0.16913151146400934,0.07829776081618439,0.04366077963789174,-0.010061133508976436,0.16444100619356525,0.1911057812059432,0.0826622226558342,0.09108261242938458,-0.016747376437277684,0.028966475514388513,0.03380236798069979,-0.0022609020859705653,,,,,,,,,-0.002260902085970564,0.12382207090832108,,,-0.002260902085970564,-0.002260902085970567,-0.002260902085970565,0.13318437034572678,-0.005724302506155749,-0.0022609020859705622,0.195140778527098,,0.11065895612930811,-0.005987156715499317,0.14899281458800276,0.0859695782239366,0.035287173586000926,,0.21453026210861986,0.041710525117978695,-0.004523833251770388,-0.0050585562072489485,0.09748114300178082,-0.0022609020859705622,0.020139714983226042,0.6663589403517507,,
Baseball Magazine All-Star,-0.16562159383755834,-0.09007927002592556,0.2527420849907785,0.2284028146168183,0.18587402129112626,0.14496640377797124,0.18302168312962713,,0.19020586240964765,0.2315902770652671,0.22928764181298647,0.2244425803999835,0.33970002679649053,0.10884236190258918,0.2407528067743768,0.1314208381457196,0.09831248762513226,0.20948135707558424,0.011363226866624884,-0.09002519333716585,0.08029834487636202,0.34877028415048694,-0.12856908663951527,-0.03708110566733671,,0.05974836044929457,0.09207398535130568,0.09365665034852946,0.10213979545762267,0.07292059433159019,0.14401580361514468,0.05086659884267987,0.08548572363042539,0.05959641417252145,0.12889939723284627,0.08390844481056198,0.024747506640565284,0.04621321063996715,0.03879913717641831,0.12998074504245793,0.03306551255245455,0.06942050760945041,0.2008178475918722,-0.13499081162947746,-0.14809019163191234,0.1337675614111548,0.13025572417596165,0.134099005156049,0.10557295826047441,-0.00132572338730123,-0.019157038572324807,-0.038612909509340675,-0.02559759850906688,-0.019541742219865987,0.07647339615474898,0.10596443712697982,0.10699716175808291,0.08188574141047186,0.09336866402436335,0.14600317627376064,0.06324988506742148,-0.003711490254500045,0.01013681704311283,,,0.41030711455211755,0.2151637732492756,-0.01940744448460391,,,-0.024803193109083438,-0.01596886021220222,1.0,0.002064754746693956,-0.005249624610436517,-0.003711490254500043,-0.01622171569606391,-0.014972517121104369,-0.020935303945641828,-0.04762660375983851,-0.01221279240024597,-0.02506281684180668,-0.002612615352270098,-0.021226033724622843,-0.012058848074558159,-0.015478509650812336,-0.013632867369543571,-0.01664563092352091,-0.009271691851717313,-0.0074263114405157165,,0.32718959825513133,-0.020796584894626453,-0.013660583200522904,-0.039052271051872006,0.26234699283156876,-0.0037114902545000413,-0.04327585254332938,-0.08427797543256582,-0.014646929053973141,,-0.019928377510925258,-0.0247790236033196,-0.020206481304735475,-0.02939963618526669,,-0.045325057052248506,0.2853173807630376,-0.03431125692953472,-0.022152579219740058,0.3572801951512798,0.12319534962819324,0.009702853852609978,0.049988096988541356,-0.01312440070734867,-0.027492444197872765,-0.03021342423061688,-0.010815609162697415,-0.003711490254500045,,,,,,,,,-0.0037114902545000413,-0.0037114902545000456,,,-0.0037114902545000448,-0.0037114902545000417,-0.003711490254500046,-0.00729233720906193,-0.009396998258899352,-0.0037114902545000448,-0.007044796050728093,,-0.005596346853555165,-0.009828498960493893,-0.00909805959733797,-0.0052496246104365195,-0.011147809457427587,,-0.006430412375359272,-0.009828498960493934,-0.007426311440515731,-0.008304111080947368,-0.009098059597337947,-0.0037114902545000443,0.2623370026764395,-0.027887548211155286,,
Bob Feller Act of Valor Award - HOF Player,0.06477911000778873,-0.02297552540155577,0.04933198292544741,0.050513869764251,0.108157030810869,0.10140815327130652,0.08437361894199413,,0.07177627991016404,0.06308365762760261,0.0732036024765133,0.06844377149328322,0.03509914371448469,0.0771542752230873,0.07885565381237407,0.009981705421526637,0.04279173487209532,0.05989365436809122,0.05511726816165747,0.1143308291178054,0.03755984995872795,0.005607194055327886,0.09334635025107223,0.09821669772028314,,0.06988158633939934,0.07226203453787318,0.08137165026885873,0.07836867168710933,0.07041302564071081,0.065835378406078,0.09309050361201776,0.07129698594775302,0.01720204752431081,0.05938809173568557,0.057754368786423975,0.038996941408453355,0.10772327034027533,0.007495628037012833,-0.014733523805550397,0.054711834040025546,0.05664745882488443,0.08765658860168057,0.0962284229078793,0.08617051736247013,0.07163509303220371,0.04051125457437975,0.024402489145081058,0.03874256695035735,0.03743181159895965,0.12622105500865544,0.06242275218255104,0.0684990675012772,0.10684155927995247,0.07630107829366109,0.08175243966191292,0.0819771036914517,0.08002344929464301,0.059843452530161906,0.08319601372295976,0.02170368974503569,-0.0009466488637768793,0.04538734329874578,,,0.182961848895602,0.1200574757025758,0.05216320867482477,,,0.035179060620350644,0.11261481228039164,0.002064754746693956,1.0,-0.0013389638209879368,-0.000946648863776878,0.0687259532957454,-0.003818874723808907,0.164141397578921,0.11004521724091673,-0.003114982192184971,0.1837345443070487,0.1620325751081704,-0.005413890197755797,-0.003075717311771904,0.08411728509935308,-0.0034771850444041603,-0.004245617398966599,-0.002364828129637602,-0.0018941473114993854,,0.1560291867838404,-0.005304355423557348,-0.0034842542155742277,0.11822503796855786,0.036417329836769013,-0.0009466488637768789,0.08171569779220712,0.13431172198393126,0.13912233036404761,,0.045685510641216995,0.08980304766434509,-0.005153844212540791,0.12548636123552614,,0.029085645509280837,0.22107001254005507,-0.008751393688214303,0.042212104598032416,-0.004212637364386981,0.114054047263664,0.053053061243423225,0.13230430938837243,0.058878736320242785,-0.007012194368774184,0.11130130756084249,-0.0052076327007176855,-0.0009466488637768781,,,,,,,,,-0.0009466488637768789,-0.0009466488637768793,,,-0.0009466488637768782,-0.0009466488637768786,-0.0009466488637768786,-0.0018599759826572007,-0.002396788652190246,-0.000946648863776879,-0.0017968383909605355,,-0.001427398437540276,-0.002506846774635297,0.12708833193558614,-0.001338963820987937,-0.0028433487448013012,,-0.0016401343264662918,-0.0025068467746353074,-0.0018941473114993893,-0.00211803797946782,-0.0023205416665049053,-0.000946648863776879,-0.0033928235758699833,0.10993618609701103,,
Bob Feller Act of Valor Award - MLB Player,0.020967994872234257,0.019061747052993648,-0.014675722944469456,-0.00441432532958828,-0.0018179708392610057,-0.003248912263834727,0.005298460451674611,,-0.002558603745935405,-0.00023695233426854705,-0.004040033488022695,0.0029376433978660146,-0.01489869062359535,0.01393042909408306,0.0017641101739259443,-0.012569888580699028,-0.010166100229441208,0.009471935010277207,0.018203092245103393,0.002510110629355637,0.005529145510888154,-0.01733118141054288,0.010901721940856597,0.006444097531750456,,0.02777717024476306,0.0273112301613435,0.017481575011972582,0.012857503862234795,0.03342887286839244,-0.007552708516593359,0.017263151129726515,0.004194422595755424,-0.006552062061791232,-0.007862627223683865,0.03946996264536035,0.04938299798058152,-0.0068726694599549505,0.010267750699969233,0.004705637322827308,0.015389063863315958,0.029175515871927328,0.007827704433995906,0.006494681909506503,0.004623494539026803,0.0022769222469083525,-0.012606909486684172,-0.010860478861740986,-0.0027773576446102157,-0.00587566153948393,-0.0029360991997817243,-0.006337043466740906,-0.005912148284835024,-0.0027096726239393873,0.03218294753736402,0.032257400524422726,0.03205320351647941,0.026979848956800903,-0.004694527522823195,-0.0013994142322241224,0.014079664905205666,-0.00042284753421346536,-0.0028705289104686053,,,-0.007318267874260197,-0.015004399241717746,-0.0022110768136194264,,,-0.0028258107465269815,-0.003197876437344201,-0.005249624610436517,-0.0013389638209879368,1.0,-0.00042284753421346845,-0.0018481289219272092,-0.0017058085867130222,-0.0027862586224975715,-0.005465773937577388,-0.0013913950457080176,-0.0028553894999865078,-0.0032194920317037664,-0.0024182674360269047,-0.0013738562744706987,-0.0017634559679120078,-0.0015531832111053856,-0.001896425292483055,-0.001056317481295358,-0.0008460745591655414,,-0.004352240203982178,-0.002369340625936361,-0.0015563408566829384,-0.004449198404791289,-0.0019003308527299498,-0.00042284753421346753,-0.0049303881417297,-0.00960173182644231,-0.0016687145619641106,,-0.0022704263553306684,-0.0028230571313442292,-0.002302110529450622,-0.004089093707518913,,-0.005163852603247563,-0.008217649200215026,-0.003909057923788839,-0.0025238281275771135,-0.0018816938256912008,-0.0028964576307826755,-0.003401576961783682,-0.003241790492549304,-0.0014952539536923577,-0.003132195275058798,-0.003442194660371731,-0.0023261366815593583,-0.0004228475342134674,,,,,,,,,-0.00042284753421346753,-0.0004228475342134659,,,-0.0004228475342134669,-0.00042284753421346796,-0.00042284753421346704,-0.0008308109670411403,-0.0010705935541568806,-0.0004228475342134656,-0.0008026087729788218,,-0.0006375879512979778,-0.001119754132568593,-0.001036535677871461,-0.0005980861244019162,-0.0012700622708733953,,-0.0007326124630395142,-0.0011197541325685902,-0.0008460745591655406,-0.0009460816689888684,-0.0010365356778714594,-0.00042284753421346574,-0.0015155007711666964,-0.0031772092037823866,,
Bob Feller Act of Valor Award - Patriot Award,0.018847953165679717,-0.0072557182733574924,0.005197184355140179,0.00482628262916632,0.006530959540371125,-0.001981293812888697,0.014060525769551862,,0.013728795546061873,0.015311317659197554,0.014080912778777672,0.010363023608306978,0.012005318408497315,-0.0019891546779212945,0.0012691108184345096,0.029810400660907437,0.03801276752179181,0.010107195062132021,0.013812847034988899,0.006194984894911526,-0.00018401782642622766,0.00038859752063396716,0.010239092020275517,0.006898889512626064,,0.01580123712037866,0.013879022300453077,0.014876066420097615,0.0036437581407996206,0.006163367724977167,0.027323628494830773,-0.005892940346317583,0.0002873415936165085,0.02281702232741738,-0.0055588859168051764,0.016188509240181625,0.009603492271755292,0.012812931423919042,0.019489750863104182,0.013301600455063482,0.02687514777849284,0.006938436626237053,0.009513594176185922,0.018020365749791375,0.01519257487339986,0.003385134331964139,-0.011019879189966034,-0.00681181286234511,-0.009944296444227715,-0.004154099037706621,-0.0020758252970261644,-0.004480296557280187,-0.004179895205973551,-0.0019157414639978066,0.014026093765137205,0.013484484491795113,0.013592792234609666,0.007792586846926664,-0.0045814065644308,0.03146639830496861,-0.0055470032595028515,-0.0002989536621823639,-0.0020294670318491553,,,-0.005174023270376089,0.003497258656650761,-0.0015632336890117453,,,-0.0019978512417717963,-0.0022609020859705705,-0.003711490254500043,-0.000946648863776878,-0.00042284753421346845,1.0,-0.001306629138616096,-0.001206008508311501,-0.001969887847477261,-0.0038643080616257673,-0.000983717796133147,-0.0020187634523300634,-0.0022761843344671954,-0.0017097176822405869,-0.0009713178659755161,-0.001246765268917225,-0.0010981022033480924,-0.001340774724624164,-0.0007468175971461975,-0.0005981756247257097,,-0.0030770385124699296,-0.0016751263748023752,-0.0011003346621728581,-0.0031455880648858267,-0.0013435359599258056,-0.000298953662182359,-0.0034857897272412204,0.00465443812948599,-0.0011797829928561544,,-0.00160519387893321,-0.0019959044328713856,-0.001627594624166363,0.10340861923412159,,-0.0036508493530234276,0.009018397950092134,-0.002763708162975114,-0.0017843492048770803,-0.0013303595617335114,-0.0020477986650417447,-0.002404918576176484,-0.0022919493703050064,-0.001057146155955405,-0.0022144654334827086,0.12284242349263387,-0.0016445811395883298,-0.0002989536621823624,,,,,,,,,-0.000298953662182359,-0.00029895366218236387,,,-0.0002989536621823632,-0.00029895366218236143,-0.0002989536621823633,-0.0005873842486517456,-0.0007569107960375507,-0.0002989536621823639,-0.0005674452670701444,,-0.00045077536838054454,-0.0007916673779306496,-0.0007328318408164474,-0.0004228475342134658,-0.0008979353936248068,,-0.0005179578005426824,-0.0007916673779306429,-0.0005981756247257133,-0.00066888075909895,-0.0007328318408164473,-0.0002989536621823638,-0.0010714606777197347,-0.0022462903295795184,,
Branch Rickey Award,0.09533612472095421,0.02074866976684751,0.01793876342431033,0.01743782695933599,0.09029456928324434,0.09499101806765353,0.07425873413505363,,0.06755002811714418,0.06995923502035999,0.07068676988894804,0.07667953840604093,0.034185504086399074,0.050579426007942956,0.054455976416822566,0.07997414213227745,0.10486295599718669,0.05643922360369209,0.06049544585355736,0.07260781707077862,0.05878333920329005,0.025350604937487763,0.08751281709638924,0.0772634985501878,,0.07936027948464063,0.0752335629551241,0.07254416146718325,0.07449832830386421,0.06069702640149579,0.0593127506231795,0.04085482026416327,0.06286213654655516,0.05552552310059716,0.037227245572881235,0.05525684858479374,0.05777706119649205,0.06413148831339494,0.10206396874055715,0.09026048825433598,0.03651501164044384,0.04921894801121014,0.07106238889879068,0.10381242437099102,0.0878814530623764,0.009485585428746406,0.009278364532401221,-0.01572648666104944,0.00020193430160287315,-0.015109706984137111,-0.009072756627133307,-0.009690963918903622,-0.013327225216574062,-0.008373082305269333,0.08323249869445978,0.08631714111412468,0.07966098141228647,0.01918427392934535,0.022373108890493258,0.02404644464562776,0.01220685575046023,-0.0013066291386160936,-0.008870139741112249,,,0.09323881072642905,0.1087338705889913,0.0346579268183259,,,0.02141987902429132,0.07712901155567284,-0.01622171569606391,0.0687259532957454,-0.0018481289219272092,-0.001306629138616096,1.0,-0.005271070596276856,0.02233353225401698,0.142396017183438,-0.004299510255936296,0.16382550448565308,0.2974158023249055,0.02908203640707518,0.14527912059992146,0.12250195530985925,-0.004799447264164697,-0.005860089857153981,-0.003264096604600968,0.11248933083707244,,-0.01344873366556919,0.10989154272317476,0.054278672894096144,0.06606996475388108,-0.005872158317788865,-0.001306629138616095,0.08889976509063253,0.10457557674962129,0.0986238414284191,,0.04830582156941017,0.3055085245802023,-0.007113686269189818,-0.01263559216140221,,0.15136704862164066,0.10763711928095805,0.010550761020473153,0.02697109938822114,-0.005814568570620773,-0.00895026134227617,0.04825278498713161,-0.010017364596278288,0.0857889031597879,-0.009678707531876964,0.018181312808113925,-0.007187928798456293,-0.0013066291386160953,,,,,,,,,-0.001306629138616095,-0.0013066291386160942,,,-0.0013066291386160949,0.22879763916714382,-0.001306629138616095,0.04766706111666061,0.0695159536053986,-0.0013066291386160938,-0.002480118541151564,,0.06742205759868342,-0.0034601203964010636,-0.0032029694164854945,-0.0018481289219272126,0.07286872500407048,,-0.0022638249346807917,-0.003460120396401055,-0.0026144309307698844,-0.0029234600563789494,0.09080699257965875,-0.001306629138616094,-0.004683005828294381,0.04686963622527521,,
Comeback Player of the Year,0.06160656110646309,0.18911396111128623,2.503397421485712e-05,0.008783082864022402,0.043550336767888755,0.040571102712046246,0.01762086863408556,,0.00498988486814049,0.01343171812670812,0.007136612801123721,0.01999554667772309,-0.024351511664099715,0.05960025714350201,0.02530601759251002,-0.009254411879705316,-0.00645684461007724,0.025816509505634196,0.037491997007000566,0.06219634643692515,0.04591085513752239,-0.042177405140965234,0.041305505353883595,0.023568353000222957,,0.08753685380098716,0.03903298392029123,0.04929540314511269,0.04491045102630155,0.042091894770388265,0.02238128903509179,0.05532053486315525,0.05337752397550226,0.03667945004518637,0.01571873629446071,0.05677177271945667,0.05049154355815603,0.0675309046341472,0.056695218657049816,0.0044790130421874744,0.05106085074271727,0.04639750356370566,0.013175524754996252,0.03401155048264415,0.02285362614494951,0.020637534992200047,-0.013054263723893804,-0.02416301659803426,0.024737733421178104,-0.016758044531954123,-0.008374083634589104,-0.01807395744342011,-0.016862108814641435,-0.007728289690250183,0.0866738622537167,0.03897046443990884,0.04388959893087731,0.046154354483610854,0.006980790269173868,0.019285129049779203,0.032436541375242975,-0.0012060085083114985,-0.00818706982841626,,,0.007345440128396947,0.030546789300020215,0.03411650930468739,,,0.08006851960707743,0.01913658322201298,-0.014972517121104369,-0.003818874723808907,-0.0017058085867130222,-0.001206008508311501,-0.005271070596276856,1.0,0.007126821691823277,0.020223421895848904,0.02810480956009172,0.05913872114253072,-0.009182351719037574,0.4917000629814752,0.03250088398911229,0.026135155977521425,0.04400899124069736,0.044863134208675735,-0.0030127357187738936,-0.0024130993666961463,,0.013659838542689725,-0.006757624729401453,-0.004438858366488403,0.05211417565169843,-0.005419956347297001,-0.001206008508311498,0.06352165698307585,0.09827712564129268,0.09635061439508825,,0.11928684379301734,-0.008051674999556302,0.1791659712562786,0.012160952759710228,,0.06678131812330373,0.02641131181367512,0.2975194129980035,0.026677023068064572,-0.005366801459637172,0.013067202126072014,0.004611291549682087,-0.00924594942583748,0.17190151154784894,0.021818749143997136,0.018258917452025965,-0.006634402243054937,0.22297757309225882,,,,,,,,,-0.0012060085083114985,-0.0012060085083114987,,,-0.0012060085083114979,-0.0012060085083114996,-0.001206008508311498,0.29128108145077986,0.06789691299564578,-0.0012060085083114987,-0.0022891300781932907,,-0.0018184722195260094,-0.0031936641503813156,-0.0029563158006978814,-0.001705808586713024,-0.003622359788872481,,-0.0020894927656706186,-0.003193664150381309,0.2218710806601182,-0.0026983308404066814,-0.002956315800697885,-0.0012060085083114987,-0.0043223778702632665,0.018552666937306804,,
Cy Young Award,0.15178881060096266,0.04698169100818522,0.09358050867407491,0.08416808925708415,0.14323320645942758,0.1293855843776141,-0.08431209883939705,,-0.10031112452481772,-0.09906008048522066,-0.10231856001017745,-0.10032246254350903,-0.0820524189866725,-0.06988143449975422,-0.09505642259459669,-0.06369913593798504,-0.07077407932518681,-0.09238428771933258,-0.05696912632596046,-0.05623583657992714,-0.07343598332691346,0.028944588779782798,-0.06184730055520447,-0.07270818849210448,,0.039100870749848866,-0.023725060094845127,-0.03548273544207882,-0.04007698604536481,-0.035038450542895345,-0.030792821484922534,-0.03274588009606433,-0.03340036082969557,-0.028062763272013905,-0.03662902716457536,-0.03415016312234175,0.01660199806502594,-0.032017185754851275,-0.024532695011635307,0.10240274110674631,-0.018647445628306364,-0.022389808985967444,-0.07734879270461839,-0.015834677443736733,-0.043659232015110516,-0.07737728370487443,-0.040894000972403255,-0.05912849570282891,-0.05843439970523988,-0.02737250031278616,-0.013678183422296895,-0.02952190542458309,-0.027542478355568854,-0.012623347047461793,0.048547142521831906,0.04363008084127978,0.01931417362210001,-0.03476906560961747,0.01949414896514783,0.009192824733329255,-0.02520155131659279,-0.0019698878474772633,-0.013372716071485036,,,0.15638531544473958,0.14406161760081793,0.026081262491284993,,,0.07496696577926668,0.1800848799269975,-0.020935303945641828,0.164141397578921,-0.0027862586224975715,-0.001969887847477261,0.02233353225401698,0.007126821691823277,1.0,0.08018762049122341,-0.006481986933372115,0.037161665951930684,0.0299216284064086,0.03147271033968849,0.015452105502002818,0.59951976731524,3.0402089206077266e-05,-0.008834733172228833,-0.004920986410272048,-0.003941543599775362,,0.05403514454879572,0.0232225276735331,-0.00725040751583137,0.6014125722718203,0.3279558036775913,-0.0019698878474772603,-0.010435608423988343,0.21840056805182959,-0.0077739144030623064,,0.07027319904183052,0.017464250710382965,-0.0027644331390830547,0.030981688623048443,,-0.0053565775186068185,0.2019981017122637,0.08100776183149574,0.07462759739568042,-0.008766104801336837,0.12087934465928989,0.7828470328928387,-0.015102284342791929,0.01946008694809643,0.04076417403247452,-0.016035892092241148,0.013829562066376444,-0.001969887847477262,,,,,,,,,-0.0019698878474772603,-0.0019698878474772633,,,-0.001969887847477263,0.06528771151638918,-0.0019698878474772637,0.010812647320629691,-0.004987493271880979,-0.0019698878474772633,-0.0037390528269498177,,-0.0029702827977844165,-0.005216513942814569,0.1325628921847916,0.09234457148849083,-0.005916743105967478,,0.07427264775854509,0.04567111186668261,-0.003941543599775366,-0.0044074391634534955,0.2149979257463662,-0.001969887847477263,-0.0070601488962605385,0.18402988759239608,,
Gold Glove,0.1962816837865002,0.03068463253353705,0.04935076472585332,0.04461156485446845,0.2420943019314528,0.23054317548160802,0.3330065630219742,,0.3155325111369436,0.2948751647689843,0.306302161717099,0.30926880673969925,0.13077890246016263,0.3181153111476433,0.29498655214290087,0.18153071891872058,0.27738965930787696,0.2761973572201365,0.3309701244007646,0.3691067287707628,0.18187003166805157,0.04063753511296725,0.40165776771886147,0.370061550760828,,0.28471991399513885,0.31825772797649504,0.2957074023043196,0.31752455654479084,0.29391666883067713,0.17143325784628266,0.22413849441386255,0.2885345740322918,0.2224623564053614,0.20391108112940773,0.2653277991085125,0.28218256354821947,0.23572629360683858,0.14902846853864957,0.17326580650562987,0.2728660175843635,0.23492112216719369,0.351964329360557,0.4459656762762778,0.4042547886313938,0.21040735618105244,0.1886878174577957,0.0467086512082747,0.20568047217154375,0.0017945584760759672,0.05082286292139829,0.04406886846639655,0.05487740843127087,0.062294881005035566,0.3055071676973929,0.337126793191811,0.3381877416744383,0.23768805773861976,0.24380587864884098,0.1960672859110257,0.22265474640489383,-0.003864308061625758,0.04401556894908146,,,0.22224746880910415,0.26475036338326136,0.09744472191757322,,,0.20450076256488625,0.09833655047947513,-0.04762660375983851,0.11004521724091673,-0.005465773937577388,-0.0038643080616257673,0.142396017183438,0.020223421895848904,0.08018762049122341,1.0,0.09396982856239766,0.09979431464280193,0.2195983351748479,0.01597754864864992,0.02854631592274904,0.09124998425640693,0.1339810499816734,0.07822332671964821,0.11601478954566509,0.14547227628115722,,0.23976423596236437,0.07783288250899097,0.0051536532466697,0.06326927179121036,-0.013947011496470315,0.06271640653260566,0.25483921866029374,0.2810413986023284,-0.0152500052917297,,-0.020748913398659415,0.23686740095049186,0.057762760784324185,0.11687417627590395,,0.3162071496713152,0.4256958007965253,0.03368483991866375,-0.02306469493240695,-0.017196374654650515,0.15469120233099048,0.09048768210950509,0.27546802191206204,-0.013664787990732848,-0.012184787769528357,0.11029666475355283,0.05443750648545138,-0.0038643080616257686,,,,,,,,,-0.0038643080616257695,-0.003864308061625758,,,0.00945183485722057,0.009451834857220572,0.036084120694913395,-0.007592593684141972,0.16721825018797876,0.12929712112683742,0.04321599921363853,,0.07047213949099189,0.025029662668874707,0.05037129623169395,-0.005465773937577399,0.07727382242547909,,-0.006695179746612636,-0.010233179979569443,0.01891215240264657,-0.008646026580787367,0.0014080549559924809,-0.003864308061625758,0.012995794448572922,0.11858689878198697,,
Hank Aaron Award,0.1103734216199194,0.1481595793678479,0.014130895819540565,0.02725088233864528,0.09462712566907575,0.08663749482537285,0.12539963323178113,,0.11935057132712569,0.15354309779332556,0.12344639112718558,0.14442851739747814,0.01259808886049871,0.249352270071661,0.1731542934169922,0.06462832817349824,0.06416578347337343,0.17931793579709115,0.19382854538629585,0.28725887239040193,0.17774873848296788,-0.030504720372110567,0.1583863815650687,0.14187164888131581,,0.22474129324834283,0.2459437602314957,0.2937761788445985,0.2580269915723985,0.2612328547210699,0.09458243178865425,0.3197973623935569,0.27949553762962126,0.1208962653601867,0.11389100233228983,0.335722801808094,0.2928349017811391,0.3607227023790516,0.23910869978060736,0.04376939552831736,0.2623491713297419,0.22062917872532836,0.10662887278097258,0.1360244178575171,0.12290733891783627,0.054431346104365654,0.046332190775556094,0.015579231049664055,0.06859224953064819,-0.0136692125477254,-0.006830577927834097,-0.014742577238147777,-0.013754095768793776,-0.00630381630774357,0.2063563716342451,0.22512549997324355,0.23030584432069456,0.11294813508536516,0.16962168573506403,0.12954404858535418,0.16754363202694625,-0.000983717796133149,-0.006678034386070536,,,0.02800764432483901,0.09384274841379237,0.046464554067798536,,,0.04968331049170438,0.1368667037652508,-0.01221279240024597,-0.003114982192184971,-0.0013913950457080176,-0.000983717796133147,-0.004299510255936296,0.02810480956009172,-0.006481986933372115,0.09396982856239766,1.0,-0.006642813872033724,0.03074216014830067,0.01710867760319433,0.02005240753208838,-0.0041025260359127584,0.75395998455575,0.05977121410854608,0.6728253968143593,-0.001968318444270467,,0.28114268404455156,0.018787495073079565,0.19237253997205628,-0.01035067085695927,-0.0044209534811372716,-0.0009837177961331484,0.4685532418035675,0.31162979494285575,-0.0038821184432919773,,-0.005281948290659739,0.12371999956750156,0.04545729260316303,0.036110912433351315,,0.4256686545168079,0.2184830796284736,0.004980292431587601,-0.005871465345297862,-0.004377596068165409,0.3336381058471629,-0.00791347121947244,0.06812443090611627,-0.0034785775131020843,-0.0072867782917802925,0.045760563738913324,-0.005411553490892225,0.14212583637175924,,,,,,,,,0.28523539053965163,0.28523539053965147,,,-0.0009837177961331486,-0.0009837177961331486,-0.0009837177961331488,-0.0019328090325066688,-0.0024906422443932152,-0.000983717796133149,0.6319521807443653,,0.2574608990729913,0.051533894058382844,0.34839626159976306,-0.0013913950457080178,0.0925659740672938,,0.16359374430327916,-0.0026050100293248503,-0.0019683184442704656,-0.0022009762362948195,-0.0024114095747199984,-0.0009837177961331486,-0.003525679962692137,0.09837595556868405,,
Hutch Award,0.08742623915898431,0.028782158917986935,0.042885014371979564,0.03974616877593502,0.12035933836073655,0.11578797803514108,0.10761557067578824,,0.0943882438532099,0.09483350280203728,0.09707109001446204,0.1061973059293465,0.019389560751680388,0.1200459118654519,0.1019480785056162,0.04431482363964917,0.08395038326068245,0.1098087253138154,0.11242378902028806,0.1652847853969719,0.08308111715471943,-0.012703981051533577,0.15043861009342863,0.12252779392703647,,0.0976807864343628,0.09920835149458651,0.10309804670965841,0.11205773064148508,0.08461573163144555,0.08157816548416694,0.1095760556011382,0.10482225352388563,0.0689501748863974,0.06462179251706228,0.09217434675405171,0.08031382992116214,0.09713018990450105,0.04351445935917502,0.03294344019650823,0.0470679817077425,0.05712434027407032,0.09148878439318842,0.14290884369824464,0.11912054226399482,0.07845858387254596,0.017579349908150597,-0.007227582006138596,0.06572096573173235,-0.013829607459589256,0.03295532822633371,-0.00854859982352257,-0.006453515745683076,0.028409527701820314,0.09632674823874575,0.10913436854948096,0.10108355986335538,0.07849694217364259,0.04988763865707308,0.05078916271374957,0.07833313788948618,-0.0020187634523300617,-0.007565917672791243,,,0.09731805260321846,0.1362232218717867,0.016509653355509055,,,0.025847496157357718,0.13609417867268656,-0.02506281684180668,0.1837345443070487,-0.0028553894999865078,-0.0020187634523300634,0.16382550448565308,0.05913872114253072,0.037161665951930684,0.09979431464280193,-0.006642813872033724,1.0,0.22523676460511213,0.08383897505337044,0.06659652634309127,0.054181658565614056,-0.007415224750416321,-0.009053934954735771,-0.005043082796410219,0.07104747911474245,,0.1014247144264949,0.03966342891974486,0.031115101313329917,0.06553974454148401,0.04875000150033804,-0.0020187634523300625,0.11632018227463256,0.15162968102616187,0.05973326469466277,,0.013219510195989836,0.19150829570462977,0.006774981777568435,0.060235155327839594,,0.06844691266623067,0.12987886679970356,0.1732495646652278,0.021973428453706336,-0.008983603820337865,0.12897877894663465,0.05084475547743323,0.1564816855385233,0.02235016949676419,0.026227544534983844,0.07756174983009818,0.016419639947153824,-0.002018763452330065,,,,,,,,,-0.0020187634523300625,-0.002018763452330062,,,-0.002018763452330062,-0.002018763452330064,-0.002018763452330063,-0.003966467060467573,-0.005111239783985536,-0.0020187634523300625,-0.0038318238284704197,,0.04222337878148232,0.051439849322138645,-0.00494864028807769,-0.0028553894999865095,-0.006063545574155281,,-0.003497646658521242,0.05143984932213858,-0.004039338673611372,-0.004516793741807584,-0.00494864028807769,-0.002018763452330062,0.06001296659548361,0.1327493293573088,,
Lou Gehrig Memorial Award,0.10373385161261911,0.01675929684159725,0.09365497909066993,0.062223916544389385,0.19063565098999632,0.18620292414505493,0.18644910989449626,,0.1681408409071269,0.1662168886373806,0.16818804201007795,0.15965903005420234,0.08027043012842873,0.197160782723265,0.17037202181458683,0.06273189344697007,0.111651217321564,0.17066238957584218,0.16330020602208561,0.2325035758432551,0.06951945398227993,0.0322734554248149,0.20703784325922941,0.19969004451462632,,0.16917257747474335,0.17830175538878892,0.17545244728188295,0.19398211820371733,0.1477423632728761,0.1425919052308266,0.17028612767575835,0.16674482916664926,0.08939385722788128,0.09083280049968234,0.14047258597313594,0.14798123422709675,0.11407938328161622,0.08957878549796819,0.10394097764900467,0.10634132346108689,0.11865343254151475,0.19289854020358124,0.22147914581434966,0.1950516014403801,0.1065037810046761,0.12847848694011552,0.055303902949756956,0.1508982697581375,-0.024497214204392305,-0.0009128451455598086,-0.024835400896868687,-0.02076624545664779,0.009228152550081825,0.17996602482204638,0.19097737951205324,0.18952676174137867,0.1374272020875779,0.17027530653172962,0.15287368213010546,0.18461268207217818,-0.0022761843344672,-0.00998780571770683,,,0.22128841234999966,0.21504176154797305,0.012190220535057973,,,0.12485625634382698,0.1175192159366087,-0.002612615352270098,0.1620325751081704,-0.0032194920317037664,-0.0022761843344671954,0.2974158023249055,-0.009182351719037574,0.0299216284064086,0.2195983351748479,0.03074216014830067,0.22523676460511213,1.0,0.008208898301688375,0.2096676511493582,0.06480549412968009,0.0060742854535882,0.019754226236833268,0.031401276582148745,-0.004554411464042338,,0.17081892582735095,0.12337137161554204,0.014496171135305987,0.0494352430620219,-0.010229463263477291,0.1313398294046079,0.18687870666062914,0.17911657773684245,0.051280042493076015,,0.04131818823752793,0.3700115118398942,-0.012392239517476235,0.09158113203681718,,0.15223638966618422,0.30040699568312107,0.07094257512216837,0.036889381101099926,0.00845205678074333,0.12423894927781852,0.09258839073261066,0.300459453936484,0.04444959379339924,0.019796663015809925,0.08187400788085888,-0.012521572070281956,-0.0022761843344671975,,,,,,,,,-0.0022761843344671962,-0.0022761843344671997,,,-0.0022761843344671984,-0.0022761843344671984,-0.0022761843344672,0.024697617359838706,-0.005762995120892067,-0.0022761843344672,0.037949088797836504,,0.11745110128663591,-0.006027626056158655,0.049009661750492164,-0.003219492031703767,0.08234732056925566,,-0.003943646058402065,-0.006027626056158667,-0.004554411464042344,-0.0050927488038558745,-0.0055796618903689406,-0.0022761843344671993,-0.0081579265221898,0.14748227684731494,,
MLB Players Choice Comeback Player,0.0975645496613058,0.11988965156328817,-0.004912382985960308,-0.00017356609936721874,0.05559620174104172,0.05246106454453452,0.05192447828717547,,0.04741184159389126,0.058903540337820685,0.046245592636952194,0.06639224921629115,-0.027361263007926743,0.14329968451323977,0.08495481246222626,0.0014108008360976113,0.017104265007553746,0.08393956720613947,0.12100929227420872,0.12250441627588249,0.08830912335306189,-0.0501537140613407,0.10428959082351229,0.07115721123496484,,0.10073040697684517,0.07425597042731988,0.07228315121053235,0.07080626224518786,0.06744351274265366,0.02654025098848116,0.0884888139133398,0.09268949933564952,0.0360102215491534,0.03773398739135428,0.10095822919390647,0.09714117076693965,0.09854367421253732,0.07648901736818653,0.0443800271912523,0.08255123398301371,0.06360157783039821,0.02538145505211723,0.07557357408181628,0.057092113303824854,0.05007496331299743,-0.02872383257681448,-0.026143603048672644,0.027382663991569703,-0.01468424000993119,-0.01187165659607479,-0.005272573188536684,-0.009781367122551541,-0.010956136250977098,0.081068495622496,0.06413209891595932,0.0604403726070445,0.04975550416857343,0.001874760032084218,0.03971419998128998,0.021905801765269222,-0.001709717682240587,0.0013906087559685865,,,0.03041520911473386,0.04778675406597359,0.04836582728277356,,,0.051042361776580815,0.007099589162718519,-0.021226033724622843,-0.005413890197755797,-0.0024182674360269047,-0.0017097176822405869,0.02908203640707518,0.4917000629814752,0.03147271033968849,0.01597754864864992,0.01710867760319433,0.08383897505337044,0.008208898301688375,1.0,0.09770579163211007,0.1254133089136954,0.0967251254401657,0.06360095580477756,-0.0042710540554288376,-0.00342096977576077,,0.047087114050046806,0.01740215777047543,0.007309102470087796,0.06469349835612444,-0.0076836897418905625,-0.0017097176822405851,0.18311908766785195,0.19204122370140825,0.029087866802382047,,0.0799644159008719,0.036809166158655975,0.08472955989884651,0.034127064822463186,,0.1320583750659291,0.05393190892743778,0.5311804916729901,0.013807207395606116,-0.00760833384622047,0.03364308521456759,0.047119304441146787,0.0008956071768227138,0.11882658195624478,0.030931706500223283,0.045786566444283215,0.01973385718158859,0.1571990424504539,,,,,,,,,-0.0017097176822405851,-0.0017097176822405877,,,-0.0017097176822405869,-0.001709717682240586,-0.0017097176822405869,0.17009851363547213,0.04596319591471034,-0.0017097176822405875,-0.003245222686791343,,-0.0025779868773395578,-0.004527550205006077,-0.004191069436000129,-0.002418267436026905,-0.005135297586866539,,-0.002962203586260382,-0.004527550205006074,0.07606906404156914,-0.003825332838519939,0.12565447068304036,-0.0017097176822405875,-0.006127689666519116,0.006727472286822171,,
MLB Players Choice Man of the Year,0.11614375305253327,0.07746688248441717,0.030378588712611964,-0.007557995795508914,0.07840673732725859,0.07496200175337484,0.08323955622639698,,0.07520603532704762,0.08638651633426442,0.07161564231611324,0.07883027641112016,0.027667205622312067,0.13610029015430994,0.0903454435573585,0.030688799656765034,0.038432264681964756,0.09167454480062025,0.15279075530955136,0.07717661505599491,0.05734695969995338,-0.013578764117683773,0.09601389592707198,0.07735733286617756,,0.15814367843209423,0.13107172330840933,0.1231481423949756,0.11735136951594079,0.09722406054892244,0.07816353143372962,0.14402759627620035,0.13449957205454377,0.07116101836627481,0.07278523071458065,0.13634823214829975,0.17305728570060014,0.07895106602701266,0.07127081852275674,0.05294019883620429,0.10810647762326861,0.10704651857314179,0.06962409381565812,0.09155816913707103,0.08185765366206434,0.036469600510233714,0.010677895248125416,-0.0013406258179266847,0.026951401142844146,-0.009731840615106397,-0.006744477331123988,-0.009824922316941107,-0.009070706694806595,-0.0062243556308605305,0.14328886240173763,0.12651650412519283,0.1307827996215639,0.08178053672718513,0.037614141052190825,0.07060093980262806,0.05976303965683201,-0.0009713178659755144,-0.006593856626653078,,,0.0547784400203556,0.0755237022467778,0.024221753898199593,,,0.05738927076059884,0.03361928990523943,-0.012058848074558159,-0.003075717311771904,-0.0013738562744706987,-0.0009713178659755161,0.14527912059992146,0.03250088398911229,0.015452105502002818,0.02854631592274904,0.02005240753208838,0.06659652634309127,0.2096676511493582,0.09770579163211007,1.0,0.041129254633208,0.1017661922141128,0.03208381951929631,0.042678627759370424,-0.0019435074554555024,,0.008901708691042485,0.049741911797783325,0.024243837103683923,0.022661325615899335,-0.004365226610471959,-0.0009713178659755141,0.11412673293724684,0.12479929457004633,0.0328120523002725,,0.08594460131245107,0.24008534416556068,-0.005288149760326822,0.007875674951206333,,0.08545082251125108,0.05339028096344229,0.05494658481551256,0.018757333883611695,-0.0043224157250660155,0.008806536894297369,0.012936048496926505,-0.007446677036960274,0.1561847809063115,-0.007194927211879695,0.05314735910371671,-0.0053433399385958745,-0.000971317865975514,,,,,,,,,-0.0009713178659755141,-0.000971317865975514,,,-0.0009713178659755141,-0.000971317865975515,-0.0009713178659755141,0.2109468587232083,0.04896976136795164,-0.000971317865975514,-0.0018436627330300432,,-0.0014645954348022979,-0.002572173434774503,-0.002381013346832767,-0.0013738562744707002,0.2682428053939805,,-0.0016828750710589859,-0.0025721734347745025,-0.0019435074554555024,-0.002173232556434646,-0.0023810133468327643,-0.0009713178659755138,-0.003481238167019213,0.03273479643917192,,
MLB Players Choice Outstanding Pitcher,0.14460527007956128,0.08214242852219765,0.03466366022647014,0.03338499465590636,0.09537477132489956,0.0880000510281071,-0.058784398608188515,,-0.06764227355105762,-0.06502255966090977,-0.06759438852125448,-0.06557881370717891,-0.05356420796859296,-0.04572514146988657,-0.06318389851820501,-0.040366059190389034,-0.04492122558095534,-0.06109130107468605,-0.043516103429723826,-0.03561322572545577,-0.04831988272865678,0.017366796943251706,-0.04497781382060628,-0.04931941838497367,,0.04349376333251663,-0.010860577306719759,-0.021572133050093693,-0.023039686676729485,-0.018984239469348352,-0.022269148813317246,-0.02457609417444777,-0.026351640713781977,-0.014230942818022878,-0.023182943618593636,-0.025328708546621323,0.022458190777420776,-0.02026405475760495,-0.020731745695812553,0.13867104572435193,-0.007990400545691544,-0.01673389551371297,-0.05402927906933078,-0.007772080134715212,-0.028399685181874267,-0.04877276183930639,-0.02741819044099918,-0.03891634557611561,-0.03710448021980014,-0.017324378520895252,-0.00865708372922787,-0.018684762385211846,-0.01743195963039409,-0.007989465337541664,0.050095640790990895,0.04925856865447428,0.025693355954463246,-0.01989036460966497,0.02254262080252144,0.024749472404235,-0.013077147856937334,-0.001246765268917224,-0.00846374983752023,,,0.057185360797603786,0.09615645765060345,0.01855393844232126,,,0.04633188994660268,0.07820776500042492,-0.015478509650812336,0.08411728509935308,-0.0017634559679120078,-0.001246765268917225,0.12250195530985925,0.026135155977521425,0.59951976731524,0.09124998425640693,-0.0041025260359127584,0.054181658565614056,0.06480549412968009,0.1254133089136954,0.041129254633208,1.0,-0.004579558179222921,-0.005591606899546074,-0.003114550380620925,-0.002494649465661829,,0.011426065162369974,0.08745903710638916,-0.004588868492087747,0.6380614340138043,0.1908049960750912,-0.0012467652689172228,-0.01453724144052055,0.18484622840391093,-0.004920202179878319,,0.02673742744814727,0.05497477922757059,0.009670111720429416,-0.012056686165536052,,0.0026184851187788342,0.0932668847896086,0.05685269032016324,-0.007441503141392407,-0.005548171193599609,0.031148009510193853,0.5315286937895127,-0.009558414010228382,0.050227136541588044,0.009839555963907183,-0.0101493053740672,-0.006858610233395586,-0.0012467652689172248,,,,,,,,,-0.0012467652689172228,-0.0012467652689172235,,,-0.0012467652689172254,0.1378091210576504,-0.0012467652689172259,0.02790780507804607,-0.0031566433583023077,-0.0012467652689172237,-0.002366490665576632,,-0.0018799270404568653,-0.003301593244027934,0.11056738422035828,0.09657860517598099,-0.0037447765460722916,,0.07814785869392718,0.10190917813232858,-0.002494649465661831,-0.002789520266799258,0.45143820817734587,-0.0012467652689172237,-0.004468451566171462,0.05914635405563221,,
MLB Players Choice Outstanding Player,0.10139775869491063,0.10325709892505286,-0.010071634156234972,-0.009746523010962977,0.09287888703839474,0.08724861797711447,0.13523859204551625,,0.12503024775001162,0.16422287165806174,0.13096051495768812,0.151019204785047,0.020742839957855187,0.2702061971685511,0.18481612907174866,0.08365428289048425,0.08224238335502186,0.19672706844251256,0.19379254423475656,0.34414345980656175,0.15617755136216507,-0.042494773114441005,0.18013947382454068,0.1385269277407748,,0.16485689370142828,0.17123870604937466,0.200367188314664,0.17048893328438644,0.17740964619373178,0.04743252776935411,0.23546285470746106,0.2009808612352333,0.11643043027954729,0.11091689902942295,0.27844815764989583,0.21183753722441664,0.3735311676771565,0.222217228654626,0.001444108767298462,0.2196771082336456,0.12456832410293639,0.11843271796513734,0.1492833932841371,0.13513276418679213,0.06707208243296188,0.024953362119699937,0.009848115786255886,0.05429730557131473,-0.013470184233483725,-0.0076248215719788215,-0.012560845655230291,-0.012122070592055936,-0.007036809341302098,0.15798864048465214,0.17068537452702706,0.17521276498155122,0.08218039777206487,0.08090992826227504,0.08753026452363405,0.06819645260636523,-0.001098102203348095,-0.007454540623544682,,,0.055807544984805,0.10488707348609037,0.03322902843214744,,,0.03514311715823685,0.10066522399323351,-0.013632867369543571,-0.0034771850444041603,-0.0015531832111053856,-0.0010981022033480924,-0.004799447264164697,0.04400899124069736,3.0402089206077266e-05,0.1339810499816734,0.75395998455575,-0.007415224750416321,0.0060742854535882,0.0967251254401657,0.1017661922141128,-0.004579558179222921,1.0,0.04354163757921025,0.7771431156450426,-0.002197189914668919,,0.4097346772406477,0.012196308122968439,0.06995839064961064,-0.0115542226834122,-0.004935011623881595,-0.001098102203348094,0.5481764401804496,0.3632374808004128,-0.004333522106638975,,0.01142470484885731,0.0582580348080554,0.07076226484909845,0.023832819647658005,,0.43959152239949373,0.25419602751665266,0.0323603516267167,0.017939826012942323,-0.0048866127122191095,0.42428539870494025,-0.001934161072241533,0.08681085865190818,-0.0038830583798216706,0.006689783470162503,0.04519712191593916,-0.006040796288573489,0.10696807345555578,,,,,,,,,-0.001098102203348094,0.1069680734555557,,,-0.0010981022033480943,-0.0010981022033480945,0.10696807345555583,-0.0021575515514607978,0.03142089445869552,0.10696807345555566,0.5107179010868049,,-0.0016557663874068114,0.03797394242237873,0.26221324604883406,-0.0015531832111053854,0.03276695860800655,,0.06050815863919164,-0.002907914509821801,-0.0021971899146689218,-0.002456900611224683,-0.002691802646636587,-0.0010981022033480948,-0.00393563779221132,0.031683071090618235,,
MLB Players Choice Outstanding Rookie,0.07189936881280169,0.13017833008448854,-0.006956461473732509,0.01808111387799337,0.03615778342807478,0.03241411643732787,0.06359516517954454,,0.06841690802616991,0.07728704936597187,0.07032355336570578,0.08450551320037088,0.013952545617714947,0.09203129500611001,0.06842482508747072,0.059857369053025904,0.060247704145815345,0.06362350042062048,0.11310594964916838,0.05961352105056412,0.06329392465388112,-0.032048551314829005,0.0892277949167166,0.07562930439232335,,0.12392994992325018,0.1386336872095372,0.16660361220013184,0.15099575439953314,0.14674164541259885,0.08592055530655884,0.13793518408023486,0.12740499547692466,0.11259080994771588,0.07320914806293993,0.15930883426815914,0.13023325578792902,0.0772787630543879,0.10386507591156816,0.07307688142323314,0.10618489627783431,0.09864962578440716,0.06355952662983734,0.10077164118907679,0.08832244779103614,0.006703939908605843,0.04261440806920918,-0.0010433764060151646,0.030825844301302356,-0.016403322264046397,-0.009309851134355259,-0.009918489413848828,-0.012595013222684703,-0.00859189251970401,0.12643424028117356,0.13701369961140505,0.13912689752066262,0.03472234157782286,0.17043735634181814,0.11492245919784395,0.12343553852501504,-0.0013407747246241644,-0.009101939347046731,,,0.03326321632376032,0.011889158200346634,-0.0070109334122470356,,,0.04982543910484684,0.018133521959615963,-0.01664563092352091,-0.004245617398966599,-0.001896425292483055,-0.001340774724624164,-0.005860089857153981,0.044863134208675735,-0.008834733172228833,0.07822332671964821,0.05977121410854608,-0.009053934954735771,0.019754226236833268,0.06360095580477756,0.03208381951929631,-0.005591606899546074,0.04354163757921025,1.0,-0.003349395859039069,-0.00268275274724438,,0.02533152369017928,-0.00751275996249972,-0.004934881522773572,-0.014107621029595039,-0.00602561294463533,-0.001340774724624164,0.026166294866754387,0.09528871179070718,0.020000730942659122,,-0.007199120309428475,0.059120025491353166,0.3643762518003969,0.3207537650392644,,0.06997948745760946,0.02049556157928167,0.03172574923127119,-0.008002612499669036,-0.005966518228989989,-0.009184154732087661,-0.010785798769541832,-0.010279144143578627,-0.00474118576033359,0.02083804598422486,0.2981026487742658,0.2805496249519437,-0.001340774724624163,,,,,,,,,-0.0013407747246241628,-0.001340774724624164,,,-0.0013407747246241635,-0.001340774724624164,-0.001340774724624164,-0.0026343545969147635,0.06759622221823886,0.2229708367049976,0.06841621302812755,,0.20091441899609871,-0.0035505422575870986,0.08835667903966421,-0.001896425292483056,0.14569307632073678,,-0.0023229845131180365,-0.003550542257587089,0.10952338090625169,-0.002999857600139501,-0.003286671259999899,-0.0013407747246241637,-0.004805384836660644,0.01755582541813997,,
MLB Players Choice Player of the Year,0.08505562908205028,0.06243931253715076,-0.0043070342059527405,-0.005590530931630684,0.05884770773570231,0.05256781580385267,0.09135874840782901,,0.08382073286656504,0.11587125204683991,0.08394330494500095,0.09557817802977098,0.012366096070159028,0.21261557800119438,0.1336401104276228,0.0619707623656027,0.05323854101297344,0.14682903729221922,0.15223444196331887,0.27640490988590594,0.12938242611487474,-0.030843617612916308,0.1203395854012367,0.08501979631051446,,0.12219555401046076,0.12409862729009108,0.1503219597793521,0.12286339532426356,0.12790151396920957,0.04105842178914678,0.16612169212785968,0.1471593758038967,0.09509449380500146,0.08734388885127051,0.20142442339537164,0.16399513249602332,0.3066961328583521,0.1573200521661743,0.005542269386134473,0.1736898567588816,0.07432589122060973,0.09093274946206045,0.11251776385193485,0.10240668516439237,0.06792488093468436,0.021400069369550766,0.00925642633388512,0.06115760199203535,-0.010377375005210505,-0.005185629268106131,-0.011192250614977663,-0.010441816538590833,-0.004785723066417758,0.12671748150355847,0.13598556274836243,0.14041572939033173,0.09696130910166956,0.06353919679962151,0.0713994331865793,0.0874946466737049,-0.0007468175971461999,-0.005069821460452526,,,-0.012925252690176794,0.0666813654932323,-0.0039051216796721936,,,-0.0049908419015299655,0.06434502681877113,-0.009271691851717313,-0.002364828129637602,-0.001056317481295358,-0.0007468175971461975,-0.003264096604600968,-0.0030127357187738936,-0.004920986410272048,0.11601478954566509,0.6728253968143593,-0.005043082796410219,0.031401276582148745,-0.0042710540554288376,0.042678627759370424,-0.003114550380620925,0.7771431156450426,-0.003349395859039069,1.0,-0.0014943054367287717,,0.33137049837710353,0.042959499838788495,-0.002748751369900725,-0.007858008840168629,-0.0033562937143724915,-0.0007468175971461973,0.4273791703132938,0.2688967418219088,-0.002947221631094525,,-0.004009942634144492,0.03714302216618993,0.028795228973816846,0.0517885679878952,,0.31154043639170814,0.183046881856933,-0.006904032800332034,-0.004457491425019413,-0.003323377689978698,0.39110777482384773,-0.0060077387889525095,0.09214227566695993,-0.0026408619525167807,-0.005531966867119529,0.028693049486165436,-0.00410833614150581,-0.0007468175971461983,,,,,,,,,-0.0007468175971461974,-0.0007468175971461999,,,-0.0007468175971461985,-0.0007468175971461976,0.2769033690752072,-0.0014673474476858245,-0.0018908425400253578,-0.0007468175971461999,0.34992182627141566,,-0.001126084139625946,-0.001977668126254773,0.22503935981847104,-0.001056317481295357,-0.002243136772983706,,-0.0012939129000816678,-0.0019776681262547798,-0.0014943054367287747,-0.001670934276707029,-0.0018306907849046968,-0.0007468175971461998,-0.0026766211289399513,-0.005611468794806046,,
MLB Players Curt Flood Award,0.021611366884428634,-0.01451794829779287,0.010399032999817471,0.0017061151116738087,0.04390920362764155,0.04306306638293343,0.05710116507254319,,0.05173345246538372,0.04411933703809408,0.04657169700145402,0.042301358061277744,0.02717339711807197,0.057138224159935816,0.051666904310016575,0.03532378006839277,0.053048037762233165,0.035454884406866595,0.06057647432892826,0.06570902415203476,0.02741907105075097,0.021519335905593715,0.07077953631886813,0.05971795086183881,,0.03161665529340772,0.03447056349363006,0.023471225275809377,0.02159429321073965,0.005340778393984269,0.054671778981916316,0.001788426565508811,0.012631887630735134,0.013615925013578407,0.0010395782911551237,0.032391547096073246,0.02645037421454733,0.025637362001590506,0.0022892083340391284,0.04657351017487851,-0.010234547155350274,0.01388310025447126,0.05258708197319852,0.06854563046332961,0.06205044176800525,0.010981109997892098,0.017175070405999623,0.003309056761986317,0.00855280659917885,-0.00831192623269103,-0.00415351357399533,-0.008964614022599663,-0.0083635417203755,-0.003833202238348256,0.03142292969536017,0.03343733527097388,0.03396862431831531,0.008179639548564889,0.04177153483892242,0.030490686956182442,0.018194466013529198,-0.0005981756247257105,-0.004060755438734413,,,0.052629311569302804,0.057799828633144035,-0.0031278703250889476,,,-0.003997495484523915,0.05854594199999506,-0.0074263114405157165,-0.0018941473114993854,-0.0008460745591655414,-0.0005981756247257097,0.11248933083707244,-0.0024130993666961463,-0.003941543599775362,0.14547227628115722,-0.001968318444270467,0.07104747911474245,-0.004554411464042338,-0.00342096977576077,-0.0019435074554555024,-0.002494649465661829,-0.002197189914668919,-0.00268275274724438,-0.0014943054367287717,1.0,,0.022940310899832426,-0.0033517561164067185,0.04062824882009294,0.008170095094672765,-0.002688277695958898,-0.0005981756247257103,0.07294780036273715,0.08944910708056839,-0.0023606247993108957,,-0.003211828362721449,0.07193018397109466,-0.0032566499570660296,0.0473890746060207,,0.09971099268259681,0.05513223638873929,0.043680300717474155,-0.00357029980019139,-0.0026619130742219577,-0.004097435157113436,-0.004811995481899479,0.08360144500310379,-0.0021152410632764448,0.06420728791626751,0.057796682355619515,-0.003290638232708044,-0.0005981756247257109,,,,,,,,,-0.0005981756247257095,-0.0005981756247257107,,,-0.0005981756247257108,-0.00059817562472571,-0.000598175624725711,-0.0011752956539363912,-0.0015145008928012626,-0.0005981756247257106,-0.0011353997962409179,,-0.0009019552917452195,-0.0015840452493930642,-0.0014663213723465605,-0.0008460745591655411,-0.0017966766525750045,,-0.001036380449931324,-0.0015840452493930614,-0.0011968880909634992,-0.0013383618150727185,-0.0014663213723465586,-0.0005981756247257107,-0.0021438829535831917,-0.004494596625452611,,
Majestic Athletic Always Game Award,,,,,,,,,,,,,,,,,,,,,,,,,,,,,,,,,,,,,,,,,,,,,,,,,,,,,,,,,,,,,,,,,,,,,,,,,,,,,,,,,,,,,,,,,,,,,,,,,,,,,,,,,,,,,,,,,,,,,,,,,,,,,,,,,,,,,,,,,,,,,,,,,,,,,,,,,,,
Most Valuable Player,0.046593108389701224,-0.014400608863140206,0.18268895024674753,0.1753767223059757,0.21298035352980416,0.1841005590742001,0.2866891790177773,,0.27354970903243486,0.32386012682507226,0.29295282719812143,0.29661133874832374,0.19400362411682812,0.41245718030629147,0.3581204698351374,0.14190873862897746,0.18269026791582071,0.3508162564890099,0.24989467024246279,0.3947241042242207,0.1785582257588032,0.04771536868557787,0.2323690818453198,0.24860343606493443,,0.22087666121390148,0.2507588036010379,0.27545572767735454,0.25825725556901774,0.2410250089469657,0.1596719284131363,0.27769680622372533,0.2571167725321051,0.14812168933021333,0.18172733295198218,0.3023806148372833,0.20481661996103612,0.3610424712178277,0.13659313587807922,0.04758352894872997,0.18360507622428682,0.181264325474825,0.2845921391297852,0.209929046722741,0.17890974824514935,0.2154379997591576,0.1105653924044782,0.07899123732950578,0.1762849545621043,-0.004178244894567252,0.048452448293365195,-0.019780092478011987,-0.008735975437658484,0.03635941871433188,0.23071914495538948,0.261462815113877,0.2620811332923549,0.2069748761117536,0.15055685669637678,0.18874115334699176,0.14081719773148788,-0.003077038512469934,0.029065853481325184,,,0.35309547756053367,0.23711896351602957,0.036351919908125335,,,0.16998925247833446,0.09403846434860554,0.32718959825513133,0.1560291867838404,-0.004352240203982178,-0.0030770385124699296,-0.01344873366556919,0.013659838542689725,0.05403514454879572,0.23976423596236437,0.28114268404455156,0.1014247144264949,0.17081892582735095,0.047087114050046806,0.008901708691042485,0.011426065162369974,0.4097346772406477,0.02533152369017928,0.33137049837710353,0.022940310899832426,,1.0,0.03214233493214197,0.02352726612006625,-0.003792041252410383,0.11314454640924564,-0.003077038512469931,0.396150935970967,0.2654965469056215,-0.012143145124480751,,0.011447792975365146,0.11184825056697437,0.024554451443223275,0.11241629134666926,,0.3306631611569119,0.5920818814764275,0.05164322242031387,0.012397511909432946,0.3503170000119278,0.5433871632574924,0.06437668189544975,0.5710104551956638,-0.010880881710691556,-0.014813660270072275,0.08422490587619802,0.0790699676316741,-0.003077038512469934,,,,,,,,,-0.0030770385124699296,-0.003077038512469934,,,-0.0030770385124699352,-0.003077038512469933,-0.0030770385124699357,-0.006045766228537141,0.010618613401412548,0.05509115845207463,0.12297032321418726,,-0.004639692850237285,-0.008148389931656798,0.06375169145868559,-0.0043522402039821795,-0.00924217408050337,,-0.005331181054848037,-0.008148389931656801,-0.006156838558408427,-0.006884584858311971,-0.007542813762157305,-0.003077038512469934,0.27562753462499257,0.10585009120196275,,
NLCS MVP,0.1315718261613051,0.07199353003120362,0.059089382852633335,0.029741923555925434,0.07897546444900491,0.07362358929731123,0.04720755174011105,,0.043829491110576116,0.03306747937287995,0.041828304371236046,0.04687493655354063,-0.012645031087241335,0.06092263774722003,0.04891249157968608,-0.0008544307700505517,0.02825535443589095,0.028836972768597893,0.07863300998256038,0.07098936354172687,0.026371779268724298,0.012480780786866059,0.08684821438614897,0.08091885606607563,,0.14565856166141405,0.12995378412534508,0.11540301473716179,0.139253948733824,0.12590343100591694,0.05327182704084293,0.1390672866599369,0.1421236157561467,0.009776655286800807,0.01839273596472665,0.08772482328419949,0.1327032024360468,0.08979848901902807,0.059366297057430385,0.12195572221533674,0.09627121171808976,0.11557990098355031,0.04999094798150234,0.09680548050966856,0.07779056508073931,0.06942661948175363,0.008418852436137816,-0.014083132423240365,0.04187196065974114,0.014459833917684968,-0.011631467161654502,0.03797889481804774,0.03727026620925421,-0.010734469784443389,0.15861313855073855,0.15566995771529166,0.14793590665550727,0.16672529668639052,0.06564066950128267,0.05507597800112453,0.1250885541970457,-0.0016751263748023724,0.03724971309792532,,,0.03514451928810645,0.07803541783260763,0.02186612450320771,,,0.07782976336588296,0.07296548467941355,-0.020796584894626453,-0.005304355423557348,-0.002369340625936361,-0.0016751263748023752,0.10989154272317476,-0.006757624729401453,0.0232225276735331,0.07783288250899097,0.018787495073079565,0.03966342891974486,0.12337137161554204,0.01740215777047543,0.049741911797783325,0.08745903710638916,0.012196308122968439,-0.00751275996249972,0.042959499838788495,-0.0033517561164067185,,0.03214233493214197,1.0,-0.006165502707876705,0.08056860581847991,-0.007528231985980052,-0.0016751263748023735,0.05733362403483257,0.09408395480128347,-0.00661067535834728,,0.031840346476975555,0.14344644446274366,0.031084550978639887,0.037948936277014594,,0.09578531246420044,0.08578192390194672,0.01792208509813113,0.015666593685548045,-0.007454400703982464,0.03700212497278867,0.0515879287170409,-0.012842474689497648,0.027443577095736735,0.01089034538039655,0.05017807624761025,-0.009215077755918158,-0.0016751263748023748,,,,,,,,,-0.0016751263748023741,-0.0016751263748023724,,,-0.0016751263748023746,-0.001675126374802374,-0.0016751263748023752,0.033788348897624575,-0.004241196540491701,-0.0016751263748023726,-0.0031795647733063592,,-0.002525828595553011,0.05981808689182807,-0.004106274985511885,-0.0023693406259363637,-0.005031399347140052,,0.09518865070886762,0.059818086891827944,-0.0033517561164067267,-0.0037479380348952075,-0.0041062749855118805,-0.0016751263748023722,-0.006003713176515951,0.11294205699925823,,
Outstanding DH Award,0.07350493916994706,0.06379936159236951,0.019128857796613608,0.03408966811395238,0.09209528360239917,0.09213430507095287,0.12707339486789906,,0.12195491022229255,0.11788460333218222,0.12516578093350073,0.15219923193663937,0.018381113514944012,0.18289457112864146,0.15827614809713714,0.018822414532632125,0.05548046432695421,0.13193447996515129,0.1497470994628666,0.20563432163244877,0.09717176638068502,-0.03613959695329087,0.18101191983543743,0.1683438725343033,,0.13611110828341408,0.14590039804882007,0.15211763314789714,0.15793281177720303,0.18538823993925865,0.08099692820017321,0.18201873977502467,0.19499108270607823,0.009578422366454582,0.08359767746636253,0.17867913975344604,0.15388304996947788,0.20144898994332386,0.1261718203263884,0.00114570585974391,0.1372522780669893,0.09583937978590493,0.01107892685536458,0.050520781775226585,0.03954136424061292,0.01932678497491278,-0.021430027572106377,-0.010020140699746565,0.00211153576326504,-0.013978932597896366,-0.0076403229525914326,-0.011436067988846235,-0.012796123165201144,-0.007051115283922216,0.00519461352700523,0.015260866623879753,0.012245919641515095,0.017554277949292974,-0.013764877027171218,-0.004197174185974422,0.005825731326848049,-0.0011003346621728564,-0.003968210500245391,,,0.10489365691041395,0.10076801254334374,0.11775410506104403,,,0.015085559620910923,0.11039238360767514,-0.013660583200522904,-0.0034842542155742277,-0.0015563408566829384,-0.0011003346621728581,0.054278672894096144,-0.004438858366488403,-0.00725040751583137,0.0051536532466697,0.19237253997205628,0.031115101313329917,0.014496171135305987,0.007309102470087796,0.024243837103683923,-0.004588868492087747,0.06995839064961064,-0.004934881522773572,-0.002748751369900725,0.04062824882009294,,0.02352726612006625,-0.006165502707876705,1.0,-0.011577712597478716,-0.00494504457911694,-0.0011003346621728586,0.22421950797746132,0.1816808096278186,-0.004342332224349126,,-0.005908107803745511,0.22650415536542293,0.004143114856225467,-0.0015418469493955515,,0.22828124782518744,0.15757870447421218,0.031930811668903665,-0.006567510380084102,-0.004896547271715761,0.0006086214135927561,-0.00885159007504039,0.03683471946086002,-0.003890952697782855,-0.008150604534686402,0.012488923686063549,0.009647385249907455,-0.0011003346621728581,,,,,,,,,-0.0011003346621728586,0.6838707871295264,,,-0.0011003346621728575,-0.0011003346621728581,-0.001100334662172858,-0.0021619378872556392,-0.0027859005940021704,-0.0011003346621728564,0.43129368748764035,,-0.0016591325861741405,-0.0029138263451585276,-0.0026972751232008556,-0.00155634085668294,-0.0033049584701006513,,0.39368013572915606,-0.002913826345158528,-0.0022016568358714473,-0.002461895528304695,-0.002697275123200858,-0.001100334662172856,-0.0039436390049340415,0.09719873970673007,,
Pitcher of the Month,0.23344281046807033,0.11962728496751011,0.04478120824314648,0.04480921205762113,0.16795253916002068,0.1584102811902441,-0.1493770061542617,,-0.17598736830646744,-0.1652919866916022,-0.17284655683223604,-0.16584262849964926,-0.13472119876915803,-0.11495120703873263,-0.1598194673565824,-0.10205024187934397,-0.11405059514724918,-0.15395402165918037,-0.12607229069828288,-0.08962498968562412,-0.12326324632731817,0.0072461350857835165,-0.10956358425890171,-0.12622771962918644,,0.03666685009086854,-0.060634354134404114,-0.06607546334397543,-0.07395445623709927,-0.0630209893629537,-0.05240830197155708,-0.05991286631504548,-0.0710629968574868,-0.04398038364632891,-0.05638207057167774,-0.06336240938282778,-0.015073083939994758,-0.05112619863647098,-0.049477861873991016,0.1284259480644881,-0.039024163421970924,-0.054406951417275654,-0.13785280372721967,-0.042470282245400684,-0.08569598883959649,-0.12421279937435915,-0.07575221003854715,-0.10010275988380292,-0.09563817431465159,-0.04370939716200135,-0.021841817328634834,-0.047141644878505515,-0.043980824240124006,-0.02015741650584803,0.05187285838850476,0.036838210869293155,0.003205974804446119,-0.05805721779135523,0.013950480443527365,-0.0036553905095121574,-0.03854996053431302,-0.0031455880648858267,-0.021354036029736942,,,0.047466488475331185,0.1635231991079691,0.10868115711792525,,,0.05096811494914246,0.13292974529776297,-0.039052271051872006,0.11822503796855786,-0.004449198404791289,-0.0031455880648858267,0.06606996475388108,0.05211417565169843,0.6014125722718203,0.06326927179121036,-0.01035067085695927,0.06553974454148401,0.0494352430620219,0.06469349835612444,0.022661325615899335,0.6380614340138043,-0.0115542226834122,-0.014107621029595039,-0.007858008840168629,0.008170095094672765,,-0.003792041252410383,0.08056860581847991,-0.011577712597478716,1.0,0.19378118739193148,-0.003145588064885828,-0.02897995364652692,0.2401614628807538,0.029970139632645373,,0.06189708448427147,0.04919789063485758,0.020519143462865184,0.034108892538783284,,-0.007493435691257175,0.09617741640795914,0.09320024986982614,0.046763598019842104,-0.013998032768178504,0.049976886971311266,0.4842157021396078,-0.024115873115333156,0.04000103865853366,0.1670871206742422,-0.02560669169046843,-0.01730426972080291,-0.0031455880648858276,,,,,,,,,-0.003145588064885827,-0.0031455880648858263,,,-0.0031455880648858276,0.025769625300795466,-0.0031455880648858297,0.03800714110555635,-0.007964209398935457,-0.003145588064885827,-0.005970654604267627,,-0.004743054854626278,0.013547558747027216,0.13405017584383655,0.016000001955691737,0.009851832734058538,,0.011249251380025522,0.03542503537229429,0.008170095094672751,0.005901057132323915,0.1694904325105145,-0.0031455880648858263,-0.011273900761830198,0.11883295758466461,,
Pitching Triple Crown,-0.00932329053362895,0.0019993709497285795,0.08467854815871502,0.06863069857275912,0.06746671104188214,0.05393446074560543,-0.05289219579814861,,-0.04724876007232285,-0.05230171823909447,-0.053180977948427806,-0.05430405583747386,-0.033863942673190005,-0.044244391652492096,-0.04945401200979197,-0.0393065728885989,-0.04689682745442645,-0.05316945263753235,-0.02340785493242283,-0.03837743206679045,-0.043323313975515795,0.015078686492883138,-0.04815929245944189,-0.053583973410806174,,-0.004537190003577537,-0.01692508390045645,-0.02523918614176812,-0.027508816394862485,-0.031524816763740186,-0.019803522452119963,-0.022997851728926107,-0.02243639412699044,-0.018468485183460056,-0.024982343657650386,-0.024661818183596827,0.0016065155327095256,-0.02183689820329398,-0.01920002378661981,0.021355417519307966,-0.014772068222709371,-0.018032737142124625,-0.04815432577144438,-0.04249884073546932,-0.041646874103848174,-0.052733857335056374,-0.007047815660242706,-0.02316668471443987,-0.03868511850346082,-0.01866905191095297,-0.009329024146146928,-0.020135025247377168,-0.018784983187532463,-0.008609586944052602,-0.002305430502575796,0.002780611482164264,-0.004665082281528409,-0.02677484119240452,0.008155063228939162,0.003054961210674672,-0.018736496177888317,-0.0013435359599258078,-0.009120684178506411,,,0.195001552317456,0.08526655234726616,-0.00702537195772361,,,0.04151281552580076,0.10316581556793486,0.26234699283156876,0.036417329836769013,-0.0019003308527299498,-0.0013435359599258056,-0.005872158317788865,-0.005419956347297001,0.3279558036775913,-0.013947011496470315,-0.0044209534811372716,0.04875000150033804,-0.010229463263477291,-0.0076836897418905625,-0.004365226610471959,0.1908049960750912,-0.004935011623881595,-0.00602561294463533,-0.0033562937143724915,-0.002688277695958898,,0.11314454640924564,-0.007528231985980052,-0.00494504457911694,0.19378118739193148,1.0,-0.001343535959925805,-0.015665584469180233,0.04001862624380642,-0.005302095529588232,,-0.007213946413153514,-0.008969849569871706,-0.007314618224731869,0.0006567634793954122,,-0.01366036799524975,0.10907404539544562,-0.012420457647488312,-0.008019093341479088,0.011882876669990366,0.11299323458957854,0.292605464083608,-0.01030031334908251,-0.004750949913291331,0.007666795748940912,-0.010937068170153533,-0.007390957795676221,-0.0013435359599258054,,,,,,,,,-0.001343535959925805,-0.0013435359599258071,,,-0.0013435359599258056,-0.0013435359599258047,-0.0013435359599258056,-0.0026397798728962267,-0.003401653839959268,-0.0013435359599258071,-0.0025501715417467763,,-0.00202584210826167,-0.0035578543603897355,0.04918203641110165,-0.0019003308527299485,-0.0040354364024788435,,-0.002327768543369354,-0.003557854360389736,-0.0026882776959589044,-0.0030060356049551413,0.04918203641110156,-0.0013435359599258067,-0.004815281203295006,0.10065326919225874,,
Platinum Glove,0.018847953165679714,0.013476675699874097,-0.005184773168620457,-0.011068148155470038,0.03528782202435257,0.03612256853369769,0.05489234049987137,,0.05324653460345354,0.046103896427783536,0.053334750768117584,0.06219791578295173,0.005219470619325069,0.07111255089249141,0.05838380648783099,0.009015474269398848,0.011267080341330263,0.030679492759850883,0.059762168799412575,0.046469138898955285,0.04425567561031128,-0.009724811637063327,0.06304026034119062,0.06340426025301839,,0.023475741449124732,0.030893169076464732,0.032492084807858555,0.03087631284063321,0.03411677796933317,-0.005339773057046229,0.03935207663114604,0.021712299192298296,-0.004632314935599851,-0.005558885916805173,0.0044717123728557,0.03672171423188809,0.01281293142391905,0.04395063097861295,-0.0066478191427143795,0.02687514777849283,0.020627121149461653,0.05586903257623012,0.06344663914008859,0.05929404851743387,-0.000828937901675322,0.052232964827590204,0.028783698465113267,0.01596772836351065,-0.00415409903770662,-0.0020758252970261635,-0.0044802965572801915,-0.0041798952059735476,-0.0019157414639978066,0.02611002658093341,0.030693467433583647,0.030052091234851395,0.0007201658321354776,0.03581445099802331,0.0055017697652830315,0.022010937210128232,-0.00029895366218236327,-0.0020294670318491558,,,0.05777972895754519,0.04299233689005302,-0.0015632336890117463,,,-0.0019978512417717976,-0.002260902085970564,-0.0037114902545000413,-0.0009466488637768789,-0.00042284753421346753,-0.000298953662182359,-0.001306629138616095,-0.001206008508311498,-0.0019698878474772603,0.06271640653260566,-0.0009837177961331484,-0.0020187634523300625,0.1313398294046079,-0.0017097176822405851,-0.0009713178659755141,-0.0012467652689172228,-0.001098102203348094,-0.001340774724624164,-0.0007468175971461973,-0.0005981756247257103,,-0.003077038512469931,-0.0016751263748023735,-0.0011003346621728586,-0.003145588064885828,-0.001343535959925805,1.0,0.10302975755448637,0.061868802498552956,-0.0011797829928561526,,-0.0016051938789332098,-0.001995904432871385,-0.0016275946241663636,-0.0028909936560077083,,0.08192352497423648,-0.005809886836644121,-0.0027637081629751114,-0.001784349204877079,-0.0013303595617335095,-0.002047798665041745,-0.0024049185761764805,-0.002291949370305007,-0.0010571461559554054,-0.002214465433482711,-0.002433635332831821,-0.0016445811395883294,-0.00029895366218236235,,,,,,,,,-0.00029895366218236224,-0.00029895366218236327,,,-0.00029895366218236273,-0.00029895366218236116,-0.00029895366218236284,-0.0005873842486517447,-0.0007569107960375504,-0.00029895366218236327,-0.0005674452670701435,,-0.0004507753683805449,-0.0007916673779306483,-0.0007328318408164473,-0.00042284753421346536,-0.0008979353936248071,,-0.0005179578005426817,-0.0007916673779306439,-0.0005981756247257122,-0.0006688807590989508,-0.0007328318408164461,-0.0002989536621823632,-0.0010714606777197336,-0.0022462903295795166,,
Player of the Month,0.21698162287312683,0.12015924549161316,0.008087300098156315,0.008038101004414112,0.21386776501736296,0.2123020188043871,0.34281071563757565,,0.3320938971961662,0.3585968908911968,0.3386102798501439,0.3773765020358838,0.08158148059992607,0.5250318015587495,0.4160231591368177,0.15525035844086313,0.24707297217663526,0.3949303526190769,0.4392780471672368,0.5948339359462839,0.2751494020731404,-0.09352192767726243,0.48361534186352423,0.3991825210087753,,0.32027326577385096,0.3592110874037547,0.3671997492808911,0.35820438789277326,0.34273370869686964,0.14120846159386383,0.4203010412082764,0.3984619229859705,0.15838529774794738,0.20120540883784171,0.4275261216453355,0.38120153940960927,0.48153097966440306,0.29106463597000354,-0.0031632595242965305,0.32954385674803244,0.2798673374105416,0.2934385187702015,0.3976636072812892,0.3562110594367668,0.23070627762178728,0.07218303455873097,0.03712751295194573,0.18419310749738096,-0.03128250473426928,-0.0241355632950986,-0.008823151452361778,-0.014556376977369693,-0.02190602254395565,0.2823887099726917,0.32150251419829035,0.3227820080154235,0.2550365911616048,0.14120146558898258,0.20584696793584994,0.2119878002182378,-0.0034857897272412325,-0.01821857847944354,,,0.15586052689951393,0.23919129828866081,0.10180972459220404,,,0.14419298483614137,0.07768777678531649,-0.04327585254332938,0.08171569779220712,-0.0049303881417297,-0.0034857897272412204,0.08889976509063253,0.06352165698307585,-0.010435608423988343,0.25483921866029374,0.4685532418035675,0.11632018227463256,0.18687870666062914,0.18311908766785195,0.11412673293724684,-0.01453724144052055,0.5481764401804496,0.026166294866754387,0.4273791703132938,0.07294780036273715,,0.396150935970967,0.05733362403483257,0.22421950797746132,-0.02897995364652692,-0.015665584469180233,0.10302975755448637,1.0,0.6793506269223913,-0.013756230336336463,,-0.01871650707527615,0.2636040402798093,0.04090359130075199,0.12758939027020672,,0.6926780821868663,0.4679227674604859,0.14585821856660994,-0.020805452198733893,-0.015511948105854094,0.340932442408492,-0.01614044709712272,0.2806775985107964,-0.012326288909530298,-0.01120944739090735,0.16171689774224932,-0.0045268806168853514,0.04977198391362252,,,,,,,,,0.129658644374918,0.1030297575544863,,,0.0497719839136225,-0.003485789727241226,0.02314309709319063,-0.006848880742743926,0.02488484010816279,0.023143097093190616,0.25452971372018685,,0.01883529229957146,0.051212057013421915,0.11112785280969797,-0.004930388141729697,0.03396474870979129,,0.055475802157888825,0.031064432937359734,0.04630696429924462,-0.0077991273356409685,-0.008544794814906824,-0.0034857897272412334,-0.01249319575573581,0.08533124234777364,,
Player of the Week,0.3758834856733027,0.19526200559818077,0.010889046683331204,0.027589475261472405,0.31923174463843323,0.3173816684905023,0.37034600488144764,,0.34555487897287473,0.3593447120228636,0.34670929230975334,0.4014743062545505,0.03463375888471515,0.5693698073521921,0.4313259479306162,0.14312171533173423,0.2696498697982082,0.3892466005698718,0.5080312873180001,0.5971943843742024,0.28995787902673736,-0.1287799027500417,0.575765674961839,0.46705198599874964,,0.4221895753862252,0.43062210562823006,0.4290542057046046,0.42752084110740773,0.41024057635424094,0.14067775975964342,0.48841971865956274,0.46395422318589924,0.19374571352025344,0.20197335013302517,0.4538147739281966,0.46463048557467496,0.44155426528507463,0.3208385933717403,0.06881254328816064,0.344949005748129,0.3564239111041382,0.31612754567604523,0.5079147199045505,0.4316418185851864,0.2262768576539308,0.048559465170414186,-0.015446884110838917,0.173596929490064,-0.056846382306909506,-0.040269075913697217,-0.014762131602980674,-0.03061896287530465,-0.035250817761637736,0.3961361133948398,0.4283324900445346,0.41827567501801177,0.3005786946717759,0.1734153873034761,0.25354057192449314,0.24303996292243785,-0.006788434744327422,-0.018942292101359712,,,0.17993645829385477,0.33687600020997016,0.1419448061928834,,,0.20353838135762783,0.1376049379572331,-0.08427797543256582,0.13431172198393126,-0.00960173182644231,0.00465443812948599,0.10457557674962129,0.09827712564129268,0.21840056805182959,0.2810413986023284,0.31162979494285575,0.15162968102616187,0.17911657773684245,0.19204122370140825,0.12479929457004633,0.18484622840391093,0.3632374808004128,0.09528871179070718,0.2688967418219088,0.08944910708056839,,0.2654965469056215,0.09408395480128347,0.1816808096278186,0.2401614628807538,0.04001862624380642,0.061868802498552956,0.6793506269223913,1.0,0.006756133696142915,,0.06258967664273526,0.260262594570888,0.07274119265885569,0.19701133474072682,,0.636363450375575,0.45600187463702746,0.21858623296753155,0.057174986355365026,-0.030208892593565483,0.2659408713363518,0.15360282113385101,0.2010551338250902,0.018706796140935615,0.05017385101044034,0.2313565953793675,-0.010066267342082156,0.06186880249855296,,,,,,,,,0.03898305675092616,0.061868802498552845,,,0.004654438129485963,0.004654438129485982,0.05042592962473953,0.029129894989718356,0.08421398595888682,0.05042592962473946,0.15001309872110039,,0.03807547765889189,0.038298846434180626,0.11893518761456667,0.022768439147135527,0.0368932039795693,,0.05432378618204399,0.06860103138777916,0.0436570764362015,-0.01006801476886265,0.07685992987497448,0.0046544381294859605,-0.01664030654338253,0.15337129965261692,,
Reliever of the Month,0.07075171077884865,0.09993702284982015,-0.011096234400166997,-0.004251677809955501,0.04168326086555981,0.03928069637334084,-0.026735501723034016,,-0.07592789925739327,-0.06602355960699886,-0.07034938831453298,-0.06677855593899205,-0.05192525828893371,-0.0444442059993544,-0.06402421454436283,-0.03908180377102626,-0.044196615310276764,-0.06131421600955298,-0.06901673419573433,-0.033699910543810226,-0.04911933524339023,-0.051263391898347256,-0.04473618900331833,-0.05289588597755624,,0.03625354451940953,-0.03633203276874583,-0.030675560912623363,-0.03382827083151833,-0.030834352425632518,-0.021072742151497032,-0.023255747220986934,-0.030572629323508998,-0.01828084773633085,-0.02193744346865961,-0.028591813881736955,-0.03324294773177753,-0.019175371471560787,-0.019617935784640658,-0.02623478136010844,-0.0201856180264839,-0.026639003544205134,-0.01983005951240235,-0.056182052413227185,-0.05409314207344162,-0.04932237784391729,-0.042088362314749286,-0.04654370096885457,-0.03995582258887047,-0.016393628897366685,-0.008191983211358446,-0.017680926343718116,-0.016495430227980973,-0.007560232517089123,0.043846604770309945,-0.03717426135901149,-0.023985771325474636,-0.024688641805459807,-0.015138317972067088,-0.016346809443169047,-0.019948515364212403,-0.0011797829928561526,-0.0080090361538282,,,0.02926918011336169,0.03161433150887719,0.03450444222411136,,,0.021674008475583397,0.047942843737405066,-0.014646929053973141,0.13912233036404761,-0.0016687145619641106,-0.0011797829928561544,0.0986238414284191,0.09635061439508825,-0.0077739144030623064,-0.0152500052917297,-0.0038821184432919773,0.05973326469466277,0.051280042493076015,0.029087866802382047,0.0328120523002725,-0.004920202179878319,-0.004333522106638975,0.020000730942659122,-0.002947221631094525,-0.0023606247993108957,,-0.012143145124480751,-0.00661067535834728,-0.004342332224349126,0.029970139632645373,-0.005302095529588232,-0.0011797829928561526,-0.013756230336336463,0.006756133696142915,1.0,,0.328099411299028,-0.007876585582120987,0.06032126148901242,0.000576715775707662,,-0.014407617370311737,-0.011224395161685132,0.011277915752501004,0.1122573285251652,-0.005250096532884583,-0.00808137963647375,-0.009490708408335546,-0.009044889658932386,0.549762949635242,0.037675270155251385,-0.009604035473354988,0.014191756253233143,-0.0011797829928561535,,,,,,,,,-0.0011797829928561533,-0.0011797829928561526,,,-0.001179782992856153,-0.0011797829928561537,-0.0011797829928561533,0.29315453807382774,-0.0029870531698975794,-0.0011797829928561526,-0.0022393513114340002,,-0.001778928243700265,-0.003124215644870959,-0.0028920286043905845,-0.0016687145619641137,-0.00354358899084478,,-0.002044055254705909,-0.0031242156448709514,-0.002360624799310899,0.09830070420224174,-0.0028920286043905793,-0.0011797829928561524,-0.00422838467961891,0.018921052471284342,,
Reliever of the Year,,,,,,,,,,,,,,,,,,,,,,,,,,,,,,,,,,,,,,,,,,,,,,,,,,,,,,,,,,,,,,,,,,,,,,,,,,,,,,,,,,,,,,,,,,,,,,,,,,,,,,,,,,,,,,,,,,,,,,,,,,,,,,,,,,,,,,,,,,,,,,,,,,,,,,,,,,,
Reliever of the Year Award,0.10184659586011861,0.05906936931306951,0.02208156057280141,0.027187892320387458,0.05259686850342005,0.04605516098690752,-0.03347201557434156,,-0.1023709512920459,-0.08941966051547996,-0.0952433009800343,-0.09081703698524315,-0.07044446739823851,-0.060414282215615935,-0.08678433432456777,-0.05306130650533077,-0.05983313267148937,-0.08282327651793912,-0.09087098149408587,-0.04585155952669043,-0.06659266350104841,-0.06615653341939054,-0.06106939468706632,-0.0714385191589006,,0.07325960326004763,-0.04659883291838711,-0.04113164376388006,-0.04448916126660594,-0.04139268106378705,-0.028671236082181025,-0.03164139788010802,-0.04116738218622194,-0.022672841939300213,-0.029847734870364684,-0.03796258190260435,-0.04043625093729954,-0.02608970386825432,-0.026691849797371645,-0.01810843395918426,-0.027464229180108633,-0.03295357278108961,-0.023895568718176424,-0.07450310120041463,-0.0692701653628983,-0.06649332520239758,-0.05347493436291858,-0.06137266938024486,-0.05328534799144304,-0.022304909393421106,-0.011145881392443076,-0.024056385718950333,-0.022443418656360768,-0.010286331497595119,0.08478018744530051,-0.04677625766778993,-0.024186436067976783,-0.03143565315784921,-0.01630365030402384,-0.03184262632794571,-0.026195135080087667,-0.0016051938789332094,-0.010896966550735254,,,0.08825621168521976,0.05223805228476007,0.09278735190011317,,,0.041794363749624766,0.08890314490627726,-0.019928377510925258,0.045685510641216995,-0.0022704263553306684,-0.00160519387893321,0.04830582156941017,0.11928684379301734,0.07027319904183052,-0.020748913398659415,-0.005281948290659739,0.013219510195989836,0.04131818823752793,0.0799644159008719,0.08594460131245107,0.02673742744814727,0.01142470484885731,-0.007199120309428475,-0.004009942634144492,-0.003211828362721449,,0.011447792975365146,0.031840346476975555,-0.005908107803745511,0.06189708448427147,-0.007213946413153514,-0.0016051938789332098,-0.01871650707527615,0.06258967664273526,0.328099411299028,,1.0,0.001446834822015062,0.0007485850616169347,0.010033697314638278,,-0.017888293337861103,-0.016935404846698022,0.024579934454512113,0.741435174776343,-0.00714319740954456,-0.010995395936670182,0.01779539800387907,-0.0123063322696285,0.4982735664949165,0.07608077983286562,-0.013067097125688541,-0.008830370430671822,-0.001605193878933211,,,,,,,,,-0.0016051938789332083,-0.0016051938789332094,,,-0.0016051938789332094,-0.0016051938789332098,-0.0016051938789332098,0.41686206128327086,-0.0040641367890545945,-0.0016051938789332094,-0.0030468255939108914,,-0.002420381328718849,-0.004250757859691988,-0.003934847884379991,-0.0022704263553306693,-0.004821350529717863,,-0.0027811089013174578,-0.004250757859691975,-0.0032118283627214504,0.0681521756838415,-0.003934847884379992,-0.0016051938789332092,-0.005753072596060704,0.08668284805993977,,
Roberto Clemente Award,0.13560277152244293,0.061662034436969486,0.05675212111215798,0.05392725641674885,0.17880598702300832,0.17555027530923098,0.18707328267184747,,0.17653328651414837,0.18009853344838092,0.17774962560836643,0.18527281333530718,0.06573608828502876,0.2135686877412263,0.18322567445598562,0.1081837784787107,0.1490822478532815,0.1788432084889735,0.2080588180287316,0.24056205061004635,0.1366483908134809,0.001980574146484843,0.22376501419943923,0.20030365824439406,,0.18545503887176168,0.1980677704357091,0.19592516121945067,0.21295751431421114,0.20974754257217182,0.1130346249059348,0.19270112118216254,0.19331491749562865,0.11484828968519306,0.1178347680531694,0.16897028763570573,0.18481539471408753,0.1364901912292625,0.10785013254220388,0.08880547948046395,0.15030260028573167,0.13563581549101253,0.16052629185104147,0.2175610639151417,0.1925472306515312,0.10405960891517511,0.05904903060390326,0.01322586936220384,0.10267361238904706,-0.01850281716640986,-0.013858833111312589,0.0004993315935668963,-0.0035342573046211164,-0.012790065364365236,0.1596500218213607,0.17793651508533653,0.17374004844439767,0.12387408635240404,0.11562557538103674,0.08597796104815632,0.15113310656446088,-0.0019959044328713847,-0.013549331410307841,,,0.16605351423292342,0.2022751445264478,0.1264008528569175,,,0.2054352789109289,0.13795422847128874,-0.0247790236033196,0.08980304766434509,-0.0028230571313442292,-0.0019959044328713856,0.3055085245802023,-0.008051674999556302,0.017464250710382965,0.23686740095049186,0.12371999956750156,0.19150829570462977,0.3700115118398942,0.036809166158655975,0.24008534416556068,0.05497477922757059,0.0582580348080554,0.059120025491353166,0.03714302216618993,0.07193018397109466,,0.11184825056697437,0.14344644446274366,0.22650415536542293,0.04919789063485758,-0.008969849569871706,-0.001995904432871385,0.2636040402798093,0.260262594570888,-0.007876585582120987,,0.001446834822015062,1.0,-0.010866310523099325,0.09360378953352741,,0.27751663312426483,0.3009548703864235,0.13081897044052904,-0.011912851181706673,-0.008881879978299258,0.11628729086254729,0.04208607350663425,0.1585736986246492,0.02275970408023845,0.02685590364897263,0.09780421862311105,0.016852202924852084,-0.0019959044328713873,,,,,,,,,-0.001995904432871385,0.14978355539412047,,,-0.001995904432871387,-0.001995904432871387,-0.0019959044328713878,0.02921359412407029,-0.005053363795818012,-0.0019959044328713843,0.1402581966335294,,0.1800782388277633,-0.005285409174909471,0.05711746221662228,-0.002823057131344232,0.09531263772996772,,0.08419807919156252,-0.005285409174909477,-0.003993600119530806,-0.004465648831334976,-0.004892605459178555,-0.001995904432871384,-0.007153393274050898,0.11587402981473091,,
Rookie of the Month,0.03880238869133116,0.14207670145597648,-0.025769979956116462,-0.0075854248924752095,0.0019840520263206124,0.0021372305425076373,0.0157299802174647,,0.015849604204866422,0.01557096235068236,0.017625774308437977,0.020878385156759816,-0.0191406912845538,0.03279815898740376,0.01221364904127697,0.01601445685916887,0.009870857197938804,0.011290252368901401,0.05725971316496761,0.053840212412253875,0.041213640977548004,-0.03850143133772769,0.04204773814726959,0.027381357715233957,,0.048937347385414755,0.04467060609805302,0.04078038856031051,0.04707286825732229,0.058368323272667166,0.02118481182958326,0.04181532951091791,0.05101128071786473,0.02026278049014093,0.03592150661157361,0.05034664054886324,0.0552799226137672,0.04675044785311586,0.030836734034766798,0.003945990435484939,0.017586582640576914,0.036154841876754426,0.010363085233400909,0.05361717934752294,0.03982679606941801,0.013233004093126138,-0.021417742740369783,-0.039909949828696285,0.004864800412322355,-0.01757096872841157,-0.011301424004926158,-0.009101806821518456,-0.012214823621546517,-0.010429878949579263,0.0487120358077853,0.045917380442055254,0.04587859528741328,0.03855882701026357,0.013106451536429583,0.0007595322587265834,0.03299401464295408,-0.0016275946241663646,-0.011049035515563006,,,0.009085323254663592,-0.019022976008530295,0.012836257527177462,,,0.06668945731501062,0.002613440742754495,-0.020206481304735475,-0.005153844212540791,-0.002302110529450622,-0.001627594624166363,-0.007113686269189818,0.1791659712562786,-0.0027644331390830547,0.057762760784324185,0.04545729260316303,0.006774981777568435,-0.012392239517476235,0.08472955989884651,-0.005288149760326822,0.009670111720429416,0.07076226484909845,0.3643762518003969,0.028795228973816846,-0.0032566499570660296,,0.024554451443223275,0.031084550978639887,0.004143114856225467,0.020519143462865184,-0.007314618224731869,-0.0016275946241663636,0.04090359130075199,0.07274119265885569,0.06032126148901242,,0.0007485850616169347,-0.010866310523099325,1.0,0.14781394997476455,,0.04595635999945671,-0.003550897920246735,0.043169860142648966,-0.009714539545335637,-0.007242881907112963,0.00011445063677335928,-0.0055345262722180455,-0.012478069165429359,0.017502609072377454,0.052903716312352064,0.07571241247545413,0.16472028212599069,0.11676222303802165,,,,,,,,,-0.0016275946241663646,-0.0016275946241663646,,,-0.0016275946241663644,-0.001627594624166365,-0.0016275946241663649,0.02264791831388674,0.18322116415444753,0.4719316760245857,-0.0030893445474122682,,-0.002454158149215929,0.04047725319456101,-0.003989759335355496,-0.0023021105294506222,-0.004888633271269133,,-0.002819919734564262,0.040477253194560886,0.23362923605038885,-0.003641590204215944,-0.003989759335355491,-0.0016275946241663644,-0.005833357672663322,0.0023535007954172274,,
Rookie of the Year,0.0882002841027964,0.04440020600860663,0.03922603291700506,0.043293823215233486,0.10218965914832041,0.08912898034551066,0.15095963966586437,,0.1498683350895069,0.1506892372681481,0.15029646392252746,0.14409599129930875,0.04800182926228723,0.1934298896829544,0.1531678614634793,0.07845998497738299,0.1452234333155694,0.14878780034439973,0.17369851647119897,0.20411780307185257,0.09689609082633097,-0.023611912076706043,0.2073171130534807,0.18587159876899972,,0.15429904967909439,0.17768563249848604,0.17327452147836075,0.17675040718843152,0.15763017448096855,0.06290768395005389,0.15937713190734004,0.16016139779228927,0.11174847748243995,0.09351848027114028,0.16993396172184894,0.15972700323943023,0.1314176617674936,0.10269281118805719,0.05231210330909377,0.08311759488775111,0.13837595802077607,0.14858874118548024,0.21658356167183196,0.1867003549692698,0.12169748649105616,0.06717869982148646,0.018238242017026517,0.1282411399775414,-0.010704814010084298,-0.007315047520232702,0.020464416522219704,0.012401604034399872,0.0012809433542012158,0.15347275665221785,0.17322350394981623,0.17203327169883945,0.13208293827636125,0.1267812827211082,0.12632310491386778,0.14000698263651828,-0.002890993656007707,0.010804141458646306,,,0.09714437011857376,0.09557649135326636,0.02321690798595254,,,0.1478283544503012,0.018331928763325605,-0.02939963618526669,0.12548636123552614,-0.004089093707518913,0.10340861923412159,-0.01263559216140221,0.012160952759710228,0.030981688623048443,0.11687417627590395,0.036110912433351315,0.060235155327839594,0.09158113203681718,0.034127064822463186,0.007875674951206333,-0.012056686165536052,0.023832819647658005,0.3207537650392644,0.0517885679878952,0.0473890746060207,,0.11241629134666926,0.037948936277014594,-0.0015418469493955515,0.034108892538783284,0.0006567634793954122,-0.0028909936560077083,0.12758939027020672,0.19701133474072682,0.000576715775707662,,0.010033697314638278,0.09360378953352741,0.14781394997476455,1.0,,0.13747720267040986,0.20066670830334774,0.056907764860639726,0.006838283127521122,-0.01286507422288972,0.09144067643726846,0.024250327418318576,0.16518162316259077,-0.010222998467487318,0.1389820680319441,0.5089785023792492,0.39343342527834985,-0.0028909936560077114,,,,,,,,,-0.0028909936560077088,-0.002890993656007707,,,-0.002890993656007711,-0.0028909936560077088,-0.002890993656007712,-0.00568022523656252,0.026322444787732373,0.10340861923412174,0.028140552984045917,,0.09181074874586734,-0.007655719453503916,0.03634234778513363,-0.0040890937075189196,0.06226793310599042,,-0.005008845533175543,-0.00765571945350392,-0.005784581876791274,-0.0064683269542993764,-0.007086757818101054,-0.002890993656007706,0.013449926998671412,0.030652510327030688,,
SIlver Slugger,,,,,,,,,,,,,,,,,,,,,,,,,,,,,,,,,,,,,,,,,,,,,,,,,,,,,,,,,,,,,,,,,,,,,,,,,,,,,,,,,,,,,,,,,,,,,,,,,,,,,,,,,,,,,,,,,,,,,,,,,,,,,,,,,,,,,,,,,,,,,,,,,,,,,,,,,,,
Silver Slugger,0.24032713274135445,0.17034269326062512,0.009512525764901,0.019166331146193146,0.2261746867685261,0.22424868070136886,0.35397986959334643,,0.3493906007364259,0.3686823803915317,0.3560911829449538,0.39822592901756626,0.08028550282592409,0.5087861276491275,0.41400342610175966,0.17517438862870455,0.25112821916363376,0.36923973898397283,0.4424535190664065,0.5377372215033253,0.31008504766877193,-0.0702519656519585,0.4843958208574331,0.43583251215792174,,0.3671419660595283,0.413906441805226,0.4182714656248297,0.4164947263923242,0.40722113869031995,0.14715812837245096,0.42483368527737847,0.4246703603083974,0.2085871960265754,0.19939613021751212,0.44709472499506236,0.42780153023511097,0.4233073632999781,0.31543677286792043,0.056201462859349564,0.3665157888546401,0.34529156157311025,0.3161175707307038,0.42405532523018497,0.37942282789550724,0.20108277104325833,0.14935577382482199,0.04954285512251646,0.18241188495485688,0.014584152994143788,-0.025240117487037597,0.08728968655723444,0.05729313754963694,-0.02339520925530655,0.33870058580314477,0.3791560305291648,0.3807125364010706,0.2780002373630071,0.23201820561470923,0.23739084254030038,0.23476246051362418,-0.003650849353023427,0.053081231730168814,,,0.20070963404657577,0.25725988010773554,0.10049210279027788,,,0.24191755654457203,0.09643149759167048,-0.045325057052248506,0.029085645509280837,-0.005163852603247563,-0.0036508493530234276,0.15136704862164066,0.06678131812330373,-0.0053565775186068185,0.3162071496713152,0.4256686545168079,0.06844691266623067,0.15223638966618422,0.1320583750659291,0.08545082251125108,0.0026184851187788342,0.43959152239949373,0.06997948745760946,0.31154043639170814,0.09971099268259681,,0.3306631611569119,0.09578531246420044,0.22828124782518744,-0.007493435691257175,-0.01366036799524975,0.08192352497423648,0.6926780821868663,0.636363450375575,-0.014407617370311737,,-0.017888293337861103,0.27751663312426483,0.04595635999945671,0.13747720267040986,,1.0,0.5461947951770374,0.11563281291192412,-0.021790635018946673,-0.016246472144838934,0.27215013139776967,-0.004783406090526683,0.20012401217566642,-0.00870712963642216,-0.009435406434962934,0.18998315986787817,-0.004391933446094411,0.06052993139242149,,,,,,,,,0.060529931392421535,0.14610430571968172,,,0.01774274422879157,-0.0036508493530234306,0.0391363378106066,-0.002502730020404196,0.05846369306047359,0.06052993139242153,0.2908569863937716,,0.12352786341438923,0.02270520638701074,0.13089751738019315,-0.00516385260324757,0.06043173896529621,,0.080161690737785,0.022705206387010766,0.035501411944342594,-0.008168432755697782,-0.00894940919067133,-0.0036508493530234267,-0.013084775391234222,0.1122344484512854,,
TSN All-Star,0.16743725268323184,0.028640200389381636,0.22212223513889567,0.21537254272628403,0.3717799110921964,0.33054531243765034,0.42832285424511557,,0.4135562838249073,0.4450953942482503,0.4310115183232228,0.43995770262663875,0.21434336129526582,0.55917868504246,0.49564821968607414,0.15479725253113322,0.2817508892370204,0.46321685510945704,0.4014078115461414,0.5245896243417453,0.2369259259134632,0.047035881568302934,0.43030685548947684,0.4527682332474439,,0.35770811916040657,0.3973146114611863,0.3904611038770463,0.40262719539848557,0.3703739697443142,0.18287136966686407,0.39507820521852177,0.40361694970605444,0.1686311701461878,0.21959337660813402,0.4086607387247878,0.3495775526215867,0.39911387970974943,0.19891338188375599,0.12335689315599534,0.30367953733346686,0.33207938897372963,0.41360659444012243,0.4047482954907724,0.34151558926685405,0.2595018478271855,0.19949751021864362,0.09525674940918046,0.24164131896725727,-0.0026931447513756546,0.044301103944825754,0.03809424954860312,0.03026547588915589,0.04625892046799383,0.3558797657832952,0.4068934110311744,0.400375657904759,0.2984331058453051,0.24763995763998656,0.2664611126460856,0.22917283934509403,-0.005809886836644124,0.0642540130055656,,,0.5144377821117014,0.3968324103767439,0.09261028190310173,,,0.30314729476789376,0.16913151146400934,0.2853173807630376,0.22107001254005507,-0.008217649200215026,0.009018397950092134,0.10763711928095805,0.02641131181367512,0.2019981017122637,0.4256958007965253,0.2184830796284736,0.12987886679970356,0.30040699568312107,0.05393190892743778,0.05339028096344229,0.0932668847896086,0.25419602751665266,0.02049556157928167,0.183046881856933,0.05513223638873929,,0.5920818814764275,0.08578192390194672,0.15757870447421218,0.09617741640795914,0.10907404539544562,-0.005809886836644121,0.4679227674604859,0.45600187463702746,-0.011224395161685132,,-0.016935404846698022,0.3009548703864235,-0.003550897920246735,0.20066670830334774,,0.5461947951770374,1.0,0.11837107803898664,-0.02907559948671687,0.23190604585354727,0.48358123072494513,0.23632887038095368,0.5094949583994726,0.002759833588176326,-0.016593395287799274,0.1885529420823001,0.10127373821879739,0.009018397950092146,,,,,,,,,-0.005809886836644122,0.068331537097037,,,-0.005809886836644118,-0.005809886836644122,-0.00580988683664412,0.008007811579887069,0.02752628556726935,0.038674967523564564,0.1250094536647986,,0.0404288150028203,0.012662670262246104,0.07663036424564174,-0.008217649200215024,0.0072928736136095434,,0.0327523447763659,0.012662670262246049,0.0032099508761919736,-0.012999076476283395,-0.0021256036202717847,-0.005809886836644122,0.20172228800590541,0.19196578667355718,,
TSN Comeback Player of the Year,0.11963467014114489,0.07157342135387428,0.02354112285392385,0.021169562995716575,0.13261721415981212,0.13031279052362957,0.08295553905041285,,0.07092855923653428,0.07830888251635912,0.0642629829199052,0.07380553793384688,-0.029162604796215862,0.1836429097232051,0.10723519541346752,0.037567729836556187,0.07517319207398221,0.11221486292842808,0.1726101313168356,0.16266706461537675,0.09157458067314081,-0.04653651481216119,0.1451619415787448,0.10479179473828504,,0.11500508687248287,0.10495123797180898,0.10906117044386865,0.09675755687124526,0.08996745051588675,0.05343087751671346,0.12707005922379225,0.11485821314569236,0.09035417117063661,0.08012533623174588,0.12545784302597116,0.12078438135841786,0.07847699744311852,0.07913770470844708,0.048413449029157694,0.08485143217808153,0.08972163844083797,0.05802072385905934,0.1408936089614125,0.10867321335279125,0.07236182567859462,-0.018970803929719292,-0.024307405839077915,0.04909837437746986,-0.0288379828561443,-0.01919018243971832,-0.021044952836349034,-0.024876190621813073,-0.01771027082776121,0.10378460464737671,0.10660592467893804,0.09907888932515581,0.08896443584126934,0.023446299281656393,0.06745968782084914,0.05035402543010267,-0.0027637081629751144,-0.006692333336222698,,,0.03884644907958338,0.12888129498685277,0.05650177269920341,,,0.045984580796298136,0.07829776081618439,-0.03431125692953472,-0.008751393688214303,-0.003909057923788839,-0.002763708162975114,0.010550761020473153,0.2975194129980035,0.08100776183149574,0.03368483991866375,0.004980292431587601,0.1732495646652278,0.07094257512216837,0.5311804916729901,0.05494658481551256,0.05685269032016324,0.0323603516267167,0.03172574923127119,-0.006904032800332034,0.043680300717474155,,0.05164322242031387,0.01792208509813113,0.031930811668903665,0.09320024986982614,-0.012420457647488312,-0.0027637081629751114,0.14585821856660994,0.21858623296753155,0.011277915752501004,,0.024579934454512113,0.13081897044052904,0.043169860142648966,0.056907764860639726,,0.11563281291192412,0.11837107803898664,1.0,0.020667260420504905,-0.012298647066621685,0.05594292946521761,0.09710302512811192,0.022157150576632336,0.048206029255113796,0.06049602710623903,0.06374554501819994,0.020875161740382484,0.09561254197867076,,,,,,,,,-0.0027637081629751114,-0.002763708162975113,,,-0.0027637081629751136,-0.0027637081629751123,-0.0027637081629751136,0.08047639287143923,0.024137102477383782,-0.002763708162975114,-0.005245806675171975,,-0.0041672396857994655,-0.007318651254432153,-0.006774740024148093,-0.00390905792378884,-0.008301056956684344,,-0.004788314653804899,-0.007318651254432164,0.043680300717474085,-0.006183537610758949,0.07360923203542438,-0.0027637081629751127,-0.009905229458318308,0.05194051128848445,,
TSN Fireman of the Year,0.05230679723385697,0.005251085851905548,0.0090574426213598,0.011994285189143689,0.07229795089610845,0.07376923037703842,-0.038586735634557376,,-0.11160513667646954,-0.09862375557808128,-0.10477783627495772,-0.10034189348311481,-0.07808594197865622,-0.06698522482987143,-0.09570125021793359,-0.05896706999013245,-0.06656176347461394,-0.09126426734691213,-0.09593036591169381,-0.05096904171986843,-0.07315270437327077,-0.06634712691395861,-0.06752645753270632,-0.07825425981001563,,0.023476364186968874,-0.05372076658266643,-0.046394898939072664,-0.05098388339444887,-0.046635061334780105,-0.031871226259648236,-0.03517288714438174,-0.046239221242153204,-0.02764865769410017,-0.03317903381161175,-0.04257943469492906,-0.04717146722308068,-0.029001569818928492,-0.029670921119068282,-0.030635120991535716,-0.030529505590101837,-0.040289854219500376,-0.028202971335449085,-0.08108656325988862,-0.0739962013709975,-0.07367210058971681,-0.055754778629686856,-0.0655764252756642,-0.058094654932991374,-0.02479435528838211,-0.012389870694920351,-0.026741313490649985,-0.024948323538845962,-0.011434386630625579,0.033503389426019145,-0.05549320525895563,-0.03908385408357385,-0.037380036623576786,-0.0253101313215156,-0.03974450569224603,-0.02998500315691562,-0.0017843492048770803,-0.01211317452400127,,,0.06900066643586245,0.06904342018070488,0.0588046821497443,,,0.007881575147718246,0.04366077963789174,-0.022152579219740058,0.042212104598032416,-0.0025238281275771135,-0.0017843492048770803,0.02697109938822114,0.026677023068064572,0.07462759739568042,-0.02306469493240695,-0.005871465345297862,0.021973428453706336,0.036889381101099926,0.013807207395606116,0.018757333883611695,-0.007441503141392407,0.017939826012942323,-0.008002612499669036,-0.004457491425019413,-0.00357029980019139,,0.012397511909432946,0.015666593685548045,-0.006567510380084102,0.046763598019842104,-0.008019093341479088,-0.001784349204877079,-0.020805452198733893,0.057174986355365026,0.1122573285251652,,0.741435174776343,-0.011912851181706673,-0.009714539545335637,0.006838283127521122,,-0.021790635018946673,-0.02907559948671687,0.020667260420504905,1.0,-0.007940448057571492,-0.012222589591448632,0.02424653911833233,-0.01367983923216693,0.11246589477800994,0.06971803669567946,-0.014525512881826814,-0.00981592607817,-0.0017843492048770792,,,,,,,,,-0.0017843492048770808,-0.0017843492048770803,,,-0.0017843492048770803,-0.0017843492048770808,-0.0017843492048770808,0.12848519331463337,-0.004517734177307452,-0.0017843492048770805,-0.0033868811096558205,,-0.002690519541645049,-0.0047251839834495275,-0.0043740153672102555,-0.002523828127577115,-0.0053594603723839266,,-0.003091507837072226,-0.004725183983449522,-0.0035702998001913926,-0.00399231386544362,-0.004374015367210258,-0.00178434920487708,-0.0063951717279182195,0.05175686005143216,,
TSN Guide MVP,-0.05936598398020588,-0.03228832893947817,0.11264074522049469,0.1319944859097886,0.05181632178873754,0.03200691254749092,0.07981818431078752,,0.08599400985036755,0.12184091193652725,0.1057302476983568,0.11866760394700654,0.12655858092093142,0.13868481933293117,0.15095166163348112,-0.003127636441527987,0.022913341102249553,0.1147159769440347,0.03191069114493813,-0.029326814048697563,0.006499494247543645,0.04457798416958383,-0.04566664824320512,0.03740836099713307,,0.04078913256759781,0.054915915939672585,0.06934896708451468,0.07018069209726377,0.06144133669897662,0.07162619852512547,0.08451459602578522,0.09028955900183715,-0.0104347958827637,-0.01121264192802435,0.05941197541357208,0.024885830868993132,0.06930587031249195,0.022099421543101738,0.03145033308949462,0.008378834135916634,0.05752688237275861,0.08625248445860029,-0.06150088933517347,-0.06945832084953922,0.13129233653062305,0.037489886178301,0.03409346508493937,0.12158959522254326,-0.008183862643209031,-0.009237532038334767,-0.019937555943849175,-0.01860075408917026,-0.008525150539498002,0.04747959627787268,0.060804384595830846,0.06130933278785157,0.0903165652747524,0.021627581876834556,0.02809391453021254,0.06106373677296915,-0.0013303595617335147,-0.00903123531364035,,,0.19584057142593067,0.05557867394864564,-0.0069564723516654025,,,-0.008890543380569112,-0.010061133508976436,0.3572801951512798,-0.004212637364386981,-0.0018816938256912008,-0.0013303595617335114,-0.005814568570620773,-0.005366801459637172,-0.008766104801336837,-0.017196374654650515,-0.004377596068165409,-0.008983603820337865,0.00845205678074333,-0.00760833384622047,-0.0043224157250660155,-0.005548171193599609,-0.0048866127122191095,-0.005966518228989989,-0.003323377689978698,-0.0026619130742219577,,0.3503170000119278,-0.007454400703982464,-0.004896547271715761,-0.013998032768178504,0.011882876669990366,-0.0013303595617335095,-0.015511948105854094,-0.030208892593565483,-0.005250096532884583,,-0.00714319740954456,-0.008881879978299258,-0.007242881907112963,-0.01286507422288972,,-0.016246472144838934,0.23190604585354727,-0.012298647066621685,-0.007940448057571492,1.0,0.09676034459350709,-0.01070201448495819,0.06334993493163382,-0.004704356141545464,-0.009854487956615131,-0.010829805566423841,-0.007318472796507603,-0.0013303595617335114,,,,,,,,,-0.00133035956173351,-0.001330359561733515,,,-0.0013303595617335125,-0.0013303595617335118,-0.0013303595617335125,-0.0026138908816203993,-0.003368292957299953,-0.001330359561733515,-0.0025251613621200446,,-0.002005974160481069,-0.0035229615795777775,-0.0032611403367864456,-0.0018816938256911997,-0.003995859853354184,,-0.0023049395264008597,-0.003522961579577796,-0.0026619130742219677,-0.002976554650747345,-0.0032611403367864564,-0.0013303595617335147,0.27567189268260395,-0.009996110422499913,,
TSN Major League Player of the Year,0.04948591323140309,0.0035546079656819606,0.08498570024611239,0.09052131896905104,0.14521918636381995,0.12366854641611268,0.1764845067168027,,0.16673463976462538,0.2038798234685533,0.1753569140677355,0.1824050857580876,0.07702425692954415,0.298481057775999,0.22609277762561383,0.08417158290370023,0.11448077974012041,0.2504837588959448,0.18056780396972263,0.31844850838242084,0.1154510461730443,-0.01517023074991747,0.19055966284975662,0.18870489694936526,,0.13014063298906858,0.14259693404426693,0.16055728997698057,0.14051044057959983,0.14593545081871118,0.06597093290124459,0.18002388153059903,0.14643368386303124,0.10406489019369702,0.09145846765603677,0.20508198768235344,0.14335347248428498,0.25084921221293116,0.11488544274066087,0.02848262603583229,0.10496189226733108,0.08659664353013295,0.17349271048927495,0.17798526659508168,0.1528907610937641,0.09767737034237563,0.06680871752972019,0.030239161439039583,0.1047014159981685,-0.021328433170632696,0.01556113328430184,-0.02190495565132547,-0.017721131279492614,0.013090353517193832,0.1384858310637312,0.1596294956898396,0.15765583187368482,0.0826633802023046,0.09640273355351521,0.08832570096320609,0.0835890944654577,-0.0020477986650417447,-0.010009816951146059,,,0.22808556414572315,0.16459202100788112,0.0236108762062203,,,0.16089628678190238,0.16444100619356525,0.12319534962819324,0.114054047263664,-0.0028964576307826755,-0.0020477986650417447,-0.00895026134227617,0.013067202126072014,0.12087934465928989,0.15469120233099048,0.3336381058471629,0.12897877894663465,0.12423894927781852,0.03364308521456759,0.008806536894297369,0.031148009510193853,0.42428539870494025,-0.009184154732087661,0.39110777482384773,-0.004097435157113436,,0.5433871632574924,0.03700212497278867,0.0006086214135927561,0.049976886971311266,0.11299323458957854,-0.002047798665041745,0.340932442408492,0.2659408713363518,-0.00808137963647375,,-0.010995395936670182,0.11628729086254729,0.00011445063677335928,0.09144067643726846,,0.27215013139776967,0.48358123072494513,0.05594292946521761,-0.012222589591448632,0.09676034459350709,1.0,0.14149853738078244,0.4790832098842056,-0.007241331218745681,-0.0021145858099554963,0.06675886742530547,0.05853728691444565,-0.0020477986650417465,,,,,,,,,-0.002047798665041745,-0.0020477986650417443,,,-0.0020477986650417447,-0.0020477986650417447,-0.002047798665041745,-0.004023515455454939,-0.005184753069644227,-0.0020477986650417447,0.17674760364133765,,-0.003087760125983319,-0.005422831711941252,0.11162116317461948,-0.002896457630782676,-0.006150755561699597,,-0.003547952163410041,-0.005422831711941251,-0.0040974351571134325,-0.004581757304981284,-0.005019814958508812,-0.0020477986650417443,0.26978607445322655,0.11355847755664052,,
TSN Pitcher of the Year,0.11000633645682488,0.035611353378690265,0.11339464532011842,0.10275579984660926,0.15287251232793433,0.1343087118472373,-0.10750865688350057,,-0.11847829444539319,-0.11778921988956917,-0.12176509851556601,-0.11958199303648047,-0.09788733416182732,-0.08318461069677066,-0.11278185381000978,-0.07760961053427005,-0.0857208221408403,-0.10870232407639889,-0.06704877929628486,-0.06860122325769279,-0.08898696567745151,0.03932769628435813,-0.07427203530555496,-0.08583126262223892,,0.020378834221334467,-0.03263932503438191,-0.04598129207633246,-0.05057932758009368,-0.04679188800524831,-0.0387847707092113,-0.04105042338720152,-0.04231536597290797,-0.03492777256045465,-0.044718194473950666,-0.04126443591654288,0.010424375767662438,-0.03908787237676664,-0.03218150622348325,0.113372434587222,-0.030935174884295043,-0.02895743636162135,-0.10070427758487407,-0.03179911697429272,-0.06379252357241506,-0.09462272140676167,-0.048895534652146654,-0.07316528471995812,-0.07022189193467081,-0.033417452959527395,-0.016698878285257658,-0.03604153345614506,-0.03362496901337467,-0.015411091472462009,0.030624952821796086,0.032206848049603325,0.007238638192439377,-0.042994238342283136,0.01311453359666987,-0.0029859554413692877,-0.03142685816140017,-0.0024049185761764826,-0.016325951416693248,,,0.16738004393014264,0.1527705328079699,0.02197074281137976,,,0.050875955143286675,0.1911057812059432,0.009702853852609978,0.053053061243423225,-0.003401576961783682,-0.002404918576176484,0.04825278498713161,0.004611291549682087,0.7828470328928387,0.09048768210950509,-0.00791347121947244,0.05084475547743323,0.09258839073261066,0.047119304441146787,0.012936048496926505,0.5315286937895127,-0.001934161072241533,-0.010785798769541832,-0.0060077387889525095,-0.004811995481899479,,0.06437668189544975,0.0515879287170409,-0.00885159007504039,0.4842157021396078,0.292605464083608,-0.0024049185761764805,-0.01614044709712272,0.15360282113385101,-0.009490708408335546,,0.01779539800387907,0.04208607350663425,-0.0055345262722180455,0.024250327418318576,,-0.004783406090526683,0.23632887038095368,0.09710302512811192,0.02424653911833233,-0.01070201448495819,0.14149853738078244,1.0,-0.018437478156531843,0.016588365738309522,0.03474861287487391,-0.01957726417145046,0.03361337773608768,-0.002404918576176484,,,,,,,,,-0.0024049185761764805,-0.002404918576176483,,,-0.0024049185761764852,0.06145903028006558,-0.0024049185761764857,0.00921702707867414,-0.006088933049392931,-0.0024049185761764818,-0.004564786575211653,,-0.0036262411010034115,-0.006368530726266745,0.02019662484062509,0.08692918902336083,-0.007223398745379395,,0.06959910498372418,0.04195143256191583,-0.004811995481899487,-0.005380779586579685,0.2289314718421138,-0.0024049185761764818,-0.00861931467465683,0.1864618360293442,,
TSN Player of the Year,0.035294071225493724,-0.03918374950552143,0.07826927586399542,0.07341770554736118,0.16025449004787498,0.14736025748708143,0.2700938501922475,,0.2606697801485328,0.27914339142525596,0.2682970030020984,0.2577126078345345,0.1563650874158067,0.37558494177597906,0.31237119351204984,0.10416911982403856,0.1763180310509772,0.29865185169744674,0.2462034436247563,0.4077629913023499,0.1391563247375011,-0.026935698436226535,0.2939352107372773,0.3014690985940151,,0.12283202275546536,0.1527555809561257,0.16106244248260118,0.16184249685345206,0.1544052912513793,0.10585800032045546,0.17570441617764074,0.15749087827129737,0.07575436397430181,0.10950457447085973,0.16670104625339593,0.12508402502877228,0.1963396184891195,0.0437986069323607,-0.007016654783220767,0.10173655485508191,0.09300083993368877,0.26305096219102486,0.26854176758018267,0.24205500638178887,0.15949619483448757,0.0663415070721718,0.05262812045597222,0.12054381078869018,-0.017551336668221958,0.01937817558433107,-0.019227410844286235,-0.013624438805840815,0.013163323243305337,0.12539792760993806,0.15001155657556872,0.14984102010053496,0.08784722922780759,0.06276927272113374,0.09709271593244906,0.04975449732127717,-0.0022919493703050064,-0.0011398336384194892,,,0.2765449983977355,0.18342843262988068,0.01980339692928232,,,0.21569333934779564,0.0826622226558342,0.049988096988541356,0.13230430938837243,-0.003241790492549304,-0.0022919493703050064,-0.010017364596278288,-0.00924594942583748,-0.015102284342791929,0.27546802191206204,0.06812443090611627,0.1564816855385233,0.300459453936484,0.0008956071768227138,-0.007446677036960274,-0.009558414010228382,0.08681085865190818,-0.010279144143578627,0.09214227566695993,0.08360144500310379,,0.5710104551956638,-0.012842474689497648,0.03683471946086002,-0.024115873115333156,-0.01030031334908251,-0.002291949370305007,0.2806775985107964,0.2010551338250902,-0.009044889658932386,,-0.0123063322696285,0.1585736986246492,-0.012478069165429359,0.16518162316259077,,0.20012401217566642,0.5094949583994726,0.022157150576632336,-0.01367983923216693,0.06334993493163382,0.4790832098842056,-0.018437478156531843,1.0,-0.008104685685316547,-0.01697735568376108,0.12485605032058246,0.10053788784543481,-0.00229194937030501,,,,,,,,,-0.0022919493703050073,-0.0022919493703050073,,,-0.0022919493703050095,-0.0022919493703050077,-0.00229194937030501,-0.00450322283726775,-0.005802910088778549,-0.002291949370305007,-0.00435035922640957,,-0.0034559012061159333,-0.006069373879194483,-0.005618307077550212,-0.003241790492549305,-0.0068840851286764366,,-0.003970960068300533,-0.006069373879194502,-0.004585955684281235,-0.0051280215918238815,-0.005618307077550212,-0.0022919493703050064,0.16949341170700616,0.0913571666660617,,
TSN Reliever of the Year,0.11565654638847679,0.10467677138119226,0.034694576794629554,0.03892403770836823,0.03987070561445585,0.02503873444027799,-0.02473437323755907,,-0.06725304097896255,-0.058685082880353456,-0.0625511568404427,-0.05943346782377987,-0.046388947102589936,-0.03976221039635529,-0.05703071578431278,-0.034927155498808815,-0.039287181063098135,-0.054201303913377234,-0.05968117960919291,-0.03019685069470544,-0.0437279069350105,-0.040083951106889816,-0.04024019778311245,-0.046756919270050365,,0.09557782909107901,-0.02815426597269331,-0.026003712569489183,-0.02723948725425218,-0.02625628066042307,-0.01888225927631308,-0.020838343939014965,-0.02634239683574391,-0.010988073998832757,-0.01965707606806474,-0.023893383862258446,-0.022866769648574602,-0.017182117697003466,-0.017578678051889448,-0.0039120954917286725,-0.01808735049707859,-0.01580236619589991,-0.018641225183856223,-0.04863158052147586,-0.04718906678570367,-0.0438385692365757,-0.036788122087242636,-0.04189711086723637,-0.03562102019938303,-0.0146895334785723,-0.0073404377025078115,-0.015843018106865708,-0.014780752699379568,-0.006774356633351044,0.10525377368980915,-0.02584823552207167,-0.005009643694577378,-0.018691327973885216,-0.00297408004780005,-0.011149869518882938,-0.01555467722828008,-0.0010571461559554034,-0.007176507742691011,,,0.04354112301465443,0.023451025332458065,0.10077179471588302,,,0.07018534872044131,0.09108261242938458,-0.01312440070734867,0.058878736320242785,-0.0014952539536923577,-0.001057146155955405,0.0857889031597879,0.17190151154784894,0.01946008694809643,-0.013664787990732848,-0.0034785775131020843,0.02235016949676419,0.04444959379339924,0.11882658195624478,0.1561847809063115,0.050227136541588044,-0.0038830583798216706,-0.00474118576033359,-0.0026408619525167807,-0.0021152410632764448,,-0.010880881710691556,0.027443577095736735,-0.003890952697782855,0.04000103865853366,-0.004750949913291331,-0.0010571461559554054,-0.012326288909530298,0.018706796140935615,0.549762949635242,,0.4982735664949165,0.02275970408023845,0.017502609072377454,-0.010222998467487318,,-0.00870712963642216,0.002759833588176326,0.048206029255113796,0.11246589477800994,-0.004704356141545464,-0.007241331218745681,0.016588365738309522,-0.008104685685316547,1.0,0.019125575504956704,-0.00860570905310087,-0.0058154919969237205,-0.0010571461559554045,,,,,,,,,-0.001057146155955405,-0.0010571461559554034,,,-0.0010571461559554043,-0.001057146155955406,-0.0010571461559554048,0.6414334142562336,-0.002676553057055847,-0.0010571461559554034,-0.0020065737894602678,,-0.0015940110731682145,-0.0027994576793782893,-0.0025914061658433734,-0.00149525395369236,-0.003175237736635345,,-0.001831578492110257,-0.0027994576793782854,-0.002115241063276443,0.17350535007020576,-0.0025914061658433712,-0.0010571461559554032,-0.003788849845290897,0.06467437242207669,,
TSN Rookie Pitcher of the Year,0.06675973099848988,0.06285570590046141,-0.027012557623043908,-0.010036156612004571,0.05046570874255817,0.04580718102185124,-0.10930813232165265,,-0.12599801125472038,-0.11672537510988143,-0.12269329113649118,-0.11795239058850018,-0.09478003048740449,-0.07926218960410784,-0.11229130133685838,-0.0725205150826159,-0.08068286360238063,-0.1088153559320698,-0.09273224294563374,-0.06210976084751442,-0.08654615312541815,-0.017745961331108256,-0.07705054020400104,-0.08837849352866702,,-0.017003164578398084,-0.05659282259152856,-0.05205502983166276,-0.05706013554560852,-0.053083317419406216,-0.039553764858241115,-0.03992742958849101,-0.05150726876707536,-0.03431334885482725,-0.03784160592016781,-0.04764000161676421,-0.042444481504055366,-0.035992379577503626,-0.03682307757818921,0.041062796058044346,-0.029112206980168014,-0.03685759259155873,-0.10179049831810676,-0.04916485209086923,-0.072155273450947,-0.08875889839596902,-0.062303969520304064,-0.07578597337258525,-0.06975343270525379,-0.030771018689356815,-0.015376441059983904,-0.03318728991450337,-0.030962100887602477,-0.014190638176310059,-0.007530809543098997,-0.030736297091849205,-0.03694127027032579,-0.04594486756931019,-0.0259706974544171,-0.04828795204540398,-0.036363513803522485,-0.0022144654334827125,-0.015033047454963885,,,-0.0037835625835499127,0.04448048908656007,0.0626445253459254,,,0.021161183416080514,-0.016747376437277684,-0.027492444197872765,-0.007012194368774184,-0.003132195275058798,-0.0022144654334827086,-0.009678707531876964,0.021818749143997136,0.04076417403247452,-0.012184787769528357,-0.0072867782917802925,0.026227544534983844,0.019796663015809925,0.030931706500223283,-0.007194927211879695,0.009839555963907183,0.006689783470162503,0.02083804598422486,-0.005531966867119529,0.06420728791626751,,-0.014813660270072275,0.01089034538039655,-0.008150604534686402,0.1670871206742422,0.007666795748940912,-0.002214465433482711,-0.01120944739090735,0.05017385101044034,0.037675270155251385,,0.07608077983286562,0.02685590364897263,0.052903716312352064,0.1389820680319441,,-0.009435406434962934,-0.016593395287799274,0.06049602710623903,0.06971803669567946,-0.009854487956615131,-0.0021145858099554963,0.03474861287487391,-0.01697735568376108,0.019125575504956704,1.0,-0.018026878422953786,-0.012182048748258546,-0.00221446543348271,,,,,,,,,-0.0022144654334827108,-0.0022144654334827108,,,-0.002214465433482711,-0.002214465433482709,-0.0022144654334827125,-0.0043509823740444644,-0.005606731096114081,-0.0022144654334827116,-0.004203286623576047,,-0.003339067547315184,0.04604472398020588,-0.005428368959245596,-0.0031321952750587986,-0.006651354849334062,,-0.003836713813543551,-0.0058641865446488585,-0.004430918271537952,-0.004954658555889394,-0.005428368959245598,-0.0022144654334827108,-0.00793672376121938,-0.016639141504765944,,
TSN Rookie Player of the Year,0.12017423334971093,0.044794606467463034,0.021504179948216857,0.017391840866158234,0.09861106914974828,0.09153354110239151,0.18824759539470556,,0.18669187228132086,0.18494373299601655,0.18789932922011968,0.191926397303237,0.07114124624468746,0.2006091659814715,0.18135560164793965,0.13481745082597454,0.19696399146428206,0.18594380256326884,0.21139174920730916,0.22346000536116686,0.13485836317988784,-0.03563647287472132,0.2563698390141252,0.20708308389415758,,0.18677936301343612,0.2129952391012425,0.2156504475054562,0.21502639513819488,0.18583075867625726,0.12425101345426473,0.19228481167249617,0.19083616124044464,0.1513650320077847,0.16180937410953278,0.21432371848582868,0.18866861604780982,0.161847164137587,0.13108549402033906,0.058313059106413885,0.1346430312837651,0.17134399374452455,0.1743089492134332,0.24391280023205378,0.21898015643455043,0.15593698776702122,0.05976026953250323,0.02160214779088752,0.11706164378323893,0.014646181253330325,-0.0028282509453156214,0.08229476032185326,0.06338806353262337,0.0067327573893126,0.17908653353245554,0.20226583851623714,0.2033176274587834,0.15745063193501546,0.12944522218031734,0.1325851162959301,0.1407843415569641,-0.002433635332831817,0.014218076923344439,,,0.10768138880189931,0.10266410512895757,0.03245176315364653,,,0.18072385980191255,0.028966475514388513,-0.03021342423061688,0.11130130756084249,-0.003442194660371731,0.12284242349263387,0.018181312808113925,0.018258917452025965,-0.016035892092241148,0.11029666475355283,0.045760563738913324,0.07756174983009818,0.08187400788085888,0.045786566444283215,0.05314735910371671,-0.0101493053740672,0.04519712191593916,0.2981026487742658,0.028693049486165436,0.057796682355619515,,0.08422490587619802,0.05017807624761025,0.012488923686063549,-0.02560669169046843,-0.010937068170153533,-0.002433635332831821,0.16171689774224932,0.2313565953793675,-0.009604035473354988,,-0.013067097125688541,0.09780421862311105,0.07571241247545413,0.5089785023792492,,0.18998315986787817,0.1885529420823001,0.06374554501819994,-0.014525512881826814,-0.010829805566423841,0.06675886742530547,-0.01957726417145046,0.12485605032058246,-0.00860570905310087,-0.018026878422953786,1.0,-0.013387729522341706,-0.0024336353328318176,,,,,,,,,-0.002433635332831821,-0.002433635332831818,,,-0.0024336353328318185,-0.0024336353328318207,-0.0024336353328318185,-0.004781607460609617,0.033486143792773836,0.12284242349263366,0.03501187948377394,,0.10966848118464159,0.08834026973882995,0.04521637870911363,-0.0034421946603717356,0.0763077711266937,,-0.004216440752438765,-0.006444576355806912,0.05779668235561942,-0.005445030634217853,-0.005965625066493369,-0.002433635332831818,-0.008722236563364311,0.0434389297824368,,
TSN Rookie of the Year,-0.039448870686832324,0.0019042663953590126,0.03430159860938664,0.02946455321886434,0.03479383292405213,0.031052415111393932,0.08743605265378473,,0.08748909855065472,0.09089015884411875,0.08674726629284442,0.07839453933252145,0.043111587738169754,0.12164687033637128,0.09109591605873837,0.026859500432226874,0.06217778020230135,0.10345085008021224,0.08460138242118616,0.10540867401350396,0.07479430038209746,-0.013996460802182488,0.0957184470904015,0.1110376695932051,,0.011869631316396708,0.02510424293651532,0.02276741232666389,0.01555047530235655,0.02621669089409509,-0.0114062113161818,0.02399918576842282,0.019750992639232356,0.009750909509819035,0.009545794396670044,0.03426777657425689,0.01570058248821672,0.002434743142662907,0.02199272392070934,-0.014621631012461231,-0.010539964789533347,0.0205984646934756,0.0900740470649297,0.11123252667401856,0.09511192806910569,0.056320679404672454,0.021949233459769377,0.008242060724419334,0.04981912097919856,-0.016705080375002793,0.00556459985670473,-0.012438427268817217,-0.013630798924095232,0.013237143761127243,0.01905502063160627,0.02973810247276758,0.027199984094306295,0.009890295096419593,0.021865099856316416,0.011221298690511763,0.023808453955267567,-0.0016445811395883311,-0.011164349617364674,,,0.0869758541085853,0.028550309762554685,-0.008599542226546028,,,0.08515066959874348,0.03380236798069979,-0.010815609162697415,-0.0052076327007176855,-0.0023261366815593583,-0.0016445811395883298,-0.007187928798456293,-0.006634402243054937,0.013829562066376444,0.05443750648545138,-0.005411553490892225,0.016419639947153824,-0.012521572070281956,0.01973385718158859,-0.0053433399385958745,-0.006858610233395586,-0.006040796288573489,0.2805496249519437,-0.00410833614150581,-0.003290638232708044,,0.0790699676316741,-0.009215077755918158,0.009647385249907455,-0.01730426972080291,-0.007390957795676221,-0.0016445811395883294,-0.0045268806168853514,-0.010066267342082156,0.014191756253233143,,-0.008830370430671822,0.016852202924852084,0.16472028212599069,0.39343342527834985,,-0.004391933446094411,0.10127373821879739,0.020875161740382484,-0.00981592607817,-0.007318472796507603,0.05853728691444565,0.03361337773608768,0.10053788784543481,-0.0058154919969237205,-0.012182048748258546,-0.013387729522341706,1.0,-0.0016445811395883294,,,,,,,,,-0.0016445811395883294,-0.0016445811395883298,,,-0.0016445811395883305,-0.0016445811395883292,-0.001644581139588331,-0.003231273535745006,-0.004163860079274815,-0.00164458113958833,-0.003121586727387054,,-0.0024797711579040865,-0.004355060343023629,-0.004031398762933868,-0.0023261366815593583,-0.004939653865231402,,-0.0028493500419323544,-0.00435506034302363,-0.0032906382327080527,-0.0036795959381044035,-0.004031398762933861,-0.00164458113958833,0.03519351245565089,0.03283077839695193,,
This Year in Baseball Best Bounceback Player,0.02689506957404575,0.013476675699874086,-0.005184773168620472,-0.011068148155470038,-0.007526654777356096,-0.009936698379035967,0.017328207532938622,,0.018774452004262518,0.018778578539306385,0.019100182200579754,0.022947937333401138,-0.0083522249590193,0.04380742209786914,0.02866665831961634,-0.0070888672217695285,-0.005315245710555777,0.030624924330944464,0.03384549366933196,0.07200884631615369,0.06004346143652072,-0.014444402577321986,0.032661505964773734,0.030052309718445344,,0.04394108632578125,0.05007933458983983,0.024942362641675233,0.033599568310616626,0.027128425408244103,-0.00533977305704623,0.03935207663114605,0.02439041889213352,-0.004632314935599852,0.01875488176637148,0.036692903758002,0.05660841033598554,0.08350059596544127,0.11733327132514029,-0.006647819142714387,0.026875147778492838,0.10275922828880962,0.012034892595061198,0.023103025709544926,0.020283367952792133,0.04550954413068012,-0.00266689568618245,-1.2670249235074496e-05,0.04132413470558595,-0.00415409903770662,-0.0020758252970261653,-0.00448029655728019,-0.0041798952059735476,-0.0019157414639978112,0.04087927780023999,0.04646836846355661,0.04629482051140598,0.08996738339973892,0.0072007185579516545,0.018484084035125834,0.07368207559068628,-0.0002989536621823632,-0.0020294670318491566,,,-0.005174023270376085,-0.007787049410035511,-0.0015632336890117435,,,0.1290768596399622,-0.0022609020859705653,-0.003711490254500045,-0.0009466488637768781,-0.0004228475342134674,-0.0002989536621823624,-0.0013066291386160953,0.22297757309225882,-0.001969887847477262,-0.0038643080616257686,0.14212583637175924,-0.002018763452330065,-0.0022761843344671975,0.1571990424504539,-0.000971317865975514,-0.0012467652689172248,0.10696807345555578,-0.001340774724624163,-0.0007468175971461983,-0.0005981756247257109,,-0.003077038512469934,-0.0016751263748023748,-0.0011003346621728581,-0.0031455880648858276,-0.0013435359599258054,-0.00029895366218236235,0.04977198391362252,0.06186880249855296,-0.0011797829928561535,,-0.001605193878933211,-0.0019959044328713873,0.11676222303802165,-0.0028909936560077114,,0.06052993139242149,0.009018397950092146,0.09561254197867076,-0.0017843492048770792,-0.0013303595617335114,-0.0020477986650417465,-0.002404918576176484,-0.00229194937030501,-0.0010571461559554045,-0.00221446543348271,-0.0024336353328318176,-0.0016445811395883294,1.0,,,,,,,,,-0.00029895366218236235,-0.00029895366218236316,,,-0.0002989536621823625,-0.00029895366218236257,-0.0002989536621823626,-0.0005873842486517444,-0.0007569107960375513,-0.0002989536621823632,-0.0005674452670701433,,-0.0004507753683805446,-0.000791667377930649,-0.0007328318408164488,-0.0004228475342134675,-0.0008979353936248087,,-0.0005179578005426812,-0.0007916673779306436,-0.0005981756247257121,-0.0006688807590989517,-0.0007328318408164469,-0.00029895366218236316,-0.001071460677719733,-0.002246290329579517,,
This Year in Baseball Best Breakout Player,,,,,,,,,,,,,,,,,,,,,,,,,,,,,,,,,,,,,,,,,,,,,,,,,,,,,,,,,,,,,,,,,,,,,,,,,,,,,,,,,,,,,,,,,,,,,,,,,,,,,,,,,,,,,,,,,,,,,,,,,,,,,,,,,,,,,,,,,,,,,,,,,,,,,,,,,,,
This Year in Baseball Best Defensive Player,,,,,,,,,,,,,,,,,,,,,,,,,,,,,,,,,,,,,,,,,,,,,,,,,,,,,,,,,,,,,,,,,,,,,,,,,,,,,,,,,,,,,,,,,,,,,,,,,,,,,,,,,,,,,,,,,,,,,,,,,,,,,,,,,,,,,,,,,,,,,,,,,,,,,,,,,,,
This Year in Baseball Best Major Leaguer,,,,,,,,,,,,,,,,,,,,,,,,,,,,,,,,,,,,,,,,,,,,,,,,,,,,,,,,,,,,,,,,,,,,,,,,,,,,,,,,,,,,,,,,,,,,,,,,,,,,,,,,,,,,,,,,,,,,,,,,,,,,,,,,,,,,,,,,,,,,,,,,,,,,,,,,,,,
This Year in Baseball Best Major Leaguer - Postseason,,,,,,,,,,,,,,,,,,,,,,,,,,,,,,,,,,,,,,,,,,,,,,,,,,,,,,,,,,,,,,,,,,,,,,,,,,,,,,,,,,,,,,,,,,,,,,,,,,,,,,,,,,,,,,,,,,,,,,,,,,,,,,,,,,,,,,,,,,,,,,,,,,,,,,,,,,,
This Year in Baseball Best Moment,,,,,,,,,,,,,,,,,,,,,,,,,,,,,,,,,,,,,,,,,,,,,,,,,,,,,,,,,,,,,,,,,,,,,,,,,,,,,,,,,,,,,,,,,,,,,,,,,,,,,,,,,,,,,,,,,,,,,,,,,,,,,,,,,,,,,,,,,,,,,,,,,,,,,,,,,,,
This Year in Baseball Best Performance,,,,,,,,,,,,,,,,,,,,,,,,,,,,,,,,,,,,,,,,,,,,,,,,,,,,,,,,,,,,,,,,,,,,,,,,,,,,,,,,,,,,,,,,,,,,,,,,,,,,,,,,,,,,,,,,,,,,,,,,,,,,,,,,,,,,,,,,,,,,,,,,,,,,,,,,,,,
This Year in Baseball Best Pitcher,,,,,,,,,,,,,,,,,,,,,,,,,,,,,,,,,,,,,,,,,,,,,,,,,,,,,,,,,,,,,,,,,,,,,,,,,,,,,,,,,,,,,,,,,,,,,,,,,,,,,,,,,,,,,,,,,,,,,,,,,,,,,,,,,,,,,,,,,,,,,,,,,,,,,,,,,,,
This Year in Baseball Best Play - Defense,,,,,,,,,,,,,,,,,,,,,,,,,,,,,,,,,,,,,,,,,,,,,,,,,,,,,,,,,,,,,,,,,,,,,,,,,,,,,,,,,,,,,,,,,,,,,,,,,,,,,,,,,,,,,,,,,,,,,,,,,,,,,,,,,,,,,,,,,,,,,,,,,,,,,,,,,,,
This Year in Baseball Best Play - Offense,0.002753720348947728,0.013476675699874098,-0.015566730692381087,-0.01106814815547004,0.027238233742832463,0.03602786133648168,0.02264174222644581,,0.020285520995650706,0.02538288497760892,0.015746499941169383,0.021826509377699678,-0.004959301064433227,0.04812785386917026,0.026347057652583286,0.0010414799388203135,0.005917942905238004,0.04072008367863143,0.04458047695544848,0.019947135042633776,0.03431521786788318,-0.006690788889754144,0.030491594937886776,0.03335994117641943,,0.013243069010796605,0.017499053529391722,0.022425788586280825,0.015898407755724715,0.02014007284715508,-0.005339773057046227,0.04840108002663875,0.03510289769147439,-0.004632314935599851,-0.005558885916805174,0.033763704541170454,0.02587442544783503,-0.004858984711461456,-0.004971129252404663,-0.0066478191427143795,-0.005114978321413607,0.006938436626237048,0.02202895500241023,0.029138684411752235,0.02652995450365661,0.0012210043332693008,-0.00045508496550602113,-0.0013458354674919378,-0.005196284101289301,-0.00415409903770662,-0.0020758252970261635,-0.0044802965572801915,-0.0041798952059735476,-0.0019157414639978069,0.014026093765137209,0.017786730227242285,0.01824904129388868,0.004087985362988439,-0.006264567296199737,0.005501769765283034,-0.0055470032595028515,-0.00029895366218236327,-0.0020294670318491558,,,-0.00517402327037609,0.009139412689993983,-0.001563233689011747,,,-0.0019978512417717976,-0.002260902085970564,-0.0037114902545000413,-0.0009466488637768789,-0.00042284753421346753,-0.000298953662182359,-0.001306629138616095,-0.0012060085083114985,-0.0019698878474772603,-0.0038643080616257695,0.28523539053965163,-0.0020187634523300625,-0.0022761843344671962,-0.0017097176822405851,-0.0009713178659755141,-0.0012467652689172228,-0.001098102203348094,-0.0013407747246241628,-0.0007468175971461974,-0.0005981756247257095,,-0.0030770385124699296,-0.0016751263748023741,-0.0011003346621728586,-0.003145588064885827,-0.001343535959925805,-0.00029895366218236224,0.129658644374918,0.03898305675092616,-0.0011797829928561533,,-0.0016051938789332083,-0.001995904432871385,-0.0016275946241663646,-0.0028909936560077088,,0.060529931392421535,-0.005809886836644122,-0.0027637081629751114,-0.0017843492048770808,-0.00133035956173351,-0.002047798665041745,-0.0024049185761764805,-0.0022919493703050073,-0.001057146155955405,-0.0022144654334827108,-0.002433635332831821,-0.0016445811395883294,-0.00029895366218236235,,,,,,,,,1.0,-0.0002989536621823633,,,-0.00029895366218236273,-0.00029895366218236116,-0.00029895366218236284,-0.0005873842486517449,-0.0007569107960375504,-0.0002989536621823633,-0.0005674452670701435,,-0.00045077536838054503,-0.0007916673779306484,-0.0007328318408164473,-0.00042284753421346536,-0.0008979353936248071,,-0.0005179578005426817,-0.0007916673779306439,-0.0005981756247257122,-0.0006688807590989516,-0.0007328318408164453,-0.0002989536621823632,-0.0010714606777197336,-0.0022462903295795166,,
This Year in Baseball Best Player,0.018847953165679707,0.09640625159280049,0.015579141878900866,0.036615144198439115,0.03231297418118205,0.030913672686815673,0.039974662884410185,,0.03729490194653801,0.041769820327647166,0.03771424413703861,0.061699503358195844,-0.003989894237408641,0.08217285622702204,0.06105353555743511,-0.007245220051780864,-0.006385073197774203,0.05638122277477294,0.06057066126447587,0.09411051619642168,0.009756439916001901,-0.01377017530014218,0.055083919909271785,0.05155191419527755,,0.09638353257221338,0.10075977179498063,0.12057217674666386,0.11121234920514221,0.14593041894675682,0.059987030046707635,0.1479401173770586,0.15561828418405949,-0.00463231493559985,0.01875488176637149,0.1655776692985867,0.12169214304030376,0.18953209277772376,0.04395063097861304,-0.006647819142714391,0.12284552607821175,0.04800449019591104,-0.019739542900644048,-0.007219661550348346,-0.00971318389534985,-0.0020088781270944,-0.00983365668055298,-0.009744776342510225,-0.0015089979200711824,-0.004154099037706624,-0.0020758252970261653,-0.004480296557280187,-0.0041798952059735476,-0.0019157414639978127,-0.0020858166559244423,0.0005777472854535608,-0.0018378005781171148,0.008129368800011968,-0.005422986930315273,-0.007480544504559715,0.0013424818579049242,-0.00029895366218236213,-0.002029467031849152,,,0.057779728957545254,0.03735018285671002,0.1788015912569633,,,-0.001997851241771798,0.12382207090832108,-0.0037114902545000456,-0.0009466488637768793,-0.0004228475342134659,-0.00029895366218236387,-0.0013066291386160942,-0.0012060085083114987,-0.0019698878474772633,-0.003864308061625758,0.28523539053965147,-0.002018763452330062,-0.0022761843344671997,-0.0017097176822405877,-0.000971317865975514,-0.0012467652689172235,0.1069680734555557,-0.001340774724624164,-0.0007468175971461999,-0.0005981756247257107,,-0.003077038512469934,-0.0016751263748023724,0.6838707871295264,-0.0031455880648858263,-0.0013435359599258071,-0.00029895366218236327,0.1030297575544863,0.061868802498552845,-0.0011797829928561526,,-0.0016051938789332094,0.14978355539412047,-0.0016275946241663646,-0.002890993656007707,,0.14610430571968172,0.068331537097037,-0.002763708162975113,-0.0017843492048770803,-0.001330359561733515,-0.0020477986650417443,-0.002404918576176483,-0.0022919493703050073,-0.0010571461559554034,-0.0022144654334827108,-0.002433635332831818,-0.0016445811395883298,-0.00029895366218236316,,,,,,,,,-0.0002989536621823633,1.0,,,-0.0002989536621823628,-0.0002989536621823636,-0.0002989536621823629,-0.0005873842486517427,-0.0007569107960375521,-0.0002989536621823622,0.6323231759384936,,-0.0004507753683805446,-0.0007916673779306494,-0.0007328318408164485,-0.00042284753421346693,-0.0008979353936248098,,0.5771776424047265,-0.000791667377930647,-0.0005981756247257102,-0.0006688807590989527,-0.0007328318408164475,-0.00029895366218236213,-0.0010714606777197325,0.12096825791260163,,
This Year in Baseball Best Rookie,,,,,,,,,,,,,,,,,,,,,,,,,,,,,,,,,,,,,,,,,,,,,,,,,,,,,,,,,,,,,,,,,,,,,,,,,,,,,,,,,,,,,,,,,,,,,,,,,,,,,,,,,,,,,,,,,,,,,,,,,,,,,,,,,,,,,,,,,,,,,,,,,,,,,,,,,,,
This Year in Baseball Best Social Media Personality,,,,,,,,,,,,,,,,,,,,,,,,,,,,,,,,,,,,,,,,,,,,,,,,,,,,,,,,,,,,,,,,,,,,,,,,,,,,,,,,,,,,,,,,,,,,,,,,,,,,,,,,,,,,,,,,,,,,,,,,,,,,,,,,,,,,,,,,,,,,,,,,,,,,,,,,,,,
This Year in Baseball Breakout Hitter of the Year,-0.013340512467784284,0.03420906967310566,-0.015566730692381105,-0.011068148155470041,-0.006593369179498682,-0.0047909406636312026,0.012355648327784848,,0.013958740827360093,0.009491272610443371,0.01216773833548989,0.016842385130137666,-0.005444004477945558,0.0111449579068337,0.009759724580781615,0.004637595029081217,0.00431320167441032,0.01572774323949276,0.040268517141778266,0.006194984894911535,0.0232052945086987,-0.013433061661552266,0.013855610398420332,0.017648691751042226,,0.0030103965724684223,0.002294922367849551,-0.0027399519676634507,0.0009205026708162513,-0.000824984836111805,-0.005339773057046232,-0.005892940346317589,-0.005068897806053925,-0.004632314935599855,-0.005558885916805169,-0.0013866860608072458,0.011411373735764145,-0.004858984711461461,-0.004971129252404668,-0.006647819142714386,-0.005114978321413606,-0.006750247896987666,0.013675255421799336,0.023420691957029508,0.020779616892837045,-0.005026697597636208,0.01419970561953447,0.002920293230930044,-0.0003977609887451579,-0.00415409903770662,-0.002075825297026165,-0.004480296557280182,-0.004179895205973547,-0.0019157414639978097,-0.010141771866455245,-0.008026744185440794,-0.008064180134129666,-0.006689037135741064,-0.0020566654667774306,-0.007480544504559717,-0.005547003259502855,-0.00029895366218236284,-0.0020294670318491545,,,-0.005174023270376085,-0.007787049410035576,-0.0015632336890117433,,,-0.001997851241771798,-0.002260902085970564,-0.0037114902545000448,-0.0009466488637768782,-0.0004228475342134669,-0.0002989536621823632,-0.0013066291386160949,-0.0012060085083114979,-0.001969887847477263,0.00945183485722057,-0.0009837177961331486,-0.002018763452330062,-0.0022761843344671984,-0.0017097176822405869,-0.0009713178659755141,-0.0012467652689172254,-0.0010981022033480943,-0.0013407747246241635,-0.0007468175971461985,-0.0005981756247257108,,-0.0030770385124699352,-0.0016751263748023746,-0.0011003346621728575,-0.0031455880648858276,-0.0013435359599258056,-0.00029895366218236273,0.0497719839136225,0.004654438129485963,-0.001179782992856153,,-0.0016051938789332094,-0.001995904432871387,-0.0016275946241663644,-0.002890993656007711,,0.01774274422879157,-0.005809886836644118,-0.0027637081629751136,-0.0017843492048770803,-0.0013303595617335125,-0.0020477986650417447,-0.0024049185761764852,-0.0022919493703050095,-0.0010571461559554043,-0.002214465433482711,-0.0024336353328318185,-0.0016445811395883305,-0.0002989536621823625,,,,,,,,,-0.00029895366218236273,-0.0002989536621823628,,,1.0,-0.00029895366218236306,-0.00029895366218236246,-0.0005873842486517438,-0.0007569107960375521,-0.0002989536621823628,-0.0005674452670701426,,-0.00045077536838054465,-0.0007916673779306494,-0.0007328318408164492,-0.0004228475342134675,-0.0008979353936248088,,-0.0005179578005426817,-0.0007916673779306448,-0.0005981756247257114,-0.0006688807590989524,-0.0007328318408164474,-0.0002989536621823628,-0.0010714606777197332,-0.002246290329579517,,
This Year in Baseball Breakout Pitcher of the Year,0.0027537203489477326,0.013476675699874093,-0.0155667306923811,-0.011068148155470038,0.0022728440001467194,0.005437436635701004,-0.017025072918666208,,-0.01771457920517275,-0.016265522498936542,-0.016912513202484467,-0.016675850434716914,-0.013199259094142301,-0.011321287303931402,-0.015624584605616923,-0.009903218161973688,-0.01119929689025727,-0.015376261237164367,-0.015831876683994127,-0.008539461691933738,-0.01187867399398876,-0.0029825388652650916,-0.011460018248593652,-0.012119991370725438,,-0.009780443975441845,-0.009289177564754064,-0.007773100078452334,-0.008610891474125517,-0.007813337397200817,-0.005339773057046232,-0.005892940346317588,-0.007747017505889172,-0.004632314935599852,-0.0055588859168051764,-0.007245084494470221,-0.0084753223683332,-0.00485898471146146,-0.004971129252404662,-0.006647819142714379,-0.0051149783214136085,-0.0067502478969876665,-0.01603353799579122,-0.006237784058123212,-0.009994179555845374,-0.012144401538067291,-0.007090517127535307,-0.010544675473464346,-0.009085613360930339,-0.004154099037706625,-0.0020758252970261644,-0.004480296557280191,-0.00417989520597355,-0.0019157414639978066,-0.008799112664700074,-0.0065926622736250644,-0.008497319581504468,-0.006689037135741063,-0.00626456729619974,-0.007480544504559707,-0.005547003259502853,-0.0002989536621823636,-0.0020294670318491566,,,-0.005174023270376094,0.009139412689993976,-0.0015632336890117463,,,-0.0019978512417717993,-0.002260902085970567,-0.0037114902545000417,-0.0009466488637768786,-0.00042284753421346796,-0.00029895366218236143,0.22879763916714382,-0.0012060085083114996,0.06528771151638918,0.009451834857220572,-0.0009837177961331486,-0.002018763452330064,-0.0022761843344671984,-0.001709717682240586,-0.000971317865975515,0.1378091210576504,-0.0010981022033480945,-0.001340774724624164,-0.0007468175971461976,-0.00059817562472571,,-0.003077038512469933,-0.001675126374802374,-0.0011003346621728581,0.025769625300795466,-0.0013435359599258047,-0.00029895366218236116,-0.003485789727241226,0.004654438129485982,-0.0011797829928561537,,-0.0016051938789332098,-0.001995904432871387,-0.001627594624166365,-0.0028909936560077088,,-0.0036508493530234306,-0.005809886836644122,-0.0027637081629751123,-0.0017843492048770808,-0.0013303595617335118,-0.0020477986650417447,0.06145903028006558,-0.0022919493703050077,-0.001057146155955406,-0.002214465433482709,-0.0024336353328318207,-0.0016445811395883292,-0.00029895366218236257,,,,,,,,,-0.00029895366218236116,-0.0002989536621823636,,,-0.00029895366218236306,1.0,-0.00029895366218236316,-0.0005873842486517451,-0.0007569107960375507,-0.0002989536621823636,-0.0005674452670701441,,-0.00045077536838054487,-0.000791667377930649,-0.0007328318408164491,-0.00042284753421346693,-0.0008979353936248084,,-0.0005179578005426819,-0.0007916673779306438,-0.0005981756247257129,-0.0006688807590989517,0.40794305805448966,-0.00029895366218236354,-0.0010714606777197345,-0.002246290329579518,,
This Year in Baseball Breakout Player of the Year,-0.013340512467784288,0.05494146364633726,-0.015566730692381108,-0.011068148155470046,-0.006826690578962978,-0.004822509729369809,0.010679185510047358,,0.013597398242462876,0.017086225014491353,0.01430599212504683,0.020580478315809184,0.006188877446349665,0.02911795407544585,0.01803150809152176,0.009171827099410177,0.0064528566488472215,0.00885212119728443,0.0376633747543525,0.01847369038394928,0.000400714981951882,-0.012084607107192636,0.018195432452194158,0.012135972654418582,,-0.0008268555919046619,0.0030189286136372627,0.004809770198519855,0.010451896815758015,0.006163367724977183,0.02732362849483077,0.0031560630491751372,-0.002390778106218694,0.013667243239744994,0.018754881766371485,0.004471712372855703,0.004179847879728806,-0.004858984711461463,-0.004971129252404669,-0.0066478191427143864,-0.005114978321413608,-0.006750247896987668,0.011457727896764459,0.021399179473036628,0.018243233421496377,-0.00026343659548370215,-0.01090867082970857,-0.00867824416790474,-0.010045317983439175,-0.00415409903770662,-0.0020758252970261657,-0.004480296557280184,-0.004179895205973547,-0.00191574146399781,0.0005995017475858334,0.002011829197269276,0.0024935938956307502,-0.002310871745632185,-0.005422986930315277,-0.00748054450455972,-0.005547003259502858,-0.00029895366218236295,-0.0020294670318491553,,,-0.0051740232703760885,-0.007787049410035538,-0.0015632336890117442,,,-0.0019978512417717985,-0.002260902085970565,-0.003711490254500046,-0.0009466488637768786,-0.00042284753421346704,-0.0002989536621823633,-0.001306629138616095,-0.001206008508311498,-0.0019698878474772637,0.036084120694913395,-0.0009837177961331488,-0.002018763452330063,-0.0022761843344672,-0.0017097176822405869,-0.0009713178659755141,-0.0012467652689172259,0.10696807345555583,-0.001340774724624164,0.2769033690752072,-0.000598175624725711,,-0.0030770385124699357,-0.0016751263748023752,-0.001100334662172858,-0.0031455880648858297,-0.0013435359599258056,-0.00029895366218236284,0.02314309709319063,0.05042592962473953,-0.0011797829928561533,,-0.0016051938789332098,-0.0019959044328713878,-0.0016275946241663649,-0.002890993656007712,,0.0391363378106066,-0.00580988683664412,-0.0027637081629751136,-0.0017843492048770808,-0.0013303595617335125,-0.002047798665041745,-0.0024049185761764857,-0.00229194937030501,-0.0010571461559554048,-0.0022144654334827125,-0.0024336353328318185,-0.001644581139588331,-0.0002989536621823626,,,,,,,,,-0.00029895366218236284,-0.0002989536621823629,,,-0.00029895366218236246,-0.00029895366218236316,1.0,-0.000587384248651744,-0.0007569107960375525,-0.0002989536621823629,-0.0005674452670701428,,-0.00045077536838054476,-0.0007916673779306495,-0.0007328318408164494,-0.0004228475342134676,-0.0008979353936248088,,-0.0005179578005426818,-0.000791667377930645,-0.0005981756247257115,-0.0006688807590989525,-0.0007328318408164475,-0.0002989536621823629,-0.0010714606777197336,-0.0022462903295795175,,
This Year in Baseball Closer of the Year,0.10906024758208045,0.11700123026460715,0.06007436436797874,0.06153165254863932,0.047456227365835095,0.03194492363928138,-0.005871311875379192,,-0.036860926525688266,-0.03230994089222256,-0.0344630581947572,-0.03273751388578665,-0.025722276067804296,-0.0220554291420388,-0.03143489418139867,-0.019355445435493328,-0.021770826756758784,-0.02965137674907232,-0.03176345932176872,-0.016778336994403835,-0.02410514450257177,-0.018371356289234027,-0.022358742173232825,-0.025618594856751928,,0.1201232950778719,-0.012877385451430303,-0.013624400961144631,-0.013351580121807694,-0.0138260124992419,-0.010491587767105704,-0.011578451029510476,-0.014052015650379421,-0.0031090775616075773,-0.010922100782266296,-0.01231671376185851,-0.009153383229465373,-0.009546934675819763,-0.009767276304824886,0.008714266123085129,-0.010049911000457178,-0.004297711966143021,-0.001978562651689932,-0.025968402729031465,-0.024611026085870576,-0.024048880924200818,-0.01875468447211985,-0.022522659580336175,-0.019538556753654308,-0.008161975084285107,-0.004078582190714943,-0.008802888072432095,-0.008212659403737662,-0.003764049425676299,0.12868400009872213,-0.010135580303019193,0.012393228208754062,-0.006525529385440723,0.010289720215179718,0.005141511144506974,-0.004130522480288711,-0.0005873842486517425,-0.003987497456843418,,,0.05855160635576311,0.03520155246357438,0.15443116430752776,,,0.11053490250254362,0.13318437034572678,-0.00729233720906193,-0.0018599759826572007,-0.0008308109670411403,-0.0005873842486517456,0.04766706111666061,0.29128108145077986,0.010812647320629691,-0.007592593684141972,-0.0019328090325066688,-0.003966467060467573,0.024697617359838706,0.17009851363547213,0.2109468587232083,0.02790780507804607,-0.0021575515514607978,-0.0026343545969147635,-0.0014673474476858245,-0.0011752956539363912,,-0.006045766228537141,0.033788348897624575,-0.0021619378872556392,0.03800714110555635,-0.0026397798728962267,-0.0005873842486517447,-0.006848880742743926,0.029129894989718356,0.29315453807382774,,0.41686206128327086,0.02921359412407029,0.02264791831388674,-0.00568022523656252,,-0.002502730020404196,0.008007811579887069,0.08047639287143923,0.12848519331463337,-0.0026138908816203993,-0.004023515455454939,0.00921702707867414,-0.00450322283726775,0.6414334142562336,-0.0043509823740444644,-0.004781607460609617,-0.003231273535745006,-0.0005873842486517444,,,,,,,,,-0.0005873842486517449,-0.0005873842486517427,,,-0.0005873842486517438,-0.0005873842486517451,-0.000587384248651744,1.0,-0.0014871785680140091,-0.0005873842486517426,-0.0011149166376348434,,-0.000885683584318842,-0.0015554683109525822,-0.0014398682292892104,-0.0008308109670411423,-0.001764263741316474,,-0.0010176836479744637,-0.0015554683109525803,-0.0011752956539363897,-0.0013142171239945621,-0.0014398682292892102,-0.0005873842486517425,-0.0021052062736009675,0.10318292485891672,,
This Year in Baseball Defensive Player of the Year,0.060454394190789205,0.060366973306867765,-0.003270004719282135,0.012219503852460328,0.042731085923381124,0.03984359075655908,0.07001464813106383,,0.07118382940629078,0.07152936023820618,0.07308438650540637,0.082077478140555,0.013061602848556312,0.07033176109921596,0.06407550282712396,0.04954683273345364,0.0542590192540528,0.05021708674208201,0.08392958520640088,0.058897257242738574,0.05745730311495764,-0.010858806793387901,0.08795958820240486,0.07390758501418065,,0.11003854306605994,0.12083666170286066,0.1173095887649686,0.12428448044712309,0.1549417401191353,0.017492672820188595,0.08817877417677022,0.1337976069514566,0.06935266712609714,0.0782644672838113,0.10588013592313085,0.12501568525618179,0.07718356773002953,0.07256983163208412,0.021050560732440323,0.08829297242543835,0.08255080225754581,0.07350230088636248,0.0932061427846412,0.08502854543667039,0.0195619823326337,0.021912630062321307,-0.006825064848087239,0.01585795852799514,-0.010517624659608031,-0.005255712763433276,-0.01134351326857673,-0.010582937116779838,-0.004850401851348455,0.11837340238841543,0.12582124491469424,0.12634535954925774,0.05564922961476393,0.04353414351476607,0.0755600372847066,0.026293260263197515,-0.000756910796037552,-0.0051383398196067805,,,0.0068238761547826,0.03563930759326513,0.05312456061417465,,,0.03642466767581877,-0.005724302506155749,-0.009396998258899352,-0.002396788652190246,-0.0010705935541568806,-0.0007569107960375507,0.0695159536053986,0.06789691299564578,-0.004987493271880979,0.16721825018797876,-0.0024906422443932152,-0.005111239783985536,-0.005762995120892067,0.04596319591471034,0.04896976136795164,-0.0031566433583023077,0.03142089445869552,0.06759622221823886,-0.0018908425400253578,-0.0015145008928012626,,0.010618613401412548,-0.004241196540491701,-0.0027859005940021704,-0.007964209398935457,-0.003401653839959268,-0.0007569107960375504,0.02488484010816279,0.08421398595888682,-0.0029870531698975794,,-0.0040641367890545945,-0.005053363795818012,0.18322116415444753,0.026322444787732373,,0.05846369306047359,0.02752628556726935,0.024137102477383782,-0.004517734177307452,-0.003368292957299953,-0.005184753069644227,-0.006088933049392931,-0.005802910088778549,-0.002676553057055847,-0.005606731096114081,0.033486143792773836,-0.004163860079274815,-0.0007569107960375513,,,,,,,,,-0.0007569107960375504,-0.0007569107960375521,,,-0.0007569107960375521,-0.0007569107960375507,-0.0007569107960375525,-0.0014871785680140091,1.0,0.3158210296466677,-0.001436695726255401,,-0.0011413031050508061,-0.0020043962025824624,-0.0018554324705200604,-0.0010705935541568809,0.10337894381789625,,-0.001311400062005159,-0.0020043962025824654,-0.0015145008928012717,-0.0016935168618705694,-0.0018554324705200606,-0.0007569107960375519,-0.0027127955167883635,0.033308042624368144,,
This Year in Baseball Dependable Player of the Year,0.0027537203489477464,-0.007255718273357483,-0.015566730692381101,-0.011068148155470036,0.026538269544439337,0.030945241752554295,0.0469362457716254,,0.045796307489391654,0.04181109724288655,0.051601639801845234,0.028056664687152216,0.03333226860303852,0.008898333385757162,0.017812677839914873,0.06968037231380003,0.05138561111202233,0.019711238549661135,0.030476775064902067,0.08035836604869942,0.01969689765843004,0.002411279352173418,0.023258558181596944,0.011860336699587415,,0.01196398495600559,0.018947066020967337,0.017392640475492,0.02815305737064991,0.020140072847155115,-0.005339773057046233,0.0031560630491751234,0.013677940092792617,0.0319668014150899,0.06738241713272479,0.01325931002335013,0.0077956108077464475,0.03048484755929951,-0.004971129252404668,0.013301600455063504,-0.0051149783214136,-0.006750247896987672,0.043687819733230375,0.05001802049642157,0.04715927742795952,0.014515722541331915,-0.010340272543948136,-0.007611711993299236,-0.009035102591324617,-0.004154099037706623,-0.0020758252970261653,-0.004480296557280185,-0.004179895205973548,-0.001915741463997813,0.018054071370402634,0.017786730227242233,0.018628038310341603,0.003414421456817819,-0.006264567296199736,0.0055017697652830376,-0.005547003259502853,-0.0002989536621823619,-0.0020294670318491523,,,0.057779728957545254,0.031708028823366756,-0.001563233689011744,,,0.1290768596399622,-0.0022609020859705622,-0.0037114902545000448,-0.000946648863776879,-0.0004228475342134656,-0.0002989536621823639,-0.0013066291386160938,-0.0012060085083114987,-0.0019698878474772633,0.12929712112683742,-0.000983717796133149,-0.0020187634523300625,-0.0022761843344672,-0.0017097176822405875,-0.000971317865975514,-0.0012467652689172237,0.10696807345555566,0.2229708367049976,-0.0007468175971461999,-0.0005981756247257106,,0.05509115845207463,-0.0016751263748023726,-0.0011003346621728564,-0.003145588064885827,-0.0013435359599258071,-0.00029895366218236327,0.023143097093190616,0.05042592962473946,-0.0011797829928561526,,-0.0016051938789332094,-0.0019959044328713843,0.4719316760245857,0.10340861923412174,,0.06052993139242153,0.038674967523564564,-0.002763708162975114,-0.0017843492048770805,-0.001330359561733515,-0.0020477986650417447,-0.0024049185761764818,-0.002291949370305007,-0.0010571461559554034,-0.0022144654334827116,0.12284242349263366,-0.00164458113958833,-0.0002989536621823632,,,,,,,,,-0.0002989536621823633,-0.0002989536621823622,,,-0.0002989536621823628,-0.0002989536621823636,-0.0002989536621823629,-0.0005873842486517426,0.3158210296466677,1.0,-0.0005674452670701413,,-0.0004507753683805446,-0.0007916673779306494,-0.0007328318408164488,-0.000422847534213467,-0.00089793539362481,,-0.0005179578005426818,-0.000791667377930647,-0.0005981756247257101,-0.0006688807590989529,-0.0007328318408164477,-0.0002989536621823621,-0.001071460677719732,-0.0022462903295795145,,
This Year in Baseball Hitter of the Year,0.07905247360808768,0.1370781754006711,0.019717818310953254,0.04435829256534031,0.06279117414491406,0.05559142748142837,0.08073912633761532,,0.08055177695362724,0.09635026368684219,0.0853279487004151,0.09897968911035855,0.0050003392265104895,0.13579911011257864,0.10666493438018568,0.03571014871879908,0.027139587105469324,0.09702230847581739,0.12133520085940594,0.10746979037703693,0.09158610024841231,-0.012593169806071237,0.09814813754804587,0.10421634363037689,,0.17485322537866438,0.19468816667105826,0.22408186107922629,0.21238490721128966,0.22614345196056299,0.08286237337335493,0.2178272949135241,0.2106572388669769,0.08962172052854353,0.08944047212356564,0.2327381246988337,0.23555979144281916,0.17526442118546467,0.19949614840967828,0.0568028944965881,0.17245303612974344,0.13875221466217905,0.03964143872298698,0.058852961364258605,0.051980517840600794,0.017098938072273927,0.05173547595644066,0.010393121167567965,0.05050602237663113,-0.0026478691510713145,-0.003940133168007268,0.0029043051297493656,0.001528249083872872,-0.0036362773372298368,0.11624549948661307,0.12857870082171727,0.13158305398019038,0.04515539090017646,0.18246043212662827,0.08847526240753363,0.14530500745748084,-0.0005674452670701414,-0.0038521403400477603,,,0.06984102707352532,0.06910964752320471,0.1111499096095778,,,0.037673451040540804,0.195140778527098,-0.007044796050728093,-0.0017968383909605355,-0.0008026087729788218,-0.0005674452670701444,-0.002480118541151564,-0.0022891300781932907,-0.0037390528269498177,0.04321599921363853,0.6319521807443653,-0.0038318238284704197,0.037949088797836504,-0.003245222686791343,-0.0018436627330300432,-0.002366490665576632,0.5107179010868049,0.06841621302812755,0.34992182627141566,-0.0011353997962409179,,0.12297032321418726,-0.0031795647733063592,0.43129368748764035,-0.005970654604267627,-0.0025501715417467763,-0.0005674452670701435,0.25452971372018685,0.15001309872110039,-0.0022393513114340002,,-0.0030468255939108914,0.1402581966335294,-0.0030893445474122682,0.028140552984045917,,0.2908569863937716,0.1250094536647986,-0.005245806675171975,-0.0033868811096558205,-0.0025251613621200446,0.17674760364133765,-0.004564786575211653,-0.00435035922640957,-0.0020065737894602678,-0.004203286623576047,0.03501187948377394,-0.003121586727387054,-0.0005674452670701433,,,,,,,,,-0.0005674452670701435,0.6323231759384936,,,-0.0005674452670701426,-0.0005674452670701441,-0.0005674452670701428,-0.0011149166376348434,-0.001436695726255401,-0.0005674452670701413,1.0,,0.2854344044603374,-0.0015026673479134193,0.3864637647866606,-0.0008026087729788239,0.1039037584148246,,0.36452571908052456,-0.0015026673479134186,-0.0011353997962409157,-0.001269605524194769,-0.0013909913549609877,-0.0005674452670701413,-0.0020337442464677057,0.11267334561224725,,
This Year in Baseball Hitting Performance of the Year,,,,,,,,,,,,,,,,,,,,,,,,,,,,,,,,,,,,,,,,,,,,,,,,,,,,,,,,,,,,,,,,,,,,,,,,,,,,,,,,,,,,,,,,,,,,,,,,,,,,,,,,,,,,,,,,,,,,,,,,,,,,,,,,,,,,,,,,,,,,,,,,,,,,,,,,,,,
This Year in Baseball Moment of the Year,0.09394224806857046,0.08284313473114945,0.04853789874070124,0.05520991110752798,0.04594359532293521,0.031666202553345256,0.05593964519104183,,0.06147136510391203,0.07165849166444982,0.06649891271092329,0.0630096585701594,0.017371285671579775,0.04171643700494368,0.04548177617229348,0.055275518011596976,0.050219525336209304,0.05251320693901928,0.0746296857028123,0.015710010817095825,0.12262950630789811,0.018071968070417905,0.04314092156062674,0.06659371780722745,,0.18159007727598558,0.21808628203935754,0.25921382798933096,0.2502263211549869,0.21161037512222697,0.13970236099329678,0.16030594340036158,0.1450003131281057,0.14753527567299812,0.10893441874724594,0.17811348627514237,0.22656355956241872,0.051295679664217775,0.11790713234820051,0.16444363629301353,0.11770129118615037,0.1714571618192884,0.059718355534116946,0.07339888123821477,0.06729329899648585,0.015874352572172186,0.07782755979607558,0.0203241663212359,0.0711299314334242,-0.002269863711718212,-0.003130019903853266,0.006211117876024833,0.00017581975936916707,-0.002888638519600144,0.1899941316627271,0.20672889488263568,0.21166009111336287,0.07817214082177933,0.337998429395437,0.18447350457888964,0.3250993281301088,-0.0004507753683805446,-0.0030601188900637034,,,0.06813791236664632,0.0393032626690706,-0.002357111924587483,,,0.11557165170064769,0.11065895612930811,-0.005596346853555165,-0.001427398437540276,-0.0006375879512979778,-0.00045077536838054454,0.06742205759868342,-0.0018184722195260094,-0.0029702827977844165,0.07047213949099189,0.2574608990729913,0.04222337878148232,0.11745110128663591,-0.0025779868773395578,-0.0014645954348022979,-0.0018799270404568653,-0.0016557663874068114,0.20091441899609871,-0.001126084139625946,-0.0009019552917452195,,-0.004639692850237285,-0.002525828595553011,-0.0016591325861741405,-0.004743054854626278,-0.00202584210826167,-0.0004507753683805449,0.01883529229957146,0.03807547765889189,-0.001778928243700265,,-0.002420381328718849,0.1800782388277633,-0.002454158149215929,0.09181074874586734,,0.12352786341438923,0.0404288150028203,-0.0041672396857994655,-0.002690519541645049,-0.002005974160481069,-0.003087760125983319,-0.0036262411010034115,-0.0034559012061159333,-0.0015940110731682145,-0.003339067547315184,0.10966848118464159,-0.0024797711579040865,-0.0004507753683805446,,,,,,,,,-0.00045077536838054503,-0.0004507753683805446,,,-0.00045077536838054465,-0.00045077536838054487,-0.00045077536838054476,-0.000885683584318842,-0.0011413031050508061,-0.0004507753683805446,0.2854344044603374,,1.0,-0.001193710594867574,0.3686266009989656,-0.0006375879512979783,0.3006663068189459,,-0.000780999358364703,-0.0011937105948675777,-0.0009019552917452191,-0.0010085675766084588,-0.0011049958063518118,-0.00045077536838054454,-0.0016155951333011495,0.10808590681759343,,
This Year in Baseball Oddity of the Year,-0.0018405645855347828,0.10627626547939319,-0.009802404644346544,-0.005258164831729978,0.00979216894031458,0.013276410929279678,0.03882496904048726,,0.03888077155413471,0.04288860227690057,0.04349536879816897,0.06010913135418084,0.0055703891797594576,0.04010441499275474,0.04147467728574533,0.006957542527642642,0.013243147098715557,0.048254971513791114,0.03713891416438326,0.05542380053747032,0.028269569458165337,-0.013764587598176165,0.0640542822068972,0.04287783991961496,,0.03603709863348072,0.043737726012229854,0.04129777839805095,0.05034275442962432,0.04804603611022863,0.03528637102424495,0.039167117372777206,0.046352359224551644,0.03619260102105418,-0.005522644580762627,0.0273554492566847,0.027483056707623958,0.020559564522456282,0.00534310976489443,0.02013044542748717,0.02276085534395653,0.0390877955819907,0.034581986714310634,0.05786949689364192,0.04953428010408496,0.08283229568917005,-0.009736097148344289,-0.015970747515001747,0.06357136044226329,-0.01100058339756788,-0.005497049803445315,-0.01186439598017065,-0.01106889493703348,-0.005073127422239199,0.03155561741897721,0.03950626415148673,0.037818369387269145,0.052105027321428875,-0.005127938988286458,-0.009986914181380204,0.034830892965991116,-0.0007916673779306494,-0.00537428721217886,,,0.010114178016748236,0.013530084278811767,-0.004139641931925425,,,-0.005290564572860687,-0.005987156715499317,-0.009828498960493893,-0.002506846774635297,-0.001119754132568593,-0.0007916673779306496,-0.0034601203964010636,-0.0031936641503813156,-0.005216513942814569,0.025029662668874707,0.051533894058382844,0.051439849322138645,-0.006027626056158655,-0.004527550205006077,-0.002572173434774503,-0.003301593244027934,0.03797394242237873,-0.0035505422575870986,-0.001977668126254773,-0.0015840452493930642,,-0.008148389931656798,0.05981808689182807,-0.0029138263451585276,0.013547558747027216,-0.0035578543603897355,-0.0007916673779306483,0.051212057013421915,0.038298846434180626,-0.003124215644870959,,-0.004250757859691988,-0.005285409174909471,0.04047725319456101,-0.007655719453503916,,0.02270520638701074,0.012662670262246104,-0.007318651254432153,-0.0047251839834495275,-0.0035229615795777775,-0.005422831711941252,-0.006368530726266745,-0.006069373879194483,-0.0027994576793782893,0.04604472398020588,0.08834026973882995,-0.004355060343023629,-0.000791667377930649,,,,,,,,,-0.0007916673779306484,-0.0007916673779306494,,,-0.0007916673779306494,-0.000791667377930649,-0.0007916673779306495,-0.0015554683109525822,-0.0020043962025824624,-0.0007916673779306494,-0.0015026673479134193,,-0.001193710594867574,1.0,-0.0019406320619994564,-0.001119754132568594,-0.002377847300590831,,-0.0013716182328758993,0.1410601976639712,-0.001584045249393069,-0.0017712814515753019,-0.001940632061999455,-0.0007916673779306491,-0.0028373643563822572,-0.00594846292334229,,
This Year in Baseball Performance of the Year,0.09551760574729563,0.10926835444217206,0.02122315036895182,0.04429942184222558,0.0573325864722682,0.04678544144799319,0.024552881629594937,,0.024157207361121005,0.0369090155711801,0.028705175310304747,0.02815209460550367,-0.008790380557644889,0.045889039110325255,0.030325553217212378,0.020886142823454704,0.014288245625343863,0.028343056556581234,0.04894401957543282,0.00976807382355914,0.06094487202292174,-0.006071603275203716,0.03632863706502759,0.04168606587122757,,0.1270490336997057,0.13962094169822903,0.1557321058336798,0.1502317485543001,0.14358869645312264,0.05363427028402127,0.11125264829341075,0.09808423753712839,0.08583729294143322,0.0757747067823151,0.12345473003854492,0.16018535623657174,0.0530684100738334,0.13771792392864643,0.07335856364185984,0.07894934066388401,0.14004474092663657,0.026435966660436357,0.051807371599665454,0.04093592041182757,-0.013959314364911012,0.04949352802122979,0.007594316246338642,0.031403415281162916,-0.010183036469643168,-0.005088517272302475,-0.01098265179127466,-0.01024627119752397,-0.004696100169308271,0.13421829788247017,0.1467193320050127,0.14858812349771314,0.03492539951288618,0.2108842017627184,0.10365415637049387,0.16795226784685016,-0.0007328318408164488,-0.004974878213463982,,,0.03875678355944926,0.0546753727693426,-0.0038319899264052286,,,0.04865368710976507,0.14899281458800276,-0.00909805959733797,0.12708833193558614,-0.001036535677871461,-0.0007328318408164474,-0.0032029694164854945,-0.0029563158006978814,0.1325628921847916,0.05037129623169395,0.34839626159976306,-0.00494864028807769,0.049009661750492164,-0.004191069436000129,-0.002381013346832767,0.11056738422035828,0.26221324604883406,0.08835667903966421,0.22503935981847104,-0.0014663213723465605,,0.06375169145868559,-0.004106274985511885,-0.0026972751232008556,0.13405017584383655,0.04918203641110165,-0.0007328318408164473,0.11112785280969797,0.11893518761456667,-0.0028920286043905845,,-0.003934847884379991,0.05711746221662228,-0.003989759335355496,0.03634234778513363,,0.13089751738019315,0.07663036424564174,-0.006774740024148093,-0.0043740153672102555,-0.0032611403367864456,0.11162116317461948,0.02019662484062509,-0.005618307077550212,-0.0025914061658433734,-0.005428368959245596,0.04521637870911363,-0.004031398762933868,-0.0007328318408164488,,,,,,,,,-0.0007328318408164473,-0.0007328318408164485,,,-0.0007328318408164492,-0.0007328318408164491,-0.0007328318408164494,-0.0014398682292892104,-0.0018554324705200604,-0.0007328318408164488,0.3864637647866606,,0.3686266009989656,-0.0019406320619994564,1.0,-0.0010365356778714615,0.270575849995827,,-0.0012696816144215349,-0.0019406320619994538,-0.0014663213723465616,-0.0016396424596336876,-0.001796407185628746,-0.0007328318408164487,-0.002626495675228818,0.09517314974376097,,
This Year in Baseball Pitching Performance of the Year,0.003894930909913746,0.03372395524593995,0.02203552778235087,0.05178937540405856,-0.01675117768457666,-0.017693858807392847,-0.027577249650466085,,-0.022495837504201095,-0.02221818982978999,-0.023332519487951762,-0.022617410165617843,-0.017640997129993015,-0.015157582076559237,-0.02144981325516016,-0.014007359368001914,-0.015840565525774033,-0.01993476900146031,-0.007971541425180763,-0.012078428120214452,-0.017215023838853684,0.013662245919120209,-0.014674748129334326,-0.017727618397022003,,0.001544227477839412,-0.005458450978042339,-0.01099446709357617,-0.008327619566604593,-0.011051379763225209,-0.007552708516593366,-0.00833512216079638,-0.007169575789181983,-0.006552062061791235,-0.007862627223683862,-0.010247628650175795,0.009747750460279127,-0.0068726694599549505,-0.00703128950249656,0.01881411624951207,-0.0072347532222091695,0.00013308942186717745,-0.02654518733486356,-0.008802454315686766,-0.014990154155866004,-0.01723118184507819,-0.013358434271401404,-0.01538606818116028,-0.013994017822061144,-0.005875661539483932,-0.0029360991997817235,-0.006337043466740906,-0.005912148284835027,-0.002709672623939382,0.0036965863765735765,0.0008171802053508178,-0.001106113131019193,-0.00803208291978217,-0.003504175212171014,0.007781840710956118,-0.007845820096105936,-0.0004228475342134671,-0.0028705289104686096,,,-0.007318267874260215,-0.015004399241717878,-0.002211076813619428,,,-0.002825810746526983,0.0859695782239366,-0.0052496246104365195,-0.001338963820987937,-0.0005980861244019162,-0.0004228475342134658,-0.0018481289219272126,-0.001705808586713024,0.09234457148849083,-0.005465773937577399,-0.0013913950457080178,-0.0028553894999865095,-0.003219492031703767,-0.002418267436026905,-0.0013738562744707002,0.09657860517598099,-0.0015531832111053854,-0.001896425292483056,-0.001056317481295357,-0.0008460745591655411,,-0.0043522402039821795,-0.0023693406259363637,-0.00155634085668294,0.016000001955691737,-0.0019003308527299485,-0.00042284753421346536,-0.004930388141729697,0.022768439147135527,-0.0016687145619641137,,-0.0022704263553306693,-0.002823057131344232,-0.0023021105294506222,-0.0040890937075189196,,-0.00516385260324757,-0.008217649200215024,-0.00390905792378884,-0.002523828127577115,-0.0018816938256911997,-0.002896457630782676,0.08692918902336083,-0.003241790492549305,-0.00149525395369236,-0.0031321952750587986,-0.0034421946603717356,-0.0023261366815593583,-0.0004228475342134675,,,,,,,,,-0.00042284753421346536,-0.00042284753421346693,,,-0.0004228475342134675,-0.00042284753421346693,-0.0004228475342134676,-0.0008308109670411423,-0.0010705935541568809,-0.000422847534213467,-0.0008026087729788239,,-0.0006375879512979783,-0.001119754132568594,-0.0010365356778714615,1.0,-0.001270062270873395,,0.40782093775866224,-0.0011197541325685875,-0.0008460745591655429,-0.0009460816689888679,0.28798416250195324,-0.0004228475342134669,-0.0015155007711666994,-0.0031772092037823906,,
This Year in Baseball Play of the Year,0.09152420877311786,0.09583107583249119,0.00868063469367525,0.019800683604059437,0.04104923368171374,0.033094035793424875,0.05167706567121145,,0.053033991603985184,0.05889658105910177,0.053831211551320424,0.060858964072828876,0.020530010776980294,0.05654483411892394,0.0466955797214383,0.04586363965284612,0.052943179341109904,0.04237734533163869,0.08633831893371575,0.018279394391112296,0.051355704196223415,-0.011770981255362904,0.05682420027174047,0.06174843103664206,,0.13667677176979043,0.1540423513688278,0.16142261090283785,0.15363213622029828,0.13279208478450422,0.13657330219132874,0.1061178652942813,0.11258505706095964,0.1234975100446598,0.0969035394774451,0.1326946784985755,0.1627884865397042,0.03848484255933356,0.06670269109823518,0.11984587900479195,0.09139817941063057,0.11220746635505863,0.05502456316380901,0.08009004472459127,0.07083722051924358,0.002841723804124697,0.0276891392018586,0.001029753558431493,0.016370378667384278,-0.012477226495068498,-0.006234936182332201,-0.013456991372339208,-0.012554707708503721,-0.005754109359292348,0.14518921008017976,0.15057990683116326,0.15520461300078053,0.057349097094690694,0.1710470702590526,0.10317752615086133,0.15118402437337977,-0.0008979353936248097,-0.0060956947802178595,,,0.005469058159692507,0.031217026215926966,-0.004695319159576216,,,0.08148708864872593,0.035287173586000926,-0.011147809457427587,-0.0028433487448013012,-0.0012700622708733953,-0.0008979353936248068,0.07286872500407048,-0.003622359788872481,-0.005916743105967478,0.07727382242547909,0.0925659740672938,-0.006063545574155281,0.08234732056925566,-0.005135297586866539,0.2682428053939805,-0.0037447765460722916,0.03276695860800655,0.14569307632073678,-0.002243136772983706,-0.0017966766525750045,,-0.00924217408050337,-0.005031399347140052,-0.0033049584701006513,0.009851832734058538,-0.0040354364024788435,-0.0008979353936248071,0.03396474870979129,0.0368932039795693,-0.00354358899084478,,-0.004821350529717863,0.09531263772996772,-0.004888633271269133,0.06226793310599042,,0.06043173896529621,0.0072928736136095434,-0.008301056956684344,-0.0053594603723839266,-0.003995859853354184,-0.006150755561699597,-0.007223398745379395,-0.0068840851286764366,-0.003175237736635345,-0.006651354849334062,0.0763077711266937,-0.004939653865231402,-0.0008979353936248087,,,,,,,,,-0.0008979353936248071,-0.0008979353936248098,,,-0.0008979353936248088,-0.0008979353936248084,-0.0008979353936248088,-0.001764263741316474,0.10337894381789625,-0.00089793539362481,0.1039037584148246,,0.3006663068189459,-0.002377847300590831,0.270575849995827,-0.001270062270873395,1.0,,-0.0015557348858554086,-0.0023778473005908398,0.1651944366673133,-0.0020090461622885307,-0.002201129240701209,-0.0008979353936248097,-0.0032182327467689203,0.034373774361113975,,
This Year in Baseball Player of the Year,,,,,,,,,,,,,,,,,,,,,,,,,,,,,,,,,,,,,,,,,,,,,,,,,,,,,,,,,,,,,,,,,,,,,,,,,,,,,,,,,,,,,,,,,,,,,,,,,,,,,,,,,,,,,,,,,,,,,,,,,,,,,,,,,,,,,,,,,,,,,,,,,,,,,,,,,,,
This Year in Baseball Postseason MVP,0.028007982017817245,0.08321643481398089,0.02699193581718211,0.04507946097890714,0.005487466016350816,0.0004688900896142985,0.01426861894581106,,0.01510863845582931,0.01680185868987656,0.015296956633742418,0.03040393131901143,-0.01503065942035266,0.04565817489398543,0.030406724461583202,-0.014900573549674204,-0.013225053615024178,0.02728091242445193,0.045747386305892895,0.047607655582014824,0.015890613970096282,-0.01022941632858827,0.029018492523644385,0.03646745874100823,,0.10198547086201983,0.09303784809655416,0.09844277250000587,0.102250355917999,0.14386427989656986,0.06620393134585165,0.1308922672374432,0.13660529040409705,-0.0080258045275281,0.018452365019325775,0.12109009384165215,0.12626847985383474,0.12425865673355924,0.07614749385561638,3.443289781551534e-06,0.10198813944550161,0.098982142898044,-0.020340778702491572,-0.0006504026264424375,-0.006599517483256968,-0.011579323128773196,-0.00669720099337811,-0.011955921429685868,-0.005181502092456502,-0.0071972625626993665,-0.003596510232755274,-0.00770520551836229,-0.007241956200102655,-0.0033191539714119236,0.04601283503903045,0.04572460843802149,0.03671448525336854,0.014279190400901358,0.02705669982595367,0.03202494808723787,0.016251867372754396,-0.0005179578005426818,-0.0035161913469026174,,,0.027392885039214835,0.0028007679556010003,0.10145641536345447,,,-0.003461414814073607,0.21453026210861986,-0.006430412375359272,-0.0016401343264662918,-0.0007326124630395142,-0.0005179578005426824,-0.0022638249346807917,-0.0020894927656706186,0.07427264775854509,-0.006695179746612636,0.16359374430327916,-0.003497646658521242,-0.003943646058402065,-0.002962203586260382,-0.0016828750710589859,0.07814785869392718,0.06050815863919164,-0.0023229845131180365,-0.0012939129000816678,-0.001036380449931324,,-0.005331181054848037,0.09518865070886762,0.39368013572915606,0.011249251380025522,-0.002327768543369354,-0.0005179578005426817,0.055475802157888825,0.05432378618204399,-0.002044055254705909,,-0.0027811089013174578,0.08419807919156252,-0.002819919734564262,-0.005008845533175543,,0.080161690737785,0.0327523447763659,-0.004788314653804899,-0.003091507837072226,-0.0023049395264008597,-0.003547952163410041,0.06959910498372418,-0.003970960068300533,-0.001831578492110257,-0.003836713813543551,-0.004216440752438765,-0.0028493500419323544,-0.0005179578005426812,,,,,,,,,-0.0005179578005426817,0.5771776424047265,,,-0.0005179578005426817,-0.0005179578005426819,-0.0005179578005426818,-0.0010176836479744637,-0.001311400062005159,-0.0005179578005426818,0.36452571908052456,,-0.000780999358364703,-0.0013716182328758993,-0.0012696816144215349,0.40782093775866224,-0.0015557348858554086,,1.0,0.2171728868720168,-0.0010363804499313241,-0.0011588819627734665,0.2347500229330473,-0.0005179578005426816,-0.00185637938651894,0.1384266055403606,,
This Year in Baseball Postseason Moment of the Year,0.05600029204362327,0.0984331197484764,0.009835271047177557,0.000754760502162196,0.03260903282588763,0.025649049212294675,0.04188853761198852,,0.03896030453635435,0.04374743929340648,0.03809696042526394,0.047664740951912345,0.02133979613531011,0.047426689337364505,0.03920638636711262,0.021863062086382716,0.0197186658642021,0.03830482857069979,0.061471447169724976,0.025323667153503274,0.05835368181163492,-0.012744336333897013,0.04982559450997665,0.030260666582530266,,0.12168430127918023,0.11933257892050325,0.11555610344232017,0.11782204625414257,0.11942650601222118,0.04764306358804659,0.13159549857831046,0.12537752550230485,0.08119076483554637,0.040467322485518535,0.09827561058384549,0.13280806557692992,0.03393027451121031,0.12564051584842412,0.005036558503034075,0.02276085534395659,0.11158655612375365,0.035731163887133745,0.05629630495875514,0.048457222675061355,0.0037414619754870524,0.0011134322204719236,-0.011582975451533995,0.00043713512833929867,-0.011000583397567936,-0.005497049803445315,-0.011826916425876109,-0.011068894937033471,-0.005073127422239198,0.11688839965273123,0.11708645203389124,0.11352092574055257,0.04675397825675968,0.04804037607587187,0.06368198981089958,0.03874037171624407,-0.0007916673779306474,-0.005374287212178864,,,0.010114178016748248,0.028471226852047355,-0.004139641931925437,,,0.0442955112276768,0.041710525117978695,-0.009828498960493934,-0.0025068467746353074,-0.0011197541325685902,-0.0007916673779306429,-0.003460120396401055,-0.003193664150381309,0.04567111186668261,-0.010233179979569443,-0.0026050100293248503,0.05143984932213858,-0.006027626056158667,-0.004527550205006074,-0.0025721734347745025,0.10190917813232858,-0.002907914509821801,-0.003550542257587089,-0.0019776681262547798,-0.0015840452493930614,,-0.008148389931656801,0.059818086891827944,-0.002913826345158528,0.03542503537229429,-0.003557854360389736,-0.0007916673779306439,0.031064432937359734,0.06860103138777916,-0.0031242156448709514,,-0.004250757859691975,-0.005285409174909477,0.040477253194560886,-0.00765571945350392,,0.022705206387010766,0.012662670262246049,-0.007318651254432164,-0.004725183983449522,-0.003522961579577796,-0.005422831711941251,0.04195143256191583,-0.006069373879194502,-0.0027994576793782854,-0.0058641865446488585,-0.006444576355806912,-0.00435506034302363,-0.0007916673779306436,,,,,,,,,-0.0007916673779306439,-0.000791667377930647,,,-0.0007916673779306448,-0.0007916673779306438,-0.000791667377930645,-0.0015554683109525803,-0.0020043962025824654,-0.000791667377930647,-0.0015026673479134186,,-0.0011937105948675777,0.1410601976639712,-0.0019406320619994538,-0.0011197541325685875,-0.0023778473005908398,,0.2171728868720168,1.0,-0.0015840452493930649,-0.0017712814515752954,0.1526630555439569,-0.0007916673779306467,-0.002837364356382248,0.04066408260711051,,
This Year in Baseball Rookie of the Year,0.013560639474575817,0.06844884077891927,-0.010374199488176144,-0.006244666453313098,0.0023593581257712846,0.003173444619717614,0.005278061193931324,,0.010097966673450831,0.01347812239326654,0.01252442858737185,0.017930519722796526,-0.004346462396962595,0.02152189133206788,0.01280710482183203,0.02413953624158184,0.031374309805378836,0.012880713836882331,0.029233332934565374,0.01436100402476216,0.009284219946617246,-0.015073907088334247,0.024829142736614806,0.02386919745358273,,0.02777768122983894,0.03175432175307563,0.022212373614012484,0.024999890064264993,0.029810988007423142,0.05467177898191632,0.02442108650572247,0.039425102218652676,0.022769809903157176,0.04968893440591044,0.030926290274427958,0.04905903320096586,0.007957515905687409,0.02676106483785698,0.01663595285319369,0.005767693396893672,0.03442534087274703,0.007958308820766452,0.028371709654077103,0.022199046491057934,-0.011594693073586302,0.020197586552102288,-0.003693201364285437,0.007719004914711511,-0.008311926232691037,-0.004153513573995339,-0.00896461402259966,-0.008363541720375492,-0.0038332022383482604,0.032094560543549755,0.03415469798635772,0.03556654274659374,0.0049787753071487565,0.043034471854256844,0.004514407247618095,0.023363898502739643,-0.0005981756247257098,-0.004060755438734413,,,-0.010352690044033103,-0.00429171572128641,-0.0031278703250889463,,,-0.00399749548452392,-0.004523833251770388,-0.007426311440515731,-0.0018941473114993893,-0.0008460745591655406,-0.0005981756247257133,-0.0026144309307698844,0.2218710806601182,-0.003941543599775366,0.01891215240264657,-0.0019683184442704656,-0.004039338673611372,-0.004554411464042344,0.07606906404156914,-0.0019435074554555024,-0.002494649465661831,-0.0021971899146689218,0.10952338090625169,-0.0014943054367287747,-0.0011968880909634992,,-0.006156838558408427,-0.0033517561164067267,-0.0022016568358714473,0.008170095094672751,-0.0026882776959589044,-0.0005981756247257122,0.04630696429924462,0.0436570764362015,-0.002360624799310899,,-0.0032118283627214504,-0.003993600119530806,0.23362923605038885,-0.005784581876791274,,0.035501411944342594,0.0032099508761919736,0.043680300717474085,-0.0035702998001913926,-0.0026619130742219677,-0.0040974351571134325,-0.004811995481899487,-0.004585955684281235,-0.002115241063276443,-0.004430918271537952,0.05779668235561942,-0.0032906382327080527,-0.0005981756247257121,,,,,,,,,-0.0005981756247257122,-0.0005981756247257102,,,-0.0005981756247257114,-0.0005981756247257129,-0.0005981756247257115,-0.0011752956539363897,-0.0015145008928012717,-0.0005981756247257101,-0.0011353997962409157,,-0.0009019552917452191,-0.001584045249393069,-0.0014663213723465616,-0.0008460745591655429,0.1651944366673133,,-0.0010363804499313241,-0.0015840452493930649,1.0,-0.0013383618150727204,-0.0014663213723465596,-0.0005981756247257101,-0.002143882953583193,-0.004494596625452616,,
This Year in Baseball Setup Man of the Year,0.03496865906205293,0.020875439835570747,0.006982481082585988,0.017910813787225924,0.012054438785733276,0.01343714489700986,-0.020240127435993308,,-0.042771572323807364,-0.037020581816418735,-0.03957252392264696,-0.03770095299543172,-0.029315207651325288,-0.02502098777909509,-0.036211948618703464,-0.022157521113298165,-0.02505737561682808,-0.034158757814077165,-0.038175925450493586,-0.019106244014876195,-0.02788570289478799,-0.029451806529953474,-0.02531705036771727,-0.029954207156332836,,0.024478828976316258,-0.020783662911369457,-0.01739158183603627,-0.01926606144807267,-0.01748160906002858,-0.011947241019695192,-0.01318490090870776,-0.01733322452805778,-0.010364369875554039,-0.012437485477294428,-0.016210196526848873,-0.018962738298489077,-0.010871522223634716,-0.011122435108017283,-0.01487387136210734,-0.011444283898134025,-0.015103046085747559,-0.016707156414131827,-0.030264901735029985,-0.030660846367224968,-0.028057637823945103,-0.02338420753865486,-0.025978987275154783,-0.022543263989828734,-0.009294406689751407,-0.004644464263443917,-0.010024243022632575,-0.009352123194999314,-0.004286291712641862,0.028978809146243158,-0.02116771039177275,-0.014117955261949531,-0.014513981947109995,-0.008744101511565856,-0.016737016198955873,-0.012410899146896363,-0.000668880759098953,-0.004540741996334864,,,-0.011576391429430604,0.007824787988711914,-0.003497588652777222,,,-0.004470004633520573,-0.0050585562072489485,-0.008304111080947368,-0.00211803797946782,-0.0009460816689888684,-0.00066888075909895,-0.0029234600563789494,-0.0026983308404066814,-0.0044074391634534955,-0.008646026580787367,-0.0022009762362948195,-0.004516793741807584,-0.0050927488038558745,-0.003825332838519939,-0.002173232556434646,-0.002789520266799258,-0.002456900611224683,-0.002999857600139501,-0.001670934276707029,-0.0013383618150727185,,-0.006884584858311971,-0.0037479380348952075,-0.002461895528304695,0.005901057132323915,-0.0030060356049551413,-0.0006688807590989508,-0.0077991273356409685,-0.01006801476886265,0.09830070420224174,,0.0681521756838415,-0.004465648831334976,-0.003641590204215944,-0.0064683269542993764,,-0.008168432755697782,-0.012999076476283395,-0.006183537610758949,-0.00399231386544362,-0.002976554650747345,-0.004581757304981284,-0.005380779586579685,-0.0051280215918238815,0.17350535007020576,-0.004954658555889394,-0.005445030634217853,-0.0036795959381044035,-0.0006688807590989517,,,,,,,,,-0.0006688807590989516,-0.0006688807590989527,,,-0.0006688807590989524,-0.0006688807590989517,-0.0006688807590989525,-0.0013142171239945621,-0.0016935168618705694,-0.0006688807590989529,-0.001269605524194769,,-0.0010085675766084588,-0.0017712814515753019,-0.0016396424596336876,-0.0009460816689888679,-0.0020090461622885307,,-0.0011588819627734665,-0.0017712814515752954,-0.0013383618150727204,1.0,-0.001639642459633685,-0.0006688807590989528,-0.002397292698226518,-0.00502586377379531,,
This Year in Baseball Starter of the Year,0.02318865464794648,0.04150597580006149,-0.004226375781273751,0.01832450455771021,0.001996811166194041,-0.0013744218551532093,-0.044845129969596866,,-0.04237733092192246,-0.0394673092729243,-0.0415040027777898,-0.03970702497445628,-0.03176155870669466,-0.027328495516622472,-0.03831877669860761,-0.024275981577436042,-0.027234547519060185,-0.036555174299516845,-0.030220907285889782,-0.0209329746476361,-0.029835145268122403,-0.003454751483945135,-0.027205675379568924,-0.030498292361430562,,0.0026762815758861695,-0.011826337737930159,-0.018026219404958427,-0.014988792772047534,-0.013442774512838934,-0.013089505879845137,-0.014445497306465915,-0.01570797082938871,-0.011355297863607977,-0.013626622164661753,-0.016563303362048587,0.0013827541382889165,-0.011910938586954573,-0.012185841024265374,0.05705774321778865,-0.012538461484814332,-0.00536190777787573,-0.04254255843147316,-0.014028378652877666,-0.024032385319048694,-0.02945661105308764,-0.020783690393237186,-0.02622966907838665,-0.02324167765322972,-0.010183036469643181,-0.005088517272302474,-0.010982651791274663,-0.010246271197523993,-0.004696100169308274,0.006406508208970311,0.005517541737253727,-0.0010321872804263535,-0.013369929618215915,-0.0033223962718492905,0.008182638861974147,-0.01359749393936723,-0.0007328318408164478,-0.004974878213463979,,,0.013036791931143613,0.0039626624687421974,0.0698567358997549,,,-0.004897377715653991,0.09748114300178082,-0.009098059597337947,-0.0023205416665049053,-0.0010365356778714594,-0.0007328318408164473,0.09080699257965875,-0.002956315800697885,0.2149979257463662,0.0014080549559924809,-0.0024114095747199984,-0.00494864028807769,-0.0055796618903689406,0.12565447068304036,-0.0023810133468327643,0.45143820817734587,-0.002691802646636587,-0.003286671259999899,-0.0018306907849046968,-0.0014663213723465586,,-0.007542813762157305,-0.0041062749855118805,-0.002697275123200858,0.1694904325105145,0.04918203641110156,-0.0007328318408164461,-0.008544794814906824,0.07685992987497448,-0.0028920286043905793,,-0.003934847884379992,-0.004892605459178555,-0.003989759335355491,-0.007086757818101054,,-0.00894940919067133,-0.0021256036202717847,0.07360923203542438,-0.004374015367210258,-0.0032611403367864564,-0.005019814958508812,0.2289314718421138,-0.005618307077550212,-0.0025914061658433712,-0.005428368959245598,-0.005965625066493369,-0.004031398762933861,-0.0007328318408164469,,,,,,,,,-0.0007328318408164453,-0.0007328318408164475,,,-0.0007328318408164474,0.40794305805448966,-0.0007328318408164475,-0.0014398682292892102,-0.0018554324705200606,-0.0007328318408164477,-0.0013909913549609877,,-0.0011049958063518118,-0.001940632061999455,-0.001796407185628746,0.28798416250195324,-0.002201129240701209,,0.2347500229330473,0.1526630555439569,-0.0014663213723465596,-0.001639642459633685,1.0,-0.0007328318408164474,-0.00262649567522881,0.044833383850206555,,
This Year in Baseball X-Factor Player of the Year,0.03494218598241186,-0.007255718273357485,0.0051971843551402,0.004826282629166342,-0.0031518785373993666,-0.004822509729370005,0.003859675742979396,,0.0037820196636194794,-8.497172509532551e-05,0.0031195486154700224,0.01073683292687417,-0.009806335199556208,0.0009487389265633741,0.001838069472612402,-0.00599439741169011,-0.0058501594541649875,0.006396541896495633,0.004380434942585201,0.021911727920879785,0.033145752251126974,-0.005342334335394469,0.004452662615243692,0.015719240067223958,,0.05545284281890053,0.04609730023800709,0.045074955084830844,0.04449259019055005,0.05508183565259998,0.027323628494830735,0.0393520766311461,0.04313725679098005,0.0228170223274175,-0.005558885916805173,0.06598489592631668,0.02406654398382608,0.048156763694679874,0.11733327132513979,0.013301600455063518,-0.005114978321413601,0.020627121149461716,0.0048962765898119725,0.01371743203386363,0.011877886440535793,0.02890338077386102,-0.004569794295032566,-0.005611964165913919,-0.0070651825767012325,0.0157113628723123,-0.0020758252970261657,0.05615213821916883,0.033827592861765836,-0.001915741463997812,0.055648529019546415,0.059375105669898086,0.059126576639884076,0.12836052605146253,0.01393336148502737,0.04444871257481132,0.00823196697531269,-0.0002989536621823621,0.07978495090269584,,,-0.0051740232703760755,-0.007787049410035372,-0.0015632336890117433,,,-0.001997851241771798,-0.0022609020859705622,-0.0037114902545000443,-0.000946648863776879,-0.00042284753421346574,-0.0002989536621823638,-0.001306629138616094,-0.0012060085083114987,-0.001969887847477263,-0.003864308061625758,-0.0009837177961331486,-0.002018763452330062,-0.0022761843344671993,-0.0017097176822405875,-0.0009713178659755138,-0.0012467652689172237,-0.0010981022033480948,-0.0013407747246241637,-0.0007468175971461998,-0.0005981756247257107,,-0.003077038512469934,-0.0016751263748023722,-0.001100334662172856,-0.0031455880648858263,-0.0013435359599258067,-0.0002989536621823632,-0.0034857897272412334,0.0046544381294859605,-0.0011797829928561524,,-0.0016051938789332092,-0.001995904432871384,-0.0016275946241663644,-0.002890993656007706,,-0.0036508493530234267,-0.005809886836644122,-0.0027637081629751127,-0.00178434920487708,-0.0013303595617335147,-0.0020477986650417443,-0.0024049185761764818,-0.0022919493703050064,-0.0010571461559554032,-0.0022144654334827108,-0.002433635332831818,-0.00164458113958833,-0.00029895366218236316,,,,,,,,,-0.0002989536621823632,-0.00029895366218236213,,,-0.0002989536621823628,-0.00029895366218236354,-0.0002989536621823629,-0.0005873842486517425,-0.0007569107960375519,-0.0002989536621823621,-0.0005674452670701413,,-0.00045077536838054454,-0.0007916673779306491,-0.0007328318408164487,-0.0004228475342134669,-0.0008979353936248097,,-0.0005179578005426816,-0.0007916673779306467,-0.0005981756247257101,-0.0006688807590989528,-0.0007328318408164474,1.0,-0.0010714606777197323,-0.002246290329579514,,
Triple Crown,-0.04060258784288441,-0.026004755257932912,0.07909202306150988,0.045780676333052536,0.08787547680942354,0.08172460689030843,0.1259007092217917,,0.12373253412073587,0.17539026475277283,0.15306769668684067,0.15958865535120176,0.16115671675029616,0.15933006384828738,0.18627960810687738,0.08102931312342398,0.052843096812198405,0.16822559518384564,0.058973462022251025,0.04706718566503843,0.0677127974481827,0.05342204014700009,0.006561247303523409,0.040408608812925365,,0.03829506913348988,0.05225669002316563,0.07586508691691021,0.05972553427552046,0.034612985068409124,0.09792886727366809,0.08833733336469429,0.07961737572987732,0.016190754000537037,0.023647461872432676,0.06720626029758521,0.040088834877665305,0.04592200706567787,0.026017631021805616,-0.005951163569751149,0.003165314200153419,0.01260242200504852,0.1298504986255838,0.013280754490212633,0.03628020662527667,0.0889611776570396,0.030996732074874182,0.0738062843953147,0.055395959563932146,-0.013868669749727306,-0.0074398325256931335,-0.01605754400399523,-0.014980894756385086,-0.00686608631038872,0.030720710369067664,0.04190412597526108,0.041488752624245305,0.03826417982921939,-0.005108972279639729,0.0022701352416549256,0.017157584491094915,-0.0010714606777197328,-0.007273682835932279,,,0.17888106271567142,0.11996199167809118,-0.005602685766201194,,,0.051561689062911246,0.020139714983226042,0.2623370026764395,-0.0033928235758699833,-0.0015155007711666964,-0.0010714606777197347,-0.004683005828294381,-0.0043223778702632665,-0.0070601488962605385,0.012995794448572922,-0.003525679962692137,0.06001296659548361,-0.0081579265221898,-0.006127689666519116,-0.003481238167019213,-0.004468451566171462,-0.00393563779221132,-0.004805384836660644,-0.0026766211289399513,-0.0021438829535831917,,0.27562753462499257,-0.006003713176515951,-0.0039436390049340415,-0.011273900761830198,-0.004815281203295006,-0.0010714606777197336,-0.01249319575573581,-0.01664030654338253,-0.00422838467961891,,-0.005753072596060704,-0.007153393274050898,-0.005833357672663322,0.013449926998671412,,-0.013084775391234222,0.20172228800590541,-0.009905229458318308,-0.0063951717279182195,0.27567189268260395,0.26978607445322655,-0.00861931467465683,0.16949341170700616,-0.003788849845290897,-0.00793672376121938,-0.008722236563364311,0.03519351245565089,-0.001071460677719733,,,,,,,,,-0.0010714606777197336,-0.0010714606777197325,,,-0.0010714606777197332,-0.0010714606777197345,-0.0010714606777197336,-0.0021052062736009675,-0.0027127955167883635,-0.001071460677719732,-0.0020337442464677057,,-0.0016155951333011495,-0.0028373643563822572,-0.002626495675228818,-0.0015155007711666994,-0.0032182327467689203,,-0.00185637938651894,-0.002837364356382248,-0.002143882953583193,-0.002397292698226518,-0.00262649567522881,-0.0010714606777197323,1.0,0.019549550451164806,,
World Series MVP,0.15549768288950605,0.07061637128665431,0.16437575553900202,0.18897542584698654,0.13272754436428455,0.1063673747198499,0.07253459629861345,,0.060211742672696016,0.059062519248495975,0.057516297185317825,0.06586372153776869,-0.012247146544642463,0.10464551113626577,0.07163485441707973,-0.004769992631983753,0.033331164643191025,0.07362490106532996,0.11235766165964747,0.12035632652396377,0.059983519313124296,0.001092764852929206,0.12059141217561385,0.09920049220158161,,0.2334277799847689,0.21321989956341597,0.21345176342749936,0.22277498877862034,0.21847243838168615,0.0846033005664319,0.23326565692861329,0.22516108866421983,0.047468095587197404,0.05706359473215256,0.19849086254649645,0.2126769620655565,0.1594011371593635,0.1313777144109073,0.12697667796397066,0.17041182401684693,0.17353646276610868,0.06454263218135718,0.1216037145578215,0.09748813311567424,0.010626516557786278,0.03749005259091323,-0.003198889498326599,0.02629730737670285,-0.0051630737082129655,-0.0015476535281915107,0.015467207662143595,0.019847104586171085,0.009562275977114737,0.23306760427979395,0.22691625285488284,0.2215183819155903,0.10393579336968754,0.16772074887303373,0.14688213089611346,0.11362018901898543,-0.0022462903295795145,0.045217189754937694,,,0.13947670883702576,0.1207961720204195,0.12155568193061733,,,0.04957040126526579,0.6663589403517507,-0.027887548211155286,0.10993618609701103,-0.0031772092037823866,-0.0022462903295795184,0.04686963622527521,0.018552666937306804,0.18402988759239608,0.11858689878198697,0.09837595556868405,0.1327493293573088,0.14748227684731494,0.006727472286822171,0.03273479643917192,0.05914635405563221,0.031683071090618235,0.01755582541813997,-0.005611468794806046,-0.004494596625452611,,0.10585009120196275,0.11294205699925823,0.09719873970673007,0.11883295758466461,0.10065326919225874,-0.0022462903295795166,0.08533124234777364,0.15337129965261692,0.018921052471284342,,0.08668284805993977,0.11587402981473091,0.0023535007954172274,0.030652510327030688,,0.1122344484512854,0.19196578667355718,0.05194051128848445,0.05175686005143216,-0.009996110422499913,0.11355847755664052,0.1864618360293442,0.0913571666660617,0.06467437242207669,-0.016639141504765944,0.0434389297824368,0.03283077839695193,-0.002246290329579517,,,,,,,,,-0.0022462903295795166,0.12096825791260163,,,-0.002246290329579517,-0.002246290329579518,-0.0022462903295795175,0.10318292485891672,0.033308042624368144,-0.0022462903295795145,0.11267334561224725,,0.10808590681759343,-0.00594846292334229,0.09517314974376097,-0.0031772092037823906,0.034373774361113975,,0.1384266055403606,0.04066408260711051,-0.004494596625452616,-0.00502586377379531,0.044833383850206555,-0.002246290329579514,0.019549550451164806,1.0,,
retired_five,,,,,,,,,,,,,,,,,,,,,,,,,,,,,,,,,,,,,,,,,,,,,,,,,,,,,,,,,,,,,,,,,,,,,,,,,,,,,,,,,,,,,,,,,,,,,,,,,,,,,,,,,,,,,,,,,,,,,,,,,,,,,,,,,,,,,,,,,,,,,,,,,,,,,,,,,,,
hof_eligibility,,,,,,,,,,,,,,,,,,,,,,,,,,,,,,,,,,,,,,,,,,,,,,,,,,,,,,,,,,,,,,,,,,,,,,,,,,,,,,,,,,,,,,,,,,,,,,,,,,,,,,,,,,,,,,,,,,,,,,,,,,,,,,,,,,,,,,,,,,,,,,,,,,,,,,,,,,,
