,career_DivWin,career_WCWin,career_LgWin,career_WSWin,career_team_wins,career_team_games,G,G_batting,AB,R,H,2B,3B,HR,RBI,SB,CS,BB,SO,IBB,HBP,SH,SF,GIDP,G_old,post_G,post_AB,post_R,post_H,post_2B,post_3B,post_HR,post_RBI,post_SB,post_CS,post_BB,post_SO,post_IBB,post_HBP,post_SH,post_SF,post_GIDP,W,L,pitching_G,GS,CG,SHO,SV,IPouts,pitching_H,ER,pitching_HR,pitching_BB,pitching_SO,BAOpp,ERA,pitching_IBB,WP,pitching_HBP,BK,BFP,GF,pitching_R,pitching_SH,pitching_SF,pitching_GIDP,post_W,post_L,pitching_post_G,post_GS,post_CG,post_SHO,post_SV,post_IPouts,pitching_post_H,post_ER,pitching_post_HR,pitching_post_BB,pitching_post_SO,post_BAOpp,post_ERA,pitching_post_IBB,post_WP,pitching_post_HBP,post_BK,post_BFP,post_GF,pitching_post_R,pitching_post_SH,pitching_post_SF,pitching_post_GIDP,fielding_G,fielding_GS,InnOuts,PO,A,E,DP,PB,fielding_WP,fielding_SB,fielding_CS,ZR,fielding_post_G,fielding_post_GS,post_InnOuts,post_PO,post_A,post_E,post_DP,post_TP,post_PB,fielding_post_SB,fielding_post_CS,inducted,seasons_played,ALCS MVP,All-MLB Team - First Team,All-MLB Team - Second Team,All-Star Game MVP,Babe Ruth Award,Baseball Magazine All-Star,Bob Feller Act of Valor Award - HOF Player,Bob Feller Act of Valor Award - MLB Player,Bob Feller Act of Valor Award - Patriot Award,Branch Rickey Award,Comeback Player of the Year,Cy Young Award,Gold Glove,Hank Aaron Award,Hutch Award,Lou Gehrig Memorial Award,MLB Players Choice Comeback Player,MLB Players Choice Man of the Year,MLB Players Choice Outstanding Pitcher,MLB Players Choice Outstanding Player,MLB Players Choice Outstanding Rookie,MLB Players Choice Player of the Year,MLB Players Curt Flood Award,Majestic Athletic Always Game Award,Most Valuable Player,NLCS MVP,Outstanding DH Award,Pitcher of the Month,Pitching Triple Crown,Platinum Glove,Player of the Month,Player of the Week,Reliever of the Month,Reliever of the Year,Reliever of the Year Award,Roberto Clemente Award,Rookie of the Month,Rookie of the Year,SIlver Slugger,Silver Slugger,TSN All-Star,TSN Comeback Player of the Year,TSN Fireman of the Year,TSN Guide MVP,TSN Major League Player of the Year,TSN Pitcher of the Year,TSN Player of the Year,TSN Reliever of the Year,TSN Rookie Pitcher of the Year,TSN Rookie Player of the Year,TSN Rookie of the Year,This Year in Baseball Best Bounceback Player,This Year in Baseball Best Breakout Player,This Year in Baseball Best Defensive Player,This Year in Baseball Best Major Leaguer,This Year in Baseball Best Major Leaguer - Postseason,This Year in Baseball Best Moment,This Year in Baseball Best Performance,This Year in Baseball Best Pitcher,This Year in Baseball Best Play - Defense,This Year in Baseball Best Play - Offense,This Year in Baseball Best Player,This Year in Baseball Best Rookie,This Year in Baseball Best Social Media Personality,This Year in Baseball Breakout Hitter of the Year,This Year in Baseball Breakout Pitcher of the Year,This Year in Baseball Breakout Player of the Year,This Year in Baseball Closer of the Year,This Year in Baseball Defensive Player of the Year,This Year in Baseball Dependable Player of the Year,This Year in Baseball Hitter of the Year,This Year in Baseball Hitting Performance of the Year,This Year in Baseball Moment of the Year,This Year in Baseball Oddity of the Year,This Year in Baseball Performance of the Year,This Year in Baseball Pitching Performance of the Year,This Year in Baseball Play of the Year,This Year in Baseball Player of the Year,This Year in Baseball Postseason MVP,This Year in Baseball Postseason Moment of the Year,This Year in Baseball Rookie of the Year,This Year in Baseball Setup Man of the Year,This Year in Baseball Starter of the Year,This Year in Baseball X-Factor Player of the Year,Triple Crown,World Series MVP,retired_five,hof_eligibility
career_DivWin,1.0,0.28065364679007626,0.14773121749628207,0.16025781173857215,0.4153761608521269,0.3531905351029214,0.12182063456137722,,0.02500435318082395,0.021378434561434012,0.019129050796964267,0.06882184667840956,-0.1753740772541341,0.19801008040556833,0.05165116506481734,0.004540774776035455,0.15646727500564506,0.06082890952458625,0.234763790095172,0.2801591708945448,0.0717988358051723,-0.19902927349121866,0.3441067254477937,0.2429990684585135,,0.6026276032656201,0.42270231270924724,0.37560013936033443,0.3999811291583841,0.3783652448173678,0.1469352503680213,0.35704216637129943,0.38250784459605813,0.21086190835470603,0.21609245675218808,0.3837735050460304,0.4660259662822075,0.29098763967311253,0.3059341524843111,0.1998954030835588,0.32608390497839324,0.3617083719220978,0.039847028696618686,0.02156123033112001,0.14545872299713586,0.040701908690690916,-0.15710775442180427,-0.07190794540631158,0.11278009795178646,0.030534506731618536,0.02193302246983767,0.05053071374367819,0.1607110531312989,0.0396324119994797,0.14351977254652531,0.07935470105985602,0.09622715665021057,0.22914884055688275,0.07120937297359826,0.06405310117386691,0.19013547974149286,0.029623380907704798,0.10316775759372412,0.0189663940996231,0.3279160066634575,0.3329881194518545,0.3280543131047716,0.2670901147266135,0.2762574046507115,0.4021911705384104,0.2522903330271835,-0.022959525519758144,0.01467409279789545,0.17036766937129896,0.3056155200058997,0.30966859523718687,0.3204335852903889,0.3166073057643003,0.31926895185167564,0.3296122976861627,0.4210631842410903,0.34878612521420976,0.3169253633243706,0.2718919095784631,0.2396837195477472,0.15007003008502517,0.3257871909096832,0.2522643868596696,0.29807893977660604,0.21239532356210852,0.286836572939198,0.2942873332233678,0.09592918614836572,0.36280440807827324,0.2564618038104156,0.0007382524433702045,-0.01941228356537047,-0.19594250959189916,0.02677429463120385,-0.07341767398445558,-0.04870474726687315,0.03498764337709374,0.0054213334487819035,-0.04656822476003423,0.5930754390760613,0.46654389662185114,0.46968710195252633,0.317018308308517,0.2995314643055556,0.2707852833246426,0.2805772651841365,-0.013340512467784288,0.10228183516885919,,,-0.010075768627546097,0.27371130641554475,0.16530147809045745,,,0.12806625164548568,0.12529862558261506,-0.16562159383755834,0.06477911000778873,0.020967994872234257,0.018847953165679717,0.09533612472095421,0.06160656110646309,0.15178881060096266,0.1962816837865002,0.1103734216199194,0.08742623915898431,0.10373385161261911,0.0975645496613058,0.11614375305253327,0.14460527007956128,0.10139775869491063,0.07189936881280169,0.08505562908205028,0.021611366884428634,,0.046593108389701224,0.1315718261613051,0.07350493916994706,0.23344281046807033,-0.00932329053362895,0.018847953165679714,0.21698162287312683,0.3758834856733027,0.07075171077884865,,0.10184659586011861,0.13560277152244293,0.03880238869133116,0.0882002841027964,,0.24032713274135445,0.16743725268323184,0.11963467014114489,0.05230679723385697,-0.05936598398020588,0.04948591323140309,0.11000633645682488,0.035294071225493724,0.11565654638847679,0.06675973099848988,0.12017423334971093,-0.039448870686832324,0.02689506957404575,,,,,,,,,0.002753720348947728,0.018847953165679707,,,-0.013340512467784284,0.0027537203489477326,-0.013340512467784288,0.10906024758208045,0.060454394190789205,0.0027537203489477464,0.07905247360808768,,0.09394224806857046,-0.0018405645855347828,0.09551760574729563,0.003894930909913746,0.09152420877311786,,0.028007982017817245,0.05600029204362327,0.013560639474575817,0.03496865906205293,0.02318865464794648,0.03494218598241186,-0.04060258784288441,0.15549768288950605,,
career_WCWin,0.28065364679007626,1.0,-0.00469090427506048,0.060144118800077265,0.17502454386259028,0.15357123049325386,0.013813737017977947,,-0.04122893197540521,-0.017401653086995855,-0.035940421745462636,0.020784437010775123,-0.14251566929157314,0.09786532017055341,-0.0055658073767633175,-0.03528645604383868,0.00170950322161286,0.00780871109067939,0.1161353283627675,0.07156424673136952,0.05674834077763163,-0.15825161925818582,0.13041988366683846,0.08189390886726125,,0.3679933206069845,0.23551429215103598,0.2366485067918321,0.2270305133263323,0.24460359935047685,0.05048053176972099,0.23789307548404925,0.23111211858104613,0.08934906683679728,0.04246778894172893,0.23122740705670577,0.2860262129150783,0.15897195795950625,0.2149702640716787,0.10327931364446122,0.19278764421689717,0.23308535637859085,0.0057958117581711445,-0.0005185910018164304,0.12888659531005348,0.004800147933992121,-0.12995393846770878,-0.11022034188576954,0.09726749983942132,4.129048615869007e-05,-0.0005233931040151806,0.02695248171685582,0.10416418040488847,0.00900583736596377,0.09232954009706222,0.07187005246216722,0.112379286708264,0.07023304202913576,0.03869708875024666,0.09316330127158926,0.032794695779308464,0.001261153660522118,0.08865588453322233,0.006597650478979618,0.13394075212103948,0.17491368750720165,0.20492042111965877,0.16100842401793927,0.1590909713164888,0.31047703366893326,0.15974632806313535,-0.04982802478391077,-0.020473956103531758,0.10197605464878326,0.19318865215535796,0.19727859153187421,0.23010419707890994,0.22983047613555066,0.2207063313479055,0.22852749637930614,0.3084280665508054,0.2691347708557096,0.18493471007391143,0.1947743553707093,0.2667675154057694,0.05539633755587764,0.20815882423083099,0.15674574725938642,0.2096635043306913,0.14171898340780156,0.18082042672546597,0.2083951732176548,0.009212035217160209,0.13862403950639166,0.08194558367380203,-0.023177060300412927,-0.05211861758792473,-0.14538918217638858,-0.013982725195963578,-0.041505907881788554,-0.05038106384106754,0.018802193679733695,-0.014877256438872114,-0.04649576876191125,0.3629872788523766,0.2584943574281092,0.26193368367167513,0.1885357076487956,0.1438381430878357,0.11173503471515797,0.1363215335752142,-0.007255718273357485,0.11353144242899757,,,-0.05250715103563988,0.06640320496553305,0.10785253253773401,,,0.05474525053121092,0.04965587810391545,-0.09007927002592556,-0.02297552540155577,0.019061747052993648,-0.0072557182733574924,0.02074866976684751,0.18911396111128623,0.04698169100818522,0.03068463253353705,0.1481595793678479,0.028782158917986935,0.01675929684159725,0.11988965156328817,0.07746688248441717,0.08214242852219765,0.10325709892505286,0.13017833008448854,0.06243931253715076,-0.01451794829779287,,-0.014400608863140206,0.07199353003120362,0.06379936159236951,0.11962728496751011,0.0019993709497285795,0.013476675699874097,0.12015924549161316,0.19526200559818077,0.09993702284982015,,0.05906936931306951,0.061662034436969486,0.14207670145597648,0.04440020600860663,,0.17034269326062512,0.028640200389381636,0.07157342135387428,0.005251085851905548,-0.03228832893947817,0.0035546079656819606,0.035611353378690265,-0.03918374950552143,0.10467677138119226,0.06285570590046141,0.044794606467463034,0.0019042663953590126,0.013476675699874086,,,,,,,,,0.013476675699874098,0.09640625159280049,,,0.03420906967310566,0.013476675699874093,0.05494146364633726,0.11700123026460715,0.060366973306867765,-0.007255718273357483,0.1370781754006711,,0.08284313473114945,0.10627626547939319,0.10926835444217206,0.03372395524593995,0.09583107583249119,,0.08321643481398089,0.0984331197484764,0.06844884077891927,0.020875439835570747,0.04150597580006149,-0.007255718273357485,-0.026004755257932912,0.07061637128665431,,
career_LgWin,0.14773121749628207,-0.00469090427506048,1.0,0.7749100294468951,0.36387735384398084,0.21556962478633523,0.17135223682869258,,0.16256703522019472,0.19316281697080329,0.17189164993865322,0.14491006398962009,0.2058597113304197,0.0981761114253549,0.1783088605335429,0.13709538980775762,0.05499534839863883,0.164079267334368,0.05614077438371449,0.01810026663213432,0.0951968742597227,0.19430251112514443,-0.01725357486183507,0.013192346616932324,,0.4778462665335651,0.40500618944076927,0.3717455321413306,0.3847283074307258,0.3141855671780699,0.2989470101558351,0.2665215582573589,0.3560723274300489,0.21556998943497743,0.2917047316341715,0.33964654531451527,0.3186341079249906,0.2146955342662903,0.1663919176535717,0.30667866884816497,0.21176948081098057,0.2820126899395796,0.11817107691024538,0.048805854995142575,0.02642649462494108,0.08174107945290851,0.1259666614836592,0.15385642915748868,0.010186249969216608,0.08883275449311666,0.07705172298240187,0.05691986109945866,0.021906261597700004,0.07538650169708584,0.06972874255874116,0.038380200348010554,-0.005298826516970717,-0.02965148337932536,0.03911514864055429,0.026962897857992156,0.030116455058085457,0.08499503801831423,0.001092378059998036,0.061189188977641855,-0.032655517748855445,-0.04289620406873344,-0.040611166500997296,0.2800050755799558,0.2172366556967599,0.22678890692830114,0.2341346624966061,0.2609280795379968,0.2016300403997662,0.10516812913159126,0.28235457872118097,0.26712800047454993,0.22873372390637223,0.1812050111259656,0.25437466384091134,0.2471758447769871,0.21612248467425704,0.14011607808237792,0.1646622272011904,0.16105280037233421,0.15484547692310138,0.08112327282566248,0.2713510351472801,0.1350226596999608,0.23800687014914662,0.27079854559215,0.16695398003243744,0.22771755313691808,0.1829469029719164,-0.007458290899303361,0.034860601853180996,0.11421196110343304,0.0974149679017278,0.1564825887454589,0.0784296454537229,0.05924077344935091,0.035580002112526515,-0.02007837932535404,0.00126075456320086,0.0250618087951521,0.45437473515034515,0.41160856241567495,0.4130108467091825,0.28719073612761664,0.2879932130499584,0.34307253346331,0.234472666453895,-0.005184773168620442,0.08877725273220766,,,0.26832311284577226,0.28639850773923814,0.07959161258066795,,,0.064660726491113,0.1623129418223949,0.2527420849907785,0.04933198292544741,-0.014675722944469456,0.005197184355140179,0.01793876342431033,2.503397421485712e-05,0.09358050867407491,0.04935076472585332,0.014130895819540565,0.042885014371979564,0.09365497909066993,-0.004912382985960308,0.030378588712611964,0.03466366022647014,-0.010071634156234972,-0.006956461473732509,-0.0043070342059527405,0.010399032999817471,,0.18268895024674753,0.059089382852633335,0.019128857796613608,0.04478120824314648,0.08467854815871502,-0.005184773168620457,0.008087300098156315,0.010889046683331204,-0.011096234400166997,,0.02208156057280141,0.05675212111215798,-0.025769979956116462,0.03922603291700506,,0.009512525764901,0.22212223513889567,0.02354112285392385,0.0090574426213598,0.11264074522049469,0.08498570024611239,0.11339464532011842,0.07826927586399542,0.034694576794629554,-0.027012557623043908,0.021504179948216857,0.03430159860938664,-0.005184773168620472,,,,,,,,,-0.015566730692381087,0.015579141878900866,,,-0.015566730692381105,-0.0155667306923811,-0.015566730692381108,0.06007436436797874,-0.003270004719282135,-0.015566730692381101,0.019717818310953254,,0.04853789874070124,-0.009802404644346544,0.02122315036895182,0.02203552778235087,0.00868063469367525,,0.02699193581718211,0.009835271047177557,-0.010374199488176144,0.006982481082585988,-0.004226375781273751,0.0051971843551402,0.07909202306150988,0.16437575553900202,,
career_WSWin,0.16025781173857215,0.060144118800077265,0.7749100294468951,1.0,0.2948835749540152,0.17606683258411465,0.11295317017291916,,0.09229898998494848,0.10656919939445515,0.09758839553172217,0.09050544445347959,0.09391034152158605,0.10041153588684111,0.11075007781503535,0.04304548561883579,0.09379000941942937,0.11702034986949583,0.05827264415412497,0.03720192650334642,0.039782571982748406,0.124396098218422,0.02516402653391934,0.042153272866288075,,0.41769938126790285,0.34812402278895527,0.33114427932796914,0.33594282515691204,0.28104240968933,0.23516100573927964,0.2574692679308356,0.3257115041967223,0.16695910050382404,0.24543639808767223,0.3082134902128322,0.2801709149506791,0.20733074359490636,0.16653946659342067,0.2693036705879864,0.19897942749325578,0.25840399277354004,0.09376008613339061,0.042126277168778634,0.03629893511944088,0.06790269875178875,0.06979724568355308,0.11803155043572605,0.02305631403946137,0.07046083818582809,0.0589122474072198,0.05178454459894967,0.03908510193522281,0.0764799987987612,0.0720397272110164,0.03586328205073333,0.004140392434739576,0.003956101577217131,0.030549762551628522,0.028519523415158312,0.04174317651134729,0.06787769318666168,0.015165323592278684,0.04528965007110242,-0.006272576070683546,-0.007785720725925114,-0.008745779434562836,0.26896074933543757,0.16463119718758387,0.20588104706776267,0.20572483843815736,0.20510196161359845,0.1724654932898667,0.1066673684131592,0.24849070206708299,0.22980735554224427,0.19606360457184335,0.15851979036252,0.23089103847653675,0.22379125031807465,0.20056272217283166,0.12511335842996502,0.14753919219283096,0.14667802836503052,0.13875662938379282,0.07226288040514069,0.2501686323065749,0.12462797756047127,0.19256967587667018,0.23648548921933735,0.14112940959764367,0.22579533014582626,0.11256191701895527,0.029194070448092163,-0.009581393895260526,0.06567619391578047,0.04440182013676648,-7.507568414251977e-05,0.057939510582791225,-0.022859034830350053,0.030936443505134248,-0.03653648911735713,-0.02646488440184287,0.017149596205721703,0.41622083565442214,0.3736557435285441,0.37633989488392156,0.2677520317794161,0.2536874756907581,0.26598979507835435,0.21664701518088425,0.004826282629166343,0.09776379214831227,,,0.18256017987529838,0.18900779646926344,0.08255550127722942,,,0.05308049420195434,0.20679035543690855,0.2284028146168183,0.050513869764251,-0.00441432532958828,0.00482628262916632,0.01743782695933599,0.008783082864022402,0.08416808925708415,0.04461156485446845,0.02725088233864528,0.03974616877593502,0.062223916544389385,-0.00017356609936721874,-0.007557995795508914,0.03338499465590636,-0.009746523010962977,0.01808111387799337,-0.005590530931630684,0.0017061151116738087,,0.1753767223059757,0.029741923555925434,0.03408966811395238,0.04480921205762113,0.06863069857275912,-0.011068148155470038,0.008038101004414112,0.027589475261472405,-0.004251677809955501,,0.027187892320387458,0.05392725641674885,-0.0075854248924752095,0.043293823215233486,,0.019166331146193146,0.21537254272628403,0.021169562995716575,0.011994285189143689,0.1319944859097886,0.09052131896905104,0.10275579984660926,0.07341770554736118,0.03892403770836823,-0.010036156612004571,0.017391840866158234,0.02946455321886434,-0.011068148155470038,,,,,,,,,-0.01106814815547004,0.036615144198439115,,,-0.011068148155470041,-0.011068148155470038,-0.011068148155470046,0.06153165254863932,0.012219503852460328,-0.011068148155470036,0.04435829256534031,,0.05520991110752798,-0.005258164831729978,0.04429942184222558,0.05178937540405856,0.019800683604059437,,0.04507946097890714,0.000754760502162196,-0.006244666453313098,0.017910813787225924,0.01832450455771021,0.004826282629166342,0.045780676333052536,0.18897542584698654,,
career_team_wins,0.4153761608521269,0.17502454386259028,0.36387735384398084,0.2948835749540152,1.0,0.9667369991786123,0.4570308375803659,,0.32331293319924576,0.3133033985153223,0.32590494925831,0.3344036440670131,0.1781655355887199,0.3388343799252704,0.34421459710194796,0.1817287152971363,0.25779571314833727,0.33686834068553717,0.336859452751505,0.3175953250363895,0.21551978455363172,0.19784178087177093,0.32942985505443817,0.3219545432888204,,0.42949124988076137,0.3459195857027918,0.3157945002567638,0.34240967677293144,0.30737804932908225,0.17396917974009965,0.28279083228128216,0.31980400000386905,0.19591421278514598,0.23212934159964432,0.30890701692284395,0.31543900627047156,0.23540849919726653,0.1988612462547825,0.23474875949947813,0.24189929703347393,0.26796748323981695,0.2100210132422958,0.17648255032463273,0.2050845693166547,0.18809948830949588,0.07116538341833431,0.1688072647709653,0.12015263152516029,0.19437345015161409,0.18256643903851164,0.18859198588245937,0.22690456114200236,0.19182322995256307,0.2422261403334621,0.16650092258494523,0.1530359044308125,0.2094831412413083,0.13612762476535215,0.15251922050055258,0.18861305880161422,0.19160698493398298,0.12575214297008844,0.1604929827897519,0.22252134460007864,0.2110753246829972,0.20596044657438944,0.2364382245665378,0.22345992162062242,0.2513487557137401,0.2224104045738368,0.12168013029524906,0.10190786320386083,0.08829402980004794,0.2590199826097093,0.2573957803242781,0.25337778641979963,0.218271346764088,0.24202570195716255,0.25261286559963486,0.2669329550765222,0.2151937805818531,0.19406132488323236,0.18277383980349843,0.19812533258448722,0.0745518703890306,0.27358930413117005,0.14120238006179753,0.24295748717051624,0.23614384184084783,0.20965563039519095,0.23679474619495117,0.43763080140530697,0.36164975890049755,0.28876250889237937,0.22155353585052687,0.14515505762124628,0.020121342684239436,0.17985397685024482,-0.02712364674676782,0.005533160492571441,0.041211185903306476,0.037830171791448416,1.292009123523886e-05,0.42732875806344334,0.377408162518484,0.37624945910542845,0.2649191373361256,0.2316884562645479,0.27986173731408787,0.21514593609370933,-0.009509886672803107,0.06654172036660698,,,0.34053962421060013,0.884391803210552,0.11583017079776867,,,0.1718776391891631,0.12181162137111902,0.18587402129112626,0.108157030810869,-0.0018179708392610057,0.006530959540371125,0.09029456928324434,0.043550336767888755,0.14323320645942758,0.2420943019314528,0.09462712566907575,0.12035933836073655,0.19063565098999632,0.05559620174104172,0.07840673732725859,0.09537477132489956,0.09287888703839474,0.03615778342807478,0.05884770773570231,0.04390920362764155,,0.21298035352980416,0.07897546444900491,0.09209528360239917,0.16795253916002068,0.06746671104188214,0.03528782202435257,0.21386776501736296,0.31923174463843323,0.04168326086555981,,0.05259686850342005,0.17880598702300832,0.0019840520263206124,0.10218965914832041,,0.2261746867685261,0.3717799110921964,0.13261721415981212,0.07229795089610845,0.05181632178873754,0.14521918636381995,0.15287251232793433,0.16025449004787498,0.03987070561445585,0.05046570874255817,0.09861106914974828,0.03479383292405213,-0.007526654777356096,,,,,,,,,0.027238233742832463,0.03231297418118205,,,-0.006593369179498682,0.0022728440001467194,-0.006826690578962978,0.047456227365835095,0.042731085923381124,0.026538269544439337,0.06279117414491406,,0.04594359532293521,0.00979216894031458,0.0573325864722682,-0.01675117768457666,0.04104923368171374,,0.005487466016350816,0.03260903282588763,0.0023593581257712846,0.012054438785733276,0.001996811166194041,-0.0031518785373993666,0.08787547680942354,0.13272754436428455,,
career_team_games,0.3531905351029214,0.15357123049325386,0.21556962478633523,0.17606683258411465,0.9667369991786123,1.0,0.4554962028259716,,0.3176493684011816,0.29491266780965275,0.3167726912876181,0.3262395238559142,0.16046189281608547,0.3301837343480962,0.33067417378080993,0.1678276711841349,0.2598803046598621,0.32476383867675596,0.34000810124367215,0.31766863078643465,0.20999325577061115,0.1909712280474299,0.3354698577760174,0.32713730563326054,,0.3313607275148015,0.2637614046036967,0.23976633987322105,0.2645525048213631,0.24121591046440077,0.1206211678219855,0.2258847881051745,0.24747560058421866,0.15277373796536425,0.1815435431238413,0.23836959360791335,0.24614531784830335,0.1913156488168772,0.1576320006170105,0.18249347947863218,0.19614247719609967,0.20824342413433414,0.19157500600533012,0.18293682101714465,0.2043731117758948,0.1811955284762012,0.05928276235576845,0.14965668062310586,0.11658892054529313,0.18691123959341285,0.17884597930242582,0.18900027085845297,0.2271245883736771,0.1884171466319203,0.2324797184851113,0.1690520238031929,0.16574468245388324,0.21721190464698803,0.13288728311279271,0.1523844901475616,0.18943606639351948,0.18523220289601397,0.1273025588343172,0.1595998361290641,0.22603624521653495,0.21340071579908504,0.20661776405297258,0.18580502018607536,0.17718270659368382,0.2033660825775555,0.1760075620120421,0.07664712245117211,0.07253509467213462,0.0656094615548259,0.20428447891199986,0.20430644932557532,0.20579691711722642,0.17674377154019869,0.19206513508866113,0.20234059763811424,0.2200770150673765,0.18278702974179695,0.1585901628688272,0.14754726283732109,0.16410143143487912,0.05747134712828723,0.22170111885180382,0.11220020765616176,0.19342062839169763,0.1899170298630438,0.17686497085148656,0.19453044993480248,0.4322217658124057,0.36506766836033827,0.28699380489275245,0.21857967257921052,0.139245388877878,0.011218320791153114,0.17638831439416008,-0.027776650057255627,-0.0029829017980478466,0.05149276897820382,0.04694791376589465,-0.004588346989407115,0.33428376031359996,0.2944691327338582,0.29271902765426194,0.207003328717506,0.17252297943181882,0.2119452122415717,0.1678424843319629,-0.009210609867046207,0.049881955019270736,,,0.298327197794036,0.8924019080920591,0.1014981332280806,,,0.16074356729625022,0.09496741247760047,0.14496640377797124,0.10140815327130652,-0.003248912263834727,-0.001981293812888697,0.09499101806765353,0.040571102712046246,0.1293855843776141,0.23054317548160802,0.08663749482537285,0.11578797803514108,0.18620292414505493,0.05246106454453452,0.07496200175337484,0.0880000510281071,0.08724861797711447,0.03241411643732787,0.05256781580385267,0.04306306638293343,,0.1841005590742001,0.07362358929731123,0.09213430507095287,0.1584102811902441,0.05393446074560543,0.03612256853369769,0.2123020188043871,0.3173816684905023,0.03928069637334084,,0.04605516098690752,0.17555027530923098,0.0021372305425076373,0.08912898034551066,,0.22424868070136886,0.33054531243765034,0.13031279052362957,0.07376923037703842,0.03200691254749092,0.12366854641611268,0.1343087118472373,0.14736025748708143,0.02503873444027799,0.04580718102185124,0.09153354110239151,0.031052415111393932,-0.009936698379035967,,,,,,,,,0.03602786133648168,0.030913672686815673,,,-0.0047909406636312026,0.005437436635701004,-0.004822509729369809,0.03194492363928138,0.03984359075655908,0.030945241752554295,0.05559142748142837,,0.031666202553345256,0.013276410929279678,0.04678544144799319,-0.017693858807392847,0.033094035793424875,,0.0004688900896142985,0.025649049212294675,0.003173444619717614,0.01343714489700986,-0.0013744218551532093,-0.004822509729370005,0.08172460689030843,0.1063673747198499,,
G,0.12182063456137722,0.013813737017977947,0.17135223682869258,0.11295317017291916,0.4570308375803659,0.4554962028259716,1.0,,0.9664707339683071,0.933690579694582,0.9600136070399248,0.9380725723935102,0.7105706891262723,0.7324802420260556,0.9179116604127001,0.5974249871419189,0.6683778167035358,0.8858293457133706,0.7758231481657533,0.6112929070731058,0.6482661417175348,0.3697989755624488,0.695129635339266,0.7290521260915044,,0.49250057363813204,0.5821580144946009,0.5423748634129169,0.583206654546758,0.5290083458981988,0.3528683477746639,0.4471319239587818,0.5319544010366052,0.35247646274442634,0.4028621074716569,0.5108261989076068,0.4772969428630327,0.3783521582612753,0.3404163564218501,0.20846618632418573,0.3695095006964297,0.4298162097592622,-0.5061194556535302,-0.5530999007007504,-0.549940499132292,-0.4941283924058077,-0.3120053804613146,-0.3636752634016504,-0.17150656875236028,-0.5342404803477947,-0.53879670383671,-0.5634915664472778,-0.5317574617920814,-0.5598395970328505,-0.5172472640740844,-0.524845048524453,-0.6192889965280902,-0.41935090071690867,-0.4698363476970559,-0.4825256211526283,-0.3872556370720466,-0.5387932241447464,-0.29822139877736437,-0.544236554191871,-0.38835821715965546,-0.4104602340082081,-0.384405264722166,-0.23661538130703522,-0.2729487739778519,-0.27494784711229014,-0.24705576492638337,-0.16044510817649685,-0.1329436621425079,-0.05249308028744287,-0.28087202389088356,-0.28504998120946906,-0.2888585929710849,-0.26246267603149803,-0.2908150343305671,-0.26109302232660203,-0.323514316646245,-0.2750405115470656,-0.21905561633786028,-0.1926633611289192,-0.20075115535293375,-0.09976024863175803,-0.28425014524729336,-0.12438455666370006,-0.28582104005756576,-0.24330892715718266,-0.19739447043648747,-0.22770749332177107,0.9751317139340171,0.7040465869390333,0.7536640986838933,0.662573228912009,0.4961330908275822,0.4978477831689139,0.5814299426310843,0.05616166538264433,0.03250368290890085,0.08520513212383371,0.07817432830537153,0.030655662921439456,0.45692649328049856,0.5301691252052921,0.5387627218590655,0.42599495473634486,0.3435373591393687,0.4141285365391991,0.37862655622324104,0.01391845264940462,0.07490174094456471,,,0.33636761109474683,0.549257614557457,0.07591538300912008,,,0.20263655819182244,0.06833575532025489,0.18302168312962713,0.08437361894199413,0.005298460451674611,0.014060525769551862,0.07425873413505363,0.01762086863408556,-0.08431209883939705,0.3330065630219742,0.12539963323178113,0.10761557067578824,0.18644910989449626,0.05192447828717547,0.08323955622639698,-0.058784398608188515,0.13523859204551625,0.06359516517954454,0.09135874840782901,0.05710116507254319,,0.2866891790177773,0.04720755174011105,0.12707339486789906,-0.1493770061542617,-0.05289219579814861,0.05489234049987137,0.34281071563757565,0.37034600488144764,-0.026735501723034016,,-0.03347201557434156,0.18707328267184747,0.0157299802174647,0.15095963966586437,,0.35397986959334643,0.42832285424511557,0.08295553905041285,-0.038586735634557376,0.07981818431078752,0.1764845067168027,-0.10750865688350057,0.2700938501922475,-0.02473437323755907,-0.10930813232165265,0.18824759539470556,0.08743605265378473,0.017328207532938622,,,,,,,,,0.02264174222644581,0.039974662884410185,,,0.012355648327784848,-0.017025072918666208,0.010679185510047358,-0.005871311875379192,0.07001464813106383,0.0469362457716254,0.08073912633761532,,0.05593964519104183,0.03882496904048726,0.024552881629594937,-0.027577249650466085,0.05167706567121145,,0.01426861894581106,0.04188853761198852,0.005278061193931324,-0.020240127435993308,-0.044845129969596866,0.003859675742979396,0.1259007092217917,0.07253459629861345,,
G_batting,,,,,,,,,,,,,,,,,,,,,,,,,,,,,,,,,,,,,,,,,,,,,,,,,,,,,,,,,,,,,,,,,,,,,,,,,,,,,,,,,,,,,,,,,,,,,,,,,,,,,,,,,,,,,,,,,,,,,,,,,,,,,,,,,,,,,,,,,,,,,,,,,,,,,,,,,,,,,,,,,,,,,,,,,,,,,,,,,,,,,,,,,,,,,,,,,,,,,,,,,,,,,
AB,0.02500435318082395,-0.04122893197540521,0.16256703522019472,0.09229898998494848,0.32331293319924576,0.3176493684011816,0.9664707339683071,,1.0,0.9689491256706936,0.9929212508413933,0.9641332586950566,0.7638683276682658,0.720455598005695,0.9394419088615296,0.6370763322737677,0.6649115033204158,0.8853862898595439,0.7772348794555209,0.574693744747027,0.6710809870514272,0.4019577457898398,0.6697829252123897,0.7141214948745926,,0.43815114693518276,0.5827709589923735,0.5430685629632819,0.5842767681915921,0.5298601773208556,0.3651991432145849,0.43663727927243723,0.5280823823117639,0.36492212097118726,0.4033317604950945,0.49900401110615994,0.47054065365840775,0.35647350585774573,0.33720722624956395,0.20434300219342616,0.3586728510173749,0.4249274314014144,-0.5211699833462619,-0.5727487259222227,-0.6753151378185445,-0.4781457957682924,-0.27179207129964145,-0.33976149289099256,-0.30983076674522636,-0.5501116086525075,-0.5511456972350073,-0.5816145515000046,-0.5749360479220041,-0.5843784676606498,-0.5616483347607881,-0.5863183369227326,-0.6832436365412919,-0.5282496889325635,-0.49574724584596314,-0.5024151396155397,-0.42928076187707587,-0.5545859126438635,-0.4541513189212102,-0.5527811741070323,-0.46192164821595344,-0.48693680723653404,-0.4523401539238005,-0.2720807724602649,-0.3048657292942556,-0.38939665667973405,-0.2500131435485838,-0.14323474788128285,-0.123663017186055,-0.12562724905264855,-0.31881913871310014,-0.32193197659629286,-0.32695727585862705,-0.2989191390491273,-0.3321121623845819,-0.30741989767112265,-0.41640889126959946,-0.3537158388152271,-0.282771434234784,-0.23256489329235788,-0.23987981351239887,-0.11765996128663203,-0.32747735189214366,-0.23147762489255502,-0.3192932211594397,-0.2762382698714973,-0.24809051012901953,-0.2662746897848236,0.9490068459465102,0.6816777904747962,0.7610319160402146,0.6744864318847348,0.5226386633810981,0.5674555589477008,0.5921945307689982,0.08076725759377208,0.02805262468235637,0.09245884684845682,0.08644839240409916,0.02667718467590027,0.39797923243475525,0.5216571485088054,0.524085888563098,0.4126629412605458,0.34016751057643274,0.4078635462865286,0.37381380922005725,0.014937650739172463,0.065612694419652,,,0.3293167712922303,0.4435386848724604,0.06081616507620896,,,0.19205910198549528,0.05258910733166402,0.19020586240964765,0.07177627991016404,-0.002558603745935405,0.013728795546061873,0.06755002811714418,0.00498988486814049,-0.10031112452481772,0.3155325111369436,0.11935057132712569,0.0943882438532099,0.1681408409071269,0.04741184159389126,0.07520603532704762,-0.06764227355105762,0.12503024775001162,0.06841690802616991,0.08382073286656504,0.05173345246538372,,0.27354970903243486,0.043829491110576116,0.12195491022229255,-0.17598736830646744,-0.04724876007232285,0.05324653460345354,0.3320938971961662,0.34555487897287473,-0.07592789925739327,,-0.1023709512920459,0.17653328651414837,0.015849604204866422,0.1498683350895069,,0.3493906007364259,0.4135562838249073,0.07092855923653428,-0.11160513667646954,0.08599400985036755,0.16673463976462538,-0.11847829444539319,0.2606697801485328,-0.06725304097896255,-0.12599801125472038,0.18669187228132086,0.08748909855065472,0.018774452004262518,,,,,,,,,0.020285520995650706,0.03729490194653801,,,0.013958740827360093,-0.01771457920517275,0.013597398242462876,-0.036860926525688266,0.07118382940629078,0.045796307489391654,0.08055177695362724,,0.06147136510391203,0.03888077155413471,0.024157207361121005,-0.022495837504201095,0.053033991603985184,,0.01510863845582931,0.03896030453635435,0.010097966673450831,-0.042771572323807364,-0.04237733092192246,0.0037820196636194794,0.12373253412073587,0.060211742672696016,,
R,0.021378434561434012,-0.017401653086995855,0.19316281697080329,0.10656919939445515,0.3133033985153223,0.29491266780965275,0.933690579694582,,0.9689491256706936,1.0,0.9781905866510372,0.9519296025635722,0.8016163499324374,0.7340284140296381,0.9407459316250887,0.6964953762253154,0.6456607391952678,0.9146139691142189,0.7431511949694589,0.5425352189778236,0.6805358077066905,0.35976340940963364,0.6067052860200954,0.6314530389837693,,0.44848060969681225,0.586928533087371,0.5748574949506973,0.5930151631034666,0.5381480468227247,0.38688167642484944,0.46489622429789557,0.5434766849514776,0.4130479722995178,0.412634332203603,0.5349886019613272,0.47926647194808475,0.3696780898089183,0.3487731228729535,0.18159369349216378,0.3483855866863088,0.4135947291930287,-0.4960900720352732,-0.5430822483006622,-0.6213515605368859,-0.4593302057516005,-0.2691466345262531,-0.3358043285367744,-0.2761882629633188,-0.5225778069961153,-0.5232616690888522,-0.5494822074396619,-0.5389210496869312,-0.5509752550943567,-0.5296743366143547,-0.5441085139714262,-0.6244680197412411,-0.48660269469003437,-0.4616695966342317,-0.4721168608952443,-0.40163653715169906,-0.526361581775603,-0.40722133679287975,-0.5228968507802082,-0.4271336842720213,-0.44619937520746505,-0.41464983559135754,-0.2551461316325444,-0.2871032254840276,-0.35376763996449806,-0.23868380998271763,-0.1393911271430692,-0.11956649035348176,-0.11128715720719166,-0.2991692461016042,-0.30187733989331195,-0.3060134473050086,-0.27822560513735733,-0.30956481320995427,-0.287956496508487,-0.3822112355664718,-0.3231706701952788,-0.2628572796397178,-0.21509897910309567,-0.22333384039082485,-0.1085908371902581,-0.3085821793917657,-0.20626870680196077,-0.29860375645931747,-0.26233688682236034,-0.23088498349953998,-0.25013042648570133,0.9201131834981018,0.6082482947553635,0.7251878378098618,0.6385000633650084,0.4619183144652425,0.5735978559761103,0.5433386433375069,0.048846571651924076,-0.006487797507073522,0.03287103114378886,0.029103077679728986,-0.005508317056826183,0.4021605972447734,0.5168267937413848,0.5199161061503247,0.39220979556658137,0.3141323405379082,0.39305562207141737,0.3550961701891825,0.012504487422918945,0.03244418667298344,,,0.37851674159791504,0.4375059048576075,0.06485030057370852,,,0.18593641801515107,0.05205094428276128,0.2315902770652671,0.06308365762760261,-0.00023695233426854705,0.015311317659197554,0.06995923502035999,0.01343171812670812,-0.09906008048522066,0.2948751647689843,0.15354309779332556,0.09483350280203728,0.1662168886373806,0.058903540337820685,0.08638651633426442,-0.06502255966090977,0.16422287165806174,0.07728704936597187,0.11587125204683991,0.04411933703809408,,0.32386012682507226,0.03306747937287995,0.11788460333218222,-0.1652919866916022,-0.05230171823909447,0.046103896427783536,0.3585968908911968,0.3593447120228636,-0.06602355960699886,,-0.08941966051547996,0.18009853344838092,0.01557096235068236,0.1506892372681481,,0.3686823803915317,0.4450953942482503,0.07830888251635912,-0.09862375557808128,0.12184091193652725,0.2038798234685533,-0.11778921988956917,0.27914339142525596,-0.058685082880353456,-0.11672537510988143,0.18494373299601655,0.09089015884411875,0.018778578539306385,,,,,,,,,0.02538288497760892,0.041769820327647166,,,0.009491272610443371,-0.016265522498936542,0.017086225014491353,-0.03230994089222256,0.07152936023820618,0.04181109724288655,0.09635026368684219,,0.07165849166444982,0.04288860227690057,0.0369090155711801,-0.02221818982978999,0.05889658105910177,,0.01680185868987656,0.04374743929340648,0.01347812239326654,-0.037020581816418735,-0.0394673092729243,-8.497172509532551e-05,0.17539026475277283,0.059062519248495975,,
H,0.019129050796964267,-0.035940421745462636,0.17189164993865322,0.09758839553172217,0.32590494925831,0.3167726912876181,0.9600136070399248,,0.9929212508413933,0.9781905866510372,1.0,0.9727013512415051,0.7914295212544876,0.7132438626829388,0.9468514535594799,0.6446535943657594,0.6582560273288837,0.8827753327326392,0.7401231412300244,0.5618527115508719,0.6678155260990827,0.40220622574244713,0.6432799380552976,0.6926736153784231,,0.4369342959810144,0.5790988275590628,0.5448555425815367,0.5862641260638166,0.5310658337321361,0.3726453629195923,0.4366101612923339,0.5285659185472178,0.3655189137267681,0.40413817325304285,0.4965805243306562,0.45880299021485815,0.35832958021012773,0.3331063384811465,0.19738123537968902,0.35294097904089805,0.42436413727540545,-0.5206516807429196,-0.5695141149107505,-0.6552058157522459,-0.48072486955398136,-0.28260204164519914,-0.349294334783641,-0.2928742509470064,-0.5484201604934168,-0.5491542973778407,-0.5767693089392756,-0.5655032494901151,-0.5785632968307569,-0.5560442754178266,-0.5703279399448816,-0.6625274494512933,-0.512673520723693,-0.4905445791975197,-0.49705305630327695,-0.42075270160895123,-0.5525465818609787,-0.43137015855688776,-0.5500578025018812,-0.44900732000939414,-0.47005141241067266,-0.4366573947651316,-0.2685229146084215,-0.3015118098451029,-0.37390923105847157,-0.2502300671110184,-0.1486451503120537,-0.12637811477539948,-0.1183274493455935,-0.3148873796838175,-0.31766838489633886,-0.3216216965514393,-0.2926022524577336,-0.32599944679032716,-0.30250217002873514,-0.40204213242518105,-0.3407648165207634,-0.27528896058528646,-0.2266537011611599,-0.23431061863134572,-0.11364798892219848,-0.322696763473269,-0.21876253888465377,-0.31493631867959904,-0.2737255961051092,-0.24189080994300477,-0.26183655864317135,0.9425245187605443,0.6470950791278568,0.7312822512895828,0.6744278244067065,0.49145140481255223,0.5545417674580676,0.5770303278624397,0.06991380259091665,0.019182359293267674,0.0738642116932366,0.0677003763311568,0.017794761658503928,0.3969109488007349,0.5159773641249525,0.5189782101445966,0.40823510726429824,0.3269009079200639,0.40037408368603605,0.36640639659256125,0.012662912897282016,0.057902763247803093,,,0.3595172317828843,0.44529619325429226,0.06173002170044262,,,0.19395882886342034,0.05026591913333324,0.22928764181298647,0.0732036024765133,-0.004040033488022695,0.014080912778777672,0.07068676988894804,0.007136612801123721,-0.10231856001017745,0.306302161717099,0.12344639112718558,0.09707109001446204,0.16818804201007795,0.046245592636952194,0.07161564231611324,-0.06759438852125448,0.13096051495768812,0.07032355336570578,0.08394330494500095,0.04657169700145402,,0.29295282719812143,0.041828304371236046,0.12516578093350073,-0.17284655683223604,-0.053180977948427806,0.053334750768117584,0.3386102798501439,0.34670929230975334,-0.07034938831453298,,-0.0952433009800343,0.17774962560836643,0.017625774308437977,0.15029646392252746,,0.3560911829449538,0.4310115183232228,0.0642629829199052,-0.10477783627495772,0.1057302476983568,0.1753569140677355,-0.12176509851556601,0.2682970030020984,-0.0625511568404427,-0.12269329113649118,0.18789932922011968,0.08674726629284442,0.019100182200579754,,,,,,,,,0.015746499941169383,0.03771424413703861,,,0.01216773833548989,-0.016912513202484467,0.01430599212504683,-0.0344630581947572,0.07308438650540637,0.051601639801845234,0.0853279487004151,,0.06649891271092329,0.04349536879816897,0.028705175310304747,-0.023332519487951762,0.053831211551320424,,0.015296956633742418,0.03809696042526394,0.01252442858737185,-0.03957252392264696,-0.0415040027777898,0.0031195486154700224,0.15306769668684067,0.057516297185317825,,
2B,0.06882184667840956,0.020784437010775123,0.14491006398962009,0.09050544445347959,0.3344036440670131,0.3262395238559142,0.9380725723935102,,0.9641332586950566,0.9519296025635722,0.9727013512415051,1.0,0.724458909523103,0.7632319812995847,0.9543398979292411,0.5663404991317597,0.6342578468941319,0.8760435252200724,0.7768152561624114,0.5900669431302208,0.6727354364040234,0.3209940378737135,0.6866476215349316,0.7252258648095925,,0.4708384595513696,0.605152755616359,0.5708456667485358,0.610622466303758,0.57355606607599,0.3607106695222498,0.48520377615780985,0.5670800757198693,0.33964900591029595,0.3912724519200093,0.5314770915508208,0.5056115052411772,0.3936699820966218,0.36814783263925865,0.17724782156185995,0.38440928275639724,0.46328497699837123,-0.5137322601643559,-0.5600650085088931,-0.6365026246667277,-0.4741524037605136,-0.289814000279241,-0.34945632828661916,-0.28128316222118416,-0.5404708708196927,-0.5413666280832422,-0.5661477424587339,-0.548873397428251,-0.5675585644347165,-0.5432971681411727,-0.5518199797239421,-0.6450846245840713,-0.4936390021110878,-0.4845763865307047,-0.4889072493237285,-0.40713562195682795,-0.5444883055002374,-0.41569096250229104,-0.5428259428596931,-0.4310475516923871,-0.4503869317761522,-0.41826780112958256,-0.2620953798095934,-0.2942328481747575,-0.360409289189535,-0.24481129142879407,-0.15110498885156887,-0.12616217088277185,-0.11337080305869619,-0.3073072118671267,-0.30979727705748145,-0.31229151370150254,-0.282995435315119,-0.31659976830753706,-0.29389494555150686,-0.38736430440922376,-0.32757530250070915,-0.26605857312387443,-0.2182527385675384,-0.22716901942745504,-0.10973383051120689,-0.3135532493226929,-0.20986094858155468,-0.30697582697129844,-0.26770547255292393,-0.23363847780303187,-0.25368955079873157,0.9124023301577497,0.662153783991534,0.7107273542668642,0.6668728396315103,0.45292006710234595,0.48122622468807125,0.5649003375974143,0.060317519327055646,0.007196856350093027,0.07812425052746148,0.06358041945475153,0.0060941530200906025,0.42989823687669454,0.5442800326232407,0.5471778082377821,0.43664816047796734,0.3282690875768066,0.40600476429357985,0.38006936172439504,0.00974000807736176,0.0672111669470616,,,0.33842667966448065,0.4328667388229568,0.07155564688664065,,,0.1887219844014162,0.05014959399940722,0.2244425803999835,0.06844377149328322,0.0029376433978660146,0.010363023608306978,0.07667953840604093,0.01999554667772309,-0.10032246254350903,0.30926880673969925,0.14442851739747814,0.1061973059293465,0.15965903005420234,0.06639224921629115,0.07883027641112016,-0.06557881370717891,0.151019204785047,0.08450551320037088,0.09557817802977098,0.042301358061277744,,0.29661133874832374,0.04687493655354063,0.15219923193663937,-0.16584262849964926,-0.05430405583747386,0.06219791578295173,0.3773765020358838,0.4014743062545505,-0.06677855593899205,,-0.09081703698524315,0.18527281333530718,0.020878385156759816,0.14409599129930875,,0.39822592901756626,0.43995770262663875,0.07380553793384688,-0.10034189348311481,0.11866760394700654,0.1824050857580876,-0.11958199303648047,0.2577126078345345,-0.05943346782377987,-0.11795239058850018,0.191926397303237,0.07839453933252145,0.022947937333401138,,,,,,,,,0.021826509377699678,0.061699503358195844,,,0.016842385130137666,-0.016675850434716914,0.020580478315809184,-0.03273751388578665,0.082077478140555,0.028056664687152216,0.09897968911035855,,0.0630096585701594,0.06010913135418084,0.02815209460550367,-0.022617410165617843,0.060858964072828876,,0.03040393131901143,0.047664740951912345,0.017930519722796526,-0.03770095299543172,-0.03970702497445628,0.01073683292687417,0.15958865535120176,0.06586372153776869,,
3B,-0.1753740772541341,-0.14251566929157314,0.2058597113304197,0.09391034152158605,0.1781655355887199,0.16046189281608547,0.7105706891262723,,0.7638683276682658,0.8016163499324374,0.7914295212544876,0.724458909523103,1.0,0.32889476965307723,0.6983442929950896,0.7120524056807853,0.4916662066301911,0.6346940123109523,0.3717544498072719,0.16347973085850934,0.4855953661727112,0.5595725040101546,0.172767749216243,0.21012409696531537,,0.19253129721226103,0.30970009412722416,0.30409010553290766,0.3223342772967835,0.2766325699870076,0.3578291006321214,0.15970348246162216,0.25962960190896167,0.32161643315565175,0.3267207785531063,0.235947470897328,0.18282000009487293,0.13268412244520697,0.13805463950533317,0.16729844148584733,0.1391235682065888,0.1544939719761994,-0.3813577851558428,-0.41940245245296515,-0.4858795312840589,-0.3557637459670866,-0.18901340136498498,-0.25450080112664064,-0.21735490563407103,-0.4022380965965131,-0.40257966330313244,-0.425715206652082,-0.4300099575810122,-0.426232972837159,-0.4141240681821226,-0.42961062337233374,-0.47930634485912177,-0.39144821279625147,-0.347926756062674,-0.35516910359971965,-0.3203537628647291,-0.4051633041125336,-0.3190033158131973,-0.3999383987083956,-0.34472736822166944,-0.3586964979489182,-0.3338882815477386,-0.20147855214369123,-0.22395533292501113,-0.27982128444655824,-0.18860397900369497,-0.09561274550252226,-0.09218164307807585,-0.08798470779307209,-0.23476799298816908,-0.23603234357926628,-0.2411451864376347,-0.22290745953319022,-0.2445790960699919,-0.22826168803060776,-0.30597815732052763,-0.257419857049917,-0.21200545716707653,-0.174820484330172,-0.17757897357909666,-0.08710335864028158,-0.2478102861066013,-0.16252399444371451,-0.2310583713009283,-0.20891943785206135,-0.1842918558358186,-0.201199011010259,0.7360850702820491,0.23256692689502073,0.43097887279271563,0.4970216982467245,0.38900938096316756,0.6328769569609279,0.3900941778133831,0.0579197285837603,-0.02046618326168341,-0.020037919746548328,0.003187305086322903,-0.022253689349861452,0.16261739678166598,0.2529501819965114,0.25544981723878835,0.16376129245703133,0.1610676107954275,0.25192606781478133,0.1556477010541772,0.015398242303083409,-0.012853513765853199,,,0.35807438688354426,0.3279989662571938,0.0028214497775663977,,,0.06994012446903915,-0.0035372047181069996,0.33970002679649053,0.03509914371448469,-0.01489869062359535,0.012005318408497315,0.034185504086399074,-0.024351511664099715,-0.0820524189866725,0.13077890246016263,0.01259808886049871,0.019389560751680388,0.08027043012842873,-0.027361263007926743,0.027667205622312067,-0.05356420796859296,0.020742839957855187,0.013952545617714947,0.012366096070159028,0.02717339711807197,,0.19400362411682812,-0.012645031087241335,0.018381113514944012,-0.13472119876915803,-0.033863942673190005,0.005219470619325069,0.08158148059992607,0.03463375888471515,-0.05192525828893371,,-0.07044446739823851,0.06573608828502876,-0.0191406912845538,0.04800182926228723,,0.08028550282592409,0.21434336129526582,-0.029162604796215862,-0.07808594197865622,0.12655858092093142,0.07702425692954415,-0.09788733416182732,0.1563650874158067,-0.046388947102589936,-0.09478003048740449,0.07114124624468746,0.043111587738169754,-0.0083522249590193,,,,,,,,,-0.004959301064433227,-0.003989894237408641,,,-0.005444004477945558,-0.013199259094142301,0.006188877446349665,-0.025722276067804296,0.013061602848556312,0.03333226860303852,0.0050003392265104895,,0.017371285671579775,0.0055703891797594576,-0.008790380557644889,-0.017640997129993015,0.020530010776980294,,-0.01503065942035266,0.02133979613531011,-0.004346462396962595,-0.029315207651325288,-0.03176155870669466,-0.009806335199556208,0.16115671675029616,-0.012247146544642463,,
HR,0.19801008040556833,0.09786532017055341,0.0981761114253549,0.10041153588684111,0.3388343799252704,0.3301837343480962,0.7324802420260556,,0.720455598005695,0.7340284140296381,0.7132438626829388,0.7632319812995847,0.32889476965307723,1.0,0.8583701410085672,0.244528250162223,0.4352288261406659,0.7786017910880644,0.862727167539896,0.7580003679700233,0.5386558105149044,-0.07183450871520355,0.7746549044252067,0.7646644431625109,,0.48302534387599383,0.569137585896346,0.5625840104260097,0.563425454496071,0.528798081694712,0.23289658294984308,0.6352455413571289,0.6123876171490755,0.21815977349067323,0.26888658280938116,0.585220009105437,0.5828821013281392,0.4849227426684768,0.3922872060338217,0.041183697443908485,0.4091433871818255,0.4746570152143389,-0.37052630760657257,-0.4021507989609499,-0.4439939833818363,-0.3423934717780038,-0.2254040055972143,-0.2575290939571352,-0.19071367492568886,-0.38935509471480767,-0.39092527523687587,-0.4053085017005648,-0.38298660376160015,-0.4038296816900961,-0.3839302375435187,-0.3838098994768335,-0.4583305593208546,-0.335980768739407,-0.351351642926518,-0.3506322009762443,-0.28238466474737733,-0.3922234128220607,-0.2845050220404102,-0.3932688283249804,-0.29542091805072856,-0.3073777280623161,-0.2860407063443701,-0.18253597931246485,-0.20936664013682563,-0.24730215708944744,-0.17371138052929472,-0.11477004323326416,-0.08731448417662478,-0.07640690885687813,-0.21589522834508632,-0.2185473292496474,-0.2195434841220251,-0.195958010637594,-0.22056406169652976,-0.20552695557437894,-0.2658100720929036,-0.22507677196696776,-0.18391093592953836,-0.1474424711977769,-0.15672399450204566,-0.0747408022847981,-0.2178203882606016,-0.1425609169957664,-0.21836394082160177,-0.18626425707533134,-0.1623063042086774,-0.17500801949652933,0.6732665940414663,0.6900276824819124,0.6327568315282874,0.5473366950567617,0.16257980304762057,0.1534210990011269,0.3756992011544994,-5.418165482481292e-05,0.04186406185223696,0.06016767527690164,0.03525708872236987,0.041131328918807504,0.4476611602306776,0.5307448219431824,0.5324313097023005,0.4699760759387387,0.2121589307919873,0.3235119808860843,0.3219600094492776,-0.010111566407967136,0.05948111026758625,,,0.2816153881912507,0.35792011253943024,0.08482620756734066,,,0.23093537699930186,0.09404486380256227,0.10884236190258918,0.0771542752230873,0.01393042909408306,-0.0019891546779212945,0.050579426007942956,0.05960025714350201,-0.06988143449975422,0.3181153111476433,0.249352270071661,0.1200459118654519,0.197160782723265,0.14329968451323977,0.13610029015430994,-0.04572514146988657,0.2702061971685511,0.09203129500611001,0.21261557800119438,0.057138224159935816,,0.41245718030629147,0.06092263774722003,0.18289457112864146,-0.11495120703873263,-0.044244391652492096,0.07111255089249141,0.5250318015587495,0.5693698073521921,-0.0444442059993544,,-0.060414282215615935,0.2135686877412263,0.03279815898740376,0.1934298896829544,,0.5087861276491275,0.55917868504246,0.1836429097232051,-0.06698522482987143,0.13868481933293117,0.298481057775999,-0.08318461069677066,0.37558494177597906,-0.03976221039635529,-0.07926218960410784,0.2006091659814715,0.12164687033637128,0.04380742209786914,,,,,,,,,0.04812785386917026,0.08217285622702204,,,0.0111449579068337,-0.011321287303931402,0.02911795407544585,-0.0220554291420388,0.07033176109921596,0.008898333385757162,0.13579911011257864,,0.04171643700494368,0.04010441499275474,0.045889039110325255,-0.015157582076559237,0.05654483411892394,,0.04565817489398543,0.047426689337364505,0.02152189133206788,-0.02502098777909509,-0.027328495516622472,0.0009487389265633741,0.15933006384828738,0.10464551113626577,,
RBI,0.05165116506481734,-0.0055658073767633175,0.1783088605335429,0.11075007781503535,0.34421459710194796,0.33067417378080993,0.9179116604127001,,0.9394419088615296,0.9407459316250887,0.9468514535594799,0.9543398979292411,0.6983442929950896,0.8583701410085672,1.0,0.5092747207260877,0.5412328488584213,0.8853917778056934,0.7941780358659283,0.6311242424361847,0.6566362315231536,0.2603220531870181,0.6787067274261062,0.7142518294944041,,0.4564780875173755,0.5848447790955725,0.5610153781169538,0.5886272816183856,0.5407056441432961,0.33447385855704453,0.5309063182243097,0.5842716103817817,0.2926716436484278,0.3414415416348019,0.540591002802239,0.5081354279164162,0.4195792782345885,0.35472696465811776,0.12932382708591336,0.3856333688424622,0.4533817339634781,-0.48214049021055194,-0.5280418131321322,-0.603626278197005,-0.4460412213671578,-0.2646893066933121,-0.32528933598996623,-0.26805389161907717,-0.5082822343755108,-0.5092162411688546,-0.5338721005044216,-0.5217604167585068,-0.5345079787916087,-0.5137194359768723,-0.5260380215672389,-0.6114242268332686,-0.4717922934199269,-0.4544760446826334,-0.4596734497003031,-0.3876519554659689,-0.5120580771831658,-0.39576153666617564,-0.5100939181250489,-0.41352367671565726,-0.43208449216492123,-0.401665971295789,-0.24610703182047844,-0.27790648160008447,-0.3427962431060771,-0.23064427542589866,-0.13487055013030128,-0.11463545392998091,-0.10803050895590985,-0.28924634147739553,-0.2918916907373314,-0.29606264363876533,-0.2690771584565839,-0.29916558474951754,-0.2783095429866776,-0.3696251182551015,-0.313006942442357,-0.2538016579258814,-0.20772904019572236,-0.2160625914807374,-0.10429261964187458,-0.2973060111032815,-0.20015683804646522,-0.2894734057137162,-0.2520702864704217,-0.22293096724743708,-0.24080800886048068,0.8854922134924624,0.6263620308961395,0.6978242678718265,0.693580367797608,0.38441462988963204,0.48718358438339177,0.5298341572168359,0.07956662272470438,0.027192724309850747,0.08750128132686724,0.07716480334426626,0.025623980325381872,0.4089180378663121,0.5215525456639054,0.523856976017024,0.4517069738671331,0.26979667004222296,0.3761617811437178,0.34696697619628125,0.006433504756356942,0.06632076942043505,,,0.37609133700467107,0.44767599011795955,0.06594080019981938,,,0.20194834822006397,0.06223641309334316,0.2407528067743768,0.07885565381237407,0.0017641101739259443,0.0012691108184345096,0.054455976416822566,0.02530601759251002,-0.09505642259459669,0.29498655214290087,0.1731542934169922,0.1019480785056162,0.17037202181458683,0.08495481246222626,0.0903454435573585,-0.06318389851820501,0.18481612907174866,0.06842482508747072,0.1336401104276228,0.051666904310016575,,0.3581204698351374,0.04891249157968608,0.15827614809713714,-0.1598194673565824,-0.04945401200979197,0.05838380648783099,0.4160231591368177,0.4313259479306162,-0.06402421454436283,,-0.08678433432456777,0.18322567445598562,0.01221364904127697,0.1531678614634793,,0.41400342610175966,0.49564821968607414,0.10723519541346752,-0.09570125021793359,0.15095166163348112,0.22609277762561383,-0.11278185381000978,0.31237119351204984,-0.05703071578431278,-0.11229130133685838,0.18135560164793965,0.09109591605873837,0.02866665831961634,,,,,,,,,0.026347057652583286,0.06105353555743511,,,0.009759724580781615,-0.015624584605616923,0.01803150809152176,-0.03143489418139867,0.06407550282712396,0.017812677839914873,0.10666493438018568,,0.04548177617229348,0.04147467728574533,0.030325553217212378,-0.02144981325516016,0.0466955797214383,,0.030406724461583202,0.03920638636711262,0.01280710482183203,-0.036211948618703464,-0.03831877669860761,0.001838069472612402,0.18627960810687738,0.07163485441707973,,
SB,0.004540774776035455,-0.03528645604383868,0.13709538980775762,0.04304548561883579,0.1817287152971363,0.1678276711841349,0.5974249871419189,,0.6370763322737677,0.6964953762253154,0.6446535943657594,0.5663404991317597,0.7120524056807853,0.244528250162223,0.5092747207260877,1.0,0.655960023690191,0.5541947845965944,0.3922526772807614,0.18967772587134404,0.48942874551120774,0.4144966824952553,0.25526738413638606,0.1871261639628164,,0.26847976204990365,0.3622872902237137,0.3764810480065723,0.368229846141687,0.3271975943622802,0.3680884726751301,0.1706597257276213,0.27342354837874633,0.5932742888781356,0.44973336351605087,0.29968095992639066,0.2558078416302515,0.1390069327940991,0.21055204208568756,0.19016787379811012,0.1637166578195772,0.1698515456348534,-0.31567510731418874,-0.3436858134707584,-0.38521601126905397,-0.29377278729904516,-0.17540842376426347,-0.22066223550319444,-0.16718747125445726,-0.3313435577790872,-0.3316541601005832,-0.3469263674973243,-0.33917697287946846,-0.3471209712293349,-0.3330559055595368,-0.3421730489229935,-0.3762522949818169,-0.30044945466333034,-0.28183607333715394,-0.29109444744602725,-0.25012602719201543,-0.333460405396129,-0.24745107263879368,-0.3294270538261704,-0.26306238808915894,-0.2733106522878016,-0.25397824944081626,-0.16194479892013677,-0.17855241185686585,-0.2168965019711724,-0.1512315733155352,-0.0879760146562044,-0.08071129089931997,-0.06706303637320662,-0.1877777171615753,-0.18816311163737837,-0.1904637564603721,-0.17381180363225265,-0.19348152881054567,-0.1802938110687225,-0.23707443006345344,-0.1989817814283968,-0.1644772000341532,-0.13579863975055978,-0.140258209682635,-0.06726537695530713,-0.19669549954290483,-0.12479865668559253,-0.18348667806141608,-0.16974034329309903,-0.1441193399605165,-0.15962146174532377,0.6189410268442926,0.3569970408733227,0.5376356340687221,0.31726827628511706,0.34568325573397124,0.5136841447288494,0.2795719579050362,-0.005011708194563243,-0.051206827734423234,-0.04088232705830079,-0.025605550865045158,-0.04757862770927882,0.23200674064555843,0.3006668036097736,0.3028325747381038,0.13833742225662243,0.21666093260717617,0.27067206420881906,0.17344149586421156,0.011986178039614371,-0.03241307973747031,,,0.24292931640758825,0.2800967499401473,0.057967840528416914,,,0.10796475612327974,0.018380536291585026,0.1314208381457196,0.009981705421526637,-0.012569888580699028,0.029810400660907437,0.07997414213227745,-0.009254411879705316,-0.06369913593798504,0.18153071891872058,0.06462832817349824,0.04431482363964917,0.06273189344697007,0.0014108008360976113,0.030688799656765034,-0.040366059190389034,0.08365428289048425,0.059857369053025904,0.0619707623656027,0.03532378006839277,,0.14190873862897746,-0.0008544307700505517,0.018822414532632125,-0.10205024187934397,-0.0393065728885989,0.009015474269398848,0.15525035844086313,0.14312171533173423,-0.03908180377102626,,-0.05306130650533077,0.1081837784787107,0.01601445685916887,0.07845998497738299,,0.17517438862870455,0.15479725253113322,0.037567729836556187,-0.05896706999013245,-0.003127636441527987,0.08417158290370023,-0.07760961053427005,0.10416911982403856,-0.034927155498808815,-0.0725205150826159,0.13481745082597454,0.026859500432226874,-0.0070888672217695285,,,,,,,,,0.0010414799388203135,-0.007245220051780864,,,0.004637595029081217,-0.009903218161973688,0.009171827099410177,-0.019355445435493328,0.04954683273345364,0.06968037231380003,0.03571014871879908,,0.055275518011596976,0.006957542527642642,0.020886142823454704,-0.014007359368001914,0.04586363965284612,,-0.014900573549674204,0.021863062086382716,0.02413953624158184,-0.022157521113298165,-0.024275981577436042,-0.00599439741169011,0.08102931312342398,-0.004769992631983753,,
CS,0.15646727500564506,0.00170950322161286,0.05499534839863883,0.09379000941942937,0.25779571314833727,0.2598803046598621,0.6683778167035358,,0.6649115033204158,0.6456607391952678,0.6582560273288837,0.6342578468941319,0.4916662066301911,0.4352288261406659,0.5412328488584213,0.655960023690191,1.0,0.6086966550200267,0.5837404636694452,0.4303414939822776,0.40349549684039504,0.2926155370987557,0.5592518675546082,0.508403959379721,,0.3667890145976091,0.4499675971631744,0.42911833422725076,0.44978230271225406,0.4032874400137881,0.31617949051582483,0.28012456100453453,0.363075201758924,0.44893802132974,0.48151778915171595,0.3864895596453658,0.3628930545075286,0.2536913687567045,0.2688194952595841,0.21147923496478102,0.27071404687618,0.30298928493600646,-0.3794819591298209,-0.4089795329883791,-0.4474444110006817,-0.35003099573957813,-0.237245334987641,-0.2667132045500988,-0.19017053543470594,-0.3974496048213956,-0.3987039118281615,-0.4123768786950768,-0.38718162936367573,-0.41170441285701054,-0.39000378524192736,-0.3838532425271425,-0.46175387087527375,-0.33630714497336434,-0.36037745247625497,-0.35840643738259725,-0.2831555958509051,-0.40032512776876433,-0.284134517262478,-0.40154222496138164,-0.29451735419302655,-0.3062937657744249,-0.2848050578941295,-0.18775743957089025,-0.21302879936967073,-0.24860438056388906,-0.17818816720643965,-0.12556160597718213,-0.095119413605609,-0.07613296876008292,-0.22112339832384326,-0.22352850159616072,-0.2232311000322709,-0.19862147496049287,-0.22562626596981447,-0.20838218445631176,-0.26616972521415716,-0.22589312815520501,-0.18465618907598982,-0.15079446591038498,-0.15846003940213488,-0.07503712414622407,-0.22079341592102777,-0.1421421018127623,-0.2235479270854816,-0.1915549222959695,-0.16189186289703364,-0.17802216152231426,0.6518695932858213,0.6134662566743694,0.5267567500077387,0.3353012693422294,0.33173785760306695,0.18572926681056182,0.36356950984565006,-0.07389629982701974,-0.014456096105848242,-0.04953101964252381,-0.05362973836341934,-0.013342384685737159,0.36129895288221975,0.42986938608978237,0.433571503776823,0.2472004020556568,0.2893972094263318,0.3159332273503243,0.26462421537210545,0.02838432013682553,0.002308228673265448,,,0.14962047387855015,0.2827945124006855,0.07048984587877272,,,0.14398663988042065,0.039429284908961526,0.09831248762513226,0.04279173487209532,-0.010166100229441208,0.03801276752179181,0.10486295599718669,-0.00645684461007724,-0.07077407932518681,0.27738965930787696,0.06416578347337343,0.08395038326068245,0.111651217321564,0.017104265007553746,0.038432264681964756,-0.04492122558095534,0.08224238335502186,0.060247704145815345,0.05323854101297344,0.053048037762233165,,0.18269026791582071,0.02825535443589095,0.05548046432695421,-0.11405059514724918,-0.04689682745442645,0.011267080341330263,0.24707297217663526,0.2696498697982082,-0.044196615310276764,,-0.05983313267148937,0.1490822478532815,0.009870857197938804,0.1452234333155694,,0.25112821916363376,0.2817508892370204,0.07517319207398221,-0.06656176347461394,0.022913341102249553,0.11448077974012041,-0.0857208221408403,0.1763180310509772,-0.039287181063098135,-0.08068286360238063,0.19696399146428206,0.06217778020230135,-0.005315245710555777,,,,,,,,,0.005917942905238004,-0.006385073197774203,,,0.00431320167441032,-0.01119929689025727,0.0064528566488472215,-0.021770826756758784,0.0542590192540528,0.05138561111202233,0.027139587105469324,,0.050219525336209304,0.013243147098715557,0.014288245625343863,-0.015840565525774033,0.052943179341109904,,-0.013225053615024178,0.0197186658642021,0.031374309805378836,-0.02505737561682808,-0.027234547519060185,-0.0058501594541649875,0.052843096812198405,0.033331164643191025,,
BB,0.06082890952458625,0.00780871109067939,0.164079267334368,0.11702034986949583,0.33686834068553717,0.32476383867675596,0.8858293457133706,,0.8853862898595439,0.9146139691142189,0.8827753327326392,0.8760435252200724,0.6346940123109523,0.7786017910880644,0.8853917778056934,0.5541947845965944,0.6086966550200267,1.0,0.7725699675948515,0.629281038643354,0.61524619680404,0.28810270538937816,0.6417595300957168,0.6605074471472095,,0.45099733635467315,0.5670445378296963,0.5624043554440323,0.5650026735440756,0.5207724369359882,0.32844565847396484,0.4981224246653617,0.5421898635350234,0.34623566024501945,0.37686311512462967,0.5977072247187155,0.49359348591779206,0.4384243285191186,0.3445268727093727,0.15258809888210548,0.35684053144551475,0.4167876917743055,-0.47392999756428283,-0.5169735681372345,-0.5844893781787227,-0.43801737014597025,-0.2701232003337557,-0.32322973280373624,-0.2570004202502056,-0.49880668627202224,-0.5001133661234926,-0.5221463904526424,-0.5054546483199414,-0.5212361910744401,-0.5002394256698912,-0.5061018277375845,-0.5941371414035685,-0.4524115306953505,-0.4479434204420993,-0.44849849240115025,-0.37556850089979577,-0.5024976267848463,-0.3801470884866862,-0.5017212342863386,-0.3975332747150905,-0.4151445495847162,-0.3860265046733349,-0.23787070002612487,-0.2704481303478787,-0.3298353247999507,-0.22396257885215157,-0.13539272844093178,-0.11175091089455974,-0.10298253514931918,-0.2803609728098596,-0.2836956061983904,-0.28726835323463223,-0.2595338407394474,-0.2905560612915229,-0.2694536075749975,-0.3555460446609458,-0.3015878928019071,-0.24641426190131707,-0.20018355906093058,-0.20776206011660528,-0.10069487356086836,-0.2872536197309281,-0.19186146433431042,-0.2824772042464854,-0.24487397386668913,-0.21528380511277004,-0.23240378005308773,0.8532224368724577,0.6263207811044156,0.6598079132022162,0.6217516289936581,0.40817154065163447,0.42763508432835123,0.5260526431567687,0.031082942337283894,0.029288505010407508,0.05661114341319513,0.045726290303183,0.029637494074695406,0.41380145514980543,0.5194829659281278,0.5220575675727926,0.42423112384327766,0.2977472208057613,0.37667517388419036,0.3610424365926014,0.011143995211353805,0.0587654326838119,,,0.33257261659985865,0.41998101031477414,0.062375118227397774,,,0.17125393948369744,0.052488339119753945,0.20948135707558424,0.05989365436809122,0.009471935010277207,0.010107195062132021,0.05643922360369209,0.025816509505634196,-0.09238428771933258,0.2761973572201365,0.17931793579709115,0.1098087253138154,0.17066238957584218,0.08393956720613947,0.09167454480062025,-0.06109130107468605,0.19672706844251256,0.06362350042062048,0.14682903729221922,0.035454884406866595,,0.3508162564890099,0.028836972768597893,0.13193447996515129,-0.15395402165918037,-0.05316945263753235,0.030679492759850883,0.3949303526190769,0.3892466005698718,-0.06131421600955298,,-0.08282327651793912,0.1788432084889735,0.011290252368901401,0.14878780034439973,,0.36923973898397283,0.46321685510945704,0.11221486292842808,-0.09126426734691213,0.1147159769440347,0.2504837588959448,-0.10870232407639889,0.29865185169744674,-0.054201303913377234,-0.1088153559320698,0.18594380256326884,0.10345085008021224,0.030624924330944464,,,,,,,,,0.04072008367863143,0.05638122277477294,,,0.01572774323949276,-0.015376261237164367,0.00885212119728443,-0.02965137674907232,0.05021708674208201,0.019711238549661135,0.09702230847581739,,0.05251320693901928,0.048254971513791114,0.028343056556581234,-0.01993476900146031,0.04237734533163869,,0.02728091242445193,0.03830482857069979,0.012880713836882331,-0.034158757814077165,-0.036555174299516845,0.006396541896495633,0.16822559518384564,0.07362490106532996,,
SO,0.234763790095172,0.1161353283627675,0.05614077438371449,0.05827264415412497,0.336859452751505,0.34000810124367215,0.7758231481657533,,0.7772348794555209,0.7431511949694589,0.7401231412300244,0.7768152561624114,0.3717544498072719,0.862727167539896,0.7941780358659283,0.3922526772807614,0.5837404636694452,0.7725699675948515,1.0,0.6944584307533789,0.5853379124189857,0.0573302319578861,0.8033931493467562,0.7723677137436045,,0.5038004687467761,0.6053413600364872,0.5694503883267407,0.5852026277218025,0.5536916268085238,0.2761256454258803,0.5751801465019875,0.5893228949995498,0.312877568174962,0.3452257912983999,0.570843658919577,0.6471911185472654,0.4214867490251782,0.4119591967935382,0.1380107942723222,0.405208214481519,0.4823557844842883,-0.38645498158086183,-0.42805877046013785,-0.537247985884432,-0.3419121385829171,-0.20176248761077978,-0.23161711908530283,-0.26482164830377103,-0.4097848588025345,-0.41300733991604033,-0.4359501869019675,-0.4247449074197094,-0.4362438146498025,-0.4128956624197977,-0.45254546568123155,-0.5462377043224137,-0.39681726085620606,-0.3847168706741475,-0.37993923285978176,-0.31714919588939705,-0.4140049157157697,-0.38463388793802594,-0.41844025851589217,-0.34351442722219033,-0.3733249696571414,-0.3475766352138028,-0.20048598858425157,-0.22567894079933806,-0.314163086443324,-0.1741328247563193,-0.1018292817855634,-0.07953238376335574,-0.10777272881826966,-0.23554990304537693,-0.239777110392301,-0.24307774431515503,-0.2208921804698572,-0.2482130770942675,-0.22625715983060107,-0.32635707568503897,-0.27897993448842084,-0.21633285353377868,-0.17247911086113146,-0.18170809237593166,-0.0914490933676667,-0.2391701384989979,-0.19735945193286775,-0.23969709183353755,-0.202502152810939,-0.1881605151713557,-0.19482976751990314,0.7264818093668641,0.8080922738413863,0.7555547103550598,0.5306515689788648,0.3036483380404919,0.2291044724894255,0.43849870236751703,0.009267715384609434,0.026155270616478033,0.0883935975362488,0.06330369564074534,0.022949602203052352,0.47002618507607996,0.5710494133035958,0.5702129656187451,0.4640863523031816,0.30193806915514765,0.37468123909566203,0.3768043608060013,-0.001997672281802058,0.07880646693213895,,,0.18750240486349318,0.35899153484321034,0.07289171666093801,,,0.20493597973963756,0.09420971656256094,0.011363226866624884,0.05511726816165747,0.018203092245103393,0.013812847034988899,0.06049544585355736,0.037491997007000566,-0.05696912632596046,0.3309701244007646,0.19382854538629585,0.11242378902028806,0.16330020602208561,0.12100929227420872,0.15279075530955136,-0.043516103429723826,0.19379254423475656,0.11310594964916838,0.15223444196331887,0.06057647432892826,,0.24989467024246279,0.07863300998256038,0.1497470994628666,-0.12607229069828288,-0.02340785493242283,0.059762168799412575,0.4392780471672368,0.5080312873180001,-0.06901673419573433,,-0.09087098149408587,0.2080588180287316,0.05725971316496761,0.17369851647119897,,0.4424535190664065,0.4014078115461414,0.1726101313168356,-0.09593036591169381,0.03191069114493813,0.18056780396972263,-0.06704877929628486,0.2462034436247563,-0.05968117960919291,-0.09273224294563374,0.21139174920730916,0.08460138242118616,0.03384549366933196,,,,,,,,,0.04458047695544848,0.06057066126447587,,,0.040268517141778266,-0.015831876683994127,0.0376633747543525,-0.03176345932176872,0.08392958520640088,0.030476775064902067,0.12133520085940594,,0.0746296857028123,0.03713891416438326,0.04894401957543282,-0.007971541425180763,0.08633831893371575,,0.045747386305892895,0.061471447169724976,0.029233332934565374,-0.038175925450493586,-0.030220907285889782,0.004380434942585201,0.058973462022251025,0.11235766165964747,,
IBB,0.2801591708945448,0.07156424673136952,0.01810026663213432,0.03720192650334642,0.3175953250363895,0.31766863078643465,0.6112929070731058,,0.574693744747027,0.5425352189778236,0.5618527115508719,0.5900669431302208,0.16347973085850934,0.7580003679700233,0.6311242424361847,0.18967772587134404,0.4303414939822776,0.629281038643354,0.6944584307533789,1.0,0.3800679177615465,-0.1406087785719358,0.8084478014988704,0.7277024866216679,,0.4229052013399296,0.4813117544953378,0.4607226873911856,0.4802848396457425,0.44791127765832106,0.19180312736778923,0.5074803811817743,0.49962827315414904,0.17663322576253027,0.21562767310121786,0.5123825928438911,0.4635272063004902,0.5779291367765058,0.27949260393113645,0.025690790468342068,0.3845451739090243,0.3988533112839268,-0.2986072182133433,-0.3208011743888299,-0.3482619076435034,-0.27565639154966437,-0.18902333473214916,-0.2125514966678357,-0.14654079565909198,-0.31238637748266473,-0.31312371580801707,-0.32321771146325423,-0.30172102358666764,-0.3233389740243217,-0.3054233253075237,-0.3009078216731681,-0.3625047359241724,-0.2611272830822252,-0.28177359188508005,-0.28072633739227987,-0.22224349677154018,-0.31457137418649733,-0.21964974756379163,-0.31498777174767156,-0.22855967721565365,-0.2371423584582758,-0.22046924510229474,-0.14922311901521923,-0.16653294982128095,-0.19295201747728455,-0.14089621403412617,-0.10182763668774564,-0.07950597394224625,-0.058564056724984666,-0.17449390463596973,-0.17568632422623595,-0.17455623569966142,-0.1551739226368049,-0.17750563255845017,-0.16354188131462724,-0.20708728982285324,-0.17507929886573567,-0.14405307262988837,-0.11879107702281459,-0.12450979641673707,-0.058501123675176285,-0.17418076865241944,-0.10957337803341656,-0.17476511118311527,-0.1525488981372042,-0.12657978488067143,-0.14084898591429643,0.5444007191571679,0.7547320675535385,0.6722769645218177,0.46425909775621693,0.1388690617872983,0.061690152746094726,0.3304551200913701,0.013861744841940691,0.13166724332559757,0.11701029185171288,0.08818763880275247,0.12134261813744446,0.38601568682015075,0.44736334363018027,0.4490116500641689,0.41776889330217154,0.1755365962390916,0.27517610977041573,0.28693525569825873,-0.008539461691933743,0.09116411453914249,,,0.1961464422343525,0.3302622143829312,0.07578777927856464,,,0.24979070773455897,0.09445734232763776,-0.09002519333716585,0.1143308291178054,0.002510110629355637,0.006194984894911526,0.07260781707077862,0.06219634643692515,-0.05623583657992714,0.3691067287707628,0.28725887239040193,0.1652847853969719,0.2325035758432551,0.12250441627588249,0.07717661505599491,-0.03561322572545577,0.34414345980656175,0.05961352105056412,0.27640490988590594,0.06570902415203476,,0.3947241042242207,0.07098936354172687,0.20563432163244877,-0.08962498968562412,-0.03837743206679045,0.046469138898955285,0.5948339359462839,0.5971943843742024,-0.033699910543810226,,-0.04585155952669043,0.24056205061004635,0.053840212412253875,0.20411780307185257,,0.5377372215033253,0.5245896243417453,0.16266706461537675,-0.05096904171986843,-0.029326814048697563,0.31844850838242084,-0.06860122325769279,0.4077629913023499,-0.03019685069470544,-0.06210976084751442,0.22346000536116686,0.10540867401350396,0.07200884631615369,,,,,,,,,0.019947135042633776,0.09411051619642168,,,0.006194984894911535,-0.008539461691933738,0.01847369038394928,-0.016778336994403835,0.058897257242738574,0.08035836604869942,0.10746979037703693,,0.015710010817095825,0.05542380053747032,0.00976807382355914,-0.012078428120214452,0.018279394391112296,,0.047607655582014824,0.025323667153503274,0.01436100402476216,-0.019106244014876195,-0.0209329746476361,0.021911727920879785,0.04706718566503843,0.12035632652396377,,
HBP,0.0717988358051723,0.05674834077763163,0.0951968742597227,0.039782571982748406,0.21551978455363172,0.20999325577061115,0.6482661417175348,,0.6710809870514272,0.6805358077066905,0.6678155260990827,0.6727354364040234,0.4855953661727112,0.5386558105149044,0.6566362315231536,0.48942874551120774,0.40349549684039504,0.61524619680404,0.5853379124189857,0.3800679177615465,1.0,0.2553092014870139,0.4739578320527475,0.4613834326377366,,0.3507704411922352,0.4464272376703345,0.4312783714364995,0.44014457293838705,0.40999140815532154,0.2297130227475971,0.3690085997268513,0.4108368796649611,0.2611490409592231,0.2959426748273159,0.39898428707237266,0.4092191964771965,0.2540673141377066,0.459849568057299,0.14714721477807105,0.2830189413762694,0.32580044661542007,-0.38470269097798543,-0.41814745637361317,-0.47168015630650556,-0.3549832587791414,-0.22180079432597674,-0.2628720759697809,-0.2067085716237603,-0.40423088511308003,-0.4052385062548324,-0.4227339030276112,-0.4078049805962424,-0.4230512797499295,-0.4038845256834303,-0.40958782616354344,-0.4757175235096877,-0.3625126792526404,-0.36214086089240016,-0.35854106738755104,-0.29953152674593975,-0.40739009015610156,-0.3061792361004657,-0.4068272509213964,-0.3180125009754651,-0.3317121176148209,-0.30835480918005725,-0.19602609141638078,-0.21932667609252646,-0.266143093929921,-0.18319871206887084,-0.11582424732697626,-0.09461720698266457,-0.0828400374632459,-0.2289851366149296,-0.23124452923719876,-0.2324277939214062,-0.20953862696009534,-0.23655920784309334,-0.218008533611043,-0.2865192479291501,-0.2425640940010892,-0.19753801717395983,-0.16136848868931258,-0.1663530810902128,-0.0810565348593423,-0.23252711901279877,-0.15401016337885456,-0.2299001242481369,-0.19849689689269992,-0.17222245446695977,-0.18954867977578366,0.6325919959144065,0.4969072260257382,0.5825445557124723,0.49438883710716447,0.3206469366614195,0.37520107081246645,0.3835163659348468,0.07136197243133718,0.02029845711670835,0.1401343256137439,0.12098816931103511,0.016087572240821583,0.31853569043453345,0.40300399777488854,0.4045689863385191,0.33063820137325206,0.2607578239507564,0.32247013408691955,0.2925239797733143,0.015019035191405029,0.07522340025538102,,,0.19803825514065548,0.27690316959814354,0.03731020474544969,,,0.10994699188651913,0.05779168734779302,0.08029834487636202,0.03755984995872795,0.005529145510888154,-0.00018401782642622766,0.05878333920329005,0.04591085513752239,-0.07343598332691346,0.18187003166805157,0.17774873848296788,0.08308111715471943,0.06951945398227993,0.08830912335306189,0.05734695969995338,-0.04831988272865678,0.15617755136216507,0.06329392465388112,0.12938242611487474,0.02741907105075097,,0.1785582257588032,0.026371779268724298,0.09717176638068502,-0.12326324632731817,-0.043323313975515795,0.04425567561031128,0.2751494020731404,0.28995787902673736,-0.04911933524339023,,-0.06659266350104841,0.1366483908134809,0.041213640977548004,0.09689609082633097,,0.31008504766877193,0.2369259259134632,0.09157458067314081,-0.07315270437327077,0.006499494247543645,0.1154510461730443,-0.08898696567745151,0.1391563247375011,-0.0437279069350105,-0.08654615312541815,0.13485836317988784,0.07479430038209746,0.06004346143652072,,,,,,,,,0.03431521786788318,0.009756439916001901,,,0.0232052945086987,-0.01187867399398876,0.000400714981951882,-0.02410514450257177,0.05745730311495764,0.01969689765843004,0.09158610024841231,,0.12262950630789811,0.028269569458165337,0.06094487202292174,-0.017215023838853684,0.051355704196223415,,0.015890613970096282,0.05835368181163492,0.009284219946617246,-0.02788570289478799,-0.029835145268122403,0.033145752251126974,0.0677127974481827,0.059983519313124296,,
SH,-0.19902927349121866,-0.15825161925818582,0.19430251112514443,0.124396098218422,0.19784178087177093,0.1909712280474299,0.3697989755624488,,0.4019577457898398,0.35976340940963364,0.40220622574244713,0.3209940378737135,0.5595725040101546,-0.07183450871520355,0.2603220531870181,0.4144966824952553,0.2926155370987557,0.28810270538937816,0.0573302319578861,-0.1406087785719358,0.2553092014870139,1.0,-0.11936124336255004,-0.06757657232680524,,0.03190390310953369,0.10216140586178032,0.06414515556028016,0.09706796820038273,0.07237262513117416,0.15302794952961554,-0.07416160352781972,0.020555077580628682,0.13211874262733822,0.25341609012487987,0.033846290119063364,0.006027332956064296,-0.04316365862512612,0.03850476258232718,0.38013227700598157,0.04486769459213079,0.012054398560785396,-0.06100149035350936,-0.08593278534700974,-0.22190712814760374,-0.01705330367328563,-0.013009517877316471,0.01969141880497976,-0.16765090071466945,-0.07338296650740904,-0.07513595505639772,-0.08648062379883423,-0.08752409094467695,-0.09494593100946326,-0.08262187012567296,-0.15304005583535743,-0.21260242286159578,-0.1303052978758639,-0.12474741339782384,-0.09322692083438719,-0.0617288960514314,-0.07627949574765505,-0.23089237556077802,-0.08821224708345322,-0.06787179147217767,-0.11000236238813431,-0.09281977859302039,-0.007815906893645443,-0.018723175707346055,-0.12904692687264216,0.02915222161731862,0.014353481721544464,0.021097588392714663,-0.06936719732786545,-0.015285448601584964,-0.01782757538612304,-0.025326027396010708,-0.0246079060663272,-0.029604435682796536,-0.024017364934222706,-0.10146937966265505,-0.09769786563624884,-0.037049461865132,-0.04002007396666671,-0.012740959671253336,-0.018861989514362316,-0.008914163840182067,-0.11890901922863183,-0.02655942621219007,-0.0032160606418350658,-0.03636348745899084,-0.003419431044639417,0.4171848957313667,0.01128352797513039,0.03574166087786134,0.23728078651886866,0.45353542198585856,0.3975643914562955,0.32277685317667404,-0.03532836536969947,-0.03836143111302296,-0.031206435767324212,-0.005425317233661543,-0.03138600133448658,0.06695538259708979,0.1370051737369136,0.13062931318161625,0.04517104715782816,0.2315268504234535,0.24967314028398943,0.14502692935716427,0.0944433026872185,-0.0015943603875918984,,,0.21952424405037121,0.2750341640658399,-0.01741930361724118,,,-0.021080268259494134,0.007570436219499279,0.34877028415048694,0.005607194055327886,-0.01733118141054288,0.00038859752063396716,0.025350604937487763,-0.042177405140965234,0.028944588779782798,0.04063753511296725,-0.030504720372110567,-0.012703981051533577,0.0322734554248149,-0.0501537140613407,-0.013578764117683773,0.017366796943251706,-0.042494773114441005,-0.032048551314829005,-0.030843617612916308,0.021519335905593715,,0.04771536868557787,0.012480780786866059,-0.03613959695329087,0.0072461350857835165,0.015078686492883138,-0.009724811637063327,-0.09352192767726243,-0.1287799027500417,-0.051263391898347256,,-0.06615653341939054,0.001980574146484843,-0.03850143133772769,-0.023611912076706043,,-0.0702519656519585,0.047035881568302934,-0.04653651481216119,-0.06634712691395861,0.04457798416958383,-0.01517023074991747,0.03932769628435813,-0.026935698436226535,-0.040083951106889816,-0.017745961331108256,-0.03563647287472132,-0.013996460802182488,-0.014444402577321986,,,,,,,,,-0.006690788889754144,-0.01377017530014218,,,-0.013433061661552266,-0.0029825388652650916,-0.012084607107192636,-0.018371356289234027,-0.010858806793387901,0.002411279352173418,-0.012593169806071237,,0.018071968070417905,-0.013764587598176165,-0.006071603275203716,0.013662245919120209,-0.011770981255362904,,-0.01022941632858827,-0.012744336333897013,-0.015073907088334247,-0.029451806529953474,-0.003454751483945135,-0.005342334335394469,0.05342204014700009,0.001092764852929206,,
SF,0.3441067254477937,0.13041988366683846,-0.01725357486183507,0.02516402653391934,0.32942985505443817,0.3354698577760174,0.695129635339266,,0.6697829252123897,0.6067052860200954,0.6432799380552976,0.6866476215349316,0.172767749216243,0.7746549044252067,0.6787067274261062,0.25526738413638606,0.5592518675546082,0.6417595300957168,0.8033931493467562,0.8084478014988704,0.4739578320527475,-0.11936124336255004,1.0,0.8706056305490488,,0.5026798114456859,0.5758380319267883,0.5309627229511638,0.5691647904160697,0.5384205869981042,0.22877670141959375,0.525237064916162,0.5590098688172104,0.2579235162695444,0.2829895543967356,0.5260921684764398,0.5412867157022769,0.42737836936003293,0.3735938515153502,0.10632722261323338,0.43962793708045067,0.4914752674743689,-0.37485051978757755,-0.40413508771907153,-0.4456308458347701,-0.34262050375298925,-0.23921860626292799,-0.26195946291832195,-0.19258257617088606,-0.3926949793344917,-0.3943909413076347,-0.4068270246979266,-0.3742551968624805,-0.4072222862037753,-0.3811808339568938,-0.38323317666988965,-0.462399507212725,-0.32276401233006485,-0.355582676618109,-0.3558896341621723,-0.2751086024282054,-0.3956690670082779,-0.2878096544735998,-0.3976200678719255,-0.2836709745365188,-0.29724913358844285,-0.2766793896217528,-0.1856094065752816,-0.20786176438133946,-0.2472326653051548,-0.17239183309155467,-0.1265709103517306,-0.09596656437422463,-0.07709560585326454,-0.21727875665944166,-0.21906890846648358,-0.2175955898504078,-0.19197457988578417,-0.22132354106843738,-0.2032235159485647,-0.26295305998221813,-0.22294375095355695,-0.17950977541453264,-0.1475115838185223,-0.1555913998592807,-0.07236457176380799,-0.2164086198112864,-0.14361984893118632,-0.21830924972617324,-0.1913341481522826,-0.15914843191088834,-0.17417764411646366,0.6311873543423386,0.9093318767336362,0.8037376622873333,0.44841277950668385,0.2673343938179467,0.06542505753770268,0.41581540814663204,-0.015756473699178198,0.07066492007943628,0.1053526642052649,0.07212924713608924,0.06695556769074845,0.46968747782702225,0.5405745866669417,0.5437653386891426,0.434158276191057,0.32180411255433516,0.3348728616453228,0.3752181197499051,-0.011460018248593664,0.08166593555927062,,,0.11976147729974597,0.3227728893326545,0.10896869242175614,,,0.24765204777985708,0.09430162933645252,-0.12856908663951527,0.09334635025107223,0.010901721940856597,0.010239092020275517,0.08751281709638924,0.041305505353883595,-0.06184730055520447,0.40165776771886147,0.1583863815650687,0.15043861009342863,0.20703784325922941,0.10428959082351229,0.09601389592707198,-0.04497781382060628,0.18013947382454068,0.0892277949167166,0.1203395854012367,0.07077953631886813,,0.2323690818453198,0.08684821438614897,0.18101191983543743,-0.10956358425890171,-0.04815929245944189,0.06304026034119062,0.48361534186352423,0.575765674961839,-0.04473618900331833,,-0.06106939468706632,0.22376501419943923,0.04204773814726959,0.2073171130534807,,0.4843958208574331,0.43030685548947684,0.1451619415787448,-0.06752645753270632,-0.04566664824320512,0.19055966284975662,-0.07427203530555496,0.2939352107372773,-0.04024019778311245,-0.07705054020400104,0.2563698390141252,0.0957184470904015,0.032661505964773734,,,,,,,,,0.030491594937886776,0.055083919909271785,,,0.013855610398420332,-0.011460018248593652,0.018195432452194158,-0.022358742173232825,0.08795958820240486,0.023258558181596944,0.09814813754804587,,0.04314092156062674,0.0640542822068972,0.03632863706502759,-0.014674748129334326,0.05682420027174047,,0.029018492523644385,0.04982559450997665,0.024829142736614806,-0.02531705036771727,-0.027205675379568924,0.004452662615243692,0.006561247303523409,0.12059141217561385,,
GIDP,0.2429990684585135,0.08189390886726125,0.013192346616932324,0.042153272866288075,0.3219545432888204,0.32713730563326054,0.7290521260915044,,0.7141214948745926,0.6314530389837693,0.6926736153784231,0.7252258648095925,0.21012409696531537,0.7646644431625109,0.7142518294944041,0.1871261639628164,0.508403959379721,0.6605074471472095,0.7723677137436045,0.7277024866216679,0.4613834326377366,-0.06757657232680524,0.8706056305490488,1.0,,0.4583402654078977,0.5468076606300847,0.4894936028382054,0.5456529189266524,0.5101308539330551,0.20780265656605018,0.4780389466388481,0.5217818699276467,0.1969152820770675,0.24939921946930182,0.4778262537184116,0.49745818244379736,0.3951436880370358,0.33771320629852836,0.10731682785551833,0.3816937180610901,0.5044885056789664,-0.41829713525149714,-0.4510368564613321,-0.5044570504791931,-0.38102308434652715,-0.26316205570359136,-0.28781455909257186,-0.2212383494476177,-0.43829411906111937,-0.43978976310774553,-0.45403419654422433,-0.41951893912783783,-0.4542537417233804,-0.42894141819879544,-0.43288800306102554,-0.524198499369516,-0.37172693877541807,-0.40340695861876913,-0.40299090865576226,-0.3117459384671813,-0.4414792849701487,-0.3285227581369534,-0.44403949828924744,-0.32718618840612373,-0.3436354257154583,-0.3196638420398117,-0.20920199748557997,-0.23451387751171482,-0.28332603232139764,-0.19383296008933548,-0.14021543179971202,-0.1073132174762464,-0.08936227571159724,-0.24546118474980141,-0.24717598369113314,-0.24599977459040012,-0.2182328453245475,-0.25008689586348376,-0.23065733603305072,-0.29999099506178784,-0.2549251225726563,-0.20270165272197216,-0.16995603548045662,-0.1788797298764598,-0.08321901790372016,-0.24402420087396198,-0.16559750255459654,-0.24662507954115012,-0.21352360024418418,-0.18402319070087933,-0.19585305363597588,0.672749217290303,0.8217769940967641,0.7052277128493469,0.498826760622593,0.3170135813836569,0.09696889823942495,0.47115134627120436,0.008611241907444405,0.0890006899186376,0.12507786667228535,0.08706535859507056,0.08623457101409716,0.43275874130323294,0.5156462825730229,0.5181252128706587,0.4424901852834791,0.31738086400705057,0.3297179112183902,0.37895279911635976,-0.01349817114488132,0.11206537855346928,,,0.16306255504722905,0.31154773545925984,0.08711648575824799,,,0.23225669988700762,0.09143350635872674,-0.03708110566733671,0.09821669772028314,0.006444097531750456,0.006898889512626064,0.0772634985501878,0.023568353000222957,-0.07270818849210448,0.370061550760828,0.14187164888131581,0.12252779392703647,0.19969004451462632,0.07115721123496484,0.07735733286617756,-0.04931941838497367,0.1385269277407748,0.07562930439232335,0.08501979631051446,0.05971795086183881,,0.24860343606493443,0.08091885606607563,0.1683438725343033,-0.12622771962918644,-0.053583973410806174,0.06340426025301839,0.3991825210087753,0.46705198599874964,-0.05289588597755624,,-0.0714385191589006,0.20030365824439406,0.027381357715233957,0.18587159876899972,,0.43583251215792174,0.4527682332474439,0.10479179473828504,-0.07825425981001563,0.03740836099713307,0.18870489694936526,-0.08583126262223892,0.3014690985940151,-0.046756919270050365,-0.08837849352866702,0.20708308389415758,0.1110376695932051,0.030052309718445344,,,,,,,,,0.03335994117641943,0.05155191419527755,,,0.017648691751042226,-0.012119991370725438,0.012135972654418582,-0.025618594856751928,0.07390758501418065,0.011860336699587415,0.10421634363037689,,0.06659371780722745,0.04287783991961496,0.04168606587122757,-0.017727618397022003,0.06174843103664206,,0.03646745874100823,0.030260666582530266,0.02386919745358273,-0.029954207156332836,-0.030498292361430562,0.015719240067223958,0.040408608812925365,0.09920049220158161,,
G_old,,,,,,,,,,,,,,,,,,,,,,,,,,,,,,,,,,,,,,,,,,,,,,,,,,,,,,,,,,,,,,,,,,,,,,,,,,,,,,,,,,,,,,,,,,,,,,,,,,,,,,,,,,,,,,,,,,,,,,,,,,,,,,,,,,,,,,,,,,,,,,,,,,,,,,,,,,,,,,,,,,,,,,,,,,,,,,,,,,,,,,,,,,,,,,,,,,,,,,,,,,,,,
post_G,0.6026276032656201,0.3679933206069845,0.4778462665335651,0.41769938126790285,0.42949124988076137,0.3313607275148015,0.49250057363813204,,0.43815114693518276,0.44848060969681225,0.4369342959810144,0.4708384595513696,0.19253129721226103,0.48302534387599383,0.4564780875173755,0.26847976204990365,0.3667890145976091,0.45099733635467315,0.5038004687467761,0.4229052013399296,0.3507704411922352,0.03190390310953369,0.5026798114456859,0.4583402654078977,,1.0,0.9212583623247268,0.8683310355778434,0.8952926413230186,0.8200285594544684,0.4771180971756915,0.7388924870901679,0.8484276215789692,0.5038877774090148,0.5233535819124492,0.8295395047226425,0.8636847637908427,0.5840284705977893,0.5820372930341501,0.40728791290091015,0.6054534555609797,0.7285823390928402,-0.15890310056888232,-0.1987401479837488,-0.13438581901903823,-0.16906767784256144,-0.1512299787315044,-0.14214549695870649,0.017943197228523985,-0.18001812980836585,-0.18806240368760754,-0.19208829713262598,-0.15210880361235046,-0.189682335207823,-0.13269698974255012,-0.16242102715512358,-0.2030355535161744,-0.0984542719386386,-0.15019808131595397,-0.15084245137835317,-0.09535613841791206,-0.18299789509319725,-0.045925071236026925,-0.19430228440740258,-0.059320765787512796,-0.06532264261750105,-0.049667055673546456,0.1023315141177421,0.06588462804036761,0.18400067859110647,0.05503729022655461,0.00602194771839158,0.006630926633112315,0.14248566475018098,0.10306839596524221,0.09512288845684902,0.0821172223687984,0.07809814404984407,0.09582794327806651,0.12072559635692635,0.12131388142162018,0.07874415954352415,0.10666254886138293,0.09243061713411771,0.08583268666347471,0.02395305164177014,0.09922177231926795,0.15720202325306706,0.08163448266603479,0.06741233499428138,0.08870798692655069,0.09727658106672914,0.47440681340765756,0.4995088354259682,0.44893143037939015,0.2831961078289011,0.20307618229254118,0.07703265334759124,0.2613877062733945,-0.0005846722808534976,-0.005790731662782126,0.054066212237611426,0.03118133530851835,-0.008127523349597564,0.9615137417344645,0.9010037378318035,0.9145488285868429,0.6700248573911323,0.5814547648842318,0.5999366777895319,0.5758787785619771,-0.003385023701486718,0.2095824450740049,,,0.1861322182782686,0.3553475127880201,0.20347653192886486,,,0.1987853427446884,0.19688710282914898,0.05974836044929457,0.06988158633939934,0.02777717024476306,0.01580123712037866,0.07936027948464063,0.08753685380098716,0.039100870749848866,0.28471991399513885,0.22474129324834283,0.0976807864343628,0.16917257747474335,0.10073040697684517,0.15814367843209423,0.04349376333251663,0.16485689370142828,0.12392994992325018,0.12219555401046076,0.03161665529340772,,0.22087666121390148,0.14565856166141405,0.13611110828341408,0.03666685009086854,-0.004537190003577537,0.023475741449124732,0.32027326577385096,0.4221895753862252,0.03625354451940953,,0.07325960326004763,0.18545503887176168,0.048937347385414755,0.15429904967909439,,0.3671419660595283,0.35770811916040657,0.11500508687248287,0.023476364186968874,0.04078913256759781,0.13014063298906858,0.020378834221334467,0.12283202275546536,0.09557782909107901,-0.017003164578398084,0.18677936301343612,0.011869631316396708,0.04394108632578125,,,,,,,,,0.013243069010796605,0.09638353257221338,,,0.0030103965724684223,-0.009780443975441845,-0.0008268555919046619,0.1201232950778719,0.11003854306605994,0.01196398495600559,0.17485322537866438,,0.18159007727598558,0.03603709863348072,0.1270490336997057,0.001544227477839412,0.13667677176979043,,0.10198547086201983,0.12168430127918023,0.02777768122983894,0.024478828976316258,0.0026762815758861695,0.05545284281890053,0.03829506913348988,0.2334277799847689,,
post_AB,0.42270231270924724,0.23551429215103598,0.40500618944076927,0.34812402278895527,0.3459195857027918,0.2637614046036967,0.5821580144946009,,0.5827709589923735,0.586928533087371,0.5790988275590628,0.605152755616359,0.30970009412722416,0.569137585896346,0.5848447790955725,0.3622872902237137,0.4499675971631744,0.5670445378296963,0.6053413600364872,0.4813117544953378,0.4464272376703345,0.10216140586178032,0.5758380319267883,0.5468076606300847,,0.9212583623247268,1.0,0.9490936021227189,0.9811950423036302,0.8960955753094085,0.5384658306257591,0.7954421653879943,0.9187920149750297,0.572411096822935,0.5801879765295925,0.885917201693828,0.9103937827345103,0.6144828364522824,0.6196310633152363,0.39829455065755676,0.6435879786497315,0.781839827176349,-0.2493935627728283,-0.28398297987776294,-0.3276991827633338,-0.22963499895824915,-0.14465120672592585,-0.16299900814590934,-0.14935514179439013,-0.2678216736756765,-0.27081309650404845,-0.28438016437111197,-0.2715092725064725,-0.2840499687953038,-0.26298283193893174,-0.28212436715495676,-0.3392445339380997,-0.24705297787083372,-0.24322629104934373,-0.2472389325551233,-0.19991074965457703,-0.2706418852797045,-0.2230207417141646,-0.27431606615152077,-0.204419347425136,-0.21851537550494068,-0.1994274417191161,-0.08055636014397537,-0.10204365722093549,-0.1582377494205445,-0.06914644023308268,-0.017250436612075704,-0.025764120915377216,-0.05548901900867015,-0.10018254765454862,-0.10301641865378586,-0.11205486036720844,-0.10391775382491567,-0.11152428303380989,-0.09999281898711214,-0.16996472643710026,-0.14896684723551104,-0.10632741459868479,-0.08394603184650347,-0.08628961471050836,-0.04394624377469997,-0.11169830163811427,-0.10550010783811872,-0.10271626126234236,-0.09709728590384219,-0.09006597849131531,-0.08871761910753066,0.5638515085005833,0.5731531899925962,0.5398819243785122,0.37458899001843765,0.2855004927655914,0.17577220521451323,0.34342062011203517,0.0274372363830973,0.008336834483490131,0.07448350469079683,0.05255697935730068,0.005893430530331084,0.8827289966407199,0.9530403560026286,0.9585444391721953,0.7120459443519656,0.6185551612236856,0.6407760103121303,0.6279914210185001,0.00012290363048640448,0.2077514081121735,,,0.2134589116627188,0.31886581845008255,0.16212835474620815,,,0.2088724524544868,0.16724642160936384,0.09207398535130568,0.07226203453787318,0.0273112301613435,0.013879022300453077,0.0752335629551241,0.03903298392029123,-0.023725060094845127,0.31825772797649504,0.2459437602314957,0.09920835149458651,0.17830175538878892,0.07425597042731988,0.13107172330840933,-0.010860577306719759,0.17123870604937466,0.1386336872095372,0.12409862729009108,0.03447056349363006,,0.2507588036010379,0.12995378412534508,0.14590039804882007,-0.060634354134404114,-0.01692508390045645,0.030893169076464732,0.3592110874037547,0.43062210562823006,-0.03633203276874583,,-0.04659883291838711,0.1980677704357091,0.04467060609805302,0.17768563249848604,,0.413906441805226,0.3973146114611863,0.10495123797180898,-0.05372076658266643,0.054915915939672585,0.14259693404426693,-0.03263932503438191,0.1527555809561257,-0.02815426597269331,-0.05659282259152856,0.2129952391012425,0.02510424293651532,0.05007933458983983,,,,,,,,,0.017499053529391722,0.10075977179498063,,,0.002294922367849551,-0.009289177564754064,0.0030189286136372627,-0.012877385451430303,0.12083666170286066,0.018947066020967337,0.19468816667105826,,0.21808628203935754,0.043737726012229854,0.13962094169822903,-0.005458450978042339,0.1540423513688278,,0.09303784809655416,0.11933257892050325,0.03175432175307563,-0.020783662911369457,-0.011826337737930159,0.04609730023800709,0.05225669002316563,0.21321989956341597,,
post_R,0.37560013936033443,0.2366485067918321,0.3717455321413306,0.33114427932796914,0.3157945002567638,0.23976633987322105,0.5423748634129169,,0.5430685629632819,0.5748574949506973,0.5448555425815367,0.5708456667485358,0.30409010553290766,0.5625840104260097,0.5610153781169538,0.3764810480065723,0.42911833422725076,0.5624043554440323,0.5694503883267407,0.4607226873911856,0.4312783714364995,0.06414515556028016,0.5309627229511638,0.4894936028382054,,0.8683310355778434,0.9490936021227189,1.0,0.9571805902772625,0.8766979622942209,0.5493786119695099,0.8451892601841898,0.9154264185320612,0.6143054109520374,0.5604372926002557,0.904383539484871,0.8640268892979838,0.6166668409802041,0.6124777754195081,0.32266777166116095,0.6133904182325548,0.7261844932405516,-0.23745579817685175,-0.2639165143658698,-0.2954150941516812,-0.22044298109905408,-0.1396610915453697,-0.16241688825600795,-0.12973838665315027,-0.2520771047342568,-0.2540055594925795,-0.26518187881065486,-0.2530150422483186,-0.26416885053875855,-0.24850714608970967,-0.2580458562794635,-0.3047242030223463,-0.22427734124188117,-0.22272798738892632,-0.22984136534689614,-0.18606218169252664,-0.2542170411919633,-0.19348895811531716,-0.25529032984483285,-0.1921651889429403,-0.201739507894523,-0.18623462259618054,-0.09625758968267618,-0.11757837144991716,-0.15344439588795186,-0.09087106487414869,-0.040468640506639654,-0.03903494588493399,-0.05026675926325905,-0.11737727673881715,-0.11927931458999404,-0.12458443092301943,-0.11419730328507627,-0.12410914222447256,-0.11549420179796638,-0.16760561135420118,-0.1433488583696603,-0.11089726053662441,-0.08902614405202484,-0.09358633115276073,-0.045320512506138264,-0.12705462714299676,-0.09394667920722169,-0.11743616571348131,-0.11242191901357527,-0.0980963199643648,-0.1001370629353773,0.5217419988575623,0.5213375502481367,0.5049254725350062,0.3361422346341278,0.23648756905562743,0.16789376555010635,0.29530086903509567,0.016309376627536152,0.0030532031928036563,0.04367515092030438,0.02689483690084765,0.0027276314921071613,0.8253830926959719,0.8912172954850945,0.8984855914157474,0.6477685970228952,0.5429331240918968,0.583291819067563,0.5611098776769663,-0.00022337791226903402,0.17673280373582567,,,0.22515207780695717,0.2970102914696368,0.17398554580107584,,,0.18746005035521385,0.16484186864170733,0.09365665034852946,0.08137165026885873,0.017481575011972582,0.014876066420097615,0.07254416146718325,0.04929540314511269,-0.03548273544207882,0.2957074023043196,0.2937761788445985,0.10309804670965841,0.17545244728188295,0.07228315121053235,0.1231481423949756,-0.021572133050093693,0.200367188314664,0.16660361220013184,0.1503219597793521,0.023471225275809377,,0.27545572767735454,0.11540301473716179,0.15211763314789714,-0.06607546334397543,-0.02523918614176812,0.032492084807858555,0.3671997492808911,0.4290542057046046,-0.030675560912623363,,-0.04113164376388006,0.19592516121945067,0.04078038856031051,0.17327452147836075,,0.4182714656248297,0.3904611038770463,0.10906117044386865,-0.046394898939072664,0.06934896708451468,0.16055728997698057,-0.04598129207633246,0.16106244248260118,-0.026003712569489183,-0.05205502983166276,0.2156504475054562,0.02276741232666389,0.024942362641675233,,,,,,,,,0.022425788586280825,0.12057217674666386,,,-0.0027399519676634507,-0.007773100078452334,0.004809770198519855,-0.013624400961144631,0.1173095887649686,0.017392640475492,0.22408186107922629,,0.25921382798933096,0.04129777839805095,0.1557321058336798,-0.01099446709357617,0.16142261090283785,,0.09844277250000587,0.11555610344232017,0.022212373614012484,-0.01739158183603627,-0.018026219404958427,0.045074955084830844,0.07586508691691021,0.21345176342749936,,
post_H,0.3999811291583841,0.2270305133263323,0.3847283074307258,0.33594282515691204,0.34240967677293144,0.2645525048213631,0.583206654546758,,0.5842767681915921,0.5930151631034666,0.5862641260638166,0.610622466303758,0.3223342772967835,0.563425454496071,0.5886272816183856,0.368229846141687,0.44978230271225406,0.5650026735440756,0.5852026277218025,0.4802848396457425,0.44014457293838705,0.09706796820038273,0.5691647904160697,0.5456529189266524,,0.8952926413230186,0.9811950423036302,0.9571805902772625,1.0,0.9112209602441512,0.55176529650575,0.8064278334581048,0.9272590179649915,0.5778336669991847,0.5906769806132418,0.8709184847370629,0.8694727196608918,0.6135552779809129,0.5961334249203272,0.37178071787309425,0.6361874972124273,0.7699186407631328,-0.25972358940988044,-0.2886591870937143,-0.32395395528416976,-0.2404242667580834,-0.15431143347572757,-0.17691271474487574,-0.14238786116157273,-0.2757702901432617,-0.2777865128110409,-0.290011857889501,-0.27596997352555147,-0.28937711480657047,-0.27167179276997755,-0.28079715008132705,-0.33551036934949485,-0.2458589294556323,-0.24663920287001065,-0.2522124857852164,-0.20348722823975887,-0.2781882054238075,-0.21276305872380122,-0.28001385623065234,-0.21023076933752843,-0.22112081656028265,-0.20326065558027548,-0.10393754565384512,-0.1270640757754946,-0.16708220867080714,-0.09674186479900113,-0.04602544978683002,-0.04554027117663289,-0.05469034016777967,-0.12633199443588944,-0.12889869928963424,-0.13509544963455836,-0.1227202109540884,-0.13360370330924065,-0.1231346725497944,-0.18127770234127438,-0.1564043240417677,-0.12060717043729337,-0.09615177790635296,-0.10061272955741336,-0.04910270512738007,-0.13514138855011995,-0.1030090291717248,-0.12810688088965216,-0.11787394068344385,-0.10371094162500735,-0.10746276069923776,0.5626674431600928,0.5599683749044961,0.5306270766180048,0.3743297785869778,0.27511838054958654,0.17606259345185066,0.3381255688241213,0.024326168502785985,0.0042074587846703815,0.06619520064268004,0.04666074976385258,0.002710764664645669,0.8560117711930078,0.9266135066187219,0.9336380120871374,0.6898560483433912,0.5977434817094378,0.6235915252462045,0.6129319858764021,-0.0031643805341588,0.19874759530257174,,,0.2290521088883472,0.3204179899967135,0.1705368601133382,,,0.21865169834350467,0.17361108995600097,0.10213979545762267,0.07836867168710933,0.012857503862234795,0.0036437581407996206,0.07449832830386421,0.04491045102630155,-0.04007698604536481,0.31752455654479084,0.2580269915723985,0.11205773064148508,0.19398211820371733,0.07080626224518786,0.11735136951594079,-0.023039686676729485,0.17048893328438644,0.15099575439953314,0.12286339532426356,0.02159429321073965,,0.25825725556901774,0.139253948733824,0.15793281177720303,-0.07395445623709927,-0.027508816394862485,0.03087631284063321,0.35820438789277326,0.42752084110740773,-0.03382827083151833,,-0.04448916126660594,0.21295751431421114,0.04707286825732229,0.17675040718843152,,0.4164947263923242,0.40262719539848557,0.09675755687124526,-0.05098388339444887,0.07018069209726377,0.14051044057959983,-0.05057932758009368,0.16184249685345206,-0.02723948725425218,-0.05706013554560852,0.21502639513819488,0.01555047530235655,0.033599568310616626,,,,,,,,,0.015898407755724715,0.11121234920514221,,,0.0009205026708162513,-0.008610891474125517,0.010451896815758015,-0.013351580121807694,0.12428448044712309,0.02815305737064991,0.21238490721128966,,0.2502263211549869,0.05034275442962432,0.1502317485543001,-0.008327619566604593,0.15363213622029828,,0.102250355917999,0.11782204625414257,0.024999890064264993,-0.01926606144807267,-0.014988792772047534,0.04449259019055005,0.05972553427552046,0.22277498877862034,,
post_2B,0.3783652448173678,0.24460359935047685,0.3141855671780699,0.28104240968933,0.30737804932908225,0.24121591046440077,0.5290083458981988,,0.5298601773208556,0.5381480468227247,0.5310658337321361,0.57355606607599,0.2766325699870076,0.528798081694712,0.5407056441432961,0.3271975943622802,0.4032874400137881,0.5207724369359882,0.5536916268085238,0.44791127765832106,0.40999140815532154,0.07237262513117416,0.5384205869981042,0.5101308539330551,,0.8200285594544684,0.8960955753094085,0.8766979622942209,0.9112209602441512,1.0,0.4459904996326572,0.7307304667264606,0.8620165983531424,0.48779601175548765,0.5195565379834829,0.8117519301447615,0.8216444270044445,0.5843878415243524,0.5674792540209967,0.3108513049566184,0.623505990088708,0.7249169279376707,-0.24367287133487786,-0.2679037664133214,-0.2982007449733584,-0.22471119092397396,-0.14899761431873523,-0.1693017208495213,-0.13047211154127522,-0.25750786067313036,-0.2589472369302587,-0.2686635076132667,-0.2532320963274469,-0.26758719673700476,-0.2527906921168366,-0.257667172151598,-0.30926429880500483,-0.2240236479335246,-0.23158319984331754,-0.2337025055258961,-0.18822748573142997,-0.25950007913034523,-0.19437936135654282,-0.2604207926152765,-0.19145878814610404,-0.20208575517563712,-0.18568019237191788,-0.10216594378240222,-0.12101348243034911,-0.1546860457524062,-0.09471552718096171,-0.05726021683121069,-0.05264422526335296,-0.050387740466734464,-0.12317568027490805,-0.12405329056423692,-0.12788321230180294,-0.11720660869136108,-0.1288706080693187,-0.11891388264682315,-0.16686479438160343,-0.14330097298049524,-0.10938674033398052,-0.0936185305726544,-0.09564415040444349,-0.04682418224588322,-0.12863482145787972,-0.09430040810242031,-0.12239049898369143,-0.11237907680162522,-0.09759859500843915,-0.10058775035469168,0.5078339798915906,0.5237420219920409,0.488557275652109,0.324300447203593,0.24765842335116098,0.1414395341362897,0.2956376389234015,0.014509557233041996,-0.003553505801123696,0.0663085285308068,0.045240274456140775,-0.005909395625613236,0.7848330398886145,0.8481992778753156,0.8550099198494863,0.6252496302676469,0.5319991127396014,0.5544721053748399,0.5307234042133231,-0.007813337397200812,0.18930733359657104,,,0.1823176534332555,0.2824205817420494,0.15319567576349302,,,0.18861995807482373,0.15936047239450127,0.07292059433159019,0.07041302564071081,0.03342887286839244,0.006163367724977167,0.06069702640149579,0.042091894770388265,-0.035038450542895345,0.29391666883067713,0.2612328547210699,0.08461573163144555,0.1477423632728761,0.06744351274265366,0.09722406054892244,-0.018984239469348352,0.17740964619373178,0.14674164541259885,0.12790151396920957,0.005340778393984269,,0.2410250089469657,0.12590343100591694,0.18538823993925865,-0.0630209893629537,-0.031524816763740186,0.03411677796933317,0.34273370869686964,0.41024057635424094,-0.030834352425632518,,-0.04139268106378705,0.20974754257217182,0.058368323272667166,0.15763017448096855,,0.40722113869031995,0.3703739697443142,0.08996745051588675,-0.046635061334780105,0.06144133669897662,0.14593545081871118,-0.04679188800524831,0.1544052912513793,-0.02625628066042307,-0.053083317419406216,0.18583075867625726,0.02621669089409509,0.027128425408244103,,,,,,,,,0.02014007284715508,0.14593041894675682,,,-0.000824984836111805,-0.007813337397200817,0.006163367724977183,-0.0138260124992419,0.1549417401191353,0.020140072847155115,0.22614345196056299,,0.21161037512222697,0.04804603611022863,0.14358869645312264,-0.011051379763225209,0.13279208478450422,,0.14386427989656986,0.11942650601222118,0.029810988007423142,-0.01748160906002858,-0.013442774512838934,0.05508183565259998,0.034612985068409124,0.21847243838168615,,
post_3B,0.1469352503680213,0.05048053176972099,0.2989470101558351,0.23516100573927964,0.17396917974009965,0.1206211678219855,0.3528683477746639,,0.3651991432145849,0.38688167642484944,0.3726453629195923,0.3607106695222498,0.3578291006321214,0.23289658294984308,0.33447385855704453,0.3680884726751301,0.31617949051582483,0.32844565847396484,0.2761256454258803,0.19180312736778923,0.2297130227475971,0.15302794952961554,0.22877670141959375,0.20780265656605018,,0.4771180971756915,0.5384658306257591,0.5493786119695099,0.55176529650575,0.4459904996326572,1.0,0.3574692200382461,0.48374815957581924,0.509727744401269,0.4334387802701168,0.44075540927185886,0.42354893075676786,0.28252456980026014,0.25386604352003694,0.2512669245664101,0.27006814668398327,0.319263776709207,-0.16091123761758186,-0.18203169624189464,-0.20438275371529227,-0.15200062251372126,-0.08594188437925919,-0.11272148049003777,-0.09048207027365356,-0.171929076217166,-0.17250856781906063,-0.18196421370322038,-0.1804954073404422,-0.18264412834779592,-0.1754004048248775,-0.18288979446918555,-0.2057278532877436,-0.16006052494629605,-0.14796389447573854,-0.15276514260817553,-0.1363259132982383,-0.1732524455449683,-0.13367670031045756,-0.17191818350909183,-0.1386518502204384,-0.14539549667132928,-0.1339825509340892,-0.0663010349398019,-0.06973947699853361,-0.1053842943517885,-0.05899895249852179,0.002519826212330233,-0.03240845702960446,-0.034486311873501825,-0.07477431136898774,-0.0743068404357968,-0.08377740558469425,-0.07747250790636108,-0.08343522758638829,-0.08273410260592107,-0.12253263107649486,-0.10187268058341592,-0.08289006108376872,-0.07096064792945796,-0.06980506142864865,-0.03210574858481333,-0.09785315555354031,-0.0658450055445783,-0.06718946930069282,-0.08068315778409361,-0.07523436793997697,-0.077455835661092,0.3528131676591005,0.2517634974166578,0.2954294878961078,0.214394476989229,0.19477399733821718,0.22171208363071923,0.19602731235547202,0.02325199111954501,0.009912934326212033,-0.0065627769282910605,-0.009140988286846247,0.014736073783130473,0.4252846880405431,0.4726522409605643,0.47397562746353744,0.3003619345813254,0.35711763325941287,0.38017676032471037,0.32442190821923905,-0.005339773057046233,0.05859020909692792,,,0.1707096215790386,0.18185191666016373,0.10753830145310114,,,0.10127742232719238,0.08312884387186949,0.14401580361514468,0.065835378406078,-0.007552708516593359,0.027323628494830773,0.0593127506231795,0.02238128903509179,-0.030792821484922534,0.17143325784628266,0.09458243178865425,0.08157816548416694,0.1425919052308266,0.02654025098848116,0.07816353143372962,-0.022269148813317246,0.04743252776935411,0.08592055530655884,0.04105842178914678,0.054671778981916316,,0.1596719284131363,0.05327182704084293,0.08099692820017321,-0.05240830197155708,-0.019803522452119963,-0.005339773057046229,0.14120846159386383,0.14067775975964342,-0.021072742151497032,,-0.028671236082181025,0.1130346249059348,0.02118481182958326,0.06290768395005389,,0.14715812837245096,0.18287136966686407,0.05343087751671346,-0.031871226259648236,0.07162619852512547,0.06597093290124459,-0.0387847707092113,0.10585800032045546,-0.01888225927631308,-0.039553764858241115,0.12425101345426473,-0.0114062113161818,-0.00533977305704623,,,,,,,,,-0.005339773057046227,0.059987030046707635,,,-0.005339773057046232,-0.005339773057046232,0.02732362849483077,-0.010491587767105704,0.017492672820188595,-0.005339773057046233,0.08286237337335493,,0.13970236099329678,0.03528637102424495,0.05363427028402127,-0.007552708516593366,0.13657330219132874,,0.06620393134585165,0.04764306358804659,0.05467177898191632,-0.011947241019695192,-0.013089505879845137,0.027323628494830735,0.09792886727366809,0.0846033005664319,,
post_HR,0.35704216637129943,0.23789307548404925,0.2665215582573589,0.2574692679308356,0.28279083228128216,0.2258847881051745,0.4471319239587818,,0.43663727927243723,0.46489622429789557,0.4366101612923339,0.48520377615780985,0.15970348246162216,0.6352455413571289,0.5309063182243097,0.1706597257276213,0.28012456100453453,0.4981224246653617,0.5751801465019875,0.5074803811817743,0.3690085997268513,-0.07416160352781972,0.525237064916162,0.4780389466388481,,0.7388924870901679,0.7954421653879943,0.8451892601841898,0.8064278334581048,0.7307304667264606,0.3574692200382461,1.0,0.9025744580492201,0.34390160670786313,0.3813514105789163,0.8106780783356101,0.8131505385815269,0.6338461032784488,0.550361343030778,0.14038344514407844,0.5694065722296505,0.6675133316779243,-0.193854233396775,-0.21162241776282484,-0.2326072424989301,-0.1793011013313264,-0.119019508604334,-0.1336993964669719,-0.10002010476750181,-0.20417111004086352,-0.20547789931202426,-0.2129597182562321,-0.19974442343665197,-0.2114655004532506,-0.20022575686208224,-0.200895637218109,-0.24106985366077963,-0.1738191594869412,-0.18324244294670752,-0.18467120424814676,-0.1442947162341846,-0.2057644535225921,-0.1496421962813611,-0.2070675225620521,-0.1520559168972569,-0.15872018787771014,-0.1482506100248151,-0.08763604264337971,-0.10707942474742553,-0.1265773674981138,-0.08583227477859749,-0.051947770893143466,-0.035001922855337035,-0.04042520524832748,-0.10677849698281759,-0.10969003812975774,-0.11186128093031558,-0.09813457576244244,-0.10912182497770867,-0.10205474185409642,-0.13649233367756505,-0.11709170341178786,-0.0930801356468891,-0.07023453234361225,-0.07923653849550294,-0.03789097826212243,-0.10808261742380784,-0.07463570249471807,-0.11092446760652265,-0.09247254750504572,-0.082168226129684,-0.08582466664841702,0.4061811796488986,0.4699986933896882,0.42275294205161673,0.30435873955099385,0.0930912303771096,0.0506817231741195,0.19995081009028084,0.002858857345073214,0.012131567401258947,0.05786709613626159,0.035208706846778674,0.015312838903946354,0.7065497405691954,0.7616377846842075,0.7645494668112027,0.5984998994166185,0.3356496846802107,0.4262480266145859,0.40953941751691275,-0.005892940346317589,0.15908703553709108,,,0.19016295797633911,0.2526327254657954,0.16987671461232867,,,0.17523771017940779,0.18012845802092164,0.05086659884267987,0.09309050361201776,0.017263151129726515,-0.005892940346317583,0.04085482026416327,0.05532053486315525,-0.03274588009606433,0.22413849441386255,0.3197973623935569,0.1095760556011382,0.17028612767575835,0.0884888139133398,0.14402759627620035,-0.02457609417444777,0.23546285470746106,0.13793518408023486,0.16612169212785968,0.001788426565508811,,0.27769680622372533,0.1390672866599369,0.18201873977502467,-0.05991286631504548,-0.022997851728926107,0.03935207663114604,0.4203010412082764,0.48841971865956274,-0.023255747220986934,,-0.03164139788010802,0.19270112118216254,0.04181532951091791,0.15937713190734004,,0.42483368527737847,0.39507820521852177,0.12707005922379225,-0.03517288714438174,0.08451459602578522,0.18002388153059903,-0.04105042338720152,0.17570441617764074,-0.020838343939014965,-0.03992742958849101,0.19228481167249617,0.02399918576842282,0.03935207663114605,,,,,,,,,0.04840108002663875,0.1479401173770586,,,-0.005892940346317589,-0.005892940346317588,0.0031560630491751372,-0.011578451029510476,0.08817877417677022,0.0031560630491751234,0.2178272949135241,,0.16030594340036158,0.039167117372777206,0.11125264829341075,-0.00833512216079638,0.1061178652942813,,0.1308922672374432,0.13159549857831046,0.02442108650572247,-0.01318490090870776,-0.014445497306465915,0.0393520766311461,0.08833733336469429,0.23326565692861329,,
post_RBI,0.38250784459605813,0.23111211858104613,0.3560723274300489,0.3257115041967223,0.31980400000386905,0.24747560058421866,0.5319544010366052,,0.5280823823117639,0.5434766849514776,0.5285659185472178,0.5670800757198693,0.25962960190896167,0.6123876171490755,0.5842716103817817,0.27342354837874633,0.363075201758924,0.5421898635350234,0.5893228949995498,0.49962827315414904,0.4108368796649611,0.020555077580628682,0.5590098688172104,0.5217818699276467,,0.8484276215789692,0.9187920149750297,0.9154264185320612,0.9272590179649915,0.8620165983531424,0.48374815957581924,0.9025744580492201,1.0,0.46697797974911,0.4916730867914976,0.865157676719477,0.8617287837570594,0.6566483818045808,0.5916957135728012,0.26724876112020746,0.6698856813691567,0.7443786023042676,-0.2336269449262734,-0.2603815620650374,-0.29146438256028534,-0.21678543844902787,-0.13689262378099842,-0.15705447507275797,-0.12850131171335114,-0.24823941461360835,-0.2503674571896416,-0.2614463235994762,-0.24833149193049905,-0.2595674777842682,-0.24542193391925074,-0.2537289784566928,-0.30256694997017514,-0.22129469571199226,-0.22163972932857312,-0.22798919765702455,-0.18200655098552693,-0.25040260202380393,-0.19160561233433251,-0.25229507905481935,-0.1910180438324396,-0.20099527610725423,-0.18579584841972124,-0.0938707057299807,-0.11638167578712594,-0.15111126316945528,-0.08918446784823662,-0.038517893593747826,-0.03928753166432667,-0.05041906536832943,-0.11532492039349926,-0.11771443685809072,-0.12381297638174403,-0.11163140284023447,-0.11960208475523332,-0.11357956772028176,-0.16451726270078978,-0.14179825716656544,-0.1086715391337095,-0.08439699579003773,-0.0947165480988818,-0.043898870544894344,-0.12341585420873948,-0.09319556384231222,-0.11730656045421661,-0.10588030394696815,-0.09576722084630458,-0.0978433630952348,0.4994309710487442,0.518503009694184,0.4888041580497933,0.36105756080290474,0.19300424906787053,0.13164508076939868,0.2823095876528109,0.01922947785468103,0.008346130548025833,0.06809122881518787,0.047380681174757584,0.005160869881653304,0.8002140180901117,0.8648361932160421,0.8699733884304657,0.6690225926527209,0.470581757237912,0.5402703705981298,0.5165536842651978,-0.005068897806053958,0.17751385918325643,,,0.20638707089295885,0.29366487076048137,0.19514309935544033,,,0.19422926190123133,0.1719679652665625,0.08548572363042539,0.07129698594775302,0.004194422595755424,0.0002873415936165085,0.06286213654655516,0.05337752397550226,-0.03340036082969557,0.2885345740322918,0.27949553762962126,0.10482225352388563,0.16674482916664926,0.09268949933564952,0.13449957205454377,-0.026351640713781977,0.2009808612352333,0.12740499547692466,0.1471593758038967,0.012631887630735134,,0.2571167725321051,0.1421236157561467,0.19499108270607823,-0.0710629968574868,-0.02243639412699044,0.021712299192298296,0.3984619229859705,0.46395422318589924,-0.030572629323508998,,-0.04116738218622194,0.19331491749562865,0.05101128071786473,0.16016139779228927,,0.4246703603083974,0.40361694970605444,0.11485821314569236,-0.046239221242153204,0.09028955900183715,0.14643368386303124,-0.04231536597290797,0.15749087827129737,-0.02634239683574391,-0.05150726876707536,0.19083616124044464,0.019750992639232356,0.02439041889213352,,,,,,,,,0.03510289769147439,0.15561828418405949,,,-0.005068897806053925,-0.007747017505889172,-0.002390778106218694,-0.014052015650379421,0.1337976069514566,0.013677940092792617,0.2106572388669769,,0.1450003131281057,0.046352359224551644,0.09808423753712839,-0.007169575789181983,0.11258505706095964,,0.13660529040409705,0.12537752550230485,0.039425102218652676,-0.01733322452805778,-0.01570797082938871,0.04313725679098005,0.07961737572987732,0.22516108866421983,,
post_SB,0.21086190835470603,0.08934906683679728,0.21556998943497743,0.16695910050382404,0.19591421278514598,0.15277373796536425,0.35247646274442634,,0.36492212097118726,0.4130479722995178,0.3655189137267681,0.33964900591029595,0.32161643315565175,0.21815977349067323,0.2926716436484278,0.5932742888781356,0.44893802132974,0.34623566024501945,0.312877568174962,0.17663322576253027,0.2611490409592231,0.13211874262733822,0.2579235162695444,0.1969152820770675,,0.5038877774090148,0.572411096822935,0.6143054109520374,0.5778336669991847,0.48779601175548765,0.509727744401269,0.34390160670786313,0.46697797974911,1.0,0.5183453406386087,0.513633265811472,0.4666933838996255,0.24105041638037156,0.3360047146525521,0.2774585300305775,0.3084579515524724,0.32850915151706345,-0.14436295710460093,-0.16067626437232965,-0.1793055865463514,-0.13558487718948925,-0.07926281953760288,-0.10061391728464114,-0.07710176323618914,-0.15290611682594785,-0.15400685473171447,-0.16257761456154463,-0.15839289498401085,-0.16388812424938412,-0.15287955908478212,-0.16143890350780332,-0.18297483012082472,-0.13994003321287568,-0.125654893285579,-0.14194071383956583,-0.11831747821155916,-0.15420507652814694,-0.11568265841566477,-0.15336041350747692,-0.12154220930357652,-0.1263783901961953,-0.11726441001644622,-0.06503926338279427,-0.07575950130275225,-0.09561086204287024,-0.061011665445283705,-0.02460183103458346,-0.03204739414157346,-0.029224671620165128,-0.07612829998664629,-0.07644308150615729,-0.08000296798687766,-0.07391662516355006,-0.08087526671116536,-0.07383142374988694,-0.10707856810837936,-0.09021419816592305,-0.07486116453471563,-0.05927897005034063,-0.06303767487370206,-0.030480865326158624,-0.0866428256725068,-0.056158401740098784,-0.07327093957168719,-0.0771636478005865,-0.06594385155842092,-0.0724556765326125,0.36388965915861743,0.3207220727209684,0.36808072428873506,0.14889438917653555,0.22346331757009807,0.21527111502155924,0.18093199415556313,-0.0008679864724414377,-0.017935155655521333,-0.030808514110716622,-0.027272391389497646,-0.013451126826274288,0.46562796019885827,0.5099138171950848,0.5142136083569337,0.2605210888987583,0.396801106151887,0.39376243510025766,0.33885588424973156,-0.004632314935599851,0.008590485371239659,,,0.1680154002835932,0.21035928744999371,0.14240786179470474,,,0.12730400922287977,0.07568262163053724,0.05959641417252145,0.01720204752431081,-0.006552062061791232,0.02281702232741738,0.05552552310059716,0.03667945004518637,-0.028062763272013905,0.2224623564053614,0.1208962653601867,0.0689501748863974,0.08939385722788128,0.0360102215491534,0.07116101836627481,-0.014230942818022878,0.11643043027954729,0.11259080994771588,0.09509449380500146,0.013615925013578407,,0.14812168933021333,0.009776655286800807,0.009578422366454582,-0.04398038364632891,-0.018468485183460056,-0.004632314935599851,0.15838529774794738,0.19374571352025344,-0.01828084773633085,,-0.022672841939300213,0.11484828968519306,0.02026278049014093,0.11174847748243995,,0.2085871960265754,0.1686311701461878,0.09035417117063661,-0.02764865769410017,-0.0104347958827637,0.10406489019369702,-0.03492777256045465,0.07575436397430181,-0.010988073998832757,-0.03431334885482725,0.1513650320077847,0.009750909509819035,-0.004632314935599852,,,,,,,,,-0.004632314935599851,-0.00463231493559985,,,-0.004632314935599855,-0.004632314935599852,0.013667243239744994,-0.0031090775616075773,0.06935266712609714,0.0319668014150899,0.08962172052854353,,0.14753527567299812,0.03619260102105418,0.08583729294143322,-0.006552062061791235,0.1234975100446598,,-0.0080258045275281,0.08119076483554637,0.022769809903157176,-0.010364369875554039,-0.011355297863607977,0.0228170223274175,0.016190754000537037,0.047468095587197404,,
post_CS,0.21609245675218808,0.04246778894172893,0.2917047316341715,0.24543639808767223,0.23212934159964432,0.1815435431238413,0.4028621074716569,,0.4033317604950945,0.412634332203603,0.40413817325304285,0.3912724519200093,0.3267207785531063,0.26888658280938116,0.3414415416348019,0.44973336351605087,0.48151778915171595,0.37686311512462967,0.3452257912983999,0.21562767310121786,0.2959426748273159,0.25341609012487987,0.2829895543967356,0.24939921946930182,,0.5233535819124492,0.5801879765295925,0.5604372926002557,0.5906769806132418,0.5195565379834829,0.4334387802701168,0.3813514105789163,0.4916730867914976,0.5183453406386087,1.0,0.5037903720578656,0.49197530392496674,0.297956113001882,0.33802475898246603,0.31279783547435175,0.34965858905964325,0.3672469780716412,-0.19157058724167322,-0.2066525734499596,-0.2251746954332226,-0.17696082339673047,-0.12016859173074795,-0.13463258626988703,-0.09525273901121735,-0.20073969875524458,-0.20154314821607922,-0.2084137975886118,-0.1956324376424756,-0.2076661796488847,-0.19676312114729883,-0.19282415310847953,-0.23169622766506473,-0.16882372608321905,-0.18126052152578215,-0.18082003506945718,-0.1429228301131058,-0.20221702517552634,-0.14280235813453504,-0.2030285989612709,-0.14669382798144878,-0.15307225327984728,-0.1418396193733909,-0.09299876718627369,-0.10806430234599566,-0.12467960339505799,-0.08984613470357813,-0.062156144454882566,-0.04439389088418868,-0.038133612582606564,-0.11081947838136766,-0.11233668183517552,-0.1130153748220552,-0.09991491197606094,-0.11340136736819398,-0.10542365308761817,-0.13397003009820904,-0.11397124696844343,-0.093317099775208,-0.07577811387198854,-0.0792720533241739,-0.038082151340100935,-0.11084765391074326,-0.07118820769230638,-0.11323330054471986,-0.09574901386642844,-0.08253768710874464,-0.0877581974957331,0.3984269603441688,0.33772412650667827,0.30357787516476387,0.2000230178330078,0.20903455260066292,0.14578593048767838,0.1951969177488804,-0.028977415877373867,0.001424064228876128,-0.016659538673623533,-0.01751741246702021,-0.0015457098270008525,0.5189207903074721,0.5648030861707936,0.5692006300213164,0.3426889617549109,0.3780548834139992,0.4579325873309459,0.33065965524206825,-0.005558885916805176,0.05672268590929369,,,0.15168180518018926,0.21711907819431012,0.11122170325390543,,,0.12214938888590197,0.07441588166316143,0.12889939723284627,0.05938809173568557,-0.007862627223683865,-0.0055588859168051764,0.037227245572881235,0.01571873629446071,-0.03662902716457536,0.20391108112940773,0.11389100233228983,0.06462179251706228,0.09083280049968234,0.03773398739135428,0.07278523071458065,-0.023182943618593636,0.11091689902942295,0.07320914806293993,0.08734388885127051,0.0010395782911551237,,0.18172733295198218,0.01839273596472665,0.08359767746636253,-0.05638207057167774,-0.024982343657650386,-0.005558885916805173,0.20120540883784171,0.20197335013302517,-0.02193744346865961,,-0.029847734870364684,0.1178347680531694,0.03592150661157361,0.09351848027114028,,0.19939613021751212,0.21959337660813402,0.08012533623174588,-0.03317903381161175,-0.01121264192802435,0.09145846765603677,-0.044718194473950666,0.10950457447085973,-0.01965707606806474,-0.03784160592016781,0.16180937410953278,0.009545794396670044,0.01875488176637148,,,,,,,,,-0.005558885916805174,0.01875488176637149,,,-0.005558885916805169,-0.0055588859168051764,0.018754881766371485,-0.010922100782266296,0.0782644672838113,0.06738241713272479,0.08944047212356564,,0.10893441874724594,-0.005522644580762627,0.0757747067823151,-0.007862627223683862,0.0969035394774451,,0.018452365019325775,0.040467322485518535,0.04968893440591044,-0.012437485477294428,-0.013626622164661753,-0.005558885916805173,0.023647461872432676,0.05706359473215256,,
post_BB,0.3837735050460304,0.23122740705670577,0.33964654531451527,0.3082134902128322,0.30890701692284395,0.23836959360791335,0.5108261989076068,,0.49900401110615994,0.5349886019613272,0.4965805243306562,0.5314770915508208,0.235947470897328,0.585220009105437,0.540591002802239,0.29968095992639066,0.3864895596453658,0.5977072247187155,0.570843658919577,0.5123825928438911,0.39898428707237266,0.033846290119063364,0.5260921684764398,0.4778262537184116,,0.8295395047226425,0.885917201693828,0.904383539484871,0.8709184847370629,0.8117519301447615,0.44075540927185886,0.8106780783356101,0.865157676719477,0.513633265811472,0.5037903720578656,1.0,0.8480411773816918,0.7261676378247109,0.5706058682635048,0.26306709297520786,0.6099086049279502,0.7108210593056999,-0.2213315925802777,-0.24500584979423198,-0.2747400452853063,-0.20463685462849138,-0.13128346713988856,-0.149045236587702,-0.12056283146579778,-0.2345481721069053,-0.23674039280859777,-0.2468155989190303,-0.2354193178485165,-0.24448248537238668,-0.23073015588756082,-0.23718350265203683,-0.2852981111888478,-0.20828084197780117,-0.2097284270518694,-0.21414865005948788,-0.1734484105493769,-0.23661309307386694,-0.18008277140440734,-0.2385377574143653,-0.17834178906823395,-0.18777768211449442,-0.1736983470861808,-0.08893545868477662,-0.10878221563737163,-0.14258087623160612,-0.08316548608103498,-0.03797925235771451,-0.029983391644415262,-0.04705686642659027,-0.10830049070707225,-0.11125084937253019,-0.11551557736582319,-0.10501445000273077,-0.11478048685334553,-0.10677041124525438,-0.15489781641719305,-0.13304797544609,-0.10360604507353681,-0.0814475499307146,-0.08553809957597014,-0.03919891491810137,-0.1151257018722951,-0.08848617168346892,-0.1111187610652544,-0.09792535310193151,-0.09077647242027742,-0.0917491573647919,0.4816625465509879,0.5014332128244967,0.4643379467833855,0.33197023614550575,0.20598890424795568,0.12398890444499817,0.2807947973435012,0.017066146282535326,-0.0010976419854847113,0.05869576299714638,0.03887148792782138,-0.0026687291277694056,0.7923175844304126,0.8539726180235794,0.860182831647071,0.6532101809170423,0.49112929189335336,0.5408703504919703,0.5274793094091579,-0.0013866860608072655,0.18177051495991128,,,0.198325332533285,0.2835983088414211,0.16176230956761167,,,0.14119408097349373,0.14458182787896984,0.08390844481056198,0.057754368786423975,0.03946996264536035,0.016188509240181625,0.05525684858479374,0.05677177271945667,-0.03415016312234175,0.2653277991085125,0.335722801808094,0.09217434675405171,0.14047258597313594,0.10095822919390647,0.13634823214829975,-0.025328708546621323,0.27844815764989583,0.15930883426815914,0.20142442339537164,0.032391547096073246,,0.3023806148372833,0.08772482328419949,0.17867913975344604,-0.06336240938282778,-0.024661818183596827,0.0044717123728557,0.4275261216453355,0.4538147739281966,-0.028591813881736955,,-0.03796258190260435,0.16897028763570573,0.05034664054886324,0.16993396172184894,,0.44709472499506236,0.4086607387247878,0.12545784302597116,-0.04257943469492906,0.05941197541357208,0.20508198768235344,-0.04126443591654288,0.16670104625339593,-0.023893383862258446,-0.04764000161676421,0.21432371848582868,0.03426777657425689,0.036692903758002,,,,,,,,,0.033763704541170454,0.1655776692985867,,,-0.0013866860608072458,-0.007245084494470221,0.004471712372855703,-0.01231671376185851,0.10588013592313085,0.01325931002335013,0.2327381246988337,,0.17811348627514237,0.0273554492566847,0.12345473003854492,-0.010247628650175795,0.1326946784985755,,0.12109009384165215,0.09827561058384549,0.030926290274427958,-0.016210196526848873,-0.016563303362048587,0.06598489592631668,0.06720626029758521,0.19849086254649645,,
post_SO,0.4660259662822075,0.2860262129150783,0.3186341079249906,0.2801709149506791,0.31543900627047156,0.24614531784830335,0.4772969428630327,,0.47054065365840775,0.47926647194808475,0.45880299021485815,0.5056115052411772,0.18282000009487293,0.5828821013281392,0.5081354279164162,0.2558078416302515,0.3628930545075286,0.49359348591779206,0.6471911185472654,0.4635272063004902,0.4092191964771965,0.006027332956064296,0.5412867157022769,0.49745818244379736,,0.8636847637908427,0.9103937827345103,0.8640268892979838,0.8694727196608918,0.8216444270044445,0.42354893075676786,0.8131505385815269,0.8617287837570594,0.4666933838996255,0.49197530392496674,0.8480411773816918,1.0,0.5929845387302194,0.6250807510182252,0.3224758103858619,0.601698080244323,0.7281469337637255,-0.17880829665257095,-0.21432699008420875,-0.2612622637793921,-0.15980551996785108,-0.10845459808377471,-0.10663287277751166,-0.12826260723867117,-0.19691189141584098,-0.20126370314021044,-0.21218602891799693,-0.19739752871212762,-0.21197182026039862,-0.1865659114257189,-0.22056990584151584,-0.272460966968653,-0.18575128978833502,-0.1878384687004087,-0.1880337681182205,-0.14134513394273382,-0.19982826961829198,-0.19206225615319866,-0.20710939090712985,-0.13785815459452122,-0.15537703826245347,-0.1381025762088768,-0.01846385916060732,-0.04014884036447958,-0.10448111136212948,-0.0028675581216587114,0.00935165986540797,0.019073377415550485,-0.044225073882663425,-0.03177397400618423,-0.036789823647837866,-0.04484730450145316,-0.03856052822412214,-0.04583477838656236,-0.0314111255223679,-0.10320123252728032,-0.09750852576839988,-0.051242473478561215,-0.034475780174437226,-0.04137971467822855,-0.023383114455627567,-0.03592144929343823,-0.08608272437841305,-0.04174552933675575,-0.03747280135001446,-0.04088378860016715,-0.028854874728183978,0.4503661259834126,0.5407994673606376,0.4832109977172772,0.3105803739018943,0.17959738392209484,0.07681730599774818,0.2551083677324272,0.004433356201540644,-0.001365523948423723,0.07268826086137088,0.0450193705430082,-0.0009402403262854684,0.8347309353083513,0.8897270272148131,0.8912075338039063,0.6788305669465188,0.513852224388014,0.5510059110606486,0.5521256671825393,-0.006667440904324366,0.2072937212574536,,,0.1546032278557767,0.272980444607176,0.1408394756050488,,,0.18475876727517648,0.17745097389614706,0.024747506640565284,0.038996941408453355,0.04938299798058152,0.009603492271755292,0.05777706119649205,0.05049154355815603,0.01660199806502594,0.28218256354821947,0.2928349017811391,0.08031382992116214,0.14798123422709675,0.09714117076693965,0.17305728570060014,0.022458190777420776,0.21183753722441664,0.13023325578792902,0.16399513249602332,0.02645037421454733,,0.20481661996103612,0.1327032024360468,0.15388304996947788,-0.015073083939994758,0.0016065155327095256,0.03672171423188809,0.38120153940960927,0.46463048557467496,-0.03324294773177753,,-0.04043625093729954,0.18481539471408753,0.0552799226137672,0.15972700323943023,,0.42780153023511097,0.3495775526215867,0.12078438135841786,-0.04717146722308068,0.024885830868993132,0.14335347248428498,0.010424375767662438,0.12508402502877228,-0.022866769648574602,-0.042444481504055366,0.18866861604780982,0.01570058248821672,0.05660841033598554,,,,,,,,,0.02587442544783503,0.12169214304030376,,,0.011411373735764145,-0.0084753223683332,0.004179847879728806,-0.009153383229465373,0.12501568525618179,0.0077956108077464475,0.23555979144281916,,0.22656355956241872,0.027483056707623958,0.16018535623657174,0.009747750460279127,0.1627884865397042,,0.12626847985383474,0.13280806557692992,0.04905903320096586,-0.018962738298489077,0.0013827541382889165,0.02406654398382608,0.040088834877665305,0.2126769620655565,,
post_IBB,0.29098763967311253,0.15897195795950625,0.2146955342662903,0.20733074359490636,0.23540849919726653,0.1913156488168772,0.3783521582612753,,0.35647350585774573,0.3696780898089183,0.35832958021012773,0.3936699820966218,0.13268412244520697,0.4849227426684768,0.4195792782345885,0.1390069327940991,0.2536913687567045,0.4384243285191186,0.4214867490251782,0.5779291367765058,0.2540673141377066,-0.04316365862512612,0.42737836936003293,0.3951436880370358,,0.5840284705977893,0.6144828364522824,0.6166668409802041,0.6135552779809129,0.5843878415243524,0.28252456980026014,0.6338461032784488,0.6566483818045808,0.24105041638037156,0.297956113001882,0.7261676378247109,0.5929845387302194,1.0,0.37640836051005033,0.13760103313062616,0.5029334138631161,0.5364639138457622,-0.16779747597842562,-0.18076896945504894,-0.1969221199769832,-0.15504822484695643,-0.10499118502483763,-0.11847221264449513,-0.08323705676702062,-0.17576212086048087,-0.17629926913500818,-0.18206042015172702,-0.170675275470057,-0.18169322515943997,-0.17233285388383435,-0.16905878633779126,-0.20362021219275608,-0.14870428910906122,-0.15944383383938254,-0.15844581818418202,-0.1256155470564873,-0.17699608938827896,-0.12456352647957666,-0.17738705263147844,-0.13012089732353835,-0.1349903279818924,-0.1254815141211282,-0.08165051296088996,-0.09422605694761449,-0.10896076945951969,-0.07834764605268632,-0.053433145903708935,-0.04256385520462767,-0.03333233372743335,-0.09682321394701686,-0.09791906580012112,-0.09804892897732136,-0.08733711687779398,-0.0988198000982753,-0.09135809891464551,-0.11690350973385681,-0.09939097623924899,-0.08128476512306783,-0.06753788351144756,-0.06999355271280422,-0.033287351802222045,-0.09672751416918303,-0.06238564182569006,-0.09805822686262271,-0.0836411432769175,-0.07214563597507191,-0.07767682054324435,0.3432663404058495,0.39115619712261834,0.34465028282371934,0.2834390640442878,0.08705501677418094,0.04431308301379447,0.18145349777289252,0.018495597442516297,0.037364274465307795,0.07342498474394739,0.05415847721071504,0.028849465716218905,0.5581802363419742,0.5996038077457632,0.6051845446337296,0.525333779423232,0.2680635221604762,0.3706096980690067,0.3307299390841547,-0.0048589847114614655,0.16214148859131836,,,0.14835084390454473,0.21682499512771877,0.1371007004345883,,,0.10415160925918063,0.11026535132051984,0.04621321063996715,0.10772327034027533,-0.0068726694599549505,0.012812931423919042,0.06413148831339494,0.0675309046341472,-0.032017185754851275,0.23572629360683858,0.3607227023790516,0.09713018990450105,0.11407938328161622,0.09854367421253732,0.07895106602701266,-0.02026405475760495,0.3735311676771565,0.0772787630543879,0.3066961328583521,0.025637362001590506,,0.3610424712178277,0.08979848901902807,0.20144898994332386,-0.05112619863647098,-0.02183689820329398,0.01281293142391905,0.48153097966440306,0.44155426528507463,-0.019175371471560787,,-0.02608970386825432,0.1364901912292625,0.04675044785311586,0.1314176617674936,,0.4233073632999781,0.39911387970974943,0.07847699744311852,-0.029001569818928492,0.06930587031249195,0.25084921221293116,-0.03908787237676664,0.1963396184891195,-0.017182117697003466,-0.035992379577503626,0.161847164137587,0.002434743142662907,0.08350059596544127,,,,,,,,,-0.004858984711461456,0.18953209277772376,,,-0.004858984711461461,-0.00485898471146146,-0.004858984711461463,-0.009546934675819763,0.07718356773002953,0.03048484755929951,0.17526442118546467,,0.051295679664217775,0.020559564522456282,0.0530684100738334,-0.0068726694599549505,0.03848484255933356,,0.12425865673355924,0.03393027451121031,0.007957515905687409,-0.010871522223634716,-0.011910938586954573,0.048156763694679874,0.04592200706567787,0.1594011371593635,,
post_HBP,0.3059341524843111,0.2149702640716787,0.1663919176535717,0.16653946659342067,0.1988612462547825,0.1576320006170105,0.3404163564218501,,0.33720722624956395,0.3487731228729535,0.3331063384811465,0.36814783263925865,0.13805463950533317,0.3922872060338217,0.35472696465811776,0.21055204208568756,0.2688194952595841,0.3445268727093727,0.4119591967935382,0.27949260393113645,0.459849568057299,0.03850476258232718,0.3735938515153502,0.33771320629852836,,0.5820372930341501,0.6196310633152363,0.6124777754195081,0.5961334249203272,0.5674792540209967,0.25386604352003694,0.550361343030778,0.5916957135728012,0.3360047146525521,0.33802475898246603,0.5706058682635048,0.6250807510182252,0.37640836051005033,1.0,0.2372832359972267,0.40073734854637927,0.47588725391836045,-0.16513123273686145,-0.17916007061042502,-0.19676999527502648,-0.1521795149068882,-0.10348315548702296,-0.11520558775618335,-0.08446855947358126,-0.1735214605109662,-0.1739687301942356,-0.18008965194215823,-0.16847319666949245,-0.18026091711245928,-0.16967228613874363,-0.16913580206905063,-0.20289643131405194,-0.14634488828423126,-0.1567325534335529,-0.15748216232498174,-0.11893221447158121,-0.1747967372542933,-0.1260606757014198,-0.17556281237058696,-0.12860078057928997,-0.13393852401943274,-0.12405723938045125,-0.07572010115852339,-0.09175626491517501,-0.10665632602913735,-0.07240275367852023,-0.052510490350170455,-0.040728640528733574,-0.032897331238474284,-0.09122223422939195,-0.09251325128480452,-0.09341023066782718,-0.08394860610979193,-0.09351914078869547,-0.0866806239997241,-0.11356413482075225,-0.09809177180155365,-0.07799044036500097,-0.05787179064049505,-0.06706080418728196,-0.030704144734446073,-0.091072295970319,-0.06253230786098139,-0.09407050662864029,-0.08110204042527482,-0.06547021238153232,-0.0700596953283241,0.31750454612646095,0.36514367825141253,0.32518074259289215,0.22541990709361726,0.15624001726723902,0.06663368335461041,0.2041859131161257,0.0001679643343964694,-0.0008795707114181062,0.06031210234686333,0.03199148534347917,-0.008075876572751231,0.5638911135103725,0.6078392377428808,0.6105635857542081,0.49100253623499834,0.38313548995156443,0.3930765085090911,0.4098101213395144,-0.004971129252404669,0.16931959333260502,,,0.07252685820176784,0.16701287784199811,0.0798594135128488,,,0.08537292484118306,0.12889640692927865,0.03879913717641831,0.007495628037012833,0.010267750699969233,0.019489750863104182,0.10206396874055715,0.056695218657049816,-0.024532695011635307,0.14902846853864957,0.23910869978060736,0.04351445935917502,0.08957878549796819,0.07648901736818653,0.07127081852275674,-0.020731745695812553,0.222217228654626,0.10386507591156816,0.1573200521661743,0.0022892083340391284,,0.13659313587807922,0.059366297057430385,0.1261718203263884,-0.049477861873991016,-0.01920002378661981,0.04395063097861295,0.29106463597000354,0.3208385933717403,-0.019617935784640658,,-0.026691849797371645,0.10785013254220388,0.030836734034766798,0.10269281118805719,,0.31543677286792043,0.19891338188375599,0.07913770470844708,-0.029670921119068282,0.022099421543101738,0.11488544274066087,-0.03218150622348325,0.0437986069323607,-0.017578678051889448,-0.03682307757818921,0.13108549402033906,0.02199272392070934,0.11733327132514029,,,,,,,,,-0.004971129252404663,0.04395063097861304,,,-0.004971129252404668,-0.004971129252404662,-0.004971129252404669,-0.009767276304824886,0.07256983163208412,-0.004971129252404668,0.19949614840967828,,0.11790713234820051,0.00534310976489443,0.13771792392864643,-0.00703128950249656,0.06670269109823518,,0.07614749385561638,0.12564051584842412,0.02676106483785698,-0.011122435108017283,-0.012185841024265374,0.11733327132513979,0.026017631021805616,0.1313777144109073,,
post_SH,0.1998954030835588,0.10327931364446122,0.30667866884816497,0.2693036705879864,0.23474875949947813,0.18249347947863218,0.20846618632418573,,0.20434300219342616,0.18159369349216378,0.19738123537968902,0.17724782156185995,0.16729844148584733,0.041183697443908485,0.12932382708591336,0.19016787379811012,0.21147923496478102,0.15258809888210548,0.1380107942723222,0.025690790468342068,0.14714721477807105,0.38013227700598157,0.10632722261323338,0.10731682785551833,,0.40728791290091015,0.39829455065755676,0.32266777166116095,0.37178071787309425,0.3108513049566184,0.2512669245664101,0.14038344514407844,0.26724876112020746,0.2774585300305775,0.31279783547435175,0.26306709297520786,0.3224758103858619,0.13760103313062616,0.2372832359972267,1.0,0.23268904594609552,0.25721058903530086,0.026685370739344134,-0.010231566941094752,-0.07638772384326832,0.04856264519776769,-0.009024752967663599,0.04588825173672381,-0.07430425690719196,0.010236704402384741,0.006305637248816065,0.0018820206616002619,0.018740210832699958,-0.011467373535112135,0.033468266480422684,-0.04037290742427075,-0.07429738767247665,-0.008403289892151887,-0.028188224247470937,-0.010682305436694108,0.014760242777960147,0.007421311275522471,-0.11424012783544497,-0.006977864624031977,0.07316660556086757,0.035113745105197894,0.06723156918826087,0.2111455704210426,0.17702181385627114,0.0654938651408897,0.2395174255528365,0.10460016493680445,0.1268636068875589,-0.019739295148821296,0.2082922254222185,0.20656968212087126,0.19655894094697998,0.18775614722002912,0.19341427961605404,0.1975579483537512,0.11670701990358656,0.07031280621569834,0.13308810861995501,0.0912861768192519,0.1639188943297606,0.0692582788627172,0.21747229214970687,-0.03442718795673997,0.1917842964227463,0.17620980881904666,0.1307149737700128,0.19627611217133586,0.22763072821775432,0.17956204947560714,0.13656677784130491,0.09201691319164157,0.24718804415618012,0.09146254201548107,0.19391025929287253,-0.023685766810358704,-0.0019474052181892422,-0.005178557181521786,-0.003055847626670766,-0.010761725253572494,0.4329308615060973,0.45652769670683807,0.4483899204130418,0.22398699061110056,0.5029860602628864,0.4110297455038177,0.3811162002105946,0.013301600455063496,0.08132466585723165,,,0.12977099531254835,0.21032172471207788,0.047971701532769695,,,0.05229493968125012,0.13579967190173728,0.12998074504245793,-0.014733523805550397,0.004705637322827308,0.013301600455063482,0.09026048825433598,0.0044790130421874744,0.10240274110674631,0.17326580650562987,0.04376939552831736,0.03294344019650823,0.10394097764900467,0.0443800271912523,0.05294019883620429,0.13867104572435193,0.001444108767298462,0.07307688142323314,0.005542269386134473,0.04657351017487851,,0.04758352894872997,0.12195572221533674,0.00114570585974391,0.1284259480644881,0.021355417519307966,-0.0066478191427143795,-0.0031632595242965305,0.06881254328816064,-0.02623478136010844,,-0.01810843395918426,0.08880547948046395,0.003945990435484939,0.05231210330909377,,0.056201462859349564,0.12335689315599534,0.048413449029157694,-0.030635120991535716,0.03145033308949462,0.02848262603583229,0.113372434587222,-0.007016654783220767,-0.0039120954917286725,0.041062796058044346,0.058313059106413885,-0.014621631012461231,-0.006647819142714387,,,,,,,,,-0.0066478191427143795,-0.006647819142714391,,,-0.006647819142714386,-0.006647819142714379,-0.0066478191427143864,0.008714266123085129,0.021050560732440323,0.013301600455063504,0.0568028944965881,,0.16444363629301353,0.02013044542748717,0.07335856364185984,0.01881411624951207,0.11984587900479195,,3.443289781551534e-06,0.005036558503034075,0.01663595285319369,-0.01487387136210734,0.05705774321778865,0.013301600455063518,-0.005951163569751149,0.12697667796397066,,
post_SF,0.32608390497839324,0.19278764421689717,0.21176948081098057,0.19897942749325578,0.24189929703347393,0.19614247719609967,0.3695095006964297,,0.3586728510173749,0.3483855866863088,0.35294097904089805,0.38440928275639724,0.1391235682065888,0.4091433871818255,0.3856333688424622,0.1637166578195772,0.27071404687618,0.35684053144551475,0.405208214481519,0.3845451739090243,0.2830189413762694,0.04486769459213079,0.43962793708045067,0.3816937180610901,,0.6054534555609797,0.6435879786497315,0.6133904182325548,0.6361874972124273,0.623505990088708,0.27006814668398327,0.5694065722296505,0.6698856813691567,0.3084579515524724,0.34965858905964325,0.6099086049279502,0.601698080244323,0.5029334138631161,0.40073734854637927,0.23268904594609552,1.0,0.539850431998704,-0.16422037303823492,-0.17877768723041146,-0.19767800144467768,-0.15012878964078397,-0.1055718350133354,-0.1154379861454432,-0.08596071828006295,-0.17280595299226387,-0.1741158783012501,-0.17960100989318806,-0.16631960126062315,-0.17803284524447954,-0.16628984917992845,-0.16976146458910843,-0.2066453207597493,-0.14634582694056825,-0.1535436474462389,-0.15448422924888738,-0.1202104582734904,-0.1741736522493653,-0.12884019415766873,-0.1755086580482254,-0.12318566856152219,-0.12822097768029583,-0.117755421989222,-0.07479664747795893,-0.08609655628225833,-0.10412077443300627,-0.06749488966195996,-0.05555079866885333,-0.037936693234816375,-0.035088434012928764,-0.08806993602519149,-0.0893288366136163,-0.08791664534710342,-0.08068814203729127,-0.08813947408379087,-0.08170531314039092,-0.10882088917320952,-0.09289022092925034,-0.0760321859068794,-0.05028734795362948,-0.06194814098711299,-0.02627491691362681,-0.08740516960435954,-0.06373956267853063,-0.08813858089824764,-0.07858131060664098,-0.0640471674827871,-0.06805496623736623,0.3489009388997462,0.40037516545808527,0.35398037301547836,0.2213730849936579,0.19041776975554847,0.07283467278101755,0.20154236815960797,0.015168173304297768,-8.141903939855517e-05,0.08709621813006566,0.06390103084258546,0.0027277144882758694,0.5913936680299976,0.630408038753683,0.6390936084521894,0.47127332870011457,0.42001140534849746,0.42544813051266916,0.3753865730291583,-0.005114978321413597,0.1575872695261428,,,0.10676428781001339,0.21663843626380816,0.1866759489029955,,,0.17121788420071712,0.09034741645950126,0.03306551255245455,0.054711834040025546,0.015389063863315958,0.02687514777849284,0.03651501164044384,0.05106085074271727,-0.018647445628306364,0.2728660175843635,0.2623491713297419,0.0470679817077425,0.10634132346108689,0.08255123398301371,0.10810647762326861,-0.007990400545691544,0.2196771082336456,0.10618489627783431,0.1736898567588816,-0.010234547155350274,,0.18360507622428682,0.09627121171808976,0.1372522780669893,-0.039024163421970924,-0.014772068222709371,0.02687514777849283,0.32954385674803244,0.344949005748129,-0.0201856180264839,,-0.027464229180108633,0.15030260028573167,0.017586582640576914,0.08311759488775111,,0.3665157888546401,0.30367953733346686,0.08485143217808153,-0.030529505590101837,0.008378834135916634,0.10496189226733108,-0.030935174884295043,0.10173655485508191,-0.01808735049707859,-0.029112206980168014,0.1346430312837651,-0.010539964789533347,0.026875147778492838,,,,,,,,,-0.005114978321413607,0.12284552607821175,,,-0.005114978321413606,-0.0051149783214136085,-0.005114978321413608,-0.010049911000457178,0.08829297242543835,-0.0051149783214136,0.17245303612974344,,0.11770129118615037,0.02276085534395653,0.07894934066388401,-0.0072347532222091695,0.09139817941063057,,0.10198813944550161,0.02276085534395659,0.005767693396893672,-0.011444283898134025,-0.012538461484814332,-0.005114978321413601,0.003165314200153419,0.17041182401684693,,
post_GIDP,0.3617083719220978,0.23308535637859085,0.2820126899395796,0.25840399277354004,0.26796748323981695,0.20824342413433414,0.4298162097592622,,0.4249274314014144,0.4135947291930287,0.42436413727540545,0.46328497699837123,0.1544939719761994,0.4746570152143389,0.4533817339634781,0.1698515456348534,0.30298928493600646,0.4167876917743055,0.4823557844842883,0.3988533112839268,0.32580044661542007,0.012054398560785396,0.4914752674743689,0.5044885056789664,,0.7285823390928402,0.781839827176349,0.7261844932405516,0.7699186407631328,0.7249169279376707,0.319263776709207,0.6675133316779243,0.7443786023042676,0.32850915151706345,0.3672469780716412,0.7108210593056999,0.7281469337637255,0.5364639138457622,0.47588725391836045,0.25721058903530086,0.539850431998704,1.0,-0.19441456217316178,-0.21624423711800048,-0.24693853969534324,-0.17789300189860222,-0.11587372902897912,-0.12551595827612555,-0.11002350524957585,-0.20646802557249092,-0.20835014739330426,-0.21695815143083771,-0.20630169098739987,-0.21554113248264292,-0.20134134335356205,-0.2104826829041469,-0.2564514466598157,-0.18726208246386675,-0.19148135377694575,-0.19199418917814248,-0.14556267677646223,-0.20840770504015882,-0.1652182863255467,-0.21171508695935876,-0.15755497201999283,-0.16599433247232734,-0.1542651345604775,-0.06915665680875904,-0.09990324046865881,-0.12539144013705844,-0.06733460155976773,-0.037579782583964945,-0.032799068126608245,-0.042262589329476304,-0.09005120449424459,-0.09429642157103511,-0.09829508685287704,-0.0871629702958965,-0.09300601213228167,-0.08131412947216539,-0.13240393250167104,-0.11811310589662784,-0.08943517201093566,-0.06571432460975829,-0.07070343578945043,-0.029363966884795093,-0.08950508438275663,-0.0789142378731126,-0.09838607724320374,-0.08575950287853328,-0.07179763144495367,-0.08028268460755099,0.41087489258342696,0.46632707490968317,0.4065040236496078,0.28585579900828295,0.19671625102959242,0.06904591557270828,0.2540048757702015,0.016709529800185204,0.016514456423871095,0.08816170226272824,0.06458783965465355,0.014631391874335644,0.7245453204888171,0.7748811118938265,0.7803070594484502,0.6025414447144127,0.4744495129227423,0.49340033230108205,0.4755490451576543,-0.006750247896987669,0.23967273586369311,,,0.13559120803996608,0.22945005749405198,0.14735106962506278,,,0.173721263707073,0.12666538775053904,0.06942050760945041,0.05664745882488443,0.029175515871927328,0.006938436626237053,0.04921894801121014,0.04639750356370566,-0.022389808985967444,0.23492112216719369,0.22062917872532836,0.05712434027407032,0.11865343254151475,0.06360157783039821,0.10704651857314179,-0.01673389551371297,0.12456832410293639,0.09864962578440716,0.07432589122060973,0.01388310025447126,,0.181264325474825,0.11557990098355031,0.09583937978590493,-0.054406951417275654,-0.018032737142124625,0.020627121149461653,0.2798673374105416,0.3564239111041382,-0.026639003544205134,,-0.03295357278108961,0.13563581549101253,0.036154841876754426,0.13837595802077607,,0.34529156157311025,0.33207938897372963,0.08972163844083797,-0.040289854219500376,0.05752688237275861,0.08659664353013295,-0.02895743636162135,0.09300083993368877,-0.01580236619589991,-0.03685759259155873,0.17134399374452455,0.0205984646934756,0.10275922828880962,,,,,,,,,0.006938436626237048,0.04800449019591104,,,-0.006750247896987666,-0.0067502478969876665,-0.006750247896987668,-0.004297711966143021,0.08255080225754581,-0.006750247896987672,0.13875221466217905,,0.1714571618192884,0.0390877955819907,0.14004474092663657,0.00013308942186717745,0.11220746635505863,,0.098982142898044,0.11158655612375365,0.03442534087274703,-0.015103046085747559,-0.00536190777787573,0.020627121149461716,0.01260242200504852,0.17353646276610868,,
W,0.039847028696618686,0.0057958117581711445,0.11817107691024538,0.09376008613339061,0.2100210132422958,0.19157500600533012,-0.5061194556535302,,-0.5211699833462619,-0.4960900720352732,-0.5206516807429196,-0.5137322601643559,-0.3813577851558428,-0.37052630760657257,-0.48214049021055194,-0.31567510731418874,-0.3794819591298209,-0.47392999756428283,-0.38645498158086183,-0.2986072182133433,-0.38470269097798543,-0.06100149035350936,-0.37485051978757755,-0.41829713525149714,,-0.15890310056888232,-0.2493935627728283,-0.23745579817685175,-0.25972358940988044,-0.24367287133487786,-0.16091123761758186,-0.193854233396775,-0.2336269449262734,-0.14436295710460093,-0.19157058724167322,-0.2213315925802777,-0.17880829665257095,-0.16779747597842562,-0.16513123273686145,0.026685370739344134,-0.16422037303823492,-0.19441456217316178,1.0,0.9629146125891315,0.7411624227189589,0.9602407228115665,0.817625155900264,0.8768004128377925,0.17142755341035465,0.9917612151302357,0.9829896051304802,0.9613956820030931,0.8303228955704902,0.9328266555811111,0.9230106956906698,0.6453174756986914,0.7153610652129522,0.5350808214277017,0.8276192442141587,0.828029853460419,0.5830765792164491,0.9896378576852146,0.2710747240217027,0.9680036498657011,0.5623867536893935,0.5603317433988029,0.5450593949191618,0.558331630872961,0.5992057892316383,0.42834228894217363,0.6031484182540543,0.5228434686474972,0.3775698403726595,0.0792742951075151,0.6381269357234168,0.6380011599086466,0.6109610967121478,0.5232501975933346,0.5852870486703059,0.576630407021079,0.5119161496129904,0.4082945231490221,0.3954870313897988,0.3773649523033441,0.41787251950984894,0.1759758017240989,0.615284521797847,0.15062972504733946,0.6283946235098227,0.5431353458900017,0.41333738340502224,0.49831085385512736,-0.4738298421893951,-0.3297140334679359,-0.3746198133064716,-0.41406071853315773,-0.22004811591173126,-0.28701230260478044,-0.3177640743642868,-0.14508021533371276,-0.07264398167595952,-0.15667774628113496,-0.14612766593967813,-0.06704181127665451,-0.13092310467376234,-0.17195084307113528,-0.1953596639896113,-0.21790975513375374,-0.10677092553043482,-0.1609905682199529,-0.16742654449852556,-0.010461951874586293,-0.07102166356909728,,,0.15060340112448076,0.2066604839444891,0.03814900660054781,,,-0.02281954936189982,0.07148282869473434,0.08821645294828159,0.02390313545087342,-0.007815702738723,-0.010461951874586282,0.026640010492840756,0.00934275762729269,0.306792673564546,-0.042592557460209735,-0.03442542956721245,0.027330712630660035,0.03375498303340063,0.0017153829634481072,-0.011971563062900897,0.1913491442830479,-0.03274961260654459,-0.039261991512362,-0.026135052848664138,0.0001552517193716593,,-0.033778840713815685,0.02070914091709202,-0.038506463501923924,0.3670124863222338,0.2902152419531782,-0.010461951874586276,-0.09958993813107472,-0.0029982075212586037,0.01196427162133039,,0.04195355755042792,0.006550476750294573,-0.015462204432925527,-0.03779801276716917,,-0.09900667399042623,0.0119441216311109,0.048555164604987607,0.06855085394782735,-0.005962673604257388,0.01347779197344829,0.3556064526758395,-0.08020729311719407,0.017834520574106835,0.17424769061734752,-0.0851656258248084,-0.028636219401818555,-0.010461951874586286,,,,,,,,,-0.010461951874586276,-0.010461951874586298,,,-0.01046195187458629,0.021556912682359052,-0.010461951874586295,0.019229530610276113,-0.026488266655416336,-0.010461951874586295,-0.019857877077713356,,-0.015774987253273413,-0.011251277392781561,0.04052460128030714,0.02558440565163954,-0.012367217222963838,,-0.0011753919015370419,-0.007213656826903478,-0.005984451168297136,0.0052480462997219176,0.06745053898647999,-0.010461951874586296,-0.03647993630466244,0.0675490244092753,,
L,0.02156123033112001,-0.0005185910018164304,0.048805854995142575,0.042126277168778634,0.17648255032463273,0.18293682101714465,-0.5530999007007504,,-0.5727487259222227,-0.5430822483006622,-0.5695141149107505,-0.5600650085088931,-0.41940245245296515,-0.4021507989609499,-0.5280418131321322,-0.3436858134707584,-0.4089795329883791,-0.5169735681372345,-0.42805877046013785,-0.3208011743888299,-0.41814745637361317,-0.08593278534700974,-0.40413508771907153,-0.4510368564613321,,-0.1987401479837488,-0.28398297987776294,-0.2639165143658698,-0.2886591870937143,-0.2679037664133214,-0.18203169624189464,-0.21162241776282484,-0.2603815620650374,-0.16067626437232965,-0.2066525734499596,-0.24500584979423198,-0.21432699008420875,-0.18076896945504894,-0.17916007061042502,-0.010231566941094752,-0.17877768723041146,-0.21624423711800048,0.9629146125891315,1.0,0.7789297733390443,0.9528489218441033,0.7663314145584715,0.8144512548779099,0.2025000218389775,0.986229270847607,0.988062308714689,0.9847563231148585,0.8597642804826024,0.953492776072559,0.91035099499301,0.6915144635031758,0.7834363291642702,0.5881667242330306,0.8363036628383707,0.8390480996164198,0.6046414253656879,0.9882319362445138,0.31844937407555585,0.9835125295749177,0.5969046037511216,0.5984133129061947,0.5753118266029661,0.4675385034259347,0.5206904260038587,0.3960592482651927,0.5055147782706289,0.40758945580893413,0.29289420418643264,0.08063370697750999,0.5423727462637039,0.546341798969798,0.5339319068311442,0.45851302425395896,0.5142409068767549,0.4868075701129885,0.47758507081058776,0.39231498185054525,0.36176561232202076,0.32920100849156003,0.36866834748805255,0.15482026645337932,0.5307900339953682,0.16024069477405856,0.5435899710706372,0.46697209800016215,0.35890327043861664,0.43312569536166695,-0.5186099738355259,-0.36205815048927154,-0.414290708850096,-0.44730989934629156,-0.2495268715424668,-0.3193764043740036,-0.34403982868798183,-0.15569682323263986,-0.07803734029600884,-0.16832257192706862,-0.15699914734742806,-0.07201924398905118,-0.16561798070807154,-0.2132915749186898,-0.232346046307535,-0.23683041385265102,-0.13420569753736883,-0.18919786364058644,-0.18391629214186084,-0.011238685982816087,-0.07629457527607478,,,0.0815560163516628,0.17525560075532085,0.023353103074211977,,,-0.03908311524432609,0.0441480147205425,0.0377057376217915,0.009141322689430069,-0.0073848283345200666,-0.011238685982816113,0.02052962897764497,0.006336429150731712,0.2294868896123127,-0.0649374912616748,-0.036981301134569884,0.015882165241053604,0.024002204839468185,-0.00998540116464865,-0.017478112668752706,0.132940464762217,-0.035430454155491814,-0.04266290520317002,-0.028075416101266938,0.0015937604668246708,,-0.05773554700105039,0.015379966380578336,-0.04136532616424461,0.31383424352243755,0.1902028025434984,-0.011238685982816094,-0.10905393968330855,-0.031534509189786605,0.017963381576704032,,0.05468466879767301,-0.005110461025030647,-0.015717826654222517,-0.04702316743700224,,-0.11053250709371269,-0.037531019373976515,0.04022470169868777,0.0864706390763268,-0.020547413934917647,-0.008042826160386894,0.27588873503116507,-0.08616218002928619,0.018558239290787957,0.17659614662456838,-0.09148863774647081,-0.04004672825676753,-0.011238685982816094,,,,,,,,,-0.011238685982816094,-0.011238685982816089,,,-0.011238685982816098,0.02613380447243491,-0.011238685982816096,0.01712210167156458,-0.028454853811024094,-0.011238685982816087,-0.02133219952042717,,-0.016946180812887502,-0.017540351293559936,0.023561585856691266,0.030468726095712738,-0.0168446920263571,,-0.003192738647771989,-0.01718090656522113,-0.004426544222296618,0.008018021870430025,0.04879371194145362,-0.011238685982816087,-0.039144733174033206,0.04203236514106963,,
pitching_G,0.14545872299713586,0.12888659531005348,0.02642649462494108,0.03629893511944088,0.2050845693166547,0.2043731117758948,-0.549940499132292,,-0.6753151378185445,-0.6213515605368859,-0.6552058157522459,-0.6365026246667277,-0.4858795312840589,-0.4439939833818363,-0.603626278197005,-0.38521601126905397,-0.4474444110006817,-0.5844893781787227,-0.537247985884432,-0.3482619076435034,-0.47168015630650556,-0.22190712814760374,-0.4456308458347701,-0.5044570504791931,,-0.13438581901903823,-0.3276991827633338,-0.2954150941516812,-0.32395395528416976,-0.2982007449733584,-0.20438275371529227,-0.2326072424989301,-0.29146438256028534,-0.1793055865463514,-0.2251746954332226,-0.2747400452853063,-0.2612622637793921,-0.1969221199769832,-0.19676999527502648,-0.07638772384326832,-0.19767800144467768,-0.24693853969534324,0.7411624227189589,0.7789297733390443,1.0,0.6187650838604901,0.4448366193047945,0.5073161445428753,0.5844399943405877,0.7641096425652489,0.7558968484105385,0.7695743097777291,0.7332504629898029,0.7782743433410195,0.7805626629738313,0.7460055064962359,0.8529428235971652,0.7562035392810118,0.6975284195608886,0.675020336742173,0.5545232973610649,0.7666782420841457,0.7618018480585147,0.7472282913384503,0.6111738874275914,0.6160851730205672,0.5655988292350147,0.41798220387735024,0.4498656863309515,0.6402101584179954,0.3362830093509679,0.2550461590627243,0.19288889301990206,0.2759094499343854,0.48099908270778796,0.4784114897365636,0.4676523207166073,0.407810237365493,0.478990802414112,0.4646571420405413,0.6191087355410106,0.5192927437974794,0.44688639475776976,0.33400164934465454,0.351547715859847,0.15462643902711465,0.48173619356780634,0.446143672393591,0.467258845360343,0.42636411876672503,0.3801255434755161,0.3936798396963508,-0.5057270099176431,-0.4481841549124239,-0.4909452113184974,-0.49400095522351783,-0.32331527452936293,-0.3936398436498448,-0.3849430676630328,-0.1690251441033501,-0.0847556951183959,-0.18266204505468558,-0.1703678969804925,-0.07822030637108243,-0.08959972986826806,-0.27430535649544274,-0.26805982642116993,-0.259025531681636,-0.16128569229377235,-0.21259212938600658,-0.20305845377113454,-0.012206642334784783,-0.08278306140538191,,,0.015283289824276467,0.13575111746734142,0.020197656778410948,,,-0.04465688543450506,0.03994542342285584,-0.01994531199262793,0.014058180829687085,0.020463506837786333,-0.01220664233478482,0.016533380585271554,0.03577643484682625,0.1766847764511636,-0.09311708543107655,-0.040166396384317515,0.0022467235462552524,0.015772376638295654,-0.0077473201007750726,-0.009666434725593157,0.09980302637203455,-0.036487608182729135,-0.036719889830341974,-0.030493472570763173,-0.010035257252101514,,-0.0724981538497953,0.0012179501975039338,-0.04489715089829773,0.24535924220210847,0.12588448704439847,-0.012206642334784783,-0.12720590980770932,-0.07149664714438114,0.16873498167090306,,0.236876276747139,-0.024109492314104097,-0.013768413466484195,-0.051091965983724806,,-0.12722965615623233,-0.09288157874650887,0.007310472525090538,0.2594138335700068,-0.030740145609086708,-0.029992623215708097,0.2006061957167069,-0.09354496818727698,0.14912459961062063,0.15809767701512273,-0.09932315223132229,-0.037947873028614895,-0.012206642334784792,,,,,,,,,-0.012206642334784782,-0.012206642334784785,,,-0.01220664233478479,0.01663050762466367,-0.012206642334784792,0.102744221553126,-0.030882773988297224,-0.012134549459886162,-0.023169481748868494,,-0.018405707610283976,-0.022342819716613217,0.010488216368002162,0.014345308954668293,-0.024152728164290867,,-0.009574237672286023,-0.020979168889022664,-0.009314004999060878,0.08269609338810927,0.033079292073089316,-0.012134549459886164,-0.04290929892989087,0.029558614725417518,,
GS,0.040701908690690916,0.004800147933992121,0.08174107945290851,0.06790269875178875,0.18809948830949588,0.1811955284762012,-0.4941283924058077,,-0.4781457957682924,-0.4593302057516005,-0.48072486955398136,-0.4741524037605136,-0.3557637459670866,-0.3423934717780038,-0.4460412213671578,-0.29377278729904516,-0.35003099573957813,-0.43801737014597025,-0.3419121385829171,-0.27565639154966437,-0.3549832587791414,-0.01705330367328563,-0.34262050375298925,-0.38102308434652715,,-0.16906767784256144,-0.22963499895824915,-0.22044298109905408,-0.2404242667580834,-0.22471119092397396,-0.15200062251372126,-0.1793011013313264,-0.21678543844902787,-0.13558487718948925,-0.17696082339673047,-0.20463685462849138,-0.15980551996785108,-0.15504822484695643,-0.1521795149068882,0.04856264519776769,-0.15012878964078397,-0.17789300189860222,0.9602407228115665,0.9528489218441033,0.6187650838604901,1.0,0.7569715923180252,0.849625775426761,0.010276268883102254,0.9670259015787545,0.9651436782756946,0.9630881168770674,0.8668850181384886,0.9195983131894928,0.9096752891229145,0.6016019495095776,0.6783718197941954,0.4919198895265515,0.8022579410755297,0.8154102088888386,0.6075432503585815,0.9669487264967082,0.07836533333855135,0.9568904661172162,0.5994062066267437,0.604325129525717,0.6021621150465654,0.5305402924810667,0.5800325055490889,0.34089740929860474,0.6242451550340612,0.46282631821852344,0.3481236223882492,0.0029014725913282424,0.6106708277998636,0.616190712774326,0.6049131956472309,0.5321369526754265,0.5699640529182622,0.5512245853031226,0.4686728417340008,0.37904748300424235,0.35412223868642867,0.3703332128624722,0.4149378679938426,0.17332348452833582,0.5981822674214169,0.042913714060274576,0.6133579618314291,0.5008056884823093,0.3887412247570183,0.4929525216988271,-0.46663332721192047,-0.2747137146732617,-0.33556509947770524,-0.38181072595175686,-0.2003807666722189,-0.2653905586496422,-0.2919857070612034,-0.13402764477762646,-0.06706522144926387,-0.1446751916180151,-0.1349400013694087,-0.06189327478888109,-0.14282446599256524,-0.1435266111534422,-0.17593381610972395,-0.20053356897295085,-0.09722713610073362,-0.15026940837963565,-0.15373458218213082,-0.009658516825115995,-0.06556749072763042,,,0.11745304435038384,0.19355903802678623,0.040702577888028724,,,-0.020824267870446098,0.06509200012963684,0.058581785188100415,0.019122316954179003,-0.013661247679141253,-0.009658516825115976,0.03220033877315211,0.007108896618921102,0.3009867773590437,-0.03241046693429843,-0.03178169759071975,0.03457917822698007,0.03636723899264517,0.007165394559367723,-0.011551617116447076,0.19619628590321306,-0.030579586451344804,-0.038304843878016505,-0.024127987844916255,0.005361658757551352,,-0.04016677078433512,0.034136091419549174,-0.03554932483607443,0.3911792756038567,0.23295653143576137,-0.009658516825115976,-0.0883843488325502,0.018376433632344237,-0.02670357534722316,,-0.027908115267817214,0.015146127927918602,-0.007356279627277628,-0.032027734030700264,,-0.0860140214558674,0.01793913488192742,0.06565777736803852,-0.022638255328591015,-0.00946836333994256,0.014293073673929322,0.35055345744797617,-0.0740477015528292,-0.016490006510330602,0.1869169687563064,-0.07862525461894013,-0.028792593974412767,-0.009658516825115997,,,,,,,,,-0.00965851682511598,-0.009658516825115995,,,-0.009658516825115995,0.028015204605681507,-0.009658516825115999,-0.004584018611115825,-0.02445407627815278,-0.009658516825115997,-0.01833287346045677,,-0.014563532850102697,-0.009377077465898647,0.04373968245583644,0.03971421691803383,-0.008348712558506388,,0.0028476494641674318,-0.007049231824648815,-0.00048038840396451944,-0.008235786895659462,0.07421532808013938,-0.009658516825115999,-0.033631921888487466,0.06528310451978515,,
CG,-0.15710775442180427,-0.12995393846770878,0.1259666614836592,0.06979724568355308,0.07116538341833431,0.05928276235576845,-0.3120053804613146,,-0.27179207129964145,-0.2691466345262531,-0.28260204164519914,-0.289814000279241,-0.18901340136498498,-0.2254040055972143,-0.2646893066933121,-0.17540842376426347,-0.237245334987641,-0.2701232003337557,-0.20176248761077978,-0.18902333473214916,-0.22180079432597674,-0.013009517877316471,-0.23921860626292799,-0.26316205570359136,,-0.1512299787315044,-0.14465120672592585,-0.1396610915453697,-0.15431143347572757,-0.14899761431873523,-0.08594188437925919,-0.119019508604334,-0.13689262378099842,-0.07926281953760288,-0.12016859173074795,-0.13128346713988856,-0.10845459808377471,-0.10499118502483763,-0.10348315548702296,-0.009024752967663599,-0.1055718350133354,-0.11587372902897912,0.817625155900264,0.7663314145584715,0.4448366193047945,0.7569715923180252,1.0,0.867204894757187,0.010611749435384735,0.8077217590970374,0.8038417973100184,0.7224644203017677,0.4284677436421973,0.7010652105841215,0.6070219199004508,0.36412873914920046,0.4062177848842816,0.12582483201935601,0.6739508341009388,0.64735685899442,0.2565231432992872,0.8033887857338065,0.06949535931867094,0.8009231469683306,0.11466349767948202,0.0969230028769796,0.08583352469435176,0.3063966330553145,0.3289397066035746,0.13358369223744676,0.3244994093313165,0.5635283374568796,0.343202287639399,-0.0010643710990950023,0.35179957568886633,0.34126822891353803,0.28511249929636656,0.18998134101086872,0.2783212206439909,0.27168290149410634,0.1393036832360764,0.09705850898625304,0.1288282634913722,0.13386653505333615,0.14790184176556467,0.045819368709811806,0.29016030278728944,0.007543493166654432,0.3352414264253317,0.32921638896855643,0.15206015844145165,0.19704545938229337,-0.293261995588885,-0.23419443195354134,-0.216868645075561,-0.2530700353249423,-0.08761271667508577,-0.11660110348838072,-0.19246656742703905,-0.09168841792844674,-0.045979807411454014,-0.09913421016797426,-0.09244429848416039,-0.04243392914179629,-0.14644275772072401,-0.12749285668665014,-0.13839138209922902,-0.14000922432140636,-0.07113021831571723,-0.10438048445217685,-0.1088748999139163,-0.006621863521841758,-0.04495296564985589,,,0.20337294860376284,0.13201249763630393,-0.011802899887903322,,,-0.020701409659594393,0.026607203903395157,0.15767670820524968,0.006613072043318951,-0.009366129324754207,-0.006621863521841754,-0.015321863770417846,-0.023056711658873096,0.1399907874928151,-0.03912626599555645,-0.021789480491552334,-0.010242197844014745,0.008318911821206124,-0.027544778169156316,-0.01698336450898007,0.031682927561330926,-0.021480192239385385,-0.029049228052459432,-0.016542109462419883,0.003731161060053184,,-0.0014535563022529008,-0.016237704745776273,-0.024372559640416444,0.08209532009710985,0.31965771375085583,-0.006621863521841751,-0.06224035250374888,-0.058830571723245566,-0.02530155815553627,,-0.0280265339741437,-0.016858238681606824,-0.0323763231968052,-0.03470118914911846,,-0.07343776822275737,0.019189678382997,0.007236184251939812,-0.023717630561304295,0.012726180778743913,0.022562141091803736,0.199448586468237,-0.05076698448294294,-0.02036582163692004,0.036716664642050985,-0.05390534746523347,-0.018573660804874027,-0.006621863521841759,,,,,,,,,-0.006621863521841751,-0.006621863521841756,,,-0.006621863521841759,-0.002674604321370992,-0.00662186352184176,-0.009965857780881557,-0.01676567516510922,-0.006621863521841757,-0.012568988408516077,,-0.009984734579377994,-0.015544519967373351,-0.0008582257492479565,-0.0047135442395046245,-0.0169912643844358,,-0.009953079240373265,-0.010865627371282724,-0.01285476688615398,-0.014227023298747735,0.00010937478286933618,-0.006621863521841756,-0.022023553491422144,0.026223473500276453,,
SHO,-0.07190794540631158,-0.11022034188576954,0.15385642915748868,0.11803155043572605,0.1688072647709653,0.14965668062310586,-0.3636752634016504,,-0.33976149289099256,-0.3358043285367744,-0.349294334783641,-0.34945632828661916,-0.25450080112664064,-0.2575290939571352,-0.32528933598996623,-0.22066223550319444,-0.2667132045500988,-0.32322973280373624,-0.23161711908530283,-0.2125514966678357,-0.2628720759697809,0.01969141880497976,-0.26195946291832195,-0.28781455909257186,,-0.14214549695870649,-0.16299900814590934,-0.16241688825600795,-0.17691271474487574,-0.1693017208495213,-0.11272148049003777,-0.1336993964669719,-0.15705447507275797,-0.10061391728464114,-0.13463258626988703,-0.149045236587702,-0.10663287277751166,-0.11847221264449513,-0.11520558775618335,0.04588825173672381,-0.1154379861454432,-0.12551595827612555,0.8768004128377925,0.8144512548779099,0.5073161445428753,0.849625775426761,0.867204894757187,1.0,0.012841315633699097,0.8621229827729375,0.837646618129104,0.7788632846717739,0.6069279605413941,0.7767594174090154,0.7595764157982183,0.48543439153458956,0.47769218540566444,0.323726669603301,0.6607973749009878,0.6579454084514069,0.42632021574175566,0.852472275319129,0.06939463984171106,0.8000174557031764,0.3246972677792284,0.293148406481144,0.2741139260570154,0.4390352317466307,0.4574217523684194,0.22843935061371973,0.48144818260463673,0.5811280309672366,0.4329446461361992,0.005148695847192428,0.4969892877823155,0.4824002116877153,0.43065348436350837,0.34680923789041446,0.42355232101430523,0.42616004019261267,0.28070224760715373,0.20161318374987217,0.2539562021434891,0.26194478597855325,0.26614606202533286,0.1152039978906368,0.47408025684859945,0.023627850122216458,0.45591480605562223,0.4721684153258649,0.27157409408403127,0.35171232463556196,-0.3435948127863763,-0.22345278832289428,-0.25693316207881,-0.291745481226368,-0.12537380569936596,-0.18459691891510804,-0.2209046237836318,-0.10339483550206689,-0.051715025839268486,-0.1115079808572086,-0.1039633644873775,-0.047726858061676564,-0.12459064883919914,-0.11090532524100709,-0.13140148599011545,-0.15443609238561168,-0.06397459551639552,-0.10377437155939921,-0.11755720314717048,-0.007447831176666638,-0.05056010259744868,,,0.21259142747531953,0.19548796902538587,-0.0009145181363897692,,,-0.0018204098252569195,0.07500795385412505,0.17134989261285738,0.03235751814420878,-0.0105343986265356,-0.007447831176666649,-0.004353558482623763,-0.019136916095656552,0.2913992664620851,-0.021878438908360994,-0.02450735681777023,0.015171144263072235,0.030221079310821825,-0.015101874724062445,-0.014827144407569324,0.1132851194218364,-0.023461974325744088,-0.031381492563161716,-0.018605463277167805,0.01846245932125286,,0.011187723810728776,0.00448745683593338,-0.0274126322516798,0.2272052947273198,0.36998506769066836,-0.0074478311766666356,-0.061599043732585804,0.005464206766740324,-0.027562586778705416,,-0.028432769118401025,-0.005959131718374413,-0.031587269879303735,-0.01895886065196065,,-0.07460645134958115,0.06701035805923157,0.05525025006086108,-0.02307038809834094,0.01674409194980933,0.04999874649827653,0.3539598248663125,-0.057099323858044525,-0.019607928822236782,0.10754288825318845,-0.06062914557456034,-0.013204280178754146,-0.007447831176666647,,,,,,,,,-0.007447831176666637,-0.007447831176666642,,,-0.007447831176666645,0.0033683333706973333,-0.007447831176666647,-0.008336729617852406,-0.018856915093568117,-0.007447831176666638,-0.014136761263553036,,-0.011230164627486846,-0.01426707584955627,0.02077732777117788,0.006039142731141117,-0.016354081382941418,,-0.0056161998068696385,-0.006083481142250788,-0.014000595009766791,-0.014243807902222983,0.028878799537878943,-0.00744783117666664,-0.026693294813112486,0.07460461148016631,,
SV,0.11278009795178646,0.09726749983942132,0.010186249969216608,0.02305631403946137,0.12015263152516029,0.11658892054529313,-0.17150656875236028,,-0.30983076674522636,-0.2761882629633188,-0.2928742509470064,-0.28128316222118416,-0.21735490563407103,-0.19071367492568886,-0.26805389161907717,-0.16718747125445726,-0.19017053543470594,-0.2570004202502056,-0.26482164830377103,-0.14654079565909198,-0.2067085716237603,-0.16765090071466945,-0.19258257617088606,-0.2212383494476177,,0.017943197228523985,-0.14935514179439013,-0.12973838665315027,-0.14238786116157273,-0.13047211154127522,-0.09048207027365356,-0.10002010476750181,-0.12850131171335114,-0.07710176323618914,-0.09525273901121735,-0.12056283146579778,-0.12826260723867117,-0.08323705676702062,-0.08446855947358126,-0.07430425690719196,-0.08596071828006295,-0.11002350524957585,0.17142755341035465,0.2025000218389775,0.5844399943405877,0.010276268883102254,0.010611749435384735,0.012841315633699097,1.0,0.17790323836330188,0.16111594023737022,0.16103825113151451,0.17773281062420215,0.200950992230096,0.24241088390627222,0.30869799928638464,0.3248559032297206,0.4250010940864445,0.1970909059698004,0.15021782509856685,0.15485303278910625,0.17704940843161673,0.9213434510652289,0.14774954083742156,0.22600183197074333,0.2093920305472,0.1606504977751998,0.15559508541441178,0.14637736874338592,0.4606893969548493,-0.017175365783252846,0.0015318258217803665,0.0028855823959433144,0.6044271932400354,0.16468541986360155,0.15015860358558186,0.13001162603078012,0.11848717621876068,0.16568781816915837,0.19264661763998128,0.3447814184283774,0.28220763087568296,0.2540302591062663,0.1511944956216703,0.11047458051689416,0.03694765289205437,0.16958758349623218,0.6791163798377298,0.12557282088306818,0.1640247279034024,0.18052443163009368,0.10705955263566404,-0.14701572624033007,-0.23012378764279814,-0.2274267030505474,-0.21169391440184665,-0.1595401821158221,-0.1857739771930377,-0.16763762606743907,-0.07105210619546437,-0.035632391586166455,-0.07689149994199775,-0.07173288523210045,-0.03288448701382489,0.04331505871418371,-0.14806429044897146,-0.11802520702498391,-0.10945062582399424,-0.07475348566994444,-0.0917334224020579,-0.08731641295062822,-0.005131662077854604,-0.03483663297372008,,,0.029541530223308774,0.08078820594734926,0.04938125452847228,,,-0.0008708575112267062,0.05604592918974548,-0.03142003097843343,0.057110106158126964,0.02122394018801754,-0.005131662077854605,0.04656930383528566,0.09835661000309583,0.03205310655919258,-0.06026645374047503,-0.016885918951037478,0.013062575270880223,0.044748370355328325,0.03755660832307308,0.04314528140185224,0.00035357982785470105,-0.0026886703191941765,0.010271588606119682,-0.012819429989159538,-0.009884195416905285,,-0.02293066594671779,0.006610087375108887,-0.018887695228757634,0.05439575543477779,0.0028435625294129436,-0.005131662077854605,-0.059120254065041664,-0.014976392365716731,0.4699212349518526,,0.6139921412743531,-0.019245058964926755,0.002114006645508351,0.0020997532915820565,,-0.059715129720840684,-0.06967358744936045,-0.006738010238857769,0.558196821277256,-0.016435398337203398,-0.0280355446512906,0.017221542080076657,-0.03934224983931598,0.43743138828916056,0.0804234467859922,-0.041774347427803164,0.0005367336039976783,-0.005131662077854612,,,,,,,,,-0.005131662077854605,-0.005131662077854604,,,-0.005131662077854609,-0.004364537862490206,-0.005131662077854611,0.3223487650297222,-0.012992683882812807,-0.005131662077854603,-0.009740430463453006,,-0.00773774385857268,-0.013589294849056225,-0.01226594727662256,-0.006987091226993641,-0.01541342887118424,,-0.008669441908929279,-0.013444191803489353,-0.010076062529110086,0.07862773028394457,-0.011795830062823871,-0.0051316620778546025,-0.018306142683035945,0.03703559808181512,,
IPouts,0.030534506731618536,4.129048615869007e-05,0.08883275449311666,0.07046083818582809,0.19437345015161409,0.18691123959341285,-0.5342404803477947,,-0.5501116086525075,-0.5225778069961153,-0.5484201604934168,-0.5404708708196927,-0.4022380965965131,-0.38935509471480767,-0.5082822343755108,-0.3313435577790872,-0.3974496048213956,-0.49880668627202224,-0.4097848588025345,-0.31238637748266473,-0.40423088511308003,-0.07338296650740904,-0.3926949793344917,-0.43829411906111937,,-0.18001812980836585,-0.2678216736756765,-0.2520771047342568,-0.2757702901432617,-0.25750786067313036,-0.171929076217166,-0.20417111004086352,-0.24823941461360835,-0.15290611682594785,-0.20073969875524458,-0.2345481721069053,-0.19691189141584098,-0.17576212086048087,-0.1735214605109662,0.010236704402384741,-0.17280595299226387,-0.20646802557249092,0.9917612151302357,0.986229270847607,0.7641096425652489,0.9670259015787545,0.8077217590970374,0.8621229827729375,0.17790323836330188,1.0,0.9952808218496679,0.9806925144150332,0.8500020624544637,0.9510618784187231,0.9265711748674891,0.6718880987552827,0.7529248121896436,0.5610396781046901,0.8429551832966337,0.8416103037864126,0.5999351861465966,0.999513242248355,0.28743582043683197,0.9850356222697816,0.5826684907446891,0.5811127093553495,0.5620793387410817,0.5223463656962359,0.5667667197669816,0.41572894257680926,0.5646773651193717,0.48009412819519603,0.3471207431262991,0.07793048150785088,0.6003512757296354,0.60137136423896,0.5796510754583244,0.4962173671367882,0.5572281068711938,0.5409509988352654,0.4983775764186793,0.40326847783393616,0.38016568177531584,0.3592371154246577,0.39796405838111065,0.16665643254969714,0.5813588061621181,0.15235073262961157,0.5943799234750058,0.512222422048995,0.39052107678596365,0.4690323458406781,-0.5005257395020926,-0.3486914580903577,-0.39640260112223935,-0.43387392666021773,-0.2358951830613792,-0.3036270985629356,-0.3334728015721176,-0.1515319870762544,-0.07600519313390323,-0.16385328413562386,-0.15280945998673787,-0.07014434846511475,-0.1497702196929239,-0.19331179134041032,-0.21504756541367825,-0.22920971347662328,-0.12114109798523971,-0.1763329245737478,-0.17725803711189575,-0.010946197745104885,-0.07428990161141402,,,0.12226613998649206,0.19188259028610397,0.030511354957693644,,,-0.029043280929055355,0.0602987411769724,0.06396451196859686,0.01818953847894186,-0.007009780581549483,-0.010946197745104892,0.023340582564758214,0.007174194893643885,0.2788665060821116,-0.05306141211422819,-0.03601885805059568,0.02238841546851445,0.029438431859258072,-0.002386389495052474,-0.013267111626128128,0.16820813160030587,-0.03428507419777257,-0.041384349227660384,-0.02734474981242981,0.0017720716473692906,,-0.04561142078904116,0.019534360528374782,-0.04027736755638163,0.34560708859117434,0.2493976487688988,-0.010946197745104884,-0.10477476689920272,-0.016225981257314337,0.01646650728212961,,0.04509741218250562,0.0016983941176461877,-0.016805856045033367,-0.042223044908268226,,-0.10523795314781274,-0.009512250441277077,0.045748928416751655,0.0668307922536702,-0.012414905330391754,0.004770697266484293,0.3260364914257189,-0.083912449725515,0.021471930331231303,0.17549868284729211,-0.08909788670986425,-0.033781412797700756,-0.010946197745104896,,,,,,,,,-0.010946197745104885,-0.010946197745104889,,,-0.01094619774510489,0.023638955650954835,-0.010946197745104896,0.020364984737704227,-0.027709034215895042,-0.010929519484344853,-0.020777026304112257,,-0.016505154293463747,-0.01481379522277573,0.032796355543374504,0.028957333272550352,-0.014593359102212876,,-0.002763885434529424,-0.011640141229243318,-0.0067710297082748646,0.009374462868977754,0.06039291783496787,-0.010929519484344851,-0.03802609411036712,0.05772446104576745,,
pitching_H,0.02193302246983767,-0.0005233931040151806,0.07705172298240187,0.0589122474072198,0.18256643903851164,0.17884597930242582,-0.53879670383671,,-0.5511456972350073,-0.5232616690888522,-0.5491542973778407,-0.5413666280832422,-0.40257966330313244,-0.39092527523687587,-0.5092162411688546,-0.3316541601005832,-0.3987039118281615,-0.5001133661234926,-0.41300733991604033,-0.31312371580801707,-0.4052385062548324,-0.07513595505639772,-0.3943909413076347,-0.43978976310774553,,-0.18806240368760754,-0.27081309650404845,-0.2540055594925795,-0.2777865128110409,-0.2589472369302587,-0.17250856781906063,-0.20547789931202426,-0.2503674571896416,-0.15400685473171447,-0.20154314821607922,-0.23674039280859777,-0.20126370314021044,-0.17629926913500818,-0.1739687301942356,0.006305637248816065,-0.1741158783012501,-0.20835014739330426,0.9829896051304802,0.988062308714689,0.7558968484105385,0.9651436782756946,0.8038417973100184,0.837646618129104,0.16111594023737022,0.9952808218496679,1.0,0.9871079484417813,0.8483732441089364,0.9409772775870715,0.9016925645234783,0.6699166781005467,0.7618564818717781,0.5462382602063682,0.8287737727741004,0.8363443118827563,0.5867037415806448,0.9966543121290429,0.27553440586822686,0.9924864635650714,0.5739863799576079,0.5757850384692751,0.5643900446075666,0.5026344912349012,0.551299563651205,0.3983629526150196,0.5482149367240867,0.4582911994203278,0.32737582261469333,0.06491844002296111,0.5790606532835053,0.5834517832549777,0.5634746541680916,0.4828204870021884,0.5377694471389233,0.5142161329707833,0.4860401630515525,0.3950349780024193,0.36716429448480037,0.33885890859223133,0.38574705576123086,0.16085674409612938,0.5613143985538528,0.1387203658434207,0.5776998591753943,0.4950223575486885,0.37924877902924214,0.45874759799737724,-0.505267861681273,-0.3526050782961592,-0.39947378888894675,-0.4348087114192911,-0.23607801231267767,-0.3033288587649012,-0.33393537887566266,-0.15169825958132677,-0.07618540423253525,-0.16415854578404396,-0.15307143157931793,-0.07031031788501517,-0.1577965742965418,-0.19757128949925334,-0.21941756353415606,-0.2302623255325782,-0.1240692877128709,-0.18014466674940918,-0.17819582816466878,-0.010972070548111267,-0.07447629887742467,,,0.10392578783977055,0.18251292460600407,0.028923676224717774,,,-0.03429055830194951,0.049129480850471946,0.05655531131580772,0.00918320357419659,-0.007647171419812521,-0.01097207054811128,0.020588690182854332,0.00339105955485217,0.2482666758817519,-0.05607546777188409,-0.036103993441035306,0.019202273808460433,0.026209565560230196,-0.0038396753252781346,-0.01592083812021193,0.15425668850506508,-0.03465111912979191,-0.043008379364573184,-0.02740938278742546,0.0003095492481060541,,-0.05172534762526605,0.01921369565665553,-0.04037819777469265,0.3260024069571362,0.22197972336613578,-0.010972070548111276,-0.10699310154724938,-0.02947087999675901,0.007839588531909704,,0.034221195595131024,-0.0010274099774075544,-0.01648011939359424,-0.04656683813243487,,-0.10561718208961335,-0.021219723171424783,0.04341239559469493,0.05792973099227906,-0.013701361099672515,-0.002544037931431675,0.2955836235320512,-0.08410617371929445,0.011736072485420744,0.16982715092411813,-0.08929909741693694,-0.03617708127682608,-0.010972070548111282,,,,,,,,,-0.010972070548111276,-0.010972070548111267,,,-0.010972070548111277,0.023576589400952995,-0.010972070548111282,0.013453006002663014,-0.027769062502374976,-0.010938082687856409,-0.020826135585813744,,-0.016544166434078206,-0.014911925906065356,0.029272251779425048,0.024802292112448138,-0.013258769722396606,,-0.004229404337235025,-0.012044649780918628,-0.007936205340936066,0.006576096091766785,0.05650938147747939,-0.010938082687856406,-0.038049058162404774,0.04749756547538684,,
ER,0.05053071374367819,0.02695248171685582,0.05691986109945866,0.05178454459894967,0.18859198588245937,0.18900027085845297,-0.5634915664472778,,-0.5816145515000046,-0.5494822074396619,-0.5767693089392756,-0.5661477424587339,-0.425715206652082,-0.4053085017005648,-0.5338721005044216,-0.3469263674973243,-0.4123768786950768,-0.5221463904526424,-0.4359501869019675,-0.32321771146325423,-0.4227339030276112,-0.08648062379883423,-0.4068270246979266,-0.45403419654422433,,-0.19208829713262598,-0.28438016437111197,-0.26518187881065486,-0.290011857889501,-0.2686635076132667,-0.18196421370322038,-0.2129597182562321,-0.2614463235994762,-0.16257761456154463,-0.2084137975886118,-0.2468155989190303,-0.21218602891799693,-0.18206042015172702,-0.18008965194215823,0.0018820206616002619,-0.17960100989318806,-0.21695815143083771,0.9613956820030931,0.9847563231148585,0.7695743097777291,0.9630881168770674,0.7224644203017677,0.7788632846717739,0.16103825113151451,0.9806925144150332,0.9871079484417813,1.0,0.9025698535506844,0.9609990734239003,0.9187189536013881,0.6913854027718063,0.8053390137235024,0.5882096700659694,0.8286353072923314,0.8439602252277025,0.6266180577935149,0.9848894935200413,0.2805460815035708,0.9876842536138896,0.6306240579850005,0.6443479387724361,0.6277670721383767,0.5062719854313044,0.556685950387517,0.41891084338091494,0.5577608697999761,0.41110625667385997,0.3018457083479367,0.06335313106625388,0.5840440063198723,0.5911041689607096,0.5849229729259607,0.5138226276149467,0.5589285854844509,0.5291523858610842,0.5197661533189881,0.43118590357188924,0.38159531275075864,0.3590003233524494,0.4029123392024045,0.17372492108224652,0.5742604891269026,0.1437894434157316,0.5904716815310096,0.48470238032714585,0.3949677776994596,0.4751400177604319,-0.5292757517416231,-0.35944496722485664,-0.41786086470580874,-0.4507083863094739,-0.2572538765485111,-0.3276888007903261,-0.34688229131644716,-0.1567296556848883,-0.07865404760578,-0.1695044157439338,-0.1580673488551724,-0.07258814102506488,-0.15867071165969795,-0.20462161746465501,-0.22785306375728373,-0.23784991151782753,-0.13233494320427724,-0.18998056328171523,-0.18442468395399245,-0.011327570256925311,-0.07689450327225793,,,0.07131507007235235,0.1750652708592879,0.033706083761974114,,,-0.03781471872444862,0.052052033582418465,0.028699701192708357,0.009537355564733068,-0.009453252393154477,-0.011327570256925283,0.026511643965061137,0.006990931464423175,0.25147134346439276,-0.061418815779592406,-0.037273778040854466,0.020819273060538254,0.026202774586837403,-0.002506623900731156,-0.01694021578011991,0.1615909274868324,-0.035747598000808734,-0.04331803840372194,-0.028297458338614728,-0.001428590676119271,,-0.060705070288481794,0.0232405607879782,-0.04167432391947726,0.3502384573147448,0.18182636991738493,-0.011327570256925287,-0.1104985061075719,-0.023754053195875566,0.009593132557169062,,0.031403555706896215,0.0036442806575000108,-0.013617677893960027,-0.04672287489104447,,-0.10818311166760057,-0.028960522143813422,0.04371327955278741,0.053167349259727985,-0.019367193279285756,-0.00436206756242415,0.29789272872407496,-0.0868249305637683,0.011718757465311293,0.1892618635723695,-0.0921750197704538,-0.037948661281657935,-0.011327570256925303,,,,,,,,,-0.011327570256925289,-0.011327570256925308,,,-0.011327570256925308,0.02811556113708293,-0.01132757025692531,0.011085265587921982,-0.028666474255926583,-0.011285158287684442,-0.02150091115383572,,-0.017080204397386625,-0.016535417916584482,0.032757671049805454,0.03052911596587755,-0.014334846446955311,,-0.0025045693346332615,-0.013406718215789816,-0.004907932746938839,0.01043021049873665,0.06224919371157749,-0.01128515828768444,-0.03948687517465568,0.04955611753204702,,
pitching_HR,0.1607110531312989,0.10416418040488847,0.021906261597700004,0.03908510193522281,0.22690456114200236,0.2271245883736771,-0.5317574617920814,,-0.5749360479220041,-0.5389210496869312,-0.5655032494901151,-0.548873397428251,-0.4300099575810122,-0.38298660376160015,-0.5217604167585068,-0.33917697287946846,-0.38718162936367573,-0.5054546483199414,-0.4247449074197094,-0.30172102358666764,-0.4078049805962424,-0.08752409094467695,-0.3742551968624805,-0.41951893912783783,,-0.15210880361235046,-0.2715092725064725,-0.2530150422483186,-0.27596997352555147,-0.2532320963274469,-0.1804954073404422,-0.19974442343665197,-0.24833149193049905,-0.15839289498401085,-0.1956324376424756,-0.2354193178485165,-0.19739752871212762,-0.170675275470057,-0.16847319666949245,0.018740210832699958,-0.16631960126062315,-0.20630169098739987,0.8303228955704902,0.8597642804826024,0.7332504629898029,0.8668850181384886,0.4284677436421973,0.6069279605413941,0.17773281062420215,0.8500020624544637,0.8483732441089364,0.9025698535506844,1.0,0.8503172322653044,0.9054309514196006,0.6578578079202606,0.7807821392104265,0.7112124235033953,0.7139735840512431,0.7276659687518279,0.6741574331693513,0.8534414880208171,0.2757051195138721,0.8439531755289799,0.7547852795619842,0.7900308305666008,0.7512000182530928,0.5218921356995659,0.5636063775287606,0.4658966117510335,0.5795317965206785,0.2821453251174796,0.2517463770222815,0.07755848143465585,0.5938768465539799,0.6059379051237092,0.6239964867466636,0.5981565651125765,0.5838918664264143,0.5698793551058999,0.5925639712521066,0.4964041350984947,0.4246884576198601,0.4074431960141645,0.44417344637767997,0.19902374113021326,0.6088865980996895,0.1659475426011142,0.6053428578089158,0.45403218772336423,0.43406334413832315,0.5102378007456183,-0.4992285550340109,-0.30302359196690715,-0.38846646730383905,-0.42589641052141297,-0.2706520326685256,-0.34367060785719905,-0.32857540914379474,-0.1466430823003713,-0.07343658945541989,-0.15841130163536882,-0.14777625691385615,-0.0677732946004078,-0.11409667462928466,-0.17554929138962094,-0.20180984213547531,-0.2205908754923061,-0.12259179005228893,-0.1773508803271982,-0.17118170825496018,-0.01057610068984708,-0.07177933212553263,,,0.03804922263865664,0.17759581233943322,0.05425998964734394,,,-0.025772003059835152,0.08568002758009169,-0.03377149336033762,0.02597493381147535,-0.010189351956952843,-0.010576100689847089,0.04904462533345729,0.01779656386249093,0.3095471415786889,-0.0414396343290784,-0.034801040356388986,0.040416884758517006,0.05404653222945018,0.012338952190029723,-0.01220962844917728,0.20631305654664717,-0.03094656899244661,-0.037129417377000914,-0.026420208559110463,-0.005241899412032635,,-0.05969744695099344,0.038437493753958156,-0.038926601850992976,0.416556348102406,0.11463005743557447,-0.010576100689847094,-0.09955556857281485,0.0217350269773263,0.027868517276658508,,0.05024854468511748,0.024723237388383102,0.0019886961878135944,-0.03208141033603575,,-0.09839163739848487,-0.0046173528866831305,0.06365731785143104,0.06689214887786425,-0.022092373010919538,0.004131528626019046,0.3579252232024791,-0.0810824230732822,0.03120960347045638,0.23398699514350943,-0.08606845967418195,-0.028653450502254582,-0.010576100689847098,,,,,,,,,-0.010576100689847094,-0.010576100689847085,,,-0.010576100689847096,0.04506549433446631,-0.0105761006898471,0.017226024742709987,-0.026777276229659534,-0.010576100689847082,-0.020074543448309314,,-0.015947105814637635,-0.01221978702976113,0.0525191971772411,0.03840246885183791,-0.006374040161815073,,-0.0004308611652218211,-0.009189944396757452,-0.001762739211519197,0.02028671464281029,0.08816801953490679,-0.010365337072330744,-0.03752743306988059,0.07941652133080801,,
pitching_BB,0.0396324119994797,0.00900583736596377,0.07538650169708584,0.0764799987987612,0.19182322995256307,0.1884171466319203,-0.5598395970328505,,-0.5843784676606498,-0.5509752550943567,-0.5785632968307569,-0.5675585644347165,-0.426232972837159,-0.4038296816900961,-0.5345079787916087,-0.3471209712293349,-0.41170441285701054,-0.5212361910744401,-0.4362438146498025,-0.3233389740243217,-0.4230512797499295,-0.09494593100946326,-0.4072222862037753,-0.4542537417233804,,-0.189682335207823,-0.2840499687953038,-0.26416885053875855,-0.28937711480657047,-0.26758719673700476,-0.18264412834779592,-0.2114655004532506,-0.2595674777842682,-0.16388812424938412,-0.2076661796488847,-0.24448248537238668,-0.21197182026039862,-0.18169322515943997,-0.18026091711245928,-0.011467373535112135,-0.17803284524447954,-0.21554113248264292,0.9328266555811111,0.953492776072559,0.7782743433410195,0.9195983131894928,0.7010652105841215,0.7767594174090154,0.200950992230096,0.9510618784187231,0.9409772775870715,0.9609990734239003,0.8503172322653044,1.0,0.9208679225947417,0.696388954961563,0.7954724922025798,0.5913289674635736,0.848610961309255,0.8352045812291239,0.6375557888859041,0.9557501813393785,0.3250847624290805,0.9463183054062051,0.6078091221882592,0.6094371160974323,0.5829293442552148,0.49378640202717133,0.5327359092472133,0.42397894657782975,0.5301657047807186,0.4166787393557877,0.3081437615481572,0.07918972130507883,0.568391023669583,0.5683702531304455,0.5629676325975969,0.4793367614478754,0.5667174481959509,0.5254742776427342,0.5067197247035663,0.4206840330011749,0.37566394099334843,0.3723325016762653,0.37956637059808046,0.17705317336373896,0.5590522769246848,0.16433669823389357,0.5682859092104655,0.48243760574997174,0.3769718373676768,0.45992507481436773,-0.5254773764299141,-0.3671558050205034,-0.4246179754509714,-0.45123411788481455,-0.2624384545593724,-0.33162547068379516,-0.3481455218887741,-0.15677697488827758,-0.07869731390980016,-0.1696032829138993,-0.15815805111133904,-0.0726288259511719,-0.15584524263779762,-0.20982923340292584,-0.22980619668577074,-0.23819662797402613,-0.13404026894348042,-0.19035772025342695,-0.18454300383193564,-0.011334008748702695,-0.07692894822948274,,,0.07360289911499,0.16821186776144575,0.023817259057478925,,,-0.03959781236098343,0.057492489765728884,0.0375566432534619,0.016590788899791393,-0.006893627328290128,-0.01133400874870269,0.019992037660556718,0.009969887797986614,0.2637509418702527,-0.07008267666334411,-0.037294964130014416,0.015088668717762948,0.01512140547314447,-0.010381260388604131,-0.01738630433048062,0.14400854960963366,-0.03749446038527178,-0.04095294194386944,-0.028313542366230623,5.94837143555293e-05,,-0.05541633554845596,0.015329667233393253,-0.041676199502484614,0.34047651528565576,0.2031946675032199,-0.01133400874870269,-0.10794619830017659,-0.019610091461126192,0.020389969605845017,,0.044513079255058145,0.001497581351047367,-0.02025189091125008,-0.040500715655067014,,-0.10713100316277567,-0.022586653070876407,0.0326389449303839,0.06980695339618288,-0.02085162792069112,0.007391326760459936,0.3165145373145985,-0.0868792610822585,0.019779141062068985,0.1881170010221148,-0.09223212102774025,-0.03487056465772259,-0.0113340087487027,,,,,,,,,-0.011334008748702691,-0.011334008748702698,,,-0.011334008748702704,0.023068538316050793,-0.011334008748702707,0.015725025142534505,-0.02869619833940684,-0.011334008748702698,-0.021513132083525868,,-0.01708991263605327,-0.01980635526472419,0.02922223055855551,0.034647035790265346,-0.021314673143969193,,0.0004111132251726869,-0.018393003071385368,-0.001497891154453153,0.01650588392623223,0.051651335318868806,-0.011230230326184585,-0.039098842709832084,0.05762628944986856,,
pitching_SO,0.14351977254652531,0.09232954009706222,0.06972874255874116,0.0720397272110164,0.2422261403334621,0.2324797184851113,-0.5172472640740844,,-0.5616483347607881,-0.5296743366143547,-0.5560442754178266,-0.5432971681411727,-0.4141240681821226,-0.3839302375435187,-0.5137194359768723,-0.3330559055595368,-0.39000378524192736,-0.5002394256698912,-0.4128956624197977,-0.3054233253075237,-0.4038845256834303,-0.08262187012567296,-0.3811808339568938,-0.42894141819879544,,-0.13269698974255012,-0.26298283193893174,-0.24850714608970967,-0.27167179276997755,-0.2527906921168366,-0.1754004048248775,-0.20022575686208224,-0.24542193391925074,-0.15287955908478212,-0.19676312114729883,-0.23073015588756082,-0.1865659114257189,-0.17233285388383435,-0.16967228613874363,0.033468266480422684,-0.16628984917992845,-0.20134134335356205,0.9230106956906698,0.91035099499301,0.7805626629738313,0.9096752891229145,0.6070219199004508,0.7595764157982183,0.24241088390627222,0.9265711748674891,0.9016925645234783,0.9187189536013881,0.9054309514196006,0.9208679225947417,1.0,0.6691678629168822,0.7509605805856742,0.6718240608655159,0.8399001211056148,0.8194392942695682,0.6770096426377541,0.9245864478378205,0.32919066924782153,0.8924513585259367,0.7171025322037202,0.7228480478019348,0.6869383462549069,0.5921458022156278,0.6201678963390223,0.5193374294948676,0.6321676607818044,0.4151576801761573,0.33526979399702506,0.1248162779465621,0.6723342347191524,0.6706847499849573,0.667527893057272,0.5993394214265021,0.6454313458326834,0.6629478694136166,0.6116133758749809,0.5010247549573411,0.453022243025721,0.46160239686842364,0.4828559076273111,0.20164400629894497,0.6690351338071175,0.21313530698172026,0.6645374332658291,0.5399340456856152,0.47119759106886533,0.5412300093342346,-0.48237628961212337,-0.3171735008382185,-0.38236592931914626,-0.42767342081635423,-0.25471975113454187,-0.32062017977484675,-0.3308853942008506,-0.14844940695727282,-0.07431777160731835,-0.16031716002143032,-0.14954521551272826,-0.06858652160373277,-0.09766872794975522,-0.1701592977614942,-0.19420400939147311,-0.22227141385335303,-0.11293972232239755,-0.1659463297722138,-0.17197031884418554,-0.010703005700464872,-0.07264400003034445,,,0.12708639486597162,0.21266266458179628,0.05481798227796006,,,-0.009923063048788908,0.10432085546465736,0.02894298489518411,0.053723301480586155,-0.005403366649050717,-0.010703005700464856,0.050936203326532245,0.034220668660327566,0.3973549341316918,-0.0382259217268301,-0.035218625865968696,0.04286160199562621,0.04260238898067304,0.020166746590598344,-0.0005737621945469181,0.26940104717612456,-0.031874890134724415,-0.03355140904578678,-0.026737230583204392,0.0018386688561308196,,-0.03802422323848915,0.04053447690454252,-0.03938387189303357,0.47658189791164585,0.2764893206664563,-0.01070300570046486,-0.09637053958148956,0.05478845907517483,0.05868237334581778,,0.0922051046559485,0.021278197080508834,0.0023027910302745305,-0.024898538008820897,,-0.09950552864946127,0.017614907214093166,0.05917963972465881,0.10051137435905431,-0.01897814647064151,0.019699079102643874,0.41617538438445506,-0.08205029493218602,0.06345113520825636,0.22675469763903167,-0.08711715201500708,-0.029629204746695878,-0.010703005700464868,,,,,,,,,-0.010703005700464856,-0.010703005700464868,,,-0.010703005700464866,0.03165501361795658,-0.010703005700464872,0.047952420378517185,-0.027098582789032846,-0.010703005700464872,-0.020315422409673534,,-0.01613845872362342,-0.008250284304677218,0.06479032253508792,0.05442774797267313,-0.01424985531773919,,0.010208706682924283,-0.005375257790363588,0.004621723421477269,0.028065390985690594,0.10166269601851166,-0.010674327285218811,-0.03769185831901314,0.10042073343975769,,
BAOpp,0.07935470105985602,0.07187005246216722,0.038380200348010554,0.03586328205073333,0.16650092258494523,0.1690520238031929,-0.524845048524453,,-0.5863183369227326,-0.5441085139714262,-0.5703279399448816,-0.5518199797239421,-0.42961062337233374,-0.3838098994768335,-0.5260380215672389,-0.3421730489229935,-0.3838532425271425,-0.5061018277375845,-0.45254546568123155,-0.3009078216731681,-0.40958782616354344,-0.15304005583535743,-0.38323317666988965,-0.43288800306102554,,-0.16242102715512358,-0.28212436715495676,-0.2580458562794635,-0.28079715008132705,-0.257667172151598,-0.18288979446918555,-0.200895637218109,-0.2537289784566928,-0.16143890350780332,-0.19282415310847953,-0.23718350265203683,-0.22056990584151584,-0.16905878633779126,-0.16913580206905063,-0.04037290742427075,-0.16976146458910843,-0.2104826829041469,0.6453174756986914,0.6915144635031758,0.7460055064962359,0.6016019495095776,0.36412873914920046,0.48543439153458956,0.30869799928638464,0.6718880987552827,0.6699166781005467,0.6913854027718063,0.6578578079202606,0.696388954961563,0.6691678629168822,1.0,0.7664910119745539,0.5696760772945988,0.5519656769137286,0.5882329330632181,0.4973030714899872,0.6722002412643299,0.4684937347337366,0.6532745325491874,0.5174230324184645,0.5304003975082627,0.5014342965957528,0.35541452815826224,0.3833858118958089,0.43441751965378805,0.33415480035445433,0.22406636175143663,0.20311310658472423,0.11697686501188502,0.4067424172746742,0.4088549573137817,0.40836805384813213,0.3503034643920393,0.40471971137763285,0.38043418761537423,0.48110740520886397,0.39913793694688804,0.3224406932545788,0.2807398545726733,0.3124452685488633,0.12913068428350424,0.42666689269122543,0.24179717878343512,0.39970530367793566,0.3871411158206117,0.30534176949556235,0.345929836280564,-0.4926910349264036,-0.37143612263542153,-0.44205259670055563,-0.4303206821483588,-0.2769657340294339,-0.3578380317849168,-0.33320913443250283,-0.14826783453415773,-0.07444673392258655,-0.15943586884257824,-0.14902021160834103,-0.06871124871881844,-0.12232128093227747,-0.22366512378622652,-0.22910043206650432,-0.22361593148173525,-0.13250743166500753,-0.18266682593590458,-0.17491130294540053,-0.010728168006589765,-0.07241126128756895,,,-0.02389205470523414,0.08747771316079855,0.01273528760276027,,,-0.04569843561329161,0.019114000986726182,-0.006933296755793969,-0.0009235487917591712,0.003845308380049107,-0.010728168006589744,0.011780248333459973,0.013929987536898756,0.1407687833027049,-0.08147372641835776,-0.035301423340822,0.0009466086524874961,0.00015720301707368258,-0.010122879654893979,-0.017754406104688064,0.09186660656453498,-0.03437059473760098,-0.03721598346935358,-0.026800088662485608,-0.009654595029359262,,-0.06961688200027066,0.005597740772021842,-0.039157273094317886,0.21880672575412982,0.057980016980370655,-0.010728168006589755,-0.11055984991239746,-0.07078871712040473,0.06107560769106519,,0.09051175744745978,-0.019230057945418683,-0.011881641155756236,-0.0479641055800526,,-0.10778763922558517,-0.08106770537161566,0.012471381940370533,0.11619490614596147,-0.025134804450005974,-0.027645575741922782,0.16541115797908337,-0.08151103875750705,0.05010630007973358,0.13324268341260861,-0.08554166973288413,-0.037469924820021615,-0.010728168006589756,,,,,,,,,-0.010728168006589755,-0.010728168006589761,,,-0.010728168006589756,0.019281033563164553,-0.01072816800658976,0.03303403276535196,-0.026249297174679442,-0.007843361318797957,-0.020363183094105012,,-0.016176399546057155,-0.01771721395779709,0.01263385835530587,0.013684034727451713,-0.020891443029926085,,-0.008028748063287117,-0.017422553871387726,-0.006552036245930832,0.03538766734752557,0.036385566519749085,-0.007843361318797953,-0.036463065207845306,0.016433786326028932,,
ERA,0.09622715665021057,0.112379286708264,-0.005298826516970717,0.004140392434739576,0.1530359044308125,0.16574468245388324,-0.6192889965280902,,-0.6832436365412919,-0.6244680197412411,-0.6625274494512933,-0.6450846245840713,-0.47930634485912177,-0.4583305593208546,-0.6114242268332686,-0.3762522949818169,-0.46175387087527375,-0.5941371414035685,-0.5462377043224137,-0.3625047359241724,-0.4757175235096877,-0.21260242286159578,-0.462399507212725,-0.524198499369516,,-0.2030355535161744,-0.3392445339380997,-0.3047242030223463,-0.33551036934949485,-0.30926429880500483,-0.2057278532877436,-0.24106985366077963,-0.30256694997017514,-0.18297483012082472,-0.23169622766506473,-0.2852981111888478,-0.272460966968653,-0.20362021219275608,-0.20289643131405194,-0.07429738767247665,-0.2066453207597493,-0.2564514466598157,0.7153610652129522,0.7834363291642702,0.8529428235971652,0.6783718197941954,0.4062177848842816,0.47769218540566444,0.3248559032297206,0.7529248121896436,0.7618564818717781,0.8053390137235024,0.7807821392104265,0.7954724922025798,0.7509605805856742,0.7664910119745539,1.0,0.6586504525903429,0.676831576512706,0.6875592256201771,0.5768500082383398,0.76117337981714,0.5118828652378621,0.770093823117746,0.6044247552645448,0.6329677617345497,0.594494057908639,0.37568086864774086,0.4128117187939746,0.4904246515642641,0.36031380381403094,0.2203931573118196,0.1692567971525979,0.12311811876034764,0.4383373671297031,0.44530353754071533,0.45129979484414534,0.40257696295527656,0.4555673236510262,0.41258095769309605,0.5356230204958125,0.4547211377351403,0.3658572576340042,0.30215097163649796,0.32607449185397946,0.1455008773755099,0.44500469363395795,0.2578156938742658,0.4450440952466387,0.3827645566429174,0.33858609641511184,0.37336541742861323,-0.5778820434699843,-0.45359442595705585,-0.4973547095113219,-0.5019605919533803,-0.33204265620029305,-0.3768277461824823,-0.39382120244506114,-0.1694337722162062,-0.09121120374440082,-0.1895809290697433,-0.17618342251388167,-0.08414882639124023,-0.16384622036629687,-0.28225740071930777,-0.28828450720136656,-0.27133541351184554,-0.17787213295762358,-0.23230148593376745,-0.21522236848802048,-0.013143630782180215,-0.08883470402903297,,,-0.05162090565234009,0.07927704646841319,0.007187641037264559,,,-0.06206076069504684,0.010890157388443839,-0.04152761151982368,-0.006916057463502776,-0.004131713618565132,-0.01314363078218023,0.015732725239973724,0.015500767341906321,0.1452426616366265,-0.10767349129947487,-0.04324959062835325,-0.008019813088006833,-0.010193315004165017,-0.01852855852147127,-0.025703460178674302,0.09764430336722568,-0.04277333978617504,-0.04604453736393115,-0.03283416796726484,-0.014826187545963253,,-0.09241325126783595,0.0026367579810566487,-0.047556814290399985,0.2433903067553444,0.07325747559250759,-0.013143630782180218,-0.13581032962555517,-0.09551402625854051,0.06179604956092714,,0.08935685983684206,-0.024557729772307718,-0.01652827653605833,-0.06061641076134748,,-0.13252704902210255,-0.11412124006782488,0.00041092249969142364,0.11340358928653123,-0.037263034288436234,-0.03983282784614603,0.17087935866740855,-0.09907841101885911,0.04934585738723792,0.15450377527003703,-0.10279721897444914,-0.0484835494262342,-0.013143630782180216,,,,,,,,,-0.01314363078218022,-0.013143630782180211,,,-0.013143630782180218,0.030625292698261693,-0.013143630782180223,0.026804162923797614,-0.03176218486509887,-0.008354326085232146,-0.024947983660812363,,-0.019818539650740232,-0.022477629679861652,0.012101888387610399,0.016589543244176087,-0.028566744416885247,,-0.009603329095310796,-0.02252393155995543,-0.006739278277272468,0.042079830898061416,0.043021913301560105,-0.008354326085232153,-0.044503881015858476,0.008577015936895735,,
pitching_IBB,0.22914884055688275,0.07023304202913576,-0.02965148337932536,0.003956101577217131,0.2094831412413083,0.21721190464698803,-0.41935090071690867,,-0.5282496889325635,-0.48660269469003437,-0.512673520723693,-0.4936390021110878,-0.39144821279625147,-0.335980768739407,-0.4717922934199269,-0.30044945466333034,-0.33630714497336434,-0.4524115306953505,-0.39681726085620606,-0.2611272830822252,-0.3625126792526404,-0.1303052978758639,-0.32276401233006485,-0.37172693877541807,,-0.0984542719386386,-0.24705297787083372,-0.22427734124188117,-0.2458589294556323,-0.2240236479335246,-0.16006052494629605,-0.1738191594869412,-0.22129469571199226,-0.13994003321287568,-0.16882372608321905,-0.20828084197780117,-0.18575128978833502,-0.14870428910906122,-0.14634488828423126,-0.008403289892151887,-0.14634582694056825,-0.18726208246386675,0.5350808214277017,0.5881667242330306,0.7562035392810118,0.4919198895265515,0.12582483201935601,0.323726669603301,0.4250010940864445,0.5610396781046901,0.5462382602063682,0.5882096700659694,0.7112124235033953,0.5913289674635736,0.6718240608655159,0.5696760772945988,0.6586504525903429,1.0,0.5535598647777196,0.48557504313264976,0.6124039887986983,0.562189370906403,0.5617683538298728,0.5309224247618414,0.787333954185601,0.7405423711051184,0.680190242467942,0.36056767847803806,0.3988444389275018,0.4912146759163753,0.33282425873800936,0.09627019851134622,0.12416315280484208,0.18687365669380832,0.4120725529402407,0.4179870052138621,0.4264714357951414,0.4004452848485004,0.4305013469872548,0.4054280748864111,0.5239753784485931,0.43170622999022623,0.4546153730443115,0.31792564393781647,0.3165472875984825,0.1823950001694427,0.4334000129467401,0.31427029243247057,0.411294900347368,0.3253324083487572,0.342245025601867,0.38788581812040984,-0.3858029335813326,-0.2785253596564105,-0.34008470069915586,-0.3730316600539349,-0.2630117923066569,-0.32000485302833526,-0.29072160821795157,-0.12715342991768644,-0.06353924257243894,-0.13713805788825995,-0.12794302863550716,-0.058639212924816185,-0.06046903428462069,-0.18629096019208077,-0.19035222623187859,-0.1924372195893383,-0.11652865378120368,-0.16125356658302684,-0.14940176485024065,-0.009150716722903799,-0.06212025559866054,,,-0.013083949485079781,0.1348770912730411,0.026029626120453134,,,-0.025142574859550106,0.07704748042570853,-0.11039019434512018,0.018468828987907502,0.014677721465539533,-0.009150716722903803,0.02224128250643537,0.010351546038878784,0.2548725764667705,-0.02898984629505502,-0.03011076305933536,0.03762722683808848,0.03665816698544657,-0.00495357901192579,-0.005621266239244563,0.11168655223484428,-0.026630873194180872,-0.03164497971580219,-0.022859449940425366,0.008331232839202311,,-0.06643651505776195,0.029268969150018833,-0.03368030590571546,0.310616903417017,0.012762917556661684,-0.009150716722903804,-0.08633782209562604,0.015640700100496938,0.06052851544100324,,0.17343251165948312,-0.005818665926278504,-0.01746232424831252,-0.014312388823950481,,-0.07897551009103172,-0.0416229143444544,0.06611256340638594,0.2635819113236361,-0.04072117197080489,-0.01971482590246709,0.24995439439682954,-0.07015461619635682,0.06096863675115709,0.22638863861291456,-0.07449150271325067,-0.027421829994539557,-0.00915071672290381,,,,,,,,,-0.009150716722903804,-0.009150716722903804,,,-0.009150716722903806,0.008601902922508868,-0.00915071672290381,0.040309613742103186,-0.023168394153413024,-0.0091507167229038,-0.017369015842809497,,-0.013797849712229866,-0.015098659283908702,0.005709891617974971,0.02472162109612932,-0.015872764246778262,,-0.002320886986095212,-0.016710471791399575,-0.012981470145051334,0.02941422437391091,0.02108603824154283,-0.0091507167229038,-0.03279649785846396,0.0706686994601567,,
WP,0.07120937297359826,0.03869708875024666,0.03911514864055429,0.030549762551628522,0.13612762476535215,0.13288728311279271,-0.4698363476970559,,-0.49574724584596314,-0.4616695966342317,-0.4905445791975197,-0.4845763865307047,-0.347926756062674,-0.351351642926518,-0.4544760446826334,-0.28183607333715394,-0.36037745247625497,-0.4479434204420993,-0.3847168706741475,-0.28177359188508005,-0.36214086089240016,-0.12474741339782384,-0.355582676618109,-0.40340695861876913,,-0.15019808131595397,-0.24322629104934373,-0.22272798738892632,-0.24663920287001065,-0.23158319984331754,-0.14796389447573854,-0.18324244294670752,-0.22163972932857312,-0.125654893285579,-0.18126052152578215,-0.2097284270518694,-0.1878384687004087,-0.15944383383938254,-0.1567325534335529,-0.028188224247470937,-0.1535436474462389,-0.19148135377694575,0.8276192442141587,0.8363036628383707,0.6975284195608886,0.8022579410755297,0.6739508341009388,0.6607973749009878,0.1970909059698004,0.8429551832966337,0.8287737727741004,0.8286353072923314,0.7139735840512431,0.848610961309255,0.8399001211056148,0.5519656769137286,0.676831576512706,0.5535598647777196,1.0,0.7698529178586216,0.5632375427740127,0.8464752132777837,0.2950268751894747,0.8575695149414061,0.5740001549531829,0.5833552734781835,0.5604161276919357,0.4388170146695202,0.4703368398627826,0.3966715789950306,0.4657385157852763,0.3858232395924664,0.27869236983139734,0.07572602463020003,0.5073774558010345,0.5057810554002444,0.5013014832623393,0.41698810033248823,0.5064663525779715,0.48121488847909544,0.4436306859974097,0.37873232664661743,0.3232087389025847,0.3915030116927243,0.3489660835834964,0.14370234006881993,0.4696471800653714,0.15568504538113612,0.5228284531230858,0.37671326118036585,0.33148939861548293,0.3790555327934685,-0.4347044190580189,-0.31512875467032975,-0.3305354900401651,-0.386525297274145,-0.22179488969489997,-0.24343064459728433,-0.301663680168875,-0.13557642053586452,-0.068592940838506,-0.14759635417988132,-0.13763780131327946,-0.06330317926567733,-0.13019807777112943,-0.18784408776187145,-0.20363946241507141,-0.20764308855610777,-0.12260784532262349,-0.1659260575062206,-0.16275759185927233,-0.009878534042776407,-0.06706109239961364,,,0.07946879569874857,0.13270429420854218,0.02771202706097695,,,-0.034279565725915034,0.06419808322568982,-0.00854498065602372,0.01722923750257559,-0.011302047503528435,-0.009878534042776423,0.023954685716941346,0.02313439930606943,0.2325337764694908,-0.05909223456748965,-0.032505672172226246,0.026704638627284245,0.020401812608693976,-0.004393963111567769,-0.005543876243691985,0.1393716339988413,-0.034653634318974814,-0.03414332123198671,-0.024677613926177462,0.0037094189377104435,,-0.0572599463467887,0.019203562993203263,-0.036266780102125556,0.3246267526396765,0.2013520520966446,-0.009878534042776423,-0.09186290987968067,0.0019208014350364448,0.03795500356422634,,0.04919543545886329,0.013604772350710592,-0.013752247880256965,-0.029378224207097747,,-0.09345706996915099,-0.04478422773882805,0.03154154120304366,0.06994538881144104,-0.02678175641965082,-0.00798274054363624,0.2558678087759134,-0.07573447909484678,0.03267742680376436,0.17433739812452123,-0.0804163070209112,-0.03317542249006372,-0.009878534042776424,,,,,,,,,-0.009878534042776424,-0.009878534042776412,,,-0.009878534042776414,0.039208797319401516,-0.009878534042776417,0.021336189461742847,-0.025011130525776394,-0.009878534042776407,-0.018750489113411067,,-0.0148952844052332,-0.020037661701036352,0.012368032862195386,0.0535504760610538,-0.02481049763140868,,0.016218270165496106,-0.014731967572425586,0.007217230254561826,0.03051873727999953,0.07098979501224814,-0.00987853404277641,-0.02960510610835828,0.050225147247565265,,
pitching_HBP,0.06405310117386691,0.09316330127158926,0.026962897857992156,0.028519523415158312,0.15251922050055258,0.1523844901475616,-0.4825256211526283,,-0.5024151396155397,-0.4721168608952443,-0.49705305630327695,-0.4889072493237285,-0.35516910359971965,-0.3506322009762443,-0.4596734497003031,-0.29109444744602725,-0.35840643738259725,-0.44849849240115025,-0.37993923285978176,-0.28072633739227987,-0.35854106738755104,-0.09322692083438719,-0.3558896341621723,-0.40299090865576226,,-0.15084245137835317,-0.2472389325551233,-0.22984136534689614,-0.2522124857852164,-0.2337025055258961,-0.15276514260817553,-0.18467120424814676,-0.22798919765702455,-0.14194071383956583,-0.18082003506945718,-0.21414865005948788,-0.1880337681182205,-0.15844581818418202,-0.15748216232498174,-0.010682305436694108,-0.15448422924888738,-0.19199418917814248,0.828029853460419,0.8390480996164198,0.675020336742173,0.8154102088888386,0.64735685899442,0.6579454084514069,0.15021782509856685,0.8416103037864126,0.8363443118827563,0.8439602252277025,0.7276659687518279,0.8352045812291239,0.8194392942695682,0.5882329330632181,0.6875592256201771,0.48557504313264976,0.7698529178586216,1.0,0.5265629981826837,0.8437434318745588,0.25364306937460207,0.8488665696335542,0.5298542598416811,0.5554938434112463,0.5577246724733913,0.4330464102249208,0.5006399116700572,0.4017205718993625,0.48469230065401747,0.35460896262522484,0.25749706837902314,0.07052749717272862,0.5157852034797158,0.520017814083744,0.52442852904858,0.45378776079780425,0.5005089109018088,0.4872874552221744,0.4740372219887664,0.4005146464749761,0.3230706156204045,0.33398970862236527,0.4637521806472055,0.13502031007923251,0.49777279906931676,0.14953354033306837,0.5345120726271431,0.43122208647783067,0.34722780396316316,0.4104845406707226,-0.45155660215194127,-0.3101306467545593,-0.34829134759442465,-0.38883487553181334,-0.2209700816993943,-0.27378091158897533,-0.3025106650830483,-0.13598300155580045,-0.06835687740394421,-0.1470149541516588,-0.13699600236257248,-0.06308532060947365,-0.12342075715338602,-0.17904658442407922,-0.1977987454841399,-0.20607742750747152,-0.11481944131581115,-0.1629766572796844,-0.1595333453949297,-0.009844536948526411,-0.06683030083996039,,,0.06564417690648458,0.1373750652142625,0.03859206470095227,,,-0.027157352753096633,0.03552592591517007,0.012042644573292722,0.020796202765959074,-0.003372735406843202,-0.009844536948526422,0.03302882208249217,0.02702888763157522,0.23444183896966933,-0.05084730573265624,-0.03239380350874699,0.017884641425033387,0.006676848823469489,0.01129751519036572,-0.016473150830011725,0.18336127724825557,-0.03132487681855131,-0.029831941391981868,-0.024592685619722127,-0.006860935101357424,,-0.05360818784285536,0.011719174274600163,-0.03613182684282608,0.33374046382303335,0.1795976986763519,-0.009844536948526422,-0.09681833423701493,-0.01284583168233447,0.0256822277201408,,0.03002615585474707,0.006900043827656295,-0.006201227495035623,-0.04947400643677599,,-0.09868968785272392,-0.050397376675552934,0.031777902407232564,0.03502819313736598,-0.024388209000334556,-0.015538850986854107,0.22372224917524816,-0.07547383797009934,0.02509952572974463,0.17021807880968784,-0.08013955332879563,-0.03741233572188762,-0.009844536948526418,,,,,,,,,-0.009844536948526425,-0.00984453694852641,,,-0.00984453694852642,0.04386753060735359,-0.009844536948526423,0.031079005671863915,-0.024925054417914424,-0.009844536948526411,-0.01868595907860403,,-0.014844022104003806,-0.008007823170057606,0.053404273964801255,0.030814525658871647,-0.01383441104053553,,-0.0018910283291742702,-0.007782051111824245,-0.0011887838343063036,0.016429999697251292,0.07632384139409924,-0.009844536948526413,-0.03461475095316411,0.03754826368078264,,
BK,0.19013547974149286,0.032794695779308464,0.030116455058085457,0.04174317651134729,0.18861305880161422,0.18943606639351948,-0.3872556370720466,,-0.42928076187707587,-0.40163653715169906,-0.42075270160895123,-0.40713562195682795,-0.3203537628647291,-0.28238466474737733,-0.3876519554659689,-0.25012602719201543,-0.2831555958509051,-0.37556850089979577,-0.31714919588939705,-0.22224349677154018,-0.29953152674593975,-0.0617288960514314,-0.2751086024282054,-0.3117459384671813,,-0.09535613841791206,-0.19991074965457703,-0.18606218169252664,-0.20348722823975887,-0.18822748573142997,-0.1363259132982383,-0.1442947162341846,-0.18200655098552693,-0.11831747821155916,-0.1429228301131058,-0.1734484105493769,-0.14134513394273382,-0.1256155470564873,-0.11893221447158121,0.014760242777960147,-0.1202104582734904,-0.14556267677646223,0.5830765792164491,0.6046414253656879,0.5545232973610649,0.6075432503585815,0.2565231432992872,0.42632021574175566,0.15485303278910625,0.5999351861465966,0.5867037415806448,0.6266180577935149,0.6741574331693513,0.6375557888859041,0.6770096426377541,0.4973030714899872,0.5768500082383398,0.6124039887986983,0.5632375427740127,0.5265629981826837,1.0,0.6015387656868972,0.23232856714355776,0.5820710332097887,0.7131979300866185,0.6975789217471062,0.660534268508046,0.3868159388246519,0.43068083096857124,0.3861645068849508,0.42610876336089454,0.16618663898641445,0.1793046271587157,0.07398203893971558,0.45066267915786756,0.4580557225158371,0.4739086275731975,0.42280491707373585,0.4768397373402874,0.44367109511349484,0.47894206485245133,0.41888418517617737,0.3619665851247338,0.36370347472090675,0.317739275986347,0.28918696932443705,0.471668770627545,0.14406917908418973,0.4566413258874114,0.36339784021108745,0.3566007811828421,0.4148140052385266,-0.3612809588010229,-0.2164273411734557,-0.2824448222860221,-0.31426723416375074,-0.20367540752225308,-0.2545896223869304,-0.24428732337724646,-0.10829350814670695,-0.05420253755223356,-0.11674883630701194,-0.10890993256319734,-0.05002253744160058,-0.0640240342531012,-0.12736094623840394,-0.144400609451128,-0.1618213152137506,-0.0855010058615743,-0.11627287776455839,-0.12560449715957936,-0.007806074588276401,-0.05271451466994527,,,0.015462359466793595,0.1568166771543342,0.0503505391873061,,,-0.017038539532721355,0.05302859087052259,-0.03989115117903658,0.019337848489793044,-0.008641240607735724,-0.007806074588276415,0.0267694741773923,0.0012119238706450827,0.30723873549576863,-0.02225474962398512,-0.02568616967048922,0.024179772854827957,0.029408557562081307,-0.010141709605018612,-0.006067928188943946,0.16085604480517068,-0.02280723461295843,-0.029682710828585153,-0.01950039288565215,-0.002039398548429916,,-0.0477860993067186,0.031741336674937365,-0.028731189918482378,0.4008697133059075,0.10609406670562746,-0.007806074588276411,-0.06942829074317977,0.06776944601746754,-0.010144225485031957,,0.05707536272993085,0.0379912712037531,-0.011171825051367108,0.0016831029798757436,,-0.06455640842521568,0.006551016798833786,0.06466597296062665,0.068779788853878,-0.02293987976384534,-0.00924157500409294,0.2983636178335849,-0.0598458222807801,0.009062092960827042,0.2130913547911203,-0.06354542971666882,-0.022407819424961544,-0.007806074588276409,,,,,,,,,-0.007806074588276413,-0.0078060745882764,,,-0.0078060745882764,0.03291492149701317,-0.007806074588276403,0.012813805368305382,-0.019763939626658907,-0.007806074588276401,-0.014816744665974138,,-0.011770339665515932,-0.011685281121049077,0.05434362136554895,0.015357423961888906,-0.005326376454314203,,0.00019386903533880536,-0.009117795772457315,-0.0020393985484298796,0.018978403447244836,0.044638870537345214,-0.007806074588276401,-0.027977252085252664,0.05587655992698899,,
BFP,0.029623380907704798,0.001261153660522118,0.08499503801831423,0.06787769318666168,0.19160698493398298,0.18523220289601397,-0.5387932241447464,,-0.5545859126438635,-0.526361581775603,-0.5525465818609787,-0.5444883055002374,-0.4051633041125336,-0.3922234128220607,-0.5120580771831658,-0.333460405396129,-0.40032512776876433,-0.5024976267848463,-0.4140049157157697,-0.31457137418649733,-0.40739009015610156,-0.07627949574765505,-0.3956690670082779,-0.4414792849701487,,-0.18299789509319725,-0.2706418852797045,-0.2542170411919633,-0.2781882054238075,-0.25950007913034523,-0.1732524455449683,-0.2057644535225921,-0.25040260202380393,-0.15420507652814694,-0.20221702517552634,-0.23661309307386694,-0.19982826961829198,-0.17699608938827896,-0.1747967372542933,0.007421311275522471,-0.1741736522493653,-0.20840770504015882,0.9896378576852146,0.9882319362445138,0.7666782420841457,0.9669487264967082,0.8033887857338065,0.852472275319129,0.17704940843161673,0.999513242248355,0.9966543121290429,0.9848894935200413,0.8534414880208171,0.9557501813393785,0.9245864478378205,0.6722002412643299,0.76117337981714,0.562189370906403,0.8464752132777837,0.8437434318745588,0.6015387656868972,1.0,0.28891039397525425,0.9889657174385136,0.5844787164230382,0.584104432400278,0.5656213773378916,0.5176328074754912,0.5628556154854307,0.41440834370133967,0.5602872227086055,0.47242155460576296,0.3404887953655792,0.0758941502420144,0.5953205274809663,0.5970625660258251,0.5770140277217202,0.49404385391773076,0.5555820302641551,0.5360396742813701,0.4979559748936844,0.4044306258479197,0.3781187821386806,0.3568746234176275,0.3952289727635685,0.16651576173065857,0.5765134828487197,0.15123428880526102,0.5913565080363624,0.506402235161713,0.38805758851413974,0.4670507091735284,-0.5048558238082118,-0.35247457975074364,-0.4001236286089102,-0.43689839466221936,-0.2387769445397201,-0.30581577545627675,-0.3358888097881305,-0.15251918786908308,-0.07653959739028529,-0.16497645504612063,-0.15384938328209335,-0.07063747577279454,-0.15258901102863276,-0.1964441093689809,-0.21811598225567477,-0.23101269232635593,-0.12350076145216096,-0.1791786551622537,-0.17875104803071687,-0.01102315459667931,-0.07481555285245758,,,0.11541263764210144,0.18867084445146606,0.02996427739537319,,,-0.030899186055173805,0.058001897038571504,0.0601568271376053,0.01629436213956883,-0.007322815923774898,-0.011023154596679298,0.022763366931979383,0.006766482198505611,0.2721748060331746,-0.05522857299648158,-0.036272087343307814,0.021268685389253947,0.027768302366299024,-0.00326306743779483,-0.014167048020786636,0.16431045515100384,-0.03469659780519701,-0.04181196394050802,-0.027536996097547083,0.0011279458044422784,,-0.04778804434765071,0.01918550994013757,-0.040558815576089424,0.3422938895687957,0.24161104018204005,-0.011023154596679303,-0.10592295176386643,-0.019449798847343016,0.015308687808042624,,0.04312106207508017,0.001198643773979716,-0.01696387354331279,-0.04325752559776537,,-0.10597068602772379,-0.01315294236377135,0.04425968889134689,0.06546542051727246,-0.013273032860082872,0.0034442941013192426,0.3196374443419989,-0.08449967190334602,0.0196752929710647,0.1759939757480412,-0.08972021357281618,-0.03456311888106668,-0.011023154596679307,,,,,,,,,-0.011023154596679303,-0.01102315459667931,,,-0.011023154596679309,0.02379489841202091,-0.011023154596679309,0.018911245307652116,-0.027902889695833707,-0.011003351358703709,-0.020923098444107967,,-0.01662119319014303,-0.015248771017997067,0.03184491468593823,0.02871790186967127,-0.01498591516891452,,-0.0028123363040043216,-0.012279083977457122,-0.006640388145032642,0.009510512717782148,0.059296616226367546,-0.010995430063513468,-0.03821207935569786,0.05580117240763403,,
GF,0.10316775759372412,0.08865588453322233,0.001092378059998036,0.015165323592278684,0.12575214297008844,0.1273025588343172,-0.29822139877736437,,-0.4541513189212102,-0.40722133679287975,-0.43137015855688776,-0.41569096250229104,-0.3190033158131973,-0.2845050220404102,-0.39576153666617564,-0.24745107263879368,-0.284134517262478,-0.3801470884866862,-0.38463388793802594,-0.21964974756379163,-0.3061792361004657,-0.23089237556077802,-0.2878096544735998,-0.3285227581369534,,-0.045925071236026925,-0.2230207417141646,-0.19348895811531716,-0.21276305872380122,-0.19437936135654282,-0.13367670031045756,-0.1496421962813611,-0.19160561233433251,-0.11568265841566477,-0.14280235813453504,-0.18008277140440734,-0.19206225615319866,-0.12456352647957666,-0.1260606757014198,-0.11424012783544497,-0.12884019415766873,-0.1652182863255467,0.2710747240217027,0.31844937407555585,0.7618018480585147,0.07836533333855135,0.06949535931867094,0.06939463984171106,0.9213434510652289,0.28743582043683197,0.27553440586822686,0.2805460815035708,0.2757051195138721,0.3250847624290805,0.32919066924782153,0.4684937347337366,0.5118828652378621,0.5617683538298728,0.2950268751894747,0.25364306937460207,0.23232856714355776,0.28891039397525425,1.0,0.26386216531196194,0.296393336352358,0.28248209078585457,0.2183915740204418,0.1597671276683863,0.16369377781792227,0.5050692569110806,-0.015142664478173404,0.01786607064462438,0.010986486545591931,0.4819780813714703,0.17722997515544384,0.16698517502619817,0.15203234441400762,0.1261023359685056,0.18927155537646648,0.19397730520157358,0.3953653963921646,0.3324668941270027,0.29552202905506053,0.14903187124017242,0.1291588231483901,0.05602937281975582,0.18377502843374094,0.6235699810214266,0.14865547418152286,0.19294260478069336,0.19762385766973248,0.12919151107614987,-0.26542383999371066,-0.33844129753755964,-0.34175399266364775,-0.31567198303295585,-0.23114555643863977,-0.27075589467343764,-0.2490468992920882,-0.10613771236365445,-0.053522224142676364,-0.11499495867926054,-0.10723045661234248,-0.049393936164309614,-0.012528431681888158,-0.21978518340673883,-0.18877756156036127,-0.1656162313098903,-0.1181402494702808,-0.14328927601822586,-0.13220685780074418,-0.00770841955097945,-0.05213035189886272,,,-0.019342953091017096,0.06269813680180078,0.016440189845313175,,,-0.028244117452860606,0.030362653538874244,-0.0436963472373069,0.023358511583453156,0.021629995700837356,-0.007708419550979458,0.014706792244737504,0.057917414146677414,0.021058989312523688,-0.08722585690913336,-0.0253648322519415,-0.007977620175896878,0.01363162745437286,0.003816644797715258,0.013307460869039311,-0.01194920620519544,-0.017474531942669548,-0.008723955912453632,-0.019256440362137424,-0.015163253313397412,,-0.04668477156185446,-0.01398257912143875,-0.028297465449144223,0.03934747800860149,0.004631933200796032,-0.007708419550979446,-0.08850280849273004,-0.07313273279480327,0.3296648509303353,,0.4744385194155557,-0.035396493359599344,-0.012936467029495852,-0.025879650140438352,,-0.0899592104257421,-0.11150766828749717,-0.026617588225750152,0.4954939885771241,-0.026215863312071236,-0.04185234654261254,0.011968434042350538,-0.059051251655433325,0.300296685232346,0.07696336308398148,-0.06264176620571782,-0.017544508236858016,-0.007708419550979452,,,,,,,,,-0.007708419550979446,-0.007708419550979452,,,-0.0077084195509794515,-0.001632723374380795,-0.007708419550979454,0.21507828274115018,-0.019461751339950647,-0.0075348282316480605,-0.014631385208206695,,-0.011623091141813622,-0.019887514662557896,-0.01747739464884457,-0.010043619680739909,-0.022689497143219627,,-0.013054608630118246,-0.0200188552127033,-0.013773899590415785,0.07402579141485736,-0.013647639875143187,-0.00753482823164806,-0.027043980232938736,0.012557155465282046,,
pitching_R,0.0189663940996231,0.006597650478979618,0.061189188977641855,0.04528965007110242,0.1604929827897519,0.1595998361290641,-0.544236554191871,,-0.5527811741070323,-0.5228968507802082,-0.5500578025018812,-0.5428259428596931,-0.3999383987083956,-0.3932688283249804,-0.5100939181250489,-0.3294270538261704,-0.40154222496138164,-0.5017212342863386,-0.41844025851589217,-0.31498777174767156,-0.4068272509213964,-0.08821224708345322,-0.3976200678719255,-0.44403949828924744,,-0.19430228440740258,-0.27431606615152077,-0.25529032984483285,-0.28001385623065234,-0.2604207926152765,-0.17191818350909183,-0.2070675225620521,-0.25229507905481935,-0.15336041350747692,-0.2030285989612709,-0.2385377574143653,-0.20710939090712985,-0.17738705263147844,-0.17556281237058696,-0.006977864624031977,-0.1755086580482254,-0.21171508695935876,0.9680036498657011,0.9835125295749177,0.7472282913384503,0.9568904661172162,0.8009231469683306,0.8000174557031764,0.14774954083742156,0.9850356222697816,0.9924864635650714,0.9876842536138896,0.8439531755289799,0.9463183054062051,0.8924513585259367,0.6532745325491874,0.770093823117746,0.5309224247618414,0.8575695149414061,0.8488665696335542,0.5820710332097887,0.9889657174385136,0.26386216531196194,1.0,0.5670726190756026,0.5767934698906099,0.5629603872607186,0.4800653423797233,0.5319584102910266,0.3864831937110938,0.5282615920894506,0.437224651424756,0.3053636765980957,0.056130738655555346,0.556180557215339,0.5621404183241487,0.5494052962762066,0.4705107627868867,0.5254841261283951,0.49626772036910544,0.4722439476072531,0.3923334255229091,0.34805993568260796,0.32819525213274536,0.37185043917151295,0.15657597369894707,0.5327229784811777,0.1292720672106072,0.5653260465992138,0.4609819903505934,0.36250896902221097,0.436912641959592,-0.5101231288022068,-0.35750132662214806,-0.3976957884993485,-0.4360813394902442,-0.23945793497872403,-0.29736955266608167,-0.3359706277307246,-0.1522824472143838,-0.0766470403028327,-0.16506909006576706,-0.15389639740379124,-0.07073595241470118,-0.1658334244950398,-0.20486336295473984,-0.2262645506401469,-0.23231289837227218,-0.13069619126696158,-0.18624000787567355,-0.18045085396694066,-0.011038516152380794,-0.07493282032231643,,,0.08625414866169438,0.16319569144762347,0.02716621753358022,,,-0.03843487555245394,0.04340678593537513,0.03558820228390152,0.007039679616579268,-0.009343960130344777,-0.011038516152380802,0.020070991095909717,0.0031902899300699787,0.2295190892277163,-0.06283664895921157,-0.0363226350957906,0.014845432439202626,0.019731249934036257,-0.006473926105012832,-0.017952604000319408,0.14494872038802734,-0.035269352193583306,-0.04287773943755748,-0.027575370874539696,-0.002265020027879276,,-0.05921475830025755,0.01707746032428519,-0.04061346211365009,0.3156387426157247,0.20260313408917907,-0.011038516152380792,-0.10849673179339905,-0.034972133920279466,0.0053546827566928554,,0.025215382817062187,-0.00108410104343131,-0.016717372212052394,-0.048764971462291626,,-0.10702426138838936,-0.034596544129902825,0.036178695777390496,0.046552382542043726,-0.01896121951546528,-0.006840166426502193,0.27245438000963873,-0.08461200279797805,0.0074589685692241685,0.1699838558882211,-0.08982819153764363,-0.037824511788971414,-0.011038516152380806,,,,,,,,,-0.011038516152380792,-0.011038516152380795,,,-0.0110385161523808,0.024808584795749003,-0.011038516152380802,0.00855080340002263,-0.027936873150951853,-0.011003198811545196,-0.020952256280857593,,-0.016644356013704672,-0.017233498867275456,0.029055542675700468,0.02574853511038766,-0.01498035972482803,,-0.003909144369941667,-0.014067015769749546,-0.0059926714535668574,0.007795065709573215,0.05442178107715738,-0.011003198811545193,-0.03771913776111849,0.04139889363639911,,
pitching_SH,0.3279160066634575,0.13394075212103948,-0.032655517748855445,-0.006272576070683546,0.22252134460007864,0.22603624521653495,-0.38835821715965546,,-0.46192164821595344,-0.4271336842720213,-0.44900732000939414,-0.4310475516923871,-0.34472736822166944,-0.29542091805072856,-0.41352367671565726,-0.26306238808915894,-0.29451735419302655,-0.3975332747150905,-0.34351442722219033,-0.22855967721565365,-0.3180125009754651,-0.06787179147217767,-0.2836709745365188,-0.32718618840612373,,-0.059320765787512796,-0.204419347425136,-0.1921651889429403,-0.21023076933752843,-0.19145878814610404,-0.1386518502204384,-0.1520559168972569,-0.1910180438324396,-0.12154220930357652,-0.14669382798144878,-0.17834178906823395,-0.13785815459452122,-0.13012089732353835,-0.12860078057928997,0.07316660556086757,-0.12318566856152219,-0.15755497201999283,0.5623867536893935,0.5969046037511216,0.6111738874275914,0.5994062066267437,0.11466349767948202,0.3246972677792284,0.22600183197074333,0.5826684907446891,0.5739863799576079,0.6306240579850005,0.7547852795619842,0.6078091221882592,0.7171025322037202,0.5174230324184645,0.6044247552645448,0.787333954185601,0.5740001549531829,0.5298542598416811,0.7131979300866185,0.5844787164230382,0.296393336352358,0.5670726190756026,1.0,0.9448591591625958,0.9219046141386598,0.47477685820596316,0.5144421171269259,0.4950639822952305,0.5194734271954093,0.12685915402367615,0.15275568223876682,0.1137187180350962,0.5459320165870813,0.5579975409839736,0.5763240641768481,0.5431752317387178,0.5584998147144664,0.5370894607402944,0.6054286273702336,0.5016607608624823,0.4795865830506947,0.40078394195848716,0.42816532327074036,0.23337293575933743,0.5712692048167105,0.21516741955531216,0.5532364359083659,0.4162197941721847,0.45266327339121126,0.5074479793483315,-0.3593059634967519,-0.2016068710834138,-0.2771346697352948,-0.32475272786139614,-0.2229685655029976,-0.2753885425326329,-0.25229032583628624,-0.11124445258743264,-0.05558944231678885,-0.1199798400134322,-0.11193525956908103,-0.051302486658849754,-0.025712112744389035,-0.11426181596262712,-0.1352119837865893,-0.16483021378123613,-0.081027321450009,-0.12153408530405833,-0.12486215378756994,-0.008005812137990214,-0.054347993861730524,,,-0.0031578599691739363,0.1714017356019469,0.05609191554483624,,,-0.013206250867023726,0.06595924663673765,-0.09939163652520694,0.03082012805737133,-0.003482900786059368,-0.008005812137990202,0.05494282265890136,0.021321722840279035,0.32146258311672427,-0.005515837947527287,-0.026343413273979932,0.059157816928061484,0.04645149718632848,0.02661186637426782,0.002805964402139699,0.2271601870386267,-0.022535264230595483,-0.026091434145640854,-0.019999358229806776,0.02864015973423986,,-0.062008299936335186,0.08126878156697244,-0.02946634782784935,0.5013495954502031,0.027782478504285633,-0.008005812137990207,-0.06596154503261797,0.11801488128700924,0.03104142999256324,,0.11371620892075403,0.035798310172042574,0.004204587240522974,-0.002202355073692543,,-0.05149274503929236,-0.009730093386460775,0.09740414976519131,0.14275608206075383,-0.035626286192542544,-0.026304657588044508,0.2922346510948121,-0.0613771243158547,0.03496783804293995,0.27279651085387346,-0.06517139527510456,-0.041793970723963035,-0.008005812137990207,,,,,,,,,-0.008005812137990207,-0.008005812137990212,,,-0.008005812137990204,0.027005119633262922,-0.008005812137990207,0.02821901843067703,-0.020269648460090894,-0.008005812137990214,-0.015195867391596188,,-0.012071512652976278,0.0019779414333296295,0.042120114266943294,0.057179512331246844,-0.0030144842735677453,,0.01275187440628325,-0.00596892202329796,-0.003467595715744397,0.024387930562447514,0.07740293812515076,-0.008005812137990212,-0.028693118647381943,0.060309967593841975,,
pitching_SF,0.3329881194518545,0.17491368750720165,-0.04289620406873344,-0.007785720725925114,0.2110753246829972,0.21340071579908504,-0.4104602340082081,,-0.48693680723653404,-0.44619937520746505,-0.47005141241067266,-0.4503869317761522,-0.3586964979489182,-0.3073777280623161,-0.43208449216492123,-0.2733106522878016,-0.3062937657744249,-0.4151445495847162,-0.3733249696571414,-0.2371423584582758,-0.3317121176148209,-0.11000236238813431,-0.29724913358844285,-0.3436354257154583,,-0.06532264261750105,-0.21851537550494068,-0.201739507894523,-0.22112081656028265,-0.20208575517563712,-0.14539549667132928,-0.15872018787771014,-0.20099527610725423,-0.1263783901961953,-0.15307225327984728,-0.18777768211449442,-0.15537703826245347,-0.1349903279818924,-0.13393852401943274,0.035113745105197894,-0.12822097768029583,-0.16599433247232734,0.5603317433988029,0.5984133129061947,0.6160851730205672,0.604325129525717,0.0969230028769796,0.293148406481144,0.2093920305472,0.5811127093553495,0.5757850384692751,0.6443479387724361,0.7900308305666008,0.6094371160974323,0.7228480478019348,0.5304003975082627,0.6329677617345497,0.7405423711051184,0.5833552734781835,0.5554938434112463,0.6975789217471062,0.584104432400278,0.28248209078585457,0.5767934698906099,0.9448591591625958,1.0,0.9391743996401865,0.4686112198245948,0.5084270675217686,0.5049878349697993,0.5157781915926212,0.10658709793173186,0.1311321364614579,0.11210947920155366,0.5382578936305862,0.5548779679526415,0.5895799531915855,0.5643826949283969,0.555950822453923,0.5356094288149955,0.6234365856580396,0.5351195640960522,0.4439111310867776,0.4164866098040733,0.4514483580040086,0.23825667039092363,0.5653123414858326,0.21471095706424312,0.5608998897807829,0.387116342585667,0.46190513231951136,0.4941671303813931,-0.380513787200333,-0.2132436736711458,-0.29205698687855863,-0.33734709831100623,-0.23677692798944286,-0.28850676854708557,-0.26305810882311453,-0.11546897090923786,-0.057700456503151386,-0.12453608547641977,-0.11618601134957045,-0.0532507033096902,-0.0302941964801614,-0.12351655805807923,-0.1450581848778665,-0.17147340122617968,-0.09104713502966051,-0.13065375257422113,-0.1307934932547233,-0.008309833590487259,-0.056411863928795644,,,-0.018633248650290705,0.1534104062174328,0.07076767418281649,,,-0.014670257225588776,0.055895954882922774,-0.10316604306655712,0.029118987384612716,-0.0002371447326232015,-0.00830983359048725,0.05732985227548279,0.026878052552328738,0.28499745043147334,-0.020355041130975617,-0.027343806816726213,0.0615474878804871,0.03472299308925937,0.02749760939653134,-0.00067701420244482,0.21164119814116222,-0.022342717870821562,-0.02594850677862718,-0.02075883569857999,0.011883264864430886,,-0.06398750959070647,0.06804806929814582,-0.030515641524060506,0.5019111421313432,0.028415528138152412,-0.008309833590487255,-0.07042694149002805,0.10164822148130627,0.04294613608067588,,0.10676438720310069,0.040268052734057425,0.010458412975129576,-0.009495134831091594,,-0.06280433726604777,-0.029872336002323994,0.09053708562540982,0.11686423263641205,-0.03697919768842111,-0.03151373798608142,0.2599207525264396,-0.06363617621620028,0.038436242122560665,0.2902671198265436,-0.06754431356940246,-0.04287665478357153,-0.008309833590487254,,,,,,,,,-0.008309833590487255,-0.00830983359048726,,,-0.00830983359048725,0.04135741566483465,-0.008309833590487252,0.027044492735404116,-0.02103939022522658,-0.008309833590487259,-0.01577293185385395,,-0.012529929456585622,-0.004448269397068159,0.054809155025144406,0.04928376940432927,-0.00023185643391132737,,0.003941576828624664,-0.003216183190028575,0.0037374391993514598,0.029501319797045143,0.07543354751469859,-0.008309833590487259,-0.02978274246786245,0.05329983880319704,,
pitching_GIDP,0.3280543131047716,0.20492042111965877,-0.040611166500997296,-0.008745779434562836,0.20596044657438944,0.20661776405297258,-0.384405264722166,,-0.4523401539238005,-0.41464983559135754,-0.4366573947651316,-0.41826780112958256,-0.3338882815477386,-0.2860407063443701,-0.401665971295789,-0.25397824944081626,-0.2848050578941295,-0.3860265046733349,-0.3475766352138028,-0.22046924510229474,-0.30835480918005725,-0.09281977859302039,-0.2766793896217528,-0.3196638420398117,,-0.049667055673546456,-0.1994274417191161,-0.18623462259618054,-0.20326065558027548,-0.18568019237191788,-0.1339825509340892,-0.1482506100248151,-0.18579584841972124,-0.11726441001644622,-0.1418396193733909,-0.1736983470861808,-0.1381025762088768,-0.1254815141211282,-0.12405723938045125,0.06723156918826087,-0.117755421989222,-0.1542651345604775,0.5450593949191618,0.5753118266029661,0.5655988292350147,0.6021621150465654,0.08583352469435176,0.2741139260570154,0.1606504977751998,0.5620793387410817,0.5643900446075666,0.6277670721383767,0.7512000182530928,0.5829293442552148,0.6869383462549069,0.5014342965957528,0.594494057908639,0.680190242467942,0.5604161276919357,0.5577246724733913,0.660534268508046,0.5656213773378916,0.2183915740204418,0.5629603872607186,0.9219046141386598,0.9391743996401865,1.0,0.48633587813619367,0.5373276339000282,0.49671842698303054,0.5597214087844802,0.10715531387837042,0.13751636123040417,0.08244852757718142,0.5640074490786818,0.5863719723254652,0.616987696536757,0.5825508984505612,0.5778149713609717,0.5563081042739306,0.6321985229142584,0.5314607671020052,0.46256906311904267,0.43363681857722997,0.4873267601010279,0.23063335371721264,0.5921074834032478,0.17818020199651244,0.5901819697810563,0.41777407144993445,0.47679177868514233,0.5503817256798039,-0.35669104761626236,-0.18890664577137947,-0.26728218748360866,-0.312778905230212,-0.2147990094476325,-0.26595166860459085,-0.24236015271220004,-0.10731939875388817,-0.053635694531200276,-0.11573141733950072,-0.10797957772393302,-0.04949940831289822,-0.016738389132651,-0.09762777776222153,-0.12403098524636481,-0.15770889669706356,-0.07287232800014193,-0.11612390854217491,-0.11769715253426496,-0.007724439685154612,-0.052390761796583016,,,-0.02423521960808227,0.15456050614146513,0.07983902895327397,,,-0.015727932792858158,0.05634259326913382,-0.09589841584023333,0.022785214692727273,0.01718493577926127,-0.007724439685154612,0.05628304529888353,0.04643125095914022,0.28863591522594056,-0.005119863936478177,-0.02541754708061926,0.06462585035500402,0.04014298293303249,0.047749956494830374,0.0018548283208727357,0.2545563599003896,-0.02382992686420319,-0.02708628891550051,-0.01929646033721762,0.019988021509257107,,-0.06466541756488851,0.07277383425935889,-0.028430722906664298,0.5380543227266225,0.03292977546953496,-0.007724439685154608,-0.06610521162345366,0.11395934126575143,0.03966598991273796,,0.08518023114506987,0.03723640833620836,0.021352949613527017,-0.017735727454939402,,-0.0490294658966907,-0.01925819806220612,0.10311350470275454,0.07891558285737335,-0.0343741639395297,-0.024851282973907828,0.26863058592080313,-0.05921996252900779,0.03860642416742268,0.25317620157364074,-0.06288087995608313,-0.04069733352465486,-0.007724439685154608,,,,,,,,,-0.007724439685154608,-0.007724439685154615,,,-0.007724439685154616,0.0446973837682903,-0.0077244396851546175,0.03248650971836528,-0.019557250941010143,-0.007724439685154614,-0.014661793095667168,,-0.011647246998716696,0.0014463896213208554,0.0704990873112272,0.036943819188010554,0.011692543065466264,,0.005081181231334085,0.006676643911562707,0.010622781005387216,0.0280861881354168,0.10180105037055677,-0.007724439685154612,-0.027684669656303874,0.047368269890725255,,
post_W,0.2670901147266135,0.16100842401793927,0.2800050755799558,0.26896074933543757,0.2364382245665378,0.18580502018607536,-0.23661538130703522,,-0.2720807724602649,-0.2551461316325444,-0.2685229146084215,-0.2620953798095934,-0.20147855214369123,-0.18253597931246485,-0.24610703182047844,-0.16194479892013677,-0.18775743957089025,-0.23787070002612487,-0.20048598858425157,-0.14922311901521923,-0.19602609141638078,-0.007815906893645443,-0.1856094065752816,-0.20920199748557997,,0.1023315141177421,-0.08055636014397537,-0.09625758968267618,-0.10393754565384512,-0.10216594378240222,-0.0663010349398019,-0.08763604264337971,-0.0938707057299807,-0.06503926338279427,-0.09299876718627369,-0.08893545868477662,-0.01846385916060732,-0.08165051296088996,-0.07572010115852339,0.2111455704210426,-0.07479664747795893,-0.06915665680875904,0.558331630872961,0.4675385034259347,0.41798220387735024,0.5305402924810667,0.3063966330553145,0.4390352317466307,0.15559508541441178,0.5223463656962359,0.5026344912349012,0.5062719854313044,0.5218921356995659,0.49378640202717133,0.5921458022156278,0.35541452815826224,0.37568086864774086,0.36056767847803806,0.4388170146695202,0.4330464102249208,0.3868159388246519,0.5176328074754912,0.1597671276683863,0.4800653423797233,0.47477685820596316,0.4686112198245948,0.48633587813619367,1.0,0.7071581482010869,0.6602881558280085,0.8662478032012993,0.5772275644551527,0.5023299919261262,0.19253041577569188,0.9237756923874311,0.8962729507135043,0.8294908632531723,0.767555851001477,0.8539312104755181,0.8990525446627201,0.7208709896650293,0.511612240775176,0.5784549611263057,0.5977097543626818,0.6213090480272179,0.25948851424224234,0.9075797237271851,0.26512986275648537,0.8269560367603007,0.6827018346294921,0.607716918603946,0.7915508415718394,-0.21899702923265837,-0.1345927844754972,-0.17591537107232752,-0.20640318218074624,-0.11951665135119448,-0.1589902251335934,-0.15916161342000856,-0.07260799260461152,-0.036282598572361206,-0.07830948091142755,-0.07305887448724145,-0.033484551231858506,0.1202314005512475,0.034386482625881246,0.004280396007960648,-0.09685794459520056,0.02083765182500614,-0.019423348774370464,-0.06549771746477581,-0.005225302790287361,-0.03547231924474237,,,0.1538868086602942,0.191382481653058,0.1965708750498249,,,0.028667425880702754,0.21953658600457832,0.05354720155879557,0.03316790475444399,-0.007390798909310408,-0.005225302790287357,0.09207359306517308,0.058888443263494024,0.4098869827171554,0.01776644030032784,-0.017194047088991186,0.07180265332803377,0.07460360635444596,0.09708828860858587,0.07113009164962034,0.3571689988399842,-0.01765141271944521,-0.017033835961860536,-0.013053354308211496,0.010963123724820872,,-0.001494969567544634,0.14036140266273803,-0.01923235105577834,0.48837440969002466,0.19826703799082576,-0.005225302790287358,-0.04724871737260709,0.10600701833575461,0.045359465851748805,,0.1332192092871275,0.07772713119559199,0.017160764366880223,-0.01867967505435415,,-0.026266161362216142,0.10029274223756754,0.07381251961130245,0.07664463507132241,0.008503907828256484,0.03888908654222942,0.4199581156506238,-0.04006015297630525,0.14414776687691763,0.119877513738384,-0.042536630601403856,0.0026609692437276683,-0.0052253027902873575,,,,,,,,,-0.005225302790287358,-0.005225302790287363,,,-0.005225302790287361,-0.005225302790287358,-0.005225302790287364,0.15175777574009522,-0.013229769676215045,-0.005225302790287362,-0.009918170313459037,,-0.007878939408191125,0.013159523674877814,0.0396710003855134,0.08345267797027077,-0.0061682613264468205,,0.03216040390147977,0.0023608072515446084,0.0038236507814089203,0.045789124349438035,0.13879970553086451,-0.005225302790287363,-0.018727673138711768,0.21741454145100453,,
post_L,0.2762574046507115,0.1590909713164888,0.2172366556967599,0.16463119718758387,0.22345992162062242,0.17718270659368382,-0.2729487739778519,,-0.3048657292942556,-0.2871032254840276,-0.3015118098451029,-0.2942328481747575,-0.22395533292501113,-0.20936664013682563,-0.27790648160008447,-0.17855241185686585,-0.21302879936967073,-0.2704481303478787,-0.22567894079933806,-0.16653294982128095,-0.21932667609252646,-0.018723175707346055,-0.20786176438133946,-0.23451387751171482,,0.06588462804036761,-0.10204365722093549,-0.11757837144991716,-0.1270640757754946,-0.12101348243034911,-0.06973947699853361,-0.10707942474742553,-0.11638167578712594,-0.07575950130275225,-0.10806430234599566,-0.10878221563737163,-0.04014884036447958,-0.09422605694761449,-0.09175626491517501,0.17702181385627114,-0.08609655628225833,-0.09990324046865881,0.5992057892316383,0.5206904260038587,0.4498656863309515,0.5800325055490889,0.3289397066035746,0.4574217523684194,0.14637736874338592,0.5667667197669816,0.551299563651205,0.556685950387517,0.5636063775287606,0.5327359092472133,0.6201678963390223,0.3833858118958089,0.4128117187939746,0.3988444389275018,0.4703368398627826,0.5006399116700572,0.43068083096857124,0.5628556154854307,0.16369377781792227,0.5319584102910266,0.5144421171269259,0.5084270675217686,0.5373276339000282,0.7071581482010869,1.0,0.6171064027846643,0.834159796557441,0.5143308876742851,0.37742850485342067,0.13312726475976078,0.850225596768677,0.8725064555656586,0.8729300408104315,0.7871068885433093,0.8168600082416773,0.7939957003572644,0.7291193363520297,0.5919324945409373,0.637740315157684,0.5308653405112521,0.6223448287349554,0.2717286078779708,0.8298028348051328,0.22552541003245494,0.8898865226970901,0.6968004685472116,0.5822701421505454,0.7276334324402024,-0.25328477648083597,-0.15304344674634254,-0.19645259152110092,-0.2298624101070812,-0.13247805362934897,-0.17477412391170893,-0.17719026072898603,-0.08076150827821184,-0.04050350494122001,-0.08741955019331343,-0.08155811877399882,-0.03737994905655001,0.07922805016542392,0.005081085285699069,-0.030544017288636146,-0.11278955610001466,0.003502270968491984,-0.03599264028142366,-0.07695372799389794,-0.005833184107904462,-0.03959896243210145,,,0.11587377477982186,0.17535283041061364,0.11217164035171175,,,0.004219442947069687,0.13665504309479334,0.028543080947008876,0.05460805354449702,-0.00825060144316272,-0.005833184107904469,0.050346177443896835,0.0318856358793564,0.40713516390134735,0.028397786716668493,-0.01919430246539809,0.049663481796615956,0.03265554546271832,0.05567828721867014,0.005149470109126025,0.3125388328693905,-0.0160834667815507,-0.007678223099785856,-0.01457190558354577,-0.0034255761353088297,,-0.006357790498208053,0.051286243396073156,-0.02146973085363269,0.49138059241469534,0.191804011658251,-0.005833184107904468,-0.060115668308356664,0.10213192832180162,0.06991525049700688,,0.1034294961564182,0.03359316397135564,0.0033609533989655696,-0.010862557523273692,,-0.025755051103497358,0.07797616778087214,0.07577165072237264,0.07104763710680692,0.003843545458660771,0.019638978094455698,0.4003710080623505,-0.044720518040784134,0.08624215140598707,0.13316990702798773,-0.04748509466075669,0.022321416284940717,-0.005833184107904466,,,,,,,,,-0.005833184107904467,-0.005833184107904464,,,-0.005833184107904463,0.010651473007845849,-0.005833184107904465,0.0461195081618266,-0.014768844088801553,-0.005833184107904462,-0.011071992528260277,,-0.008795529366916407,-0.0029745940169050313,0.05978453803646655,0.0383820209028212,-0.012019047775603616,,0.008934142495734173,-0.002974594016905023,-0.0034255761353088067,0.016455096492496955,0.08672401204764638,-0.005833184107904463,-0.020906341644702026,0.13485812483601053,,
pitching_post_G,0.4021911705384104,0.31047703366893326,0.22678890692830114,0.20588104706776267,0.2513487557137401,0.2033660825775555,-0.27494784711229014,,-0.38939665667973405,-0.35376763996449806,-0.37390923105847157,-0.360409289189535,-0.27982128444655824,-0.24730215708944744,-0.3427962431060771,-0.2168965019711724,-0.24860438056388906,-0.3298353247999507,-0.314163086443324,-0.19295201747728455,-0.266143093929921,-0.12904692687264216,-0.2472326653051548,-0.28332603232139764,,0.18400067859110647,-0.1582377494205445,-0.15344439588795186,-0.16708220867080714,-0.1546860457524062,-0.1053842943517885,-0.1265773674981138,-0.15111126316945528,-0.09561086204287024,-0.12467960339505799,-0.14258087623160612,-0.10448111136212948,-0.10896076945951969,-0.10665632602913735,0.0654938651408897,-0.10412077443300627,-0.12539144013705844,0.42834228894217363,0.3960592482651927,0.6402101584179954,0.34089740929860474,0.13358369223744676,0.22843935061371973,0.4606893969548493,0.41572894257680926,0.3983629526150196,0.41891084338091494,0.4658966117510335,0.42397894657782975,0.5193374294948676,0.43441751965378805,0.4904246515642641,0.4912146759163753,0.3966715789950306,0.4017205718993625,0.3861645068849508,0.41440834370133967,0.5050692569110806,0.3864831937110938,0.4950639822952305,0.5049878349697993,0.49671842698303054,0.6602881558280085,0.6171064027846643,1.0,0.5180558867644353,0.2612939468074249,0.22530034512029842,0.5246821004665865,0.7307178746017082,0.7132699183162857,0.684320499654685,0.6251071441950058,0.7228490070461168,0.752709460968444,0.885819801622781,0.6890183832856718,0.6717442026579451,0.5609175521365888,0.5613642639069263,0.22515164261243895,0.7321630328116987,0.7040627291389673,0.6729937289392962,0.5892929218708945,0.5790882399724494,0.6342991981693296,-0.24721169100087578,-0.2309304642894867,-0.26355135165573224,-0.2744194429362249,-0.190300225506449,-0.23081682337302464,-0.21495011533355857,-0.09381789309830582,-0.0469385791385887,-0.10130850357181674,-0.09451582568035562,-0.04331876215486946,0.21794798752009392,-0.08247716306417054,-0.0713944559676179,-0.13417477523124402,-0.0323461299604037,-0.06767443443462398,-0.09669484395687802,-0.006759942732763045,-0.045890325655091616,,,0.04642178960509901,0.15908811143830057,0.14472726309183528,,,0.025744510291621774,0.12713942842046788,-0.024309983733513067,0.018379392186645273,-0.002726390384544337,-0.00675994273276305,0.05790188008590351,0.12579611203811597,0.253514315720296,-0.025151740293178147,-0.02224383510981562,0.02735054558110956,0.04019056871176304,0.08416837719887228,0.07119397949821851,0.2069277400496745,-0.015085158599581573,-0.012257019549323386,-0.016887045810626108,-0.007079885288799162,,-0.02855100933660438,0.06988410826454848,-0.02488077666907923,0.3418815787663807,0.09702835578424507,-0.0067599427327630374,-0.0711021573529096,0.04289057485672281,0.18727431021893262,,0.31482506882745337,0.02525935318425239,0.011239257311300866,-0.02839724383339218,,-0.05457933461092912,-0.004484600573479969,0.046497564864344455,0.2042683169901375,-0.015297858392374563,-0.0015568316331364784,0.2407733914404644,-0.05182557850789329,0.32608429348952006,0.1337641893451737,-0.05502938268853362,-0.01060375157186814,-0.006759942732763041,,,,,,,,,-0.006759942732763038,-0.006759942732763045,,,-0.006759942732763041,-0.0003167670074176134,-0.0067599427327630435,0.3496252677256263,-0.017115273309155007,-0.0067599427327630435,-0.012831077168847928,,-0.010192936434857395,-0.002057578674244468,0.02423114622464212,0.038283859385769656,-0.013853228282987748,,0.012474965781453065,-0.011807492986897246,0.004200731938020887,0.11606087103522288,0.06634928402602029,-0.006759942732763044,-0.024227877888897104,0.11944601603770218,,
post_GS,0.2522903330271835,0.15974632806313535,0.2341346624966061,0.20572483843815736,0.2224104045738368,0.1760075620120421,-0.24705576492638337,,-0.2500131435485838,-0.23868380998271763,-0.2502300671110184,-0.24481129142879407,-0.18860397900369497,-0.17371138052929472,-0.23064427542589866,-0.1512315733155352,-0.17818816720643965,-0.22396257885215157,-0.1741328247563193,-0.14089621403412617,-0.18319871206887084,0.02915222161731862,-0.17239183309155467,-0.19383296008933548,,0.05503729022655461,-0.06914644023308268,-0.09087106487414869,-0.09674186479900113,-0.09471552718096171,-0.05899895249852179,-0.08583227477859749,-0.08918446784823662,-0.061011665445283705,-0.08984613470357813,-0.08316548608103498,-0.0028675581216587114,-0.07834764605268632,-0.07240275367852023,0.2395174255528365,-0.06749488966195996,-0.06733460155976773,0.6031484182540543,0.5055147782706289,0.3362830093509679,0.6242451550340612,0.3244994093313165,0.48144818260463673,-0.017175365783252846,0.5646773651193717,0.5482149367240867,0.5577608697999761,0.5795317965206785,0.5301657047807186,0.6321676607818044,0.33415480035445433,0.36031380381403094,0.33282425873800936,0.4657385157852763,0.48469230065401747,0.42610876336089454,0.5602872227086055,-0.015142664478173404,0.5282615920894506,0.5194734271954093,0.5157781915926212,0.5597214087844802,0.8662478032012993,0.834159796557441,0.5180558867644353,1.0,0.5457403873456907,0.4556514740085832,0.01333904345838789,0.941495160535935,0.9474746184713887,0.9280484667475385,0.8561837893680543,0.8898655053419686,0.8936173671137136,0.6954723707444834,0.5263559789832888,0.5507331219872741,0.605826515544996,0.6530379290581245,0.3096598483460537,0.9291438212505828,0.0427485401431294,0.9265595696945388,0.6975959689026248,0.62107272826238,0.820689400332252,-0.23214188910200212,-0.09918958211162078,-0.150972809227685,-0.19300212406027017,-0.10443173837316068,-0.1441350961270065,-0.14775103123587807,-0.0686060668713772,-0.03428281508177451,-0.07399330695352434,-0.06903209755314064,-0.03163898736989789,0.06711407898894028,0.06884863278306978,0.01337303934550725,-0.09047685656308486,0.029794517746508473,-0.010844635454274837,-0.058790390412127275,-0.0049373004237398665,-0.033517195819473315,,,0.13281009592681542,0.18919061280247496,0.16929366732797757,,,0.026891817955151765,0.16936515516261033,0.03369598632131141,0.03544336922511383,-0.006983441161446578,-0.00493730042373988,0.09592180282063209,0.029789900398307007,0.4641080930439219,0.03907154835325063,-0.0162463649256986,0.083652782938404,0.0656510903506673,0.0870757865973021,0.04291807034426983,0.39517936998618497,-0.01740935906145782,-0.014607522528559723,-0.012333894195940916,0.00020698541207019006,,-0.002355033413987851,0.12525620191167813,-0.01817232394526669,0.5847084083506602,0.20823224118407482,-0.004937300423739876,-0.04325522678249418,0.13522464775607224,-0.01872661848271124,,-0.007658512317626401,0.07819575839773706,0.016074656004764196,-0.00917735213463811,,-0.01616557674861274,0.11596339817669814,0.08919831681095666,-0.024898916103707962,0.005133589070718827,0.044188982822359876,0.46790864947683575,-0.03785216248762472,0.01819065808379272,0.14412867008785743,-0.04019214440226294,0.009812328259637081,-0.004937300423739874,,,,,,,,,-0.004937300423739877,-0.004937300423739868,,,-0.004937300423739872,0.00850469080313859,-0.004937300423739873,0.02991543341774857,-0.012500586099961703,-0.004937300423739868,-0.009371511749020065,,-0.007444676880924542,0.014893767781827317,0.05929017156588745,0.059560968473785995,-0.005857582562775867,,0.014734962303295431,-0.00036170578898724233,0.00020698541207020242,-0.01104674627908118,0.12244559487681028,-0.004937300423739867,-0.01769546229843219,0.1715268981279661,,
post_CG,-0.022959525519758144,-0.04982802478391077,0.2609280795379968,0.20510196161359845,0.12168013029524906,0.07664712245117211,-0.16044510817649685,,-0.14323474788128285,-0.1393911271430692,-0.1486451503120537,-0.15110498885156887,-0.09561274550252226,-0.11477004323326416,-0.13487055013030128,-0.0879760146562044,-0.12556160597718213,-0.13539272844093178,-0.1018292817855634,-0.10182763668774564,-0.11582424732697626,0.014353481721544464,-0.1265709103517306,-0.14021543179971202,,0.00602194771839158,-0.017250436612075704,-0.040468640506639654,-0.04602544978683002,-0.05726021683121069,0.002519826212330233,-0.051947770893143466,-0.038517893593747826,-0.02460183103458346,-0.062156144454882566,-0.03797925235771451,0.00935165986540797,-0.053433145903708935,-0.052510490350170455,0.10460016493680445,-0.05555079866885333,-0.037579782583964945,0.5228434686474972,0.40758945580893413,0.2550461590627243,0.46282631821852344,0.5635283374568796,0.5811280309672366,0.0015318258217803665,0.48009412819519603,0.4582911994203278,0.41110625667385997,0.2821453251174796,0.4166787393557877,0.4151576801761573,0.22406636175143663,0.2203931573118196,0.09627019851134622,0.3858232395924664,0.35460896262522484,0.16618663898641445,0.47242155460576296,0.01786607064462438,0.437224651424756,0.12685915402367615,0.10658709793173186,0.10715531387837042,0.5772275644551527,0.5143308876742851,0.2612939468074249,0.5457403873456907,1.0,0.6469947750173236,0.016872469334653282,0.6059591506825586,0.5698457643321138,0.4623387475527761,0.3458096102411413,0.47793425496495345,0.496697534998235,0.23256194878099956,0.15359255233187227,0.22540211596402737,0.23652726118594444,0.2482171268500104,0.08085277394493079,0.4859236620484895,0.026597025381320416,0.5487146779952928,0.4805336085960519,0.27456111665234195,0.35924032119654464,-0.15056239454335404,-0.11330099015832563,-0.11151852363123671,-0.13130333531019986,-0.04897069064731413,-0.07203467277430127,-0.10196602979075048,-0.049550277328878824,-0.024760536092257934,-0.05344117579137325,-0.049857975166615956,-0.022851049040932502,-0.013047301563169293,-0.002380617574509736,-0.016676299712671983,-0.06904359040531152,0.010198380393099381,-0.0102778518833905,-0.04705371834086291,-0.0035659325247570425,-0.024207572651772598,,,0.19620120884008524,0.12069347097966925,0.0506295168500252,,,-0.0070490811048739156,0.16404894986062654,0.16541312874421493,0.0225025400917187,-0.005043744118261802,-0.00356593252475704,0.018784518655504356,0.004749358248783244,0.2003872647520477,0.005620259853960994,-0.011733829446363236,0.02396502856388817,0.021318662626534514,0.006733005382033773,0.0022840226526409544,0.09491492676851422,-0.013098211722316108,-0.01599282030535213,-0.008908073379278552,0.014219074772429868,,0.029080740790872316,0.03438262584124897,-0.013124840590065386,0.14634472425694472,0.29367557038290176,-0.0035659325247570438,-0.028509776891131943,0.010102702715272069,-0.014072503797644315,,-0.015725721398628652,0.021534533961097682,-0.016887797177613614,-0.018606216239822095,,-0.02985248035402154,0.08004429729641972,0.015315286458538446,-0.0212837963540791,0.0345918890839808,0.046647016871074205,0.25067585335563397,-0.02733847361161128,-0.004223279905512043,0.02628823466459273,-0.02902851004865515,0.015609087648252003,-0.003565932524757047,,,,,,,,,-0.0035659325247570438,-0.0035659325247570425,,,-0.0035659325247570472,-0.003565932524757042,-0.0035659325247570472,0.002313166289718195,-0.009028465502735982,-0.0035659325247570433,-0.0067685122807779755,,-0.005376868561278865,-0.009443043551110501,0.026140353041886343,0.01005139704426417,-0.0035872357696050453,,0.006148750845755138,-0.001368312214024959,-0.007135065348104377,-0.007978439322814442,0.0435811548919662,-0.003565932524757042,-0.012780430424526307,0.167765068241511,,
post_SHO,0.01467409279789545,-0.020473956103531758,0.2016300403997662,0.1724654932898667,0.10190786320386083,0.07253509467213462,-0.1329436621425079,,-0.123663017186055,-0.11956649035348176,-0.12637811477539948,-0.12616217088277185,-0.09218164307807585,-0.08731448417662478,-0.11463545392998091,-0.08071129089931997,-0.095119413605609,-0.11175091089455974,-0.07953238376335574,-0.07950597394224625,-0.09461720698266457,0.021097588392714663,-0.09596656437422463,-0.1073132174762464,,0.006630926633112315,-0.025764120915377216,-0.03903494588493399,-0.04554027117663289,-0.05264422526335296,-0.03240845702960446,-0.035001922855337035,-0.03928753166432667,-0.03204739414157346,-0.04439389088418868,-0.029983391644415262,0.019073377415550485,-0.04256385520462767,-0.040728640528733574,0.1268636068875589,-0.037936693234816375,-0.032799068126608245,0.3775698403726595,0.29289420418643264,0.19288889301990206,0.3481236223882492,0.343202287639399,0.4329446461361992,0.0028855823959433144,0.3471207431262991,0.32737582261469333,0.3018457083479367,0.2517463770222815,0.3081437615481572,0.33526979399702506,0.20311310658472423,0.1692567971525979,0.12416315280484208,0.27869236983139734,0.25749706837902314,0.1793046271587157,0.3404887953655792,0.010986486545591931,0.3053636765980957,0.15275568223876682,0.1311321364614579,0.13751636123040417,0.5023299919261262,0.37742850485342067,0.22530034512029842,0.4556514740085832,0.6469947750173236,1.0,0.011971624544461771,0.4898690264763442,0.43566182550803323,0.35816828691782776,0.3235076512803291,0.3888033079418722,0.448849232837503,0.22146342119407228,0.13268965757830006,0.19944759243400462,0.2562507292318329,0.2289333225757199,0.08467465640302704,0.455223835404217,0.024308011739462523,0.37749665040281233,0.37406892072999914,0.2802189690413193,0.349946026581378,-0.12481359225687774,-0.07401860723336112,-0.09028099885013655,-0.10786821935657835,-0.045765131366202846,-0.07069668219971298,-0.08241536868713119,-0.03867640628417896,-0.019326805122846534,-0.04171344215679594,-0.03891657944216357,-0.017836357420581202,0.011984421273213664,0.017536901780756984,0.002417621761714136,-0.051010045369953204,0.014677863465041865,0.004054695139933902,-0.03678229547975225,-0.0027833841210226857,-0.018895190208916716,,,0.1376724578192087,0.0902167279962371,0.09466659750235791,,,0.0111640586226802,0.2557197851733269,0.11143536895271111,0.0391385534060836,-0.003936888090788526,-0.0027833841210226874,0.04008759640808645,-0.011228445597046536,0.25148402106033024,-0.0027157037880784886,-0.009158825730170246,0.03801554086422331,0.03949172865948213,0.020167353913634212,0.015557549674705762,0.1883815641572605,-0.010223792589617732,-0.012483175657206013,-0.006953185406804102,0.032306271998880504,,0.02859062082825696,0.07439957217013433,-0.010244577718651815,0.18083054408239418,0.24027226945471952,-0.002783384121022682,-0.02439152802776744,0.0433347733134346,-0.010984275036461407,,-0.008877067953048679,0.027372755123263637,-0.01515358935326607,-0.010823778974614036,,-0.017797173007028582,0.0761081374350381,0.04128756013770886,-0.01661304031855186,0.029731929725197923,0.05296934875508766,0.3014971008421203,-0.021339010992290425,0.005032376349438214,0.020928015577753048,-0.022658166795200024,0.0402254787840957,-0.0027833841210226874,,,,,,,,,-0.0027833841210226826,-0.002783384121022687,,,-0.002783384121022689,-0.0027833841210226874,-0.0027833841210226904,0.01106109280998143,-0.007047157326463573,-0.0027833841210226857,-0.005283153698077345,,-0.0041969079533576755,-0.007370755697649492,0.05504603812903458,0.049611191387985566,-0.008360155544088888,,0.03890595802461124,0.02127331928996396,-0.005569266231061414,-0.006227560720088964,0.17878405867303843,-0.002783384121022687,-0.009975748799645431,0.2495592338609503,,
post_SV,0.17036766937129896,0.10197605464878326,0.10516812913159126,0.1066673684131592,0.08829402980004794,0.0656094615548259,-0.05249308028744287,,-0.12562724905264855,-0.11128715720719166,-0.1183274493455935,-0.11337080305869619,-0.08798470779307209,-0.07640690885687813,-0.10803050895590985,-0.06706303637320662,-0.07613296876008292,-0.10298253514931918,-0.10777272881826966,-0.058564056724984666,-0.0828400374632459,-0.06936719732786545,-0.07709560585326454,-0.08936227571159724,,0.14248566475018098,-0.05548901900867015,-0.05026675926325905,-0.05469034016777967,-0.050387740466734464,-0.034486311873501825,-0.04042520524832748,-0.05041906536832943,-0.029224671620165128,-0.038133612582606564,-0.04705686642659027,-0.044225073882663425,-0.03333233372743335,-0.032897331238474284,-0.019739295148821296,-0.035088434012928764,-0.042262589329476304,0.0792742951075151,0.08063370697750999,0.2759094499343854,0.0029014725913282424,-0.0010643710990950023,0.005148695847192428,0.6044271932400354,0.07793048150785088,0.06491844002296111,0.06335313106625388,0.07755848143465585,0.07918972130507883,0.1248162779465621,0.11697686501188502,0.12311811876034764,0.18687365669380832,0.07572602463020003,0.07052749717272862,0.07398203893971558,0.0758941502420144,0.4819780813714703,0.056130738655555346,0.1137187180350962,0.11210947920155366,0.08244852757718142,0.19253041577569188,0.13312726475976078,0.5246821004665865,0.01333904345838789,0.016872469334653282,0.011971624544461771,1.0,0.2237593129246834,0.17983625314892435,0.12060258825060355,0.11000965032184673,0.17737442511750376,0.25521904442845783,0.318955411293791,0.1765417818253161,0.24604273018022152,0.17446437218609936,0.1453989940062082,0.021938575174335125,0.2154770433777293,0.9047853870999,0.11795633189568659,0.1868489330523376,0.16495414096950634,0.1519164298081018,-0.0413775838898971,-0.09061787510159144,-0.08808239155108893,-0.08469167371650119,-0.06463650204920841,-0.07457623141482794,-0.06757565013713031,-0.028496861728136556,-0.01424003277827009,-0.03073455647902556,-0.0286738218423625,-0.01314186761337858,0.15866484077056528,-0.05541599520618706,-0.02107596386579118,-0.038972051042944086,-0.012313108095581704,-0.02787978955479855,-0.029006846507927356,-0.0020508035790677967,-0.0139220179546671,,,0.0678220321577756,0.06899228313791933,0.16095791114113867,,,0.07664152523303579,0.12105688467644814,-0.013429847030543951,0.014299124088063638,-0.0029007078563098162,-0.002050803579067802,0.02124715075796831,0.2198342697771739,0.04167604081058903,-0.019515771831356554,-0.006748243063408027,-0.0015313700952271814,0.006313688095665472,0.1082350669963568,0.12668012903550052,0.007421916594090895,0.019069739936749156,0.0018461274599582953,-0.00512312239280739,-0.004103447681969818,,0.010394092702751415,0.02474528613422082,-0.0075482275309272946,0.048178436611183255,0.007646668988425848,-0.002050803579067801,-0.023038270155063868,0.0324925353182194,0.32693584241422996,,0.5533791425983027,-0.0037281664464096148,0.0043782813691727734,-0.005875888815558556,,-0.022235820681545684,-0.015276916671322454,0.05046401351827307,0.3548847757064683,-0.0068432734944277535,-0.009362380621727284,0.025426113749297333,-0.01572263051521504,0.5926017093800926,0.041105871515695974,-0.016694587429649497,0.0007593122463079973,-0.002050803579067801,,,,,,,,,-0.0020508035790678,-0.0020508035790677967,,,-0.002050803579067799,-0.0020508035790678023,-0.0020508035790677997,0.7199079575343895,-0.005192361111140953,-0.002050803579067797,-0.0038926393345958,,-0.003092291066387769,-0.005430789107045706,0.0016797359068768728,-0.002900707856309821,-0.0006811453851395898,,-0.0035531583838269024,-0.005430789107045695,-0.004103447681969817,0.03948727779809715,-0.005027180971894043,-0.0020508035790677962,-0.007350153788574921,0.10996173075240773,,
post_IPouts,0.3056155200058997,0.19318865215535796,0.28235457872118097,0.24849070206708299,0.2590199826097093,0.20428447891199986,-0.28087202389088356,,-0.31881913871310014,-0.2991692461016042,-0.3148873796838175,-0.3073072118671267,-0.23476799298816908,-0.21589522834508632,-0.28924634147739553,-0.1877777171615753,-0.22112339832384326,-0.2803609728098596,-0.23554990304537693,-0.17449390463596973,-0.2289851366149296,-0.015285448601584964,-0.21727875665944166,-0.24546118474980141,,0.10306839596524221,-0.10018254765454862,-0.11737727673881715,-0.12633199443588944,-0.12317568027490805,-0.07477431136898774,-0.10677849698281759,-0.11532492039349926,-0.07612829998664629,-0.11081947838136766,-0.10830049070707225,-0.03177397400618423,-0.09682321394701686,-0.09122223422939195,0.2082922254222185,-0.08806993602519149,-0.09005120449424459,0.6381269357234168,0.5423727462637039,0.48099908270778796,0.6106708277998636,0.35179957568886633,0.4969892877823155,0.16468541986360155,0.6003512757296354,0.5790606532835053,0.5840440063198723,0.5938768465539799,0.568391023669583,0.6723342347191524,0.4067424172746742,0.4383373671297031,0.4120725529402407,0.5073774558010345,0.5157852034797158,0.45066267915786756,0.5953205274809663,0.17722997515544384,0.556180557215339,0.5459320165870813,0.5382578936305862,0.5640074490786818,0.9237756923874311,0.850225596768677,0.7307178746017082,0.941495160535935,0.6059591506825586,0.4898690264763442,0.2237593129246834,1.0,0.9836440396992501,0.9334833374100838,0.8532337328183985,0.9300742379566324,0.9600283250046313,0.8026395977918702,0.5913451048670564,0.6484889283585041,0.6429555575064461,0.6761532505614409,0.30744601090874474,0.9750903731566178,0.30035413186030974,0.9394063497623963,0.76222637629398,0.6719528143121283,0.8435006823439907,-0.260091005449503,-0.15946791348972272,-0.20576944010395107,-0.24109931483626362,-0.1397452269036829,-0.1847253887120123,-0.18618696225754303,-0.08488791055401723,-0.04243603809394474,-0.09159057635981571,-0.08544947999405511,-0.039163448803146754,0.120685088867135,0.022315135137174567,-0.011125821374994403,-0.11500722450670374,0.015282531386425205,-0.029175212837803374,-0.07787001110142912,-0.006111501297758341,-0.041488337384333406,,,0.14835159851799648,0.20857985568818943,0.1865924246483708,,,0.03153415611552089,0.19807624871681911,0.04361082782056509,0.04023370476674627,-0.007964129460244579,-0.006111501297758336,0.09230853164145048,0.06996517996184033,0.44573472665956554,0.020314483566799022,-0.020110115205842247,0.0656198017874387,0.06685624314108159,0.09928913336090092,0.06747706593991741,0.36185970416209157,-0.0187081850899731,-0.015188831877738238,-0.015267171108824295,0.0010810872391741097,,-0.004593713188236903,0.12142977927309065,-0.022494110514477868,0.5448867532765946,0.2198778130396624,-0.006111501297758341,-0.0564622245851457,0.11655192792488794,0.05644953236739048,,0.12677353420927256,0.07102393943491596,0.01176278552564831,-0.016722205753671462,,-0.0312764311885947,0.0962215589597576,0.07818463993966177,0.0687090873658225,0.005212885140618313,0.03483951447473012,0.44741914244048825,-0.0468542564381469,0.14817397214839625,0.1489613554302299,-0.04975073858034776,0.004588794948054741,-0.0061115012977583415,,,,,,,,,-0.0061115012977583415,-0.00611150129775834,,,-0.006111501297758337,-2.069421978863035e-05,-0.00611150129775834,0.1721893256494718,-0.015473506089545876,-0.006111501297758341,-0.011600267616024517,,-0.009215188162420656,0.010132083060174086,0.05626619254834615,0.06458315317637119,-0.00851391471546052,,0.02069935931219182,-0.0023589770706505062,-0.00020176333349244044,0.02893029913156858,0.11716704871373418,-0.006111501297758339,-0.021903840463364934,0.19404124989345595,,
pitching_post_H,0.30966859523718687,0.19727859153187421,0.26712800047454993,0.22980735554224427,0.2573957803242781,0.20430644932557532,-0.28504998120946906,,-0.32193197659629286,-0.30187733989331195,-0.31766838489633886,-0.30979727705748145,-0.23603234357926628,-0.2185473292496474,-0.2918916907373314,-0.18816311163737837,-0.22352850159616072,-0.2836956061983904,-0.239777110392301,-0.17568632422623595,-0.23124452923719876,-0.01782757538612304,-0.21906890846648358,-0.24717598369113314,,0.09512288845684902,-0.10301641865378586,-0.11927931458999404,-0.12889869928963424,-0.12405329056423692,-0.0743068404357968,-0.10969003812975774,-0.11771443685809072,-0.07644308150615729,-0.11233668183517552,-0.11125084937253019,-0.036789823647837866,-0.09791906580012112,-0.09251325128480452,0.20656968212087126,-0.0893288366136163,-0.09429642157103511,0.6380011599086466,0.546341798969798,0.4784114897365636,0.616190712774326,0.34126822891353803,0.4824002116877153,0.15015860358558186,0.60137136423896,0.5834517832549777,0.5911041689607096,0.6059379051237092,0.5683702531304455,0.6706847499849573,0.4088549573137817,0.44530353754071533,0.4179870052138621,0.5057810554002444,0.520017814083744,0.4580557225158371,0.5970625660258251,0.16698517502619817,0.5621404183241487,0.5579975409839736,0.5548779679526415,0.5863719723254652,0.8962729507135043,0.8725064555656586,0.7132699183162857,0.9474746184713887,0.5698457643321138,0.43566182550803323,0.17983625314892435,0.9836440396992501,1.0,0.96329814569432,0.8722493344241727,0.9229749069614828,0.9355692981950389,0.8286028030244051,0.6328399165943606,0.6471930006329661,0.6324897459665659,0.6764680445567867,0.3180770591086577,0.9626557233498192,0.26368215133993483,0.9690484780402546,0.7506969238739934,0.6788844426925338,0.8487279992921944,-0.2640905522810081,-0.15911728050565732,-0.20597763812396025,-0.2421862925836785,-0.14136474975254285,-0.18579238505647477,-0.18703895953845912,-0.08543480950212744,-0.042729987766211085,-0.09222501400086136,-0.08604137894993723,-0.039434729616756564,0.11125089839297575,0.02143327806550564,-0.01600057039936617,-0.1166728787093086,0.013023738504129455,-0.03270738059440021,-0.07790383204353751,-0.006153834981208105,-0.041775722440167216,,,0.13260820632934472,0.20433839611849608,0.17364836465732697,,,0.020515325987991526,0.16506730534867356,0.03714341133007288,0.037002894261923436,-0.005700265544001277,-0.0061538349812081125,0.08888658525791146,0.053947129718714806,0.43160248651505656,0.022218430723655206,-0.020249415716434273,0.06377217943049168,0.06293025790607709,0.09419149129962578,0.05418253624812691,0.3591687428248233,-0.018588840677107792,-0.015931465229610354,-0.015372925089295634,0.00043497174340195396,,-0.0073952756712380415,0.10579344199962015,-0.02264992469296009,0.5524345089431318,0.21068028044139736,-0.0061538349812081065,-0.05801527234565528,0.11291292809456774,0.045157873551466186,,0.10626352018693665,0.06235545460690845,0.011866080703418899,-0.01922504278163419,,-0.03381819683489125,0.0897141823304075,0.0821087235168947,0.06090616255005238,0.0012627257456865506,0.02755315116032614,0.4323824765433154,-0.04717881061292114,0.11612874839932909,0.1563021036731299,-0.050095356361779544,0.005090201084159048,-0.006153834981208107,,,,,,,,,-0.006153834981208107,-0.006153834981208104,,,-0.006153834981208108,0.0034029999743950506,-0.006153834981208108,0.12653621268349413,-0.01558068932926671,-0.006153834981208106,-0.011680621367625595,,-0.009279020736380974,0.013028675229604015,0.059533931653262796,0.04686750340300171,-0.007143433072467599,,0.010188714000332128,-0.007056813900727911,-0.002752069395480433,0.019017904341483174,0.10291705133368712,-0.006153834981208104,-0.02205556590746342,0.16460872289316586,,
post_ER,0.3204335852903889,0.23010419707890994,0.22873372390637223,0.19606360457184335,0.25337778641979963,0.20579691711722642,-0.2888585929710849,,-0.32695727585862705,-0.3060134473050086,-0.3216216965514393,-0.31229151370150254,-0.2411451864376347,-0.2195434841220251,-0.29606264363876533,-0.1904637564603721,-0.2232311000322709,-0.28726835323463223,-0.24307774431515503,-0.17455623569966142,-0.2324277939214062,-0.025326027396010708,-0.2175955898504078,-0.24599977459040012,,0.0821172223687984,-0.11205486036720844,-0.12458443092301943,-0.13509544963455836,-0.12788321230180294,-0.08377740558469425,-0.11186128093031558,-0.12381297638174403,-0.08000296798687766,-0.1130153748220552,-0.11551557736582319,-0.04484730450145316,-0.09804892897732136,-0.09341023066782718,0.19655894094697998,-0.08791664534710342,-0.09829508685287704,0.6109610967121478,0.5339319068311442,0.4676523207166073,0.6049131956472309,0.28511249929636656,0.43065348436350837,0.13001162603078012,0.5796510754583244,0.5634746541680916,0.5849229729259607,0.6239964867466636,0.5629676325975969,0.667527893057272,0.40836805384813213,0.45129979484414534,0.4264714357951414,0.5013014832623393,0.52442852904858,0.4739086275731975,0.5770140277217202,0.15203234441400762,0.5494052962762066,0.5763240641768481,0.5895799531915855,0.616987696536757,0.8294908632531723,0.8729300408104315,0.684320499654685,0.9280484667475385,0.4623387475527761,0.35816828691782776,0.12060258825060355,0.9334833374100838,0.96329814569432,1.0,0.9106344807628511,0.9239743148301734,0.9019607818480323,0.837372329267665,0.7187174480322922,0.637933085787432,0.6382198832663654,0.6893381035792027,0.3306918757431998,0.9308682735854685,0.21472102413627647,0.982766988180723,0.7048561402177401,0.6705679381320262,0.8122828888384207,-0.26808841629820584,-0.15327451112304674,-0.20541435354955007,-0.24261495254305873,-0.1466159274531906,-0.18976393215775914,-0.187483924692722,-0.0849592888869045,-0.04247699220214696,-0.09167896845632165,-0.08553194545046164,-0.03920124460576859,0.10178493637451105,0.01982189339860614,-0.021978821669014048,-0.11675834170157057,0.005364463448768314,-0.03754943460363195,-0.07923781795279505,-0.006117399376294153,-0.041528376886951664,,,0.10029516706736791,0.19857806241647655,0.15779355349510762,,,0.017849208963317043,0.1403564447683622,0.010761514197144589,0.03723977407839116,-0.001529559597946176,-0.006117399376294137,0.08968792411490834,0.04247653710120213,0.4276470042874423,0.014681318345713113,-0.02012952304576065,0.05919996527256155,0.05735357450548869,0.07341797321355838,0.03534682181428546,0.3493785277102172,-0.019205785873956504,-0.012755031141914737,-0.015281905127493696,-0.00846159472116254,,-0.01391257269209924,0.09569713977509717,-0.022515819097024697,0.5656747441536784,0.17749271790617974,-0.006117399376294141,-0.05785534402533737,0.12027351843892145,0.03519634942759647,,0.07491045407220108,0.06842939232315566,0.018549874046701012,-0.017682269267960647,,-0.0318392827123067,0.07834701411284559,0.07791413183485714,0.04376917366440693,-0.005862778671979252,0.020620548939578,0.4157106485695073,-0.04689947447390344,0.07433363303902854,0.176435195784589,-0.04979875194875965,0.004209089887108994,-0.006117399376294148,,,,,,,,,-0.006117399376294141,-0.006117399376294155,,,-0.0061173993762941485,0.006472598355948584,-0.006117399376294152,0.06878751459753525,-0.015488439237669925,-0.006117399376294155,-0.011611462784953144,,-0.009224081542435805,0.01237741953530412,0.062159643248361575,0.039427937805930464,-0.006609441977646217,,0.01121422224357383,-0.0066739620067193025,0.001614923096084479,0.013355073769346188,0.10125169334205542,-0.006117399376294154,-0.021924979388973375,0.13858089716954683,,
pitching_post_HR,0.3166073057643003,0.22983047613555066,0.1812050111259656,0.15851979036252,0.218271346764088,0.17674377154019869,-0.26246267603149803,,-0.2989191390491273,-0.27822560513735733,-0.2926022524577336,-0.282995435315119,-0.22290745953319022,-0.195958010637594,-0.2690771584565839,-0.17381180363225265,-0.19862147496049287,-0.2595338407394474,-0.2208921804698572,-0.1551739226368049,-0.20953862696009534,-0.0246079060663272,-0.19197457988578417,-0.2182328453245475,,0.07809814404984407,-0.10391775382491567,-0.11419730328507627,-0.1227202109540884,-0.11720660869136108,-0.07747250790636108,-0.09813457576244244,-0.11163140284023447,-0.07391662516355006,-0.09991491197606094,-0.10501445000273077,-0.03856052822412214,-0.08733711687779398,-0.08394860610979193,0.18775614722002912,-0.08068814203729127,-0.0871629702958965,0.5232501975933346,0.45851302425395896,0.407810237365493,0.5321369526754265,0.18998134101086872,0.34680923789041446,0.11848717621876068,0.4962173671367882,0.4828204870021884,0.5138226276149467,0.5981565651125765,0.4793367614478754,0.5993394214265021,0.3503034643920393,0.40257696295527656,0.4004452848485004,0.41698810033248823,0.45378776079780425,0.42280491707373585,0.49404385391773076,0.1261023359685056,0.4705107627868867,0.5431752317387178,0.5643826949283969,0.5825508984505612,0.767555851001477,0.7871068885433093,0.6251071441950058,0.8561837893680543,0.3458096102411413,0.3235076512803291,0.11000965032184673,0.8532337328183985,0.8722493344241727,0.9106344807628511,1.0,0.8377875611559437,0.845006087418369,0.772595641833002,0.6380708531540591,0.5754169574633756,0.5610376039122051,0.6305985258060688,0.28785981043587694,0.8647320946949193,0.19880650262017416,0.8820270170219408,0.6057620416815344,0.6062381969157359,0.7418366363556873,-0.24426436957658054,-0.1274742630104682,-0.18261158576877481,-0.21758701506206982,-0.13831938593442905,-0.17761219776730522,-0.16797221701680154,-0.07551713030077362,-0.0377363100913718,-0.08144705646907824,-0.07598607737752651,-0.03482615518940236,0.10002132379079638,0.0269596656606813,-0.013203422819101737,-0.10335258992738139,0.00226010482931238,-0.038494939358656485,-0.07206299671488377,-0.005434661633243742,-0.03689356582357446,,,0.08949952010142176,0.1655629905138997,0.16773763894140042,,,0.018980808300915586,0.15039632325440536,-0.008724114528290878,0.051092938671569735,-0.007686921291165985,-0.005434661633243734,0.0884277427758366,0.02431598465742614,0.3904537412383341,0.009526572444275102,-0.017882949904533138,0.058998073137057176,0.05758518850484464,0.0746975435654115,0.03718918531245841,0.3045657349218516,-0.01692283955571535,-0.013858787485168599,-0.013576354651798524,-0.0014917676027906882,,-0.01558130531901043,0.10330902682625034,-0.02000292128413951,0.49991126350884263,0.12007973218804635,-0.005434661633243733,-0.052133406079041475,0.11583175881630284,0.04411333410732287,,0.0737843653490927,0.06617231327169139,0.02590977459944266,-0.008704645498018368,,-0.02344575397368816,0.07163471643777015,0.07150479525164499,0.03416596652505076,-0.005926083148303179,0.018090768964497756,0.3646296230616388,-0.04166521733570728,0.08579787914655379,0.1861580341898301,-0.044240918395505514,0.0027774113999145702,-0.005434661633243738,,,,,,,,,-0.005434661633243734,-0.00543466163324374,,,-0.0054346616332437364,0.013321787902427808,-0.005434661633243738,0.05688521793597882,-0.01375983834077926,-0.005434661633243742,-0.0103155552582951,,-0.008194619801160567,0.017538695729884778,0.07097108761591009,0.052004658843484076,-0.00693405694245575,,0.006832494616669041,-0.0037482189350790665,-0.0014917676027906876,0.025609670503781205,0.10928617670604444,-0.005434661633243738,-0.019478022761871033,0.15670202879938588,,
pitching_post_BB,0.31926895185167564,0.2207063313479055,0.25437466384091134,0.23089103847653675,0.24202570195716255,0.19206513508866113,-0.2908150343305671,,-0.3321121623845819,-0.30956481320995427,-0.32599944679032716,-0.31659976830753706,-0.2445790960699919,-0.22056406169652976,-0.29916558474951754,-0.19348152881054567,-0.22562626596981447,-0.2905560612915229,-0.2482130770942675,-0.17750563255845017,-0.23655920784309334,-0.029604435682796536,-0.22132354106843738,-0.25008689586348376,,0.09582794327806651,-0.11152428303380989,-0.12410914222447256,-0.13360370330924065,-0.1288706080693187,-0.08343522758638829,-0.10912182497770867,-0.11960208475523332,-0.08087526671116536,-0.11340136736819398,-0.11478048685334553,-0.04583477838656236,-0.0988198000982753,-0.09351914078869547,0.19341427961605404,-0.08813947408379087,-0.09300601213228167,0.5852870486703059,0.5142409068767549,0.478990802414112,0.5699640529182622,0.2783212206439909,0.42355232101430523,0.16568781816915837,0.5572281068711938,0.5377694471389233,0.5589285854844509,0.5838918664264143,0.5667174481959509,0.6454313458326834,0.40471971137763285,0.4555673236510262,0.4305013469872548,0.5064663525779715,0.5005089109018088,0.4768397373402874,0.5555820302641551,0.18927155537646648,0.5254841261283951,0.5584998147144664,0.555950822453923,0.5778149713609717,0.8539312104755181,0.8168600082416773,0.7228490070461168,0.8898655053419686,0.47793425496495345,0.3888033079418722,0.17737442511750376,0.9300742379566324,0.9229749069614828,0.9239743148301734,0.8377875611559437,1.0,0.9112638210006826,0.8147494173642167,0.6523824381023934,0.7085006620927093,0.6907634588311651,0.6781257559890798,0.330291911772318,0.9295853582462611,0.280279993400136,0.9146793577283087,0.721442570053062,0.6532421892830829,0.8153426984277578,-0.2698807075052302,-0.16677071865247733,-0.2159069331124782,-0.24650761088224163,-0.1523343787263429,-0.19417859019444894,-0.191167222367346,-0.08643017307937147,-0.043214612848132654,-0.09327099031168824,-0.08701722314044805,-0.0398819813027537,0.116530652289891,0.010503787136364426,-0.02379394371196466,-0.11887811070982775,0.0015095660973376026,-0.03836914181808159,-0.08079299028205349,-0.006223629121993199,-0.042249524656556174,,,0.09809270571738453,0.18363520604369948,0.1545395411670853,,,0.012570363408898503,0.1560124637600605,0.016886244787506312,0.02748228605869096,-0.0028372156066580503,-0.0062236291219931955,0.08275727298057058,0.049253703640118954,0.42388701109104626,0.0036607469157033446,-0.02047907585123554,0.05333268192334822,0.048765479631461266,0.07563225797091175,0.05058100266167557,0.3148937577537466,-0.021949022808414872,-0.009626841831056202,-0.015547278171761707,-0.0068267007223592035,,-0.01876590993177045,0.12411353482449863,-0.02290681036467864,0.5235495901346714,0.16843958676540188,-0.006223629121993196,-0.05744700472706499,0.1088940323766028,0.049626946974255355,,0.09727914451842956,0.07321733825978426,0.015369613950916964,-0.00699753706626794,,-0.02404538493675382,0.07966431430690422,0.06165057777473979,0.04740418036773844,-0.005016205984361945,0.032806109634949294,0.4120177769488273,-0.04771389232376413,0.1221656737496463,0.18223754727388627,-0.050663516275925635,-0.0017539158412296736,-0.006223629121993198,,,,,,,,,-0.006223629121993196,-0.006223629121993199,,,-0.006223629121993201,-0.0006000096128953747,-0.0062236291219932025,0.11545248866280085,-0.015757398784085802,-0.006223629121993199,-0.01181309793462465,,-0.009384259385386055,0.009048284396408578,0.03414122104531632,0.046876459612643334,-0.017754861681167584,,0.011951519299722456,-0.011162369535756373,0.00020597803903668388,0.031371568925201314,0.08583611508197406,-0.0062236291219932,-0.022305710618321078,0.15412098809072863,,
pitching_post_SO,0.3296122976861627,0.22852749637930614,0.2471758447769871,0.22379125031807465,0.25261286559963486,0.20234059763811424,-0.26109302232660203,,-0.30741989767112265,-0.287956496508487,-0.30250217002873514,-0.29389494555150686,-0.22826168803060776,-0.20552695557437894,-0.2783095429866776,-0.1802938110687225,-0.20838218445631176,-0.2694536075749975,-0.22625715983060107,-0.16354188131462724,-0.218008533611043,-0.024017364934222706,-0.2032235159485647,-0.23065733603305072,,0.12072559635692635,-0.09999281898711214,-0.11549420179796638,-0.1231346725497944,-0.11891388264682315,-0.08273410260592107,-0.10205474185409642,-0.11357956772028176,-0.07383142374988694,-0.10542365308761817,-0.10677041124525438,-0.0314111255223679,-0.09135809891464551,-0.0866806239997241,0.1975579483537512,-0.08170531314039092,-0.08131412947216539,0.576630407021079,0.4868075701129885,0.4646571420405413,0.5512245853031226,0.27168290149410634,0.42616004019261267,0.19264661763998128,0.5409509988352654,0.5142161329707833,0.5291523858610842,0.5698793551058999,0.5254742776427342,0.6629478694136166,0.38043418761537423,0.41258095769309605,0.4054280748864111,0.48121488847909544,0.4872874552221744,0.44367109511349484,0.5360396742813701,0.19397730520157358,0.49626772036910544,0.5370894607402944,0.5356094288149955,0.5563081042739306,0.8990525446627201,0.7939957003572644,0.752709460968444,0.8936173671137136,0.496697534998235,0.448849232837503,0.25521904442845783,0.9600283250046313,0.9355692981950389,0.9019607818480323,0.845006087418369,0.9112638210006826,1.0,0.8100021704128116,0.602670295022915,0.6430206415659692,0.6714709518221513,0.6750910847031725,0.28346219811125,0.9534885764735427,0.33558139224825023,0.8908479926793579,0.7037382741844475,0.6638570143635681,0.8020778952685518,-0.24105877561588707,-0.1454676378922467,-0.1926593662835128,-0.22824919348587608,-0.13889613059629327,-0.17914904294553588,-0.17660980974787677,-0.07955276850897279,-0.03977577395462995,-0.08584887339381803,-0.08009275496595415,-0.036708339346598014,0.14326089827370536,0.025147839472152902,-0.004794455432366331,-0.10729764248151148,0.011863551827949069,-0.028566779925642584,-0.0742738390352266,-0.005728378639045262,-0.038887483461566036,,,0.14769186195256648,0.2019764560589555,0.18285073577643568,,,0.04080990269434676,0.21470079351140897,0.02168736967004058,0.061972304971251516,-0.007194137406735925,-0.005728378639045271,0.11735499772057109,0.09489636024584594,0.4951108097200111,0.024358340281899264,-0.018849436294178613,0.06769551740422075,0.0733771201082009,0.10821348798493424,0.08737075419949948,0.40564514154905007,-0.017988913527452792,-0.010428113541282374,-0.0143100905321768,-0.004395455604403785,,0.0005587987858601674,0.14082260021001625,-0.021083981807010505,0.5650213001716865,0.23265425248341792,-0.005728378639045264,-0.05175023267013247,0.13850304488423779,0.0764380061451092,,0.14595272275790147,0.08159557336859018,0.0194271310407937,-0.009813743965355705,,-0.027959791302331307,0.10076838204636743,0.06677592280363374,0.06982217014901379,0.0005826343466387584,0.04396470093759056,0.47062928067549187,-0.043917019509932126,0.19217269492565334,0.1430672725820296,-0.04663192467371645,0.005930476928915953,-0.005728378639045269,,,,,,,,,-0.005728378639045262,-0.005728378639045263,,,-0.005728378639045267,-0.0005914526956629003,-0.005728378639045269,0.20378256997594826,-0.014503490621363772,-0.005728378639045262,-0.010873060804751394,,-0.008637499110693994,0.012036992158607047,0.07620244216626947,0.08090364500365577,-0.010348283362535562,,0.038283944602474085,0.001834566481996602,0.00202858320591116,0.04637424712309579,0.1449352065901799,-0.005728378639045261,-0.020530715074775198,0.21385633995137643,,
post_BAOpp,0.4210631842410903,0.3084280665508054,0.21612248467425704,0.20056272217283166,0.2669329550765222,0.2200770150673765,-0.323514316646245,,-0.41640889126959946,-0.3822112355664718,-0.40204213242518105,-0.38736430440922376,-0.30597815732052763,-0.2658100720929036,-0.3696251182551015,-0.23707443006345344,-0.26616972521415716,-0.3555460446609458,-0.32635707568503897,-0.20708728982285324,-0.2865192479291501,-0.10146937966265505,-0.26295305998221813,-0.29999099506178784,,0.12131388142162018,-0.16996472643710026,-0.16760561135420118,-0.18127770234127438,-0.16686479438160343,-0.12253263107649486,-0.13649233367756505,-0.16451726270078978,-0.10707856810837936,-0.13397003009820904,-0.15489781641719305,-0.10320123252728032,-0.11690350973385681,-0.11356413482075225,0.11670701990358656,-0.10882088917320952,-0.13240393250167104,0.5119161496129904,0.47758507081058776,0.6191087355410106,0.4686728417340008,0.1393036832360764,0.28070224760715373,0.3447814184283774,0.4983775764186793,0.4860401630515525,0.5197661533189881,0.5925639712521066,0.5067197247035663,0.6116133758749809,0.48110740520886397,0.5356230204958125,0.5239753784485931,0.4436306859974097,0.4740372219887664,0.47894206485245133,0.4979559748936844,0.3953653963921646,0.4722439476072531,0.6054286273702336,0.6234365856580396,0.6321985229142584,0.7208709896650293,0.7291193363520297,0.885819801622781,0.6954723707444834,0.23256194878099956,0.22146342119407228,0.318955411293791,0.8026395977918702,0.8286028030244051,0.837372329267665,0.772595641833002,0.8147494173642167,0.8100021704128116,1.0,0.831935088187537,0.6951681132126628,0.6105440941444898,0.6432124312778738,0.3020137378840723,0.8374764783491342,0.4902078572289644,0.8040125218744816,0.6467563487254472,0.6566632140251597,0.7416071241262535,-0.29639288075076764,-0.22189856616712145,-0.276635805685571,-0.2951087131261347,-0.19948430119395116,-0.25036908181028883,-0.2288693996796247,-0.10087445912393983,-0.050407501644185455,-0.10879555057021419,-0.10150087041018446,-0.04652016773022653,0.1595765733425386,-0.0550200916086031,-0.06990414463399425,-0.1437068686606916,-0.029067837005340144,-0.06900634362247697,-0.10182324243618834,-0.007259525760468062,-0.049281778621405314,,,0.038255935559075,0.17462992344610798,0.14174722131747078,,,0.007554865366733403,0.09488434054423041,-0.030282954834625574,0.021148466807342725,0.005044268825509108,-0.007259525760468082,0.08235276561223659,0.09252413112637696,0.31789008875595504,-0.010150092197190649,-0.023887731061488875,0.04660664197768294,0.04937937626914667,0.08328467777076136,0.05091577702147381,0.2800105319351256,-0.01875913988270849,-0.015297711176686307,-0.018135056601335516,-0.008216691422094403,,-0.03335203538163765,0.0781066993496428,-0.026719551675226376,0.4582528030298056,0.10715385590660344,-0.0072595257604680654,-0.07386378416183376,0.06682081987869426,0.13917539994821554,,0.20187653790886634,0.04199792697108036,0.01552093432162731,-0.028257375170329096,,-0.05244436047193788,0.01443509978081465,0.0565678323532527,0.12694063866200658,-0.01805585957460409,0.0012473928401981677,0.3021120427702115,-0.05565566708217234,0.20861380499864232,0.16813249339844477,-0.0590962434154793,-0.01307163099106063,-0.007259525760468068,,,,,,,,,-0.0072595257604680654,-0.007259525760468059,,,-0.007259525760468066,0.013390743541182462,-0.00725952576046807,0.20432136393048994,-0.018380150897295732,-0.007259525760468062,-0.013779337921067343,,-0.01094622950946446,0.0028503457078417325,0.047199563779380636,0.030079917851622347,-0.006404541445732731,,0.0015522643491049026,-0.014872729529369978,0.010940086480935522,0.06546965664633633,0.07205644809414734,-0.007259525760468059,-0.026018401428680938,0.09281160524483666,,
post_ERA,0.34878612521420976,0.2691347708557096,0.14011607808237792,0.12511335842996502,0.2151937805818531,0.18278702974179695,-0.2750405115470656,,-0.3537158388152271,-0.3231706701952788,-0.3407648165207634,-0.32757530250070915,-0.257419857049917,-0.22507677196696776,-0.313006942442357,-0.1989817814283968,-0.22589312815520501,-0.3015878928019071,-0.27897993448842084,-0.17507929886573567,-0.2425640940010892,-0.09769786563624884,-0.22294375095355695,-0.2549251225726563,,0.07874415954352415,-0.14896684723551104,-0.1433488583696603,-0.1564043240417677,-0.14330097298049524,-0.10187268058341592,-0.11709170341178786,-0.14179825716656544,-0.09021419816592305,-0.11397124696844343,-0.13304797544609,-0.09750852576839988,-0.09939097623924899,-0.09809177180155365,0.07031280621569834,-0.09289022092925034,-0.11811310589662784,0.4082945231490221,0.39231498185054525,0.5192927437974794,0.37904748300424235,0.09705850898625304,0.20161318374987217,0.28220763087568296,0.40326847783393616,0.3950349780024193,0.43118590357188924,0.4964041350984947,0.4206840330011749,0.5010247549573411,0.39913793694688804,0.4547211377351403,0.43170622999022623,0.37873232664661743,0.4005146464749761,0.41888418517617737,0.4044306258479197,0.3324668941270027,0.3923334255229091,0.5016607608624823,0.5351195640960522,0.5314607671020052,0.511612240775176,0.5919324945409373,0.6890183832856718,0.5263559789832888,0.15359255233187227,0.13268965757830006,0.1765417818253161,0.5913451048670564,0.6328399165943606,0.7187174480322922,0.6380708531540591,0.6523824381023934,0.602670295022915,0.831935088187537,1.0,0.5363436621465134,0.48406571754560096,0.5419469296322098,0.2888568033996255,0.6213055092666282,0.3354696528720822,0.683344105190335,0.4494447395908711,0.5373267482740555,0.5287358631578305,-0.2516398765035875,-0.19043493803495798,-0.2339650988375302,-0.24923328770307124,-0.17244851118636395,-0.2107182552079862,-0.19466773922221706,-0.0852330448058633,-0.04263797655598752,-0.09202642430789126,-0.08585610458361165,-0.039349814142014786,0.10832952072719261,-0.06123649236802844,-0.07533529724719394,-0.1237233550694034,-0.039699960681351905,-0.061436735722796065,-0.09038500357047614,-0.006140583823561286,-0.04168576606571863,,,-0.0011523495992029071,0.1370632499488816,0.08580455096621925,,,-0.00972205847067334,0.04650098985550883,-0.04003605121160819,0.011808151930826015,0.08023078865911597,-0.006140583823561286,0.06464553540659,0.0679666887473416,0.22441087862314493,-0.022696865319786676,-0.0202058123047839,0.02854940369353255,0.03439839860805956,0.04441621944356055,0.0153327743265622,0.19294639598679353,-0.017200133190692038,-0.015228581557145354,-0.01533982230794498,-0.010941487601923117,,-0.03851916177622387,0.04915870477089685,-0.022601152224456883,0.3570532099401485,0.08128352350236623,-0.00614058382356129,-0.06293774276947753,0.052022719474372946,0.14043581480008327,,0.13438054896703377,0.039346789566005756,0.024215297473845935,-0.022795392180789416,,-0.045004942637817597,-0.011596223837748072,0.03844720465729281,0.07758202230211572,-0.019181193034740772,-0.00707965739635874,0.19841647679097724,-0.04707721967671131,0.14329742970983042,0.15795011630454664,-0.04998748517794849,-0.01213423187868201,-0.006140583823561289,,,,,,,,,-0.00614058382356129,-0.0061405838235612875,,,-0.0061405838235612875,0.021251751438531002,-0.0061405838235612875,0.09534464398070895,-0.01554713916564055,-0.006140583823561286,-0.011655469286747886,,-0.009259040063034803,-0.0002568881014493069,0.024513932556417588,0.011370143981172802,-0.011652608460417015,,-0.0017307371128765855,-0.01344248391248602,0.035837383925339035,0.05084109632188181,0.04906997971796919,-0.006140583823561287,-0.022008073281853148,0.04478420529843248,,
pitching_post_IBB,0.3169253633243706,0.18493471007391143,0.1646622272011904,0.14753919219283096,0.19406132488323236,0.1585901628688272,-0.21905561633786028,,-0.282771434234784,-0.2628572796397178,-0.27528896058528646,-0.26605857312387443,-0.21200545716707653,-0.18391093592953836,-0.2538016579258814,-0.1644772000341532,-0.18465618907598982,-0.24641426190131707,-0.21633285353377868,-0.14405307262988837,-0.19753801717395983,-0.037049461865132,-0.17950977541453264,-0.20270165272197216,,0.10666254886138293,-0.10632741459868479,-0.11089726053662441,-0.12060717043729337,-0.10938674033398052,-0.08289006108376872,-0.0930801356468891,-0.1086715391337095,-0.07486116453471563,-0.093317099775208,-0.10360604507353681,-0.051242473478561215,-0.08128476512306783,-0.07799044036500097,0.13308810861995501,-0.0760321859068794,-0.08943517201093566,0.3954870313897988,0.36176561232202076,0.44688639475776976,0.35412223868642867,0.1288282634913722,0.2539562021434891,0.2540302591062663,0.38016568177531584,0.36716429448480037,0.38159531275075864,0.4246884576198601,0.37566394099334843,0.453022243025721,0.3224406932545788,0.3658572576340042,0.4546153730443115,0.3232087389025847,0.3230706156204045,0.3619665851247338,0.3781187821386806,0.29552202905506053,0.34805993568260796,0.4795865830506947,0.4439111310867776,0.46256906311904267,0.5784549611263057,0.637740315157684,0.6717442026579451,0.5507331219872741,0.22540211596402737,0.19944759243400462,0.24604273018022152,0.6484889283585041,0.6471930006329661,0.637933085787432,0.5754169574633756,0.7085006620927093,0.6430206415659692,0.6951681132126628,0.5363436621465134,1.0,0.506255184010962,0.49073242582059756,0.19396429264707385,0.675348153147461,0.38507017953666955,0.6264945378954107,0.5776116208604641,0.4950513533771207,0.628833565864907,-0.2002437584986996,-0.14972161696745354,-0.18778459298491487,-0.20430068481182834,-0.13292431260944185,-0.17125264915606103,-0.15722430145329694,-0.07009993009198506,-0.035029306447408044,-0.07560447466608566,-0.07053523738142103,-0.03232791069292961,0.13376018162013414,-0.024361006484420248,-0.033801466525963185,-0.09757955017951309,-0.004662905134768793,-0.03703847515185494,-0.06592425110294947,-0.005044807701863603,-0.034247016203820466,,,0.06571610260972233,0.13586444838594477,0.07507511950105471,,,-0.02054760914982405,0.12142018924007507,0.0008347860339536031,0.028567887575494107,0.007076039625653067,-0.005044807701863601,0.028799365788063944,0.024685313691866297,0.2910338146052785,0.06399755230772419,-0.01660012149764387,0.002119686772933211,0.009905824916851134,0.04457256195613264,0.03584137812464369,0.2331707445198772,-0.018530344844896483,-0.004600501039527213,-0.01260245865017098,-4.205892891915727e-05,,-0.02271092756159095,0.07409526963105781,-0.01856801732360444,0.37735207066097043,0.07537903670746811,-0.005044807701863604,-0.05133296755414741,0.07739370544768027,0.0865838778538248,,0.13073403955997603,0.018154381371371462,0.020101537325270282,-0.0018048728162330973,,-0.01819997190453277,0.039880788025466164,0.04822489948888687,0.08831196184775066,-0.011271600278725478,0.013238605641990052,0.29555598039325076,-0.038676374630068976,0.13217537919831707,0.13353594346211034,-0.04106730849514798,-0.01669752088833118,-0.005044807701863603,,,,,,,,,-0.005044807701863602,-0.005044807701863604,,,-0.005044807701863602,-0.005044807701863606,-0.005044807701863603,0.12608481668592417,-0.012772780188070317,-0.005044807701863603,-0.00957557178863148,,-0.0076067810429743775,-0.01335929339799305,0.020473346102176306,0.021287581394821984,-0.008446145616658721,,-0.008740476642243322,-0.005757219297706531,-0.010094142940595721,0.033673729774101054,0.02868329529415635,-0.005044807701863602,-0.018080772249938978,0.10813533658011132,,
post_WP,0.2718919095784631,0.1947743553707093,0.16105280037233421,0.14667802836503052,0.18277383980349843,0.14754726283732109,-0.1926633611289192,,-0.23256489329235788,-0.21509897910309567,-0.2266537011611599,-0.2182527385675384,-0.174820484330172,-0.1474424711977769,-0.20772904019572236,-0.13579863975055978,-0.15079446591038498,-0.20018355906093058,-0.17247911086113146,-0.11879107702281459,-0.16136848868931258,-0.04002007396666671,-0.1475115838185223,-0.16995603548045662,,0.09243061713411771,-0.08394603184650347,-0.08902614405202484,-0.09615177790635296,-0.0936185305726544,-0.07096064792945796,-0.07023453234361225,-0.08439699579003773,-0.05927897005034063,-0.07577811387198854,-0.0814475499307146,-0.034475780174437226,-0.06753788351144756,-0.05787179064049505,0.0912861768192519,-0.05028734795362948,-0.06571432460975829,0.3773649523033441,0.32920100849156003,0.33400164934465454,0.3703332128624722,0.13386653505333615,0.26194478597855325,0.1511944956216703,0.3592371154246577,0.33885890859223133,0.3590003233524494,0.4074431960141645,0.3723325016762653,0.46160239686842364,0.2807398545726733,0.30215097163649796,0.31792564393781647,0.3915030116927243,0.33398970862236527,0.36370347472090675,0.3568746234176275,0.14903187124017242,0.32819525213274536,0.40078394195848716,0.4164866098040733,0.43363681857722997,0.5977097543626818,0.5308653405112521,0.5609175521365888,0.605826515544996,0.23652726118594444,0.2562507292318329,0.17446437218609936,0.6429555575064461,0.6324897459665659,0.6382198832663654,0.5610376039122051,0.6907634588311651,0.6714709518221513,0.6105440941444898,0.48406571754560096,0.506255184010962,1.0,0.5045703972746254,0.2116345299310535,0.6664659987915923,0.2476494730950527,0.6133678355475628,0.48747793426844244,0.48559977234170126,0.5680719111893887,-0.17798256936037885,-0.10268318862948946,-0.1435276293852165,-0.16770975424501744,-0.10917107131175875,-0.13823700953520346,-0.13116155591462667,-0.05853162761604982,-0.02924856441279967,-0.06312777989158633,-0.05889509793806563,-0.02699296886317176,0.11432559356899889,0.013473783601110744,-0.008374249230956744,-0.0781169177427163,0.0013715613430311797,-0.01632058232683885,-0.055874180655245985,-0.004212283884057988,-0.02859537230311781,,,0.0688894905362969,0.13512910942181916,0.12913265074136457,,,0.033640765325083935,0.11013323459247934,-0.004754683144602242,0.0032527765616105955,-0.005957959640897574,-0.004212283884057981,0.04787960349521315,0.09456219163603594,0.34919659178965634,0.014952117703648172,-0.013860671880932015,0.042317888754931234,0.03791577904190576,0.05498378095828526,0.050152159422225166,0.25557096240689664,-0.015472358426538246,-0.007142302529648908,-0.010522726852802004,0.004676323273337505,,-0.005270473846889284,0.09650058502827502,-0.015503813971389982,0.4282226181545095,0.1189879572148899,-0.004212283884057981,-0.03516700773326969,0.11053436027837035,0.057223523091393856,,0.10754994468549763,0.03945367118558008,0.026676655967728908,-0.004542865385526588,,-0.016142333566836906,0.05794388029258984,0.03319970844891946,0.05007150894124515,-0.00781545001778679,0.03096316644995217,0.3324097953308082,-0.03229377196832421,0.1497957376090739,0.15926002331840966,-0.03429013987428021,0.010454811434172383,-0.004212283884057984,,,,,,,,,-0.004212283884057982,-0.004212283884057989,,,-0.004212283884057987,0.021985303246161374,-0.004212283884057987,0.12898510960557938,-0.01066494092945277,-0.004212283884057989,-0.007995354651673362,,-0.006351465326427065,-0.0012440146039677485,0.01108057869866905,0.012569301472897325,-0.012651990144157537,,-0.007298071814611731,-0.001244014603967748,0.030885666108492457,0.09608176627643712,0.07529931367398042,-0.004212283884057988,-0.015096976943562435,0.09097401578329022,,
pitching_post_HBP,0.2396837195477472,0.2667675154057694,0.15484547692310138,0.13875662938379282,0.19812533258448722,0.16410143143487912,-0.20075115535293375,,-0.23987981351239887,-0.22333384039082485,-0.23431061863134572,-0.22716901942745504,-0.17757897357909666,-0.15672399450204566,-0.2160625914807374,-0.140258209682635,-0.15846003940213488,-0.20776206011660528,-0.18170809237593166,-0.12450979641673707,-0.1663530810902128,-0.012740959671253336,-0.1555913998592807,-0.1788797298764598,,0.08583268666347471,-0.08628961471050836,-0.09358633115276073,-0.10061272955741336,-0.09564415040444349,-0.06980506142864865,-0.07923653849550294,-0.0947165480988818,-0.06303767487370206,-0.0792720533241739,-0.08553809957597014,-0.04137971467822855,-0.06999355271280422,-0.06706080418728196,0.1639188943297606,-0.06194814098711299,-0.07070343578945043,0.41787251950984894,0.36866834748805255,0.351547715859847,0.4149378679938426,0.14790184176556467,0.26614606202533286,0.11047458051689416,0.39796405838111065,0.38574705576123086,0.4029123392024045,0.44417344637767997,0.37956637059808046,0.4828559076273111,0.3124452685488633,0.32607449185397946,0.3165472875984825,0.3489660835834964,0.4637521806472055,0.317739275986347,0.3952289727635685,0.1291588231483901,0.37185043917151295,0.42816532327074036,0.4514483580040086,0.4873267601010279,0.6213090480272179,0.6223448287349554,0.5613642639069263,0.6530379290581245,0.2482171268500104,0.2289333225757199,0.1453989940062082,0.6761532505614409,0.6764680445567867,0.6893381035792027,0.6305985258060688,0.6781257559890798,0.6750910847031725,0.6432124312778738,0.5419469296322098,0.49073242582059756,0.5045703972746254,1.0,0.22084077479084777,0.7026535519728263,0.20883472895976615,0.6692543586180091,0.5463584570678798,0.4626062190017872,0.6311800083873889,-0.18534749022588787,-0.10527865658968413,-0.14857185685700983,-0.1741831634804766,-0.10569265114160185,-0.14140374369024725,-0.1340263071993696,-0.0605866448073349,-0.03027546739050255,-0.06534416577061646,-0.06096287639690276,-0.027940678969945374,0.10884616235351609,0.017962496972237108,-0.008419671037242773,-0.08093266620991853,0.007118036681650904,-0.019885685345775863,-0.05365258949892073,-0.004360175137878829,-0.02959934202115783,,,0.06304113538637382,0.15686746792356063,0.17337959371475567,,,0.03890520533972756,0.10104625410099938,0.004979663506430933,0.0018533700652026415,-0.0061671407278706255,-0.004360175137878828,0.0719538456625116,0.07107962827472442,0.30212824971349084,0.03218789776860202,-0.014347313379865228,0.04476923918312372,0.04607397060573748,0.10076719730487632,0.021986830879099677,0.28774997285119347,-0.016015585462096377,-0.01955491221323962,-0.010892174713086258,-0.008724263379062408,,-0.011805869765417183,0.09313028422238719,-0.016048145395943698,0.41158363510376683,0.1042330952795195,-0.004360175137878825,-0.038332453226062206,0.09560500249475251,0.02740268914245708,,0.07567102761243275,0.06468977637803534,0.04650012379018576,-0.01851500841777332,,-0.019929361389301087,0.04465790467068684,0.0885804110466859,0.037494942453004755,-0.009086938992000753,0.012478208091434486,0.3090847092155503,-0.03342759071332267,0.07687928676481894,0.20174687629544585,-0.03549405013277264,-0.005848756371601944,-0.004360175137878831,,,,,,,,,-0.004360175137878825,-0.004360175137878831,,,-0.00436017513787883,0.02036719098304079,-0.004360175137878832,0.09939831911406255,-0.011039381857318849,-0.00436017513787883,-0.008276067693985971,,-0.006574462208066494,0.04458045675917108,0.019619179109825444,0.11624537632991337,-0.004843865873209848,,0.006726317775557066,-0.01154629916062812,0.016014198711058622,0.034504645990460006,0.1206437609834418,-0.004360175137878829,-0.01562702451645697,0.12562309169660232,,
post_BK,0.15007003008502517,0.05539633755587764,0.08112327282566248,0.07226288040514069,0.0745518703890306,0.05747134712828723,-0.09976024863175803,,-0.11765996128663203,-0.1085908371902581,-0.11364798892219848,-0.10973383051120689,-0.08710335864028158,-0.0747408022847981,-0.10429261964187458,-0.06726537695530713,-0.07503712414622407,-0.10069487356086836,-0.0914490933676667,-0.058501123675176285,-0.0810565348593423,-0.018861989514362316,-0.07236457176380799,-0.08321901790372016,,0.02395305164177014,-0.04394624377469997,-0.045320512506138264,-0.04910270512738007,-0.04682418224588322,-0.03210574858481333,-0.03789097826212243,-0.043898870544894344,-0.030480865326158624,-0.038082151340100935,-0.03919891491810137,-0.023383114455627567,-0.033287351802222045,-0.030704144734446073,0.0692582788627172,-0.02627491691362681,-0.029363966884795093,0.1759758017240989,0.15482026645337932,0.15462643902711465,0.17332348452833582,0.045819368709811806,0.1152039978906368,0.03694765289205437,0.16665643254969714,0.16085674409612938,0.17372492108224652,0.19902374113021326,0.17705317336373896,0.20164400629894497,0.12913068428350424,0.1455008773755099,0.1823950001694427,0.14370234006881993,0.13502031007923251,0.28918696932443705,0.16651576173065857,0.05602937281975582,0.15657597369894707,0.23337293575933743,0.23825667039092363,0.23063335371721264,0.25948851424224234,0.2717286078779708,0.22515164261243895,0.3096598483460537,0.08085277394493079,0.08467465640302704,0.021938575174335125,0.30744601090874474,0.3180770591086577,0.3306918757431998,0.28785981043587694,0.330291911772318,0.28346219811125,0.3020137378840723,0.2888568033996255,0.19396429264707385,0.2116345299310535,0.22084077479084777,1.0,0.32138080598190366,0.04926733126942634,0.31277577555391783,0.22832120556544266,0.24573518468166786,0.29245947590588806,-0.09262214312282141,-0.049938365176764594,-0.07028646636537196,-0.08280926288484204,-0.05544339495451236,-0.07086823927818217,-0.06408353059036272,-0.028458405263806965,-0.01422081587930722,-0.030693080249600817,-0.02863512657067286,-0.01312413268635684,0.03446082131946231,0.00847720307453211,-0.0062624174041361665,-0.03941048040396735,-2.1986396004572947e-05,-0.013892991732856007,-0.027617261557946027,-0.002048036023277341,-0.013903230216144312,,,0.007682023951656957,0.05101541789661267,0.1375654001040229,,,0.022231398084382698,0.0536116153084279,-0.015860395125087915,-0.006485188909400149,0.09402991234243124,-0.002048036023277349,0.02257611770928841,-0.008261978968146066,0.15237864448654795,-0.022824154251477456,-0.006739136321369882,0.006736699617907718,0.039328225541790926,0.010059933297035225,-0.006654188361664055,0.0676690053724506,-0.007522747349136882,-0.009185219258009976,-0.0051162087482301425,-0.004097910086605267,,-0.013109973077733388,0.011795685743081636,-0.007538041211269927,0.21219546937863415,0.06118909346109476,-0.0020480360232773445,-0.02023151179165113,0.04599653240868598,-0.008082316340869736,,-1.313035271843677e-05,0.04871425155090487,0.005070885549874762,0.00932371353961382,,-0.0074235215437753535,0.025211980052771792,0.06194002938191103,0.008485626651261699,-0.009113868304712969,-0.0009898107922361968,0.1497790446107047,-0.015701412853237246,-0.007242170553994223,0.09763120795241056,-0.016672058113540562,-0.011266499940130584,-0.0020480360232773467,,,,,,,,,-0.002048036023277345,-0.0020480360232773423,,,-0.0020480360232773454,-0.0020480360232773467,-0.0020480360232773462,-0.004023981816990226,-0.005185354029036181,-0.0020480360232773415,-0.0038873862247219173,,-0.0030881180250814755,-0.005423460266783591,0.05097376217695529,-0.0028967933562055273,-0.006151468489446153,,-0.0035483634028936166,-0.0054234602667835785,-0.004097910086605262,-0.004582288371754804,-0.005020396800094072,-0.0020480360232773415,-0.007340234769081325,0.03525759280835253,,
post_BFP,0.3257871909096832,0.20815882423083099,0.2713510351472801,0.2501686323065749,0.27358930413117005,0.22170111885180382,-0.28425014524729336,,-0.32747735189214366,-0.3085821793917657,-0.322696763473269,-0.3135532493226929,-0.2478102861066013,-0.2178203882606016,-0.2973060111032815,-0.19669549954290483,-0.22079341592102777,-0.2872536197309281,-0.2391701384989979,-0.17418076865241944,-0.23252711901279877,-0.008914163840182067,-0.2164086198112864,-0.24402420087396198,,0.09922177231926795,-0.11169830163811427,-0.12705462714299676,-0.13514138855011995,-0.12863482145787972,-0.09785315555354031,-0.10808261742380784,-0.12341585420873948,-0.0866428256725068,-0.11084765391074326,-0.1151257018722951,-0.03592144929343823,-0.09672751416918303,-0.091072295970319,0.21747229214970687,-0.08740516960435954,-0.08950508438275663,0.615284521797847,0.5307900339953682,0.48173619356780634,0.5981822674214169,0.29016030278728944,0.47408025684859945,0.16958758349623218,0.5813588061621181,0.5613143985538528,0.5742604891269026,0.6088865980996895,0.5590522769246848,0.6690351338071175,0.42666689269122543,0.44500469363395795,0.4334000129467401,0.4696471800653714,0.49777279906931676,0.471668770627545,0.5765134828487197,0.18377502843374094,0.5327229784811777,0.5712692048167105,0.5653123414858326,0.5921074834032478,0.9075797237271851,0.8298028348051328,0.7321630328116987,0.9291438212505828,0.4859236620484895,0.455223835404217,0.2154770433777293,0.9750903731566178,0.9626557233498192,0.9308682735854685,0.8647320946949193,0.9295853582462611,0.9534885764735427,0.8374764783491342,0.6213055092666282,0.675348153147461,0.6664659987915923,0.7026535519728263,0.32138080598190366,1.0,0.2994655875241793,0.9061017582613281,0.780908281117342,0.6939580962900699,0.865229412184879,-0.26418868139241986,-0.15441007843046015,-0.21355508648607588,-0.2444971874876694,-0.14416774731221488,-0.1969567183787911,-0.18729364143785662,-0.08477922307889335,-0.04236462692197855,-0.09143644815433959,-0.08530568599762266,-0.03909754472956006,0.129722935307527,0.02803848451508603,-0.007261432231130447,-0.1144148565736994,0.018052728064956173,-0.026304242471654457,-0.07681825147237761,-0.00610121689116083,-0.04141852099881247,,,0.13619042880148244,0.21700540601812268,0.1871762011800979,,,0.030581536432472096,0.19472936668280305,0.04305457213732444,0.04075111733368758,-0.0067918811941575,-0.006101216891160837,0.09425079808489795,0.06836115501711126,0.4563483798129818,0.023119013740182416,-0.020076273995405777,0.06756456083337271,0.06838127735330667,0.1011166961260609,0.0661068112347057,0.37059085673976133,-0.018812023126939522,-0.014436970079435058,-0.015241479582695498,0.0002005384306330453,,-0.004453263416406791,0.12317923880330842,-0.02245625752757493,0.5633102300859227,0.19993944438501435,-0.006101216891160829,-0.05603363625427556,0.12379926933504322,0.05620775246479154,,0.1247601987997233,0.07297147566764026,0.014036683246274656,-0.014891059027398916,,-0.029676656429381172,0.10011857618153044,0.08309353325874488,0.06801807622992624,0.004815487003639159,0.035478986180965524,0.45653316935083144,-0.04677541030843852,0.1451802818519978,0.16023189184889175,-0.04966701826365948,0.005251620545426713,-0.006101216891160827,,,,,,,,,-0.006101216891160827,-0.006101216891160833,,,-0.006101216891160828,0.0012223897797399314,-0.0061012168911608305,0.16398622311513544,-0.015447467343849672,-0.006101216891160833,-0.011580746738421683,,-0.009199680885678335,0.011906181189082363,0.05743315079476947,0.06271160316013435,-0.008549071003075932,,0.019036078092868832,-0.0033765248526773112,-3.5812956791479035e-05,0.02800095609975336,0.1164062199440465,-0.006101216891160831,-0.021866980780220525,0.1915846939984207,,
post_GF,0.2522643868596696,0.15674574725938642,0.1350226596999608,0.12462797756047127,0.14120238006179753,0.11220020765616176,-0.12438455666370006,,-0.23147762489255502,-0.20626870680196077,-0.21876253888465377,-0.20986094858155468,-0.16252399444371451,-0.1425609169957664,-0.20015683804646522,-0.12479865668559253,-0.1421421018127623,-0.19186146433431042,-0.19735945193286775,-0.10957337803341656,-0.15401016337885456,-0.11890901922863183,-0.14361984893118632,-0.16559750255459654,,0.15720202325306706,-0.10550010783811872,-0.09394667920722169,-0.1030090291717248,-0.09430040810242031,-0.0658450055445783,-0.07463570249471807,-0.09319556384231222,-0.056158401740098784,-0.07118820769230638,-0.08848617168346892,-0.08608272437841305,-0.06238564182569006,-0.06253230786098139,-0.03442718795673997,-0.06373956267853063,-0.0789142378731126,0.15062972504733946,0.16024069477405856,0.446143672393591,0.042913714060274576,0.007543493166654432,0.023627850122216458,0.6791163798377298,0.15235073262961157,0.1387203658434207,0.1437894434157316,0.1659475426011142,0.16433669823389357,0.21313530698172026,0.24179717878343512,0.2578156938742658,0.31427029243247057,0.15568504538113612,0.14953354033306837,0.14406917908418973,0.15123428880526102,0.6235699810214266,0.1292720672106072,0.21516741955531216,0.21471095706424312,0.17818020199651244,0.26512986275648537,0.22552541003245494,0.7040627291389673,0.0427485401431294,0.026597025381320416,0.024308011739462523,0.9047853870999,0.30035413186030974,0.26368215133993483,0.21472102413627647,0.19880650262017416,0.280279993400136,0.33558139224825023,0.4902078572289644,0.3354696528720822,0.38507017953666955,0.2476494730950527,0.20883472895976615,0.04926733126942634,0.2994655875241793,1.0,0.20881015098095282,0.2741145194051717,0.2673475584635635,0.21603083720839175,-0.10596358115967479,-0.16238845272074545,-0.1646365606785845,-0.15786406807811296,-0.11805042220171102,-0.13765806570601175,-0.12494955213758782,-0.05320104449827511,-0.02665200677983406,-0.057523575992336394,-0.05366665274201968,-0.024596652984249512,0.18176761016865484,-0.09929892815539279,-0.05877899428895505,-0.07719845895935759,-0.03474511771437813,-0.052412742616493285,-0.059511899366059974,-0.003838336030857283,-0.02605680216431596,,,0.04007201173044557,0.08892064404899075,0.1352204923998816,,,0.05354436212972408,0.1061898955555702,-0.026099712878298216,0.018944895203133916,-0.005429038447907196,-0.003838336030857286,0.024932530479784408,0.19277253488364282,0.056490093250083195,-0.0418708621339199,-0.012630182997357405,-0.000978498811097125,0.013159151546916378,0.09686406939267904,0.1102581118850847,0.01759947372816834,0.0071215970070082,-0.001967518426906071,-0.009588565902417068,-0.0039010475795031928,,-0.011390672862213786,0.027238029589328205,-0.014127454231495421,0.07120619794146196,0.00603140218720708,-0.0038383360308572845,-0.04334706914162672,0.012140793790248563,0.32558236075102326,,0.5690859934760606,-0.00728487699915379,0.0023505193419873067,-0.016244646598344483,,-0.04073426247722023,-0.04211725711082121,0.035099746064887354,0.4034631237624682,-0.013929013781290082,-0.01622982774858356,0.027002512418069995,-0.02942687433471224,0.5518893274823501,0.06379988708870751,-0.031246013565398786,-0.005876639434320864,-0.003838336030857286,,,,,,,,,-0.0038383360308572845,-0.0038383360308572845,,,-0.003838336030857285,-0.003838336030857285,-0.003838336030857286,0.6175377502865127,-0.009718154845026054,-0.003838336030857283,-0.007285562579280756,,-0.005787610446539946,-0.00444842096114482,0.0029370837667100054,-0.005429038447907202,-0.006486270148168031,,-0.006650181415318534,-0.010164402733798634,0.0036570909271660063,0.05902424561816571,-0.0094089995039077,-0.0038383360308572837,-0.013756734387918995,0.09399547949968771,,
pitching_post_R,0.29807893977660604,0.2096635043306913,0.23800687014914662,0.19256967587667018,0.24295748717051624,0.19342062839169763,-0.28582104005756576,,-0.3192932211594397,-0.29860375645931747,-0.31493631867959904,-0.30697582697129844,-0.2310583713009283,-0.21836394082160177,-0.2894734057137162,-0.18348667806141608,-0.2235479270854816,-0.2824772042464854,-0.23969709183353755,-0.17476511118311527,-0.2299001242481369,-0.02655942621219007,-0.21830924972617324,-0.24662507954115012,,0.08163448266603479,-0.10271626126234236,-0.11743616571348131,-0.12810688088965216,-0.12239049898369143,-0.06718946930069282,-0.11092446760652265,-0.11730656045421661,-0.07327093957168719,-0.11323330054471986,-0.1111187610652544,-0.04174552933675575,-0.09805822686262271,-0.09407050662864029,0.1917842964227463,-0.08813858089824764,-0.09838607724320374,0.6283946235098227,0.5435899710706372,0.467258845360343,0.6133579618314291,0.3352414264253317,0.45591480605562223,0.12557282088306818,0.5943799234750058,0.5776998591753943,0.5904716815310096,0.6053428578089158,0.5682859092104655,0.6645374332658291,0.39970530367793566,0.4450440952466387,0.411294900347368,0.5228284531230858,0.5345120726271431,0.4566413258874114,0.5913565080363624,0.14865547418152286,0.5653260465992138,0.5532364359083659,0.5608998897807829,0.5901819697810563,0.8269560367603007,0.8898865226970901,0.6729937289392962,0.9265595696945388,0.5487146779952928,0.37749665040281233,0.11795633189568659,0.9394063497623963,0.9690484780402546,0.982766988180723,0.8820270170219408,0.9146793577283087,0.8908479926793579,0.8040125218744816,0.683344105190335,0.6264945378954107,0.6133678355475628,0.6692543586180091,0.31277577555391783,0.9061017582613281,0.20881015098095282,1.0,0.7017414033161694,0.649670514245353,0.789513988796572,-0.26474649689273094,-0.15794013052265476,-0.20053761406131987,-0.2392320410448031,-0.14181833569157234,-0.18039544946768865,-0.18588165266549583,-0.0849810785612665,-0.04252431156857319,-0.09178109882095115,-0.08562722803188023,-0.03924491478959513,0.0915312459542079,0.014029612166451912,-0.026208725206435978,-0.11743339568678562,0.00410425817396408,-0.035752216531380686,-0.07998987715181156,-0.006124214158783575,-0.041574639495981065,,,0.1105203314813242,0.19235023517975083,0.14731163779192566,,,0.014555705215188647,0.1374206932972438,0.017994502744110102,0.03437777895999361,-0.00242378693725273,-0.006124214158783585,0.08331641909511762,0.043005696394033885,0.4148613553092807,0.020946038284367446,-0.020151947333065467,0.06024014037565539,0.054999589169824774,0.07322949894259835,0.03276584109323026,0.3441802724856844,-0.019636207113280117,-0.014114236335160643,-0.015298929168767014,-0.00894449456398085,,-0.01263641284415679,0.08962801909148341,-0.02254090171796839,0.5437129647621115,0.19108284796377745,-0.006124214158783582,-0.058140338124147685,0.11184719002502216,0.03252491509916921,,0.07386311329694069,0.06351396193844451,0.01494415420652271,-0.02055533251338502,,-0.03295399125483674,0.07362964864343177,0.08153918725557054,0.04225595877817811,-0.0011854662763604521,0.02036222166581192,0.4018472813783811,-0.04695172048527968,0.07322278663146434,0.1657868937329598,-0.0498542277550461,0.002704776740116601,-0.006124214158783586,,,,,,,,,-0.006124214158783582,-0.006124214158783577,,,-0.006124214158783585,0.007107568390908501,-0.006124214158783586,0.06596057354719469,-0.015505693357928025,-0.006124214158783577,-0.011624397953706397,,-0.009234357168647138,0.01047902130173326,0.057066167944559106,0.036566554851437595,-0.008090937101758157,,0.009767132188877458,-0.007874974036212599,0.0009837954949841051,0.014915688102201164,0.09490742871984484,-0.006124214158783575,-0.021949403814522456,0.13679968702327372,,
pitching_post_SH,0.21239532356210852,0.14171898340780156,0.27079854559215,0.23648548921933735,0.23614384184084783,0.1899170298630438,-0.24330892715718266,,-0.2762382698714973,-0.26233688682236034,-0.2737255961051092,-0.26770547255292393,-0.20891943785206135,-0.18626425707533134,-0.2520702864704217,-0.16974034329309903,-0.1915549222959695,-0.24487397386668913,-0.202502152810939,-0.1525488981372042,-0.19849689689269992,-0.0032160606418350658,-0.1913341481522826,-0.21352360024418418,,0.06741233499428138,-0.09709728590384219,-0.11242191901357527,-0.11787394068344385,-0.11237907680162522,-0.08068315778409361,-0.09247254750504572,-0.10588030394696815,-0.0771636478005865,-0.09574901386642844,-0.09792535310193151,-0.03747280135001446,-0.0836411432769175,-0.08110204042527482,0.17620980881904666,-0.07858131060664098,-0.08575950287853328,0.5431353458900017,0.46697209800016215,0.42636411876672503,0.5008056884823093,0.32921638896855643,0.4721684153258649,0.1640247279034024,0.512222422048995,0.4950223575486885,0.48470238032714585,0.45403218772336423,0.48243760574997174,0.5399340456856152,0.3871411158206117,0.3827645566429174,0.3253324083487572,0.37671326118036585,0.43122208647783067,0.36339784021108745,0.506402235161713,0.19294260478069336,0.4609819903505934,0.4162197941721847,0.387116342585667,0.41777407144993445,0.6827018346294921,0.6968004685472116,0.5892929218708945,0.6975959689026248,0.4805336085960519,0.37406892072999914,0.1868489330523376,0.76222637629398,0.7506969238739934,0.7048561402177401,0.6057620416815344,0.721442570053062,0.7037382741844475,0.6467563487254472,0.4494447395908711,0.5776116208604641,0.48747793426844244,0.5463584570678798,0.22832120556544266,0.780908281117342,0.2741145194051717,0.7017414033161694,1.0,0.5393155834006484,0.6587834202362569,-0.22702280213599302,-0.15447076915006905,-0.19781940768482678,-0.21356214523483646,-0.11802955742738384,-0.1682530863185452,-0.16371821376302645,-0.07430118009313261,-0.03712869333066554,-0.08013562468094133,-0.07476257634938828,-0.03426539671691763,0.09317321516102398,0.0009559257819464064,-0.02064431610425171,-0.10185346237043379,0.02002946501380185,-0.010931050110680629,-0.06782918186698404,-0.005347154627679814,-0.03629951863394844,,,0.1201696504114042,0.18926795727939458,0.11151160224635444,,,0.023758152369475267,0.10580656682742848,0.08237486973303107,0.0203406566237853,-0.007563149194651113,-0.005347154627679819,0.04238766656594522,0.046264007432035445,0.3209130157582803,0.015049414606829202,-0.017595004950016965,0.024452132917619506,0.03116394069197738,0.09230007501122389,0.02360242956509647,0.26989765564823104,-0.019640911020907308,-0.01643988633688351,-0.013357752975700483,-0.01069910813792349,,0.005588762289231297,0.061404758643393356,-0.019680841297890026,0.4006481535091887,0.21995405819177716,-0.005347154627679815,-0.05473774069967342,0.07093939096075451,0.03388199166731953,,0.13434680110282818,0.025536037914178623,-0.001249064734988716,-0.012396398975639357,,-0.030775056684042183,0.07032199934050651,0.05971458196157211,0.10656324175588953,0.015957993764063483,0.0449609397796307,0.325221815200134,-0.04099433869573555,0.09340841228355877,0.11724253549151169,-0.04352856672516277,-0.01091464680477402,-0.005347154627679819,,,,,,,,,-0.005347154627679816,-0.005347154627679818,,,-0.005347154627679824,-0.005347154627679819,-0.0053471546276798254,0.12532046362094115,-0.013538282275010619,-0.005347154627679816,-0.010149457824397667,,-0.008062672922232922,0.011285370950731363,0.04185233840692256,0.016220964720106975,-0.004836988715458177,,0.0004469624936928428,-0.007798617190010118,-0.0106991081379235,-0.004439183366715304,0.09681227730392511,-0.005347154627679817,-0.0191643945065679,0.1255248876998007,,
pitching_post_SF,0.286836572939198,0.18082042672546597,0.16695398003243744,0.14112940959764367,0.20965563039519095,0.17686497085148656,-0.19739447043648747,,-0.24809051012901953,-0.23088498349953998,-0.24189080994300477,-0.23363847780303187,-0.1842918558358186,-0.1623063042086774,-0.22293096724743708,-0.1441193399605165,-0.16189186289703364,-0.21528380511277004,-0.1881605151713557,-0.12657978488067143,-0.17222245446695977,-0.03636348745899084,-0.15914843191088834,-0.18402319070087933,,0.08870798692655069,-0.09006597849131531,-0.0980963199643648,-0.10371094162500735,-0.09759859500843915,-0.07523436793997697,-0.082168226129684,-0.09576722084630458,-0.06594385155842092,-0.08253768710874464,-0.09077647242027742,-0.04088378860016715,-0.07214563597507191,-0.06547021238153232,0.1307149737700128,-0.0640471674827871,-0.07179763144495367,0.41333738340502224,0.35890327043861664,0.3801255434755161,0.3887412247570183,0.15206015844145165,0.27157409408403127,0.18052443163009368,0.39052107678596365,0.37924877902924214,0.3949677776994596,0.43406334413832315,0.3769718373676768,0.47119759106886533,0.30534176949556235,0.33858609641511184,0.342245025601867,0.33148939861548293,0.34722780396316316,0.3566007811828421,0.38805758851413974,0.19762385766973248,0.36250896902221097,0.45266327339121126,0.46190513231951136,0.47679177868514233,0.607716918603946,0.5822701421505454,0.5790882399724494,0.62107272826238,0.27456111665234195,0.2802189690413193,0.16495414096950634,0.6719528143121283,0.6788844426925338,0.6705679381320262,0.6062381969157359,0.6532421892830829,0.6638570143635681,0.6566632140251597,0.5373267482740555,0.4950513533771207,0.48559977234170126,0.4626062190017872,0.24573518468166786,0.6939580962900699,0.2673475584635635,0.649670514245353,0.5393155834006484,1.0,0.5971210838996129,-0.18091347539664038,-0.11411101237611246,-0.1546558376027088,-0.17862522790233967,-0.11133551500812812,-0.1468505961121441,-0.13761550912405104,-0.061679576038146396,-0.03082161091674861,-0.06652291860878991,-0.06206259452366414,-0.02844470491086752,0.11290797231827583,0.007867072920196286,-0.012394310384429036,-0.08539180693604535,0.005619493691797288,-0.010867303878328323,-0.06004444681161579,-0.004438828966542716,-0.03013328882427372,,,0.07148459043668745,0.16280943990574845,0.14451595723618582,,,0.006903231869989441,0.1188532371405388,0.01252207200309552,0.08412898147213649,0.01565010116814184,-0.004438828966542714,0.07332436735853656,0.030737504276526398,0.31474807546693945,-0.005367852306138317,-0.014606126636829052,0.05377863850725421,0.04489739297448545,0.07313033132795208,0.0309124878868252,0.24442307396008287,-0.012954693502650905,-0.006001392451857573,-0.01108866022492215,-0.00888164162542551,,-0.015035173873265924,0.09622019225736124,-0.016337640207145225,0.40413567896797625,0.16319590205516793,-0.004438828966542713,-0.0377242300557996,0.10564289663933707,0.07687854994041708,,0.1252598342908651,0.07387084887341704,0.005192131566710312,-0.00667969424383082,,-0.03696544445505022,0.05852278823894448,0.059596117562836566,0.06955491026072151,-0.019753022978315625,-0.0009063102545996774,0.2909315737069159,-0.0340305958471695,0.1426801517397886,0.14576015746138077,-0.03613433242636146,0.0153818161464048,-0.004438828966542716,,,,,,,,,-0.0044388289665427145,-0.004438828966542715,,,-0.004438828966542715,0.02656810573502693,-0.004438828966542717,0.10635429795741205,-0.011238522860077566,-0.004438828966542715,-0.008425360873693014,,-0.006693059880801728,0.03516559418370218,0.06512699557073597,0.05950708484368844,-0.002984412940186541,,0.046031072209129505,-0.011754584517790146,-0.008881641625425528,0.03169360045463947,0.09046299454523672,-0.004438828966542714,-0.015908922667328452,0.10032507160339173,,
pitching_post_GIDP,0.2942873332233678,0.2083951732176548,0.22771755313691808,0.22579533014582626,0.23679474619495117,0.19453044993480248,-0.22770749332177107,,-0.2662746897848236,-0.25013042648570133,-0.26183655864317135,-0.25368955079873157,-0.201199011010259,-0.17500801949652933,-0.24080800886048068,-0.15962146174532377,-0.17802216152231426,-0.23240378005308773,-0.19482976751990314,-0.14084898591429643,-0.18954867977578366,-0.003419431044639417,-0.17417764411646366,-0.19585305363597588,,0.09727658106672914,-0.08871761910753066,-0.1001370629353773,-0.10746276069923776,-0.10058775035469168,-0.077455835661092,-0.08582466664841702,-0.0978433630952348,-0.0724556765326125,-0.0877581974957331,-0.0917491573647919,-0.028854874728183978,-0.07767682054324435,-0.0700596953283241,0.19627611217133586,-0.06805496623736623,-0.08028268460755099,0.49831085385512736,0.43312569536166695,0.3936798396963508,0.4929525216988271,0.19704545938229337,0.35171232463556196,0.10705955263566404,0.4690323458406781,0.45874759799737724,0.4751400177604319,0.5102378007456183,0.45992507481436773,0.5412300093342346,0.345929836280564,0.37336541742861323,0.38788581812040984,0.3790555327934685,0.4104845406707226,0.4148140052385266,0.4670507091735284,0.12919151107614987,0.436912641959592,0.5074479793483315,0.4941671303813931,0.5503817256798039,0.7915508415718394,0.7276334324402024,0.6342991981693296,0.820689400332252,0.35924032119654464,0.349946026581378,0.1519164298081018,0.8435006823439907,0.8487279992921944,0.8122828888384207,0.7418366363556873,0.8153426984277578,0.8020778952685518,0.7416071241262535,0.5287358631578305,0.628833565864907,0.5680719111893887,0.6311800083873889,0.29245947590588806,0.865229412184879,0.21603083720839175,0.789513988796572,0.6587834202362569,0.5971210838996129,1.0,-0.21138478606522343,-0.11910318883721266,-0.17059028375903487,-0.19740249782002384,-0.11607938009892498,-0.15924404522156257,-0.14995293629894288,-0.06854324421419104,-0.03425142226715218,-0.07392555119417539,-0.06896888477915136,-0.031610015511461725,0.12298272298831019,0.03798098880575748,0.003921412922981833,-0.0913710310560037,0.026448646465391832,-0.021969571611689474,-0.05026397617645144,-0.004932779331858467,-0.03348650408332173,,,0.08980507375218598,0.1879052774439197,0.18594091974930238,,,0.006927819485967991,0.16278476077515341,0.025462360693762,0.008480814546374903,-0.00697704641605344,-0.004932779331858472,0.06347971817434739,0.055641474755534,0.3505758629631301,0.039439375647565715,-0.01623148810997666,0.0662179811277667,0.05103663925084817,0.08233561553880336,0.024598843906053547,0.3255595096051162,-0.015769562029258877,-0.012370214303711808,-0.012322600034328448,0.022763385897515927,,-0.002086902223642066,0.10713179593291669,-0.0181556835265756,0.5009485635092693,0.14676216481511248,-0.0049327793318584695,-0.047674844498671244,0.10316750664432071,0.02711986175125648,,0.08417603292456663,0.04295768913037402,0.010463311313923399,-0.01534947585026618,,-0.019312311542308988,0.08900768824657009,0.07095391713645742,0.05599145164010425,0.005265450947515349,0.023104098374188524,0.38168546859181857,-0.03781750121732948,0.08508570192932846,0.13050663456777042,-0.040155340407740034,0.018720981937997882,-0.004932779331858472,,,,,,,,,-0.00493277933185847,-0.004932779331858469,,,-0.004932779331858474,-0.0049327793318584764,-0.004932779331858476,0.10899196189997304,-0.01248913929837404,-0.004932779331858466,-0.009362930244544253,,-0.007437859781433484,0.007503696719109502,0.03677202354611923,0.04684916608618767,-0.003930129023087877,,0.010291687902343935,-0.008949363059488414,0.0010078048597872015,0.042483030868825135,0.10340455520110295,-0.004932779331858469,-0.017679258542519345,0.16650955394898967,,
fielding_G,0.09592918614836572,0.009212035217160209,0.1829469029719164,0.11256191701895527,0.43763080140530697,0.4322217658124057,0.9751317139340171,,0.9490068459465102,0.9201131834981018,0.9425245187605443,0.9124023301577497,0.7360850702820491,0.6732665940414663,0.8854922134924624,0.6189410268442926,0.6518695932858213,0.8532224368724577,0.7264818093668641,0.5444007191571679,0.6325919959144065,0.4171848957313667,0.6311873543423386,0.672749217290303,,0.47440681340765756,0.5638515085005833,0.5217419988575623,0.5626674431600928,0.5078339798915906,0.3528131676591005,0.4061811796488986,0.4994309710487442,0.36388965915861743,0.3984269603441688,0.4816625465509879,0.4503661259834126,0.3432663404058495,0.31750454612646095,0.22763072821775432,0.3489009388997462,0.41087489258342696,-0.4738298421893951,-0.5186099738355259,-0.5057270099176431,-0.46663332721192047,-0.293261995588885,-0.3435948127863763,-0.14701572624033007,-0.5005257395020926,-0.505267861681273,-0.5292757517416231,-0.4992285550340109,-0.5254773764299141,-0.48237628961212337,-0.4926910349264036,-0.5778820434699843,-0.3858029335813326,-0.4347044190580189,-0.45155660215194127,-0.3612809588010229,-0.5048558238082118,-0.26542383999371066,-0.5101231288022068,-0.3593059634967519,-0.380513787200333,-0.35669104761626236,-0.21899702923265837,-0.25328477648083597,-0.24721169100087578,-0.23214188910200212,-0.15056239454335404,-0.12481359225687774,-0.0413775838898971,-0.260091005449503,-0.2640905522810081,-0.26808841629820584,-0.24426436957658054,-0.2698807075052302,-0.24105877561588707,-0.29639288075076764,-0.2516398765035875,-0.2002437584986996,-0.17798256936037885,-0.18534749022588787,-0.09262214312282141,-0.26418868139241986,-0.10596358115967479,-0.26474649689273094,-0.22702280213599302,-0.18091347539664038,-0.21138478606522343,1.0,0.6844175609621606,0.755936802627054,0.6606015219500507,0.5504586114738466,0.5493872509949657,0.6052227023872614,0.06963311576624111,0.031081906251041565,0.09041511351945884,0.0868347689387217,0.03034914606078533,0.4687020645786566,0.5352944200074133,0.544844896134871,0.42020602499347637,0.3756812040772188,0.433085211240533,0.39227048540477105,0.015467503695457692,0.07406344024143076,,,0.3410565852493219,0.541498716991867,0.06411923288369532,,,0.2037700084216275,0.06009055546987878,0.2008178475918722,0.08765658860168057,0.007827704433995906,0.009513594176185922,0.07106238889879068,0.013175524754996252,-0.07734879270461839,0.351964329360557,0.10662887278097258,0.09148878439318842,0.19289854020358124,0.02538145505211723,0.06962409381565812,-0.05402927906933078,0.11843271796513734,0.06355952662983734,0.09093274946206045,0.05258708197319852,,0.2845921391297852,0.04999094798150234,0.01107892685536458,-0.13785280372721967,-0.04815432577144438,0.05586903257623012,0.2934385187702015,0.31612754567604523,-0.01983005951240235,,-0.023895568718176424,0.16052629185104147,0.010363085233400909,0.14858874118548024,,0.3161175707307038,0.41360659444012243,0.05802072385905934,-0.028202971335449085,0.08625248445860029,0.17349271048927495,-0.10070427758487407,0.26305096219102486,-0.018641225183856223,-0.10179049831810676,0.1743089492134332,0.0900740470649297,0.012034892595061198,,,,,,,,,0.02202895500241023,-0.019739542900644048,,,0.013675255421799336,-0.01603353799579122,0.011457727896764459,-0.001978562651689932,0.07350230088636248,0.043687819733230375,0.03964143872298698,,0.059718355534116946,0.034581986714310634,0.026435966660436357,-0.02654518733486356,0.05502456316380901,,-0.020340778702491572,0.035731163887133745,0.007958308820766452,-0.016707156414131827,-0.04254255843147316,0.0048962765898119725,0.1298504986255838,0.06454263218135718,,
fielding_GS,0.36280440807827324,0.13862403950639166,-0.007458290899303361,0.029194070448092163,0.36164975890049755,0.36506766836033827,0.7040465869390333,,0.6816777904747962,0.6082482947553635,0.6470950791278568,0.662153783991534,0.23256692689502073,0.6900276824819124,0.6263620308961395,0.3569970408733227,0.6134662566743694,0.6263207811044156,0.8080922738413863,0.7547320675535385,0.4969072260257382,0.01128352797513039,0.9093318767336362,0.8217769940967641,,0.4995088354259682,0.5731531899925962,0.5213375502481367,0.5599683749044961,0.5237420219920409,0.2517634974166578,0.4699986933896882,0.518503009694184,0.3207220727209684,0.33772412650667827,0.5014332128244967,0.5407994673606376,0.39115619712261834,0.36514367825141253,0.17956204947560714,0.40037516545808527,0.46632707490968317,-0.3297140334679359,-0.36205815048927154,-0.4481841549124239,-0.2747137146732617,-0.23419443195354134,-0.22345278832289428,-0.23012378764279814,-0.3486914580903577,-0.3526050782961592,-0.35944496722485664,-0.30302359196690715,-0.3671558050205034,-0.3171735008382185,-0.37143612263542153,-0.45359442595705585,-0.2785253596564105,-0.31512875467032975,-0.3101306467545593,-0.2164273411734557,-0.35247457975074364,-0.33844129753755964,-0.35750132662214806,-0.2016068710834138,-0.2132436736711458,-0.18890664577137947,-0.1345927844754972,-0.15304344674634254,-0.2309304642894867,-0.09918958211162078,-0.11330099015832563,-0.07401860723336112,-0.09061787510159144,-0.15946791348972272,-0.15911728050565732,-0.15327451112304674,-0.1274742630104682,-0.16677071865247733,-0.1454676378922467,-0.22189856616712145,-0.19043493803495798,-0.14972161696745354,-0.10268318862948946,-0.10527865658968413,-0.049938365176764594,-0.15441007843046015,-0.16238845272074545,-0.15794013052265476,-0.15447076915006905,-0.11411101237611246,-0.11910318883721266,0.6844175609621606,1.0,0.8926194970183441,0.44652563863227435,0.35308589525828243,0.11205601159487566,0.4475049091657337,-0.02124021113849536,0.07452372054867105,0.12608986349011797,0.09963841131378479,0.06865256516540723,0.5013223000272204,0.5804744166919305,0.5784214300171285,0.4348977409055499,0.3772188452851496,0.3796893843073892,0.3993049743032334,-0.01490140898952129,0.09206708005096582,,,0.12263506731258797,0.3524170105199518,0.1029872262038818,,,0.25428319618013373,0.10257989328365501,-0.13499081162947746,0.0962284229078793,0.006494681909506503,0.018020365749791375,0.10381242437099102,0.03401155048264415,-0.015834677443736733,0.4459656762762778,0.1360244178575171,0.14290884369824464,0.22147914581434966,0.07557357408181628,0.09155816913707103,-0.007772080134715212,0.1492833932841371,0.10077164118907679,0.11251776385193485,0.06854563046332961,,0.209929046722741,0.09680548050966856,0.050520781775226585,-0.042470282245400684,-0.04249884073546932,0.06344663914008859,0.3976636072812892,0.5079147199045505,-0.056182052413227185,,-0.07450310120041463,0.2175610639151417,0.05361717934752294,0.21658356167183196,,0.42405532523018497,0.4047482954907724,0.1408936089614125,-0.08108656325988862,-0.06150088933517347,0.17798526659508168,-0.03179911697429272,0.26854176758018267,-0.04863158052147586,-0.04916485209086923,0.24391280023205378,0.11123252667401856,0.023103025709544926,,,,,,,,,0.029138684411752235,-0.007219661550348346,,,0.023420691957029508,-0.006237784058123212,0.021399179473036628,-0.025968402729031465,0.0932061427846412,0.05001802049642157,0.058852961364258605,,0.07339888123821477,0.05786949689364192,0.051807371599665454,-0.008802454315686766,0.08009004472459127,,-0.0006504026264424375,0.05629630495875514,0.028371709654077103,-0.030264901735029985,-0.014028378652877666,0.01371743203386363,0.013280754490212633,0.1216037145578215,,
InnOuts,0.2564618038104156,0.08194558367380203,0.034860601853180996,-0.009581393895260526,0.28876250889237937,0.28699380489275245,0.7536640986838933,,0.7610319160402146,0.7251878378098618,0.7312822512895828,0.7107273542668642,0.43097887279271563,0.6327568315282874,0.6978242678718265,0.5376356340687221,0.5267567500077387,0.6598079132022162,0.7555547103550598,0.6722769645218177,0.5825445557124723,0.03574166087786134,0.8037376622873333,0.7052277128493469,,0.44893143037939015,0.5398819243785122,0.5049254725350062,0.5306270766180048,0.488557275652109,0.2954294878961078,0.42275294205161673,0.4888041580497933,0.36808072428873506,0.30357787516476387,0.4643379467833855,0.4832109977172772,0.34465028282371934,0.32518074259289215,0.13656677784130491,0.35398037301547836,0.4065040236496078,-0.3746198133064716,-0.414290708850096,-0.4909452113184974,-0.33556509947770524,-0.216868645075561,-0.25693316207881,-0.2274267030505474,-0.39640260112223935,-0.39947378888894675,-0.41786086470580874,-0.38846646730383905,-0.4246179754509714,-0.38236592931914626,-0.44205259670055563,-0.4973547095113219,-0.34008470069915586,-0.3305354900401651,-0.34829134759442465,-0.2824448222860221,-0.4001236286089102,-0.34175399266364775,-0.3976957884993485,-0.2771346697352948,-0.29205698687855863,-0.26728218748360866,-0.17591537107232752,-0.19645259152110092,-0.26355135165573224,-0.150972809227685,-0.11151852363123671,-0.09028099885013655,-0.08808239155108893,-0.20576944010395107,-0.20597763812396025,-0.20541435354955007,-0.18261158576877481,-0.2159069331124782,-0.1926593662835128,-0.276635805685571,-0.2339650988375302,-0.18778459298491487,-0.1435276293852165,-0.14857185685700983,-0.07028646636537196,-0.21355508648607588,-0.1646365606785845,-0.20053761406131987,-0.19781940768482678,-0.1546558376027088,-0.17059028375903487,0.755936802627054,0.8926194970183441,1.0,0.5056575390956959,0.42074505281274743,0.4207750966928402,0.46410619475346626,0.10045782506803555,0.05879362734411239,0.17719275481558439,0.164751762763143,0.05399689323359932,0.41772796787034105,0.5003493030079793,0.5014765353482686,0.38298551355050603,0.32866416741807253,0.332502680563799,0.35318372523455627,-0.01659068523110047,0.0779024105361675,,,0.17055592762938812,0.37281985977210474,0.08457083326000807,,,0.22999945443624276,0.07979653238252034,-0.14809019163191234,0.08617051736247013,0.004623494539026803,0.01519257487339986,0.0878814530623764,0.02285362614494951,-0.043659232015110516,0.4042547886313938,0.12290733891783627,0.11912054226399482,0.1950516014403801,0.057092113303824854,0.08185765366206434,-0.028399685181874267,0.13513276418679213,0.08832244779103614,0.10240668516439237,0.06205044176800525,,0.17890974824514935,0.07779056508073931,0.03954136424061292,-0.08569598883959649,-0.041646874103848174,0.05929404851743387,0.3562110594367668,0.4316418185851864,-0.05409314207344162,,-0.0692701653628983,0.1925472306515312,0.03982679606941801,0.1867003549692698,,0.37942282789550724,0.34151558926685405,0.10867321335279125,-0.0739962013709975,-0.06945832084953922,0.1528907610937641,-0.06379252357241506,0.24205500638178887,-0.04718906678570367,-0.072155273450947,0.21898015643455043,0.09511192806910569,0.020283367952792133,,,,,,,,,0.02652995450365661,-0.00971318389534985,,,0.020779616892837045,-0.009994179555845374,0.018243233421496377,-0.024611026085870576,0.08502854543667039,0.04715927742795952,0.051980517840600794,,0.06729329899648585,0.04953428010408496,0.04093592041182757,-0.014990154155866004,0.07083722051924358,,-0.006599517483256968,0.048457222675061355,0.022199046491057934,-0.030660846367224968,-0.024032385319048694,0.011877886440535793,0.03628020662527667,0.09748813311567424,,
PO,0.0007382524433702045,-0.023177060300412927,0.11421196110343304,0.06567619391578047,0.22155353585052687,0.21857967257921052,0.662573228912009,,0.6744864318847348,0.6385000633650084,0.6744278244067065,0.6668728396315103,0.4970216982467245,0.5473366950567617,0.693580367797608,0.31726827628511706,0.3353012693422294,0.6217516289936581,0.5306515689788648,0.46425909775621693,0.49438883710716447,0.23728078651886866,0.44841277950668385,0.498826760622593,,0.2831961078289011,0.37458899001843765,0.3361422346341278,0.3743297785869778,0.324300447203593,0.214394476989229,0.30435873955099385,0.36105756080290474,0.14889438917653555,0.2000230178330078,0.33197023614550575,0.3105803739018943,0.2834390640442878,0.22541990709361726,0.09201691319164157,0.2213730849936579,0.28585579900828295,-0.41406071853315773,-0.44730989934629156,-0.49400095522351783,-0.38181072595175686,-0.2530700353249423,-0.291745481226368,-0.21169391440184665,-0.43387392666021773,-0.4348087114192911,-0.4507083863094739,-0.42589641052141297,-0.45123411788481455,-0.42767342081635423,-0.4303206821483588,-0.5019605919533803,-0.3730316600539349,-0.386525297274145,-0.38883487553181334,-0.31426723416375074,-0.43689839466221936,-0.31567198303295585,-0.4360813394902442,-0.32475272786139614,-0.33734709831100623,-0.312778905230212,-0.20640318218074624,-0.2298624101070812,-0.2744194429362249,-0.19300212406027017,-0.13130333531019986,-0.10786821935657835,-0.08469167371650119,-0.24109931483626362,-0.2421862925836785,-0.24261495254305873,-0.21758701506206982,-0.24650761088224163,-0.22824919348587608,-0.2951087131261347,-0.24923328770307124,-0.20430068481182834,-0.16770975424501744,-0.1741831634804766,-0.08280926288484204,-0.2444971874876694,-0.15786406807811296,-0.2392320410448031,-0.21356214523483646,-0.17862522790233967,-0.19740249782002384,0.6606015219500507,0.44652563863227435,0.5056575390956959,1.0,0.19239977609195005,0.34689082729168386,0.6482169748659484,0.2086581690630477,0.1273392554909555,0.28564557619602815,0.2577768240244859,0.11593892513289292,0.26669716219440787,0.3497186451180181,0.3525611792869173,0.5959561623718858,0.11414586964934834,0.22848897689179826,0.37234781531172567,0.0058048274209571435,0.1723872550603087,,,0.22281151947373562,0.3106622252253869,0.010199555337268101,,,0.13877517078402887,0.0055173338215874675,0.1337675614111548,0.07163509303220371,0.0022769222469083525,0.003385134331964139,0.009485585428746406,0.020637534992200047,-0.07737728370487443,0.21040735618105244,0.054431346104365654,0.07845858387254596,0.1065037810046761,0.05007496331299743,0.036469600510233714,-0.04877276183930639,0.06707208243296188,0.006703939908605843,0.06792488093468436,0.010981109997892098,,0.2154379997591576,0.06942661948175363,0.01932678497491278,-0.12421279937435915,-0.052733857335056374,-0.000828937901675322,0.23070627762178728,0.2262768576539308,-0.04932237784391729,,-0.06649332520239758,0.10405960891517511,0.013233004093126138,0.12169748649105616,,0.20108277104325833,0.2595018478271855,0.07236182567859462,-0.07367210058971681,0.13129233653062305,0.09767737034237563,-0.09462272140676167,0.15949619483448757,-0.0438385692365757,-0.08875889839596902,0.15593698776702122,0.056320679404672454,0.04550954413068012,,,,,,,,,0.0012210043332693008,-0.0020088781270944,,,-0.005026697597636208,-0.012144401538067291,-0.00026343659548370215,-0.024048880924200818,0.0195619823326337,0.014515722541331915,0.017098938072273927,,0.015874352572172186,0.08283229568917005,-0.013959314364911012,-0.01723118184507819,0.002841723804124697,,-0.011579323128773196,0.0037414619754870524,-0.011594693073586302,-0.028057637823945103,-0.02945661105308764,0.02890338077386102,0.0889611776570396,0.010626516557786278,,
A,-0.01941228356537047,-0.05211861758792473,0.0974149679017278,0.04440182013676648,0.14515505762124628,0.139245388877878,0.4961330908275822,,0.5226386633810981,0.4619183144652425,0.49145140481255223,0.45292006710234595,0.38900938096316756,0.16257980304762057,0.38441462988963204,0.34568325573397124,0.33173785760306695,0.40817154065163447,0.3036483380404919,0.1388690617872983,0.3206469366614195,0.45353542198585856,0.2673343938179467,0.3170135813836569,,0.20307618229254118,0.2855004927655914,0.23648756905562743,0.27511838054958654,0.24765842335116098,0.19477399733821718,0.0930912303771096,0.19300424906787053,0.22346331757009807,0.20903455260066292,0.20598890424795568,0.17959738392209484,0.08705501677418094,0.15624001726723902,0.24718804415618012,0.19041776975554847,0.19671625102959242,-0.22004811591173126,-0.2495268715424668,-0.32331527452936293,-0.2003807666722189,-0.08761271667508577,-0.12537380569936596,-0.1595401821158221,-0.2358951830613792,-0.23607801231267767,-0.2572538765485111,-0.2706520326685256,-0.2624384545593724,-0.25471975113454187,-0.2769657340294339,-0.33204265620029305,-0.2630117923066569,-0.22179488969489997,-0.2209700816993943,-0.20367540752225308,-0.2387769445397201,-0.23114555643863977,-0.23945793497872403,-0.2229685655029976,-0.23677692798944286,-0.2147990094476325,-0.11951665135119448,-0.13247805362934897,-0.190300225506449,-0.10443173837316068,-0.04897069064731413,-0.045765131366202846,-0.06463650204920841,-0.1397452269036829,-0.14136474975254285,-0.1466159274531906,-0.13831938593442905,-0.1523343787263429,-0.13889613059629327,-0.19948430119395116,-0.17244851118636395,-0.13292431260944185,-0.10917107131175875,-0.10569265114160185,-0.05544339495451236,-0.14416774731221488,-0.11805042220171102,-0.14181833569157234,-0.11802955742738384,-0.11133551500812812,-0.11607938009892498,0.5504586114738466,0.35308589525828243,0.42074505281274743,0.19239977609195005,1.0,0.677194634578486,0.7405514191018201,-0.006806146855674353,-0.037868750676672884,-0.038596173064458165,-0.025008717879695372,-0.034456925769889825,0.21086335185775854,0.2799682936266617,0.2818262986374756,0.0993520677553802,0.5933180788455589,0.4388910377556748,0.4448330657564152,0.04088971208132795,-0.02265125403337385,,,0.1845124277116351,0.23935300493799275,0.03584853304264821,,,0.07617510769223546,0.03785325779735652,0.13025572417596165,0.04051125457437975,-0.012606909486684172,-0.011019879189966034,0.009278364532401221,-0.013054263723893804,-0.040894000972403255,0.1886878174577957,0.046332190775556094,0.017579349908150597,0.12847848694011552,-0.02872383257681448,0.010677895248125416,-0.02741819044099918,0.024953362119699937,0.04261440806920918,0.021400069369550766,0.017175070405999623,,0.1105653924044782,0.008418852436137816,-0.021430027572106377,-0.07575221003854715,-0.007047815660242706,0.052232964827590204,0.07218303455873097,0.048559465170414186,-0.042088362314749286,,-0.05347493436291858,0.05904903060390326,-0.021417742740369783,0.06717869982148646,,0.14935577382482199,0.19949751021864362,-0.018970803929719292,-0.055754778629686856,0.037489886178301,0.06680871752972019,-0.048895534652146654,0.0663415070721718,-0.036788122087242636,-0.062303969520304064,0.05976026953250323,0.021949233459769377,-0.00266689568618245,,,,,,,,,-0.00045508496550602113,-0.00983365668055298,,,0.01419970561953447,-0.007090517127535307,-0.01090867082970857,-0.01875468447211985,0.021912630062321307,-0.010340272543948136,0.05173547595644066,,0.07782755979607558,-0.009736097148344289,0.04949352802122979,-0.013358434271401404,0.0276891392018586,,-0.00669720099337811,0.0011134322204719236,0.020197586552102288,-0.02338420753865486,-0.020783690393237186,-0.004569794295032566,0.030996732074874182,0.03749005259091323,,
E,-0.19594250959189916,-0.14538918217638858,0.1564825887454589,-7.507568414251977e-05,0.020121342684239436,0.011218320791153114,0.4978477831689139,,0.5674555589477008,0.5735978559761103,0.5545417674580676,0.48122622468807125,0.6328769569609279,0.1534210990011269,0.48718358438339177,0.5136841447288494,0.18572926681056182,0.42763508432835123,0.2291044724894255,0.061690152746094726,0.37520107081246645,0.3975643914562955,0.06542505753770268,0.09696889823942495,,0.07703265334759124,0.17577220521451323,0.16789376555010635,0.17606259345185066,0.1414395341362897,0.22171208363071923,0.0506817231741195,0.13164508076939868,0.21527111502155924,0.14578593048767838,0.12398890444499817,0.07681730599774818,0.04431308301379447,0.06663368335461041,0.09146254201548107,0.07283467278101755,0.06904591557270828,-0.28701230260478044,-0.3193764043740036,-0.3936398436498448,-0.2653905586496422,-0.11660110348838072,-0.18459691891510804,-0.1857739771930377,-0.3036270985629356,-0.3033288587649012,-0.3276888007903261,-0.34367060785719905,-0.33162547068379516,-0.32062017977484675,-0.3578380317849168,-0.3768277461824823,-0.32000485302833526,-0.24343064459728433,-0.27378091158897533,-0.2545896223869304,-0.30581577545627675,-0.27075589467343764,-0.29736955266608167,-0.2753885425326329,-0.28850676854708557,-0.26595166860459085,-0.1589902251335934,-0.17477412391170893,-0.23081682337302464,-0.1441350961270065,-0.07203467277430127,-0.07069668219971298,-0.07457623141482794,-0.1847253887120123,-0.18579238505647477,-0.18976393215775914,-0.17761219776730522,-0.19417859019444894,-0.17914904294553588,-0.25036908181028883,-0.2107182552079862,-0.17125264915606103,-0.13823700953520346,-0.14140374369024725,-0.07086823927818217,-0.1969567183787911,-0.13765806570601175,-0.18039544946768865,-0.1682530863185452,-0.1468505961121441,-0.15924404522156257,0.5493872509949657,0.11205601159487566,0.4207750966928402,0.34689082729168386,0.677194634578486,1.0,0.4706985050195029,0.25698151693081533,-0.02075103986868009,0.07761508574357591,0.09836905340679943,-0.01819025163029675,0.03105700378330318,0.10933135526706415,0.10940002841621602,0.06048466537525068,0.22307813051408237,0.24810039756023763,0.16422416840993284,0.03731595586195727,-0.002533950479607256,,,0.2209817133399373,0.24484898838445762,-0.00797489468627418,,,0.03254779657198379,-0.005002566105014784,0.134099005156049,0.024402489145081058,-0.010860478861740986,-0.00681181286234511,-0.01572648666104944,-0.02416301659803426,-0.05912849570282891,0.0467086512082747,0.015579231049664055,-0.007227582006138596,0.055303902949756956,-0.026143603048672644,-0.0013406258179266847,-0.03891634557611561,0.009848115786255886,-0.0010433764060151646,0.00925642633388512,0.003309056761986317,,0.07899123732950578,-0.014083132423240365,-0.010020140699746565,-0.10010275988380292,-0.02316668471443987,0.028783698465113267,0.03712751295194573,-0.015446884110838917,-0.04654370096885457,,-0.06137266938024486,0.01322586936220384,-0.039909949828696285,0.018238242017026517,,0.04954285512251646,0.09525674940918046,-0.024307405839077915,-0.0655764252756642,0.03409346508493937,0.030239161439039583,-0.07316528471995812,0.05262812045597222,-0.04189711086723637,-0.07578597337258525,0.02160214779088752,0.008242060724419334,-1.2670249235074496e-05,,,,,,,,,-0.0013458354674919378,-0.009744776342510225,,,0.002920293230930044,-0.010544675473464346,-0.00867824416790474,-0.022522659580336175,-0.006825064848087239,-0.007611711993299236,0.010393121167567965,,0.0203241663212359,-0.015970747515001747,0.007594316246338642,-0.01538606818116028,0.001029753558431493,,-0.011955921429685868,-0.011582975451533995,-0.003693201364285437,-0.025978987275154783,-0.02622966907838665,-0.005611964165913919,0.0738062843953147,-0.003198889498326599,,
DP,0.02677429463120385,-0.013982725195963578,0.0784296454537229,0.057939510582791225,0.17985397685024482,0.17638831439416008,0.5814299426310843,,0.5921945307689982,0.5433386433375069,0.5770303278624397,0.5649003375974143,0.3900941778133831,0.3756992011544994,0.5298341572168359,0.2795719579050362,0.36356950984565006,0.5260526431567687,0.43849870236751703,0.3304551200913701,0.3835163659348468,0.32277685317667404,0.41581540814663204,0.47115134627120436,,0.2613877062733945,0.34342062011203517,0.29530086903509567,0.3381255688241213,0.2956376389234015,0.19602731235547202,0.19995081009028084,0.2823095876528109,0.18093199415556313,0.1951969177488804,0.2807947973435012,0.2551083677324272,0.18145349777289252,0.2041859131161257,0.19391025929287253,0.20154236815960797,0.2540048757702015,-0.3177640743642868,-0.34403982868798183,-0.3849430676630328,-0.2919857070612034,-0.19246656742703905,-0.2209046237836318,-0.16763762606743907,-0.3334728015721176,-0.33393537887566266,-0.34688229131644716,-0.32857540914379474,-0.3481455218887741,-0.3308853942008506,-0.33320913443250283,-0.39382120244506114,-0.29072160821795157,-0.301663680168875,-0.3025106650830483,-0.24428732337724646,-0.3358888097881305,-0.2490468992920882,-0.3359706277307246,-0.25229032583628624,-0.26305810882311453,-0.24236015271220004,-0.15916161342000856,-0.17719026072898603,-0.21495011533355857,-0.14775103123587807,-0.10196602979075048,-0.08241536868713119,-0.06757565013713031,-0.18618696225754303,-0.18703895953845912,-0.187483924692722,-0.16797221701680154,-0.191167222367346,-0.17660980974787677,-0.2288693996796247,-0.19466773922221706,-0.15722430145329694,-0.13116155591462667,-0.1340263071993696,-0.06408353059036272,-0.18729364143785662,-0.12494955213758782,-0.18588165266549583,-0.16371821376302645,-0.13761550912405104,-0.14995293629894288,0.6052227023872614,0.4475049091657337,0.46410619475346626,0.6482169748659484,0.7405514191018201,0.4706985050195029,1.0,-0.058693617437250746,-0.03485240645711478,-0.07463175986998243,-0.06737353571145452,-0.03474145044293541,0.2614109364090315,0.3317624370576766,0.33507523784700466,0.3716551383645725,0.48135629819954673,0.38243283181835114,0.6173736775102852,0.024099962270032825,-0.03821885675936417,,,0.18789616534832831,0.24071378848278896,0.029150210213864852,,,0.11001206737923881,0.034236717328546315,0.10557295826047441,0.03874256695035735,-0.0027773576446102157,-0.009944296444227715,0.00020193430160287315,0.024737733421178104,-0.05843439970523988,0.20568047217154375,0.06859224953064819,0.06572096573173235,0.1508982697581375,0.027382663991569703,0.026951401142844146,-0.03710448021980014,0.05429730557131473,0.030825844301302356,0.06115760199203535,0.00855280659917885,,0.1762849545621043,0.04187196065974114,0.00211153576326504,-0.09563817431465159,-0.03868511850346082,0.01596772836351065,0.18419310749738096,0.173596929490064,-0.03995582258887047,,-0.05328534799144304,0.10267361238904706,0.004864800412322355,0.1282411399775414,,0.18241188495485688,0.24164131896725727,0.04909837437746986,-0.058094654932991374,0.12158959522254326,0.1047014159981685,-0.07022189193467081,0.12054381078869018,-0.03562102019938303,-0.06975343270525379,0.11706164378323893,0.04981912097919856,0.04132413470558595,,,,,,,,,-0.005196284101289301,-0.0015089979200711824,,,-0.0003977609887451579,-0.009085613360930339,-0.010045317983439175,-0.019538556753654308,0.01585795852799514,-0.009035102591324617,0.05050602237663113,,0.0711299314334242,0.06357136044226329,0.031403415281162916,-0.013994017822061144,0.016370378667384278,,-0.005181502092456502,0.00043713512833929867,0.007719004914711511,-0.022543263989828734,-0.02324167765322972,-0.0070651825767012325,0.055395959563932146,0.02629730737670285,,
PB,-0.07341767398445558,-0.041505907881788554,0.05924077344935091,-0.022859034830350053,-0.02712364674676782,-0.027776650057255627,0.05616166538264433,,0.08076725759377208,0.048846571651924076,0.06991380259091665,0.060317519327055646,0.0579197285837603,-5.418165482481292e-05,0.07956662272470438,-0.005011708194563243,-0.07389629982701974,0.031082942337283894,0.009267715384609434,0.013861744841940691,0.07136197243133718,-0.03532836536969947,-0.015756473699178198,0.008611241907444405,,-0.0005846722808534976,0.0274372363830973,0.016309376627536152,0.024326168502785985,0.014509557233041996,0.02325199111954501,0.002858857345073214,0.01922947785468103,-0.0008679864724414377,-0.028977415877373867,0.017066146282535326,0.004433356201540644,0.018495597442516297,0.0001679643343964694,-0.023685766810358704,0.015168173304297768,0.016709529800185204,-0.14508021533371276,-0.15569682323263986,-0.1690251441033501,-0.13402764477762646,-0.09168841792844674,-0.10339483550206689,-0.07105210619546437,-0.1515319870762544,-0.15169825958132677,-0.1567296556848883,-0.1466430823003713,-0.15677697488827758,-0.14844940695727282,-0.14826783453415773,-0.1694337722162062,-0.12715342991768644,-0.13557642053586452,-0.13598300155580045,-0.10829350814670695,-0.15251918786908308,-0.10613771236365445,-0.1522824472143838,-0.11124445258743264,-0.11546897090923786,-0.10731939875388817,-0.07260799260461152,-0.08076150827821184,-0.09381789309830582,-0.0686060668713772,-0.049550277328878824,-0.03867640628417896,-0.028496861728136556,-0.08488791055401723,-0.08543480950212744,-0.0849592888869045,-0.07551713030077362,-0.08643017307937147,-0.07955276850897279,-0.10087445912393983,-0.0852330448058633,-0.07009993009198506,-0.05853162761604982,-0.0605866448073349,-0.028458405263806965,-0.08477922307889335,-0.05320104449827511,-0.0849810785612665,-0.07430118009313261,-0.061679576038146396,-0.06854324421419104,0.06963311576624111,-0.02124021113849536,0.10045782506803555,0.2086581690630477,-0.006806146855674353,0.25698151693081533,-0.058693617437250746,1.0,0.18834249378375428,0.6060522750439551,0.6108751124372401,0.17151313524884676,-0.02675411511331962,-0.002169027990567072,-0.001924258743764426,0.10559552779181325,-0.042724107585446064,-0.02118456429282275,-0.044879415037226277,-0.004154099037706623,0.20952750585404153,,,0.042943542257008076,0.08896454859140104,-0.021721853199018537,,,-0.00021178562488973323,-0.015610106068235187,-0.00132572338730123,0.03743181159895965,-0.00587566153948393,-0.004154099037706621,-0.015109706984137111,-0.016758044531954123,-0.02737250031278616,0.0017945584760759672,-0.0136692125477254,-0.013829607459589256,-0.024497214204392305,-0.01468424000993119,-0.009731840615106397,-0.017324378520895252,-0.013470184233483725,-0.016403322264046397,-0.010377375005210505,-0.00831192623269103,,-0.004178244894567252,0.014459833917684968,-0.013978932597896366,-0.04370939716200135,-0.01866905191095297,-0.00415409903770662,-0.03128250473426928,-0.056846382306909506,-0.016393628897366685,,-0.022304909393421106,-0.01850281716640986,-0.01757096872841157,-0.010704814010084298,,0.014584152994143788,-0.0026931447513756546,-0.0288379828561443,-0.02479435528838211,-0.008183862643209031,-0.021328433170632696,-0.033417452959527395,-0.017551336668221958,-0.0146895334785723,-0.030771018689356815,0.014646181253330325,-0.016705080375002793,-0.00415409903770662,,,,,,,,,-0.00415409903770662,-0.004154099037706624,,,-0.00415409903770662,-0.004154099037706625,-0.00415409903770662,-0.008161975084285107,-0.010517624659608031,-0.004154099037706623,-0.0026478691510713145,,-0.002269863711718212,-0.01100058339756788,-0.010183036469643168,-0.005875661539483932,-0.012477226495068498,,-0.0071972625626993665,-0.011000583397567936,-0.008311926232691037,-0.009294406689751407,-0.010183036469643181,0.0157113628723123,-0.013868669749727306,-0.0051630737082129655,,
fielding_WP,-0.04870474726687315,-0.05038106384106754,0.035580002112526515,0.030936443505134248,0.005533160492571441,-0.0029829017980478466,0.03250368290890085,,0.02805262468235637,-0.006487797507073522,0.019182359293267674,0.007196856350093027,-0.02046618326168341,0.04186406185223696,0.027192724309850747,-0.051206827734423234,-0.014456096105848242,0.029288505010407508,0.026155270616478033,0.13166724332559757,0.02029845711670835,-0.03836143111302296,0.07066492007943628,0.0890006899186376,,-0.005790731662782126,0.008336834483490131,0.0030532031928036563,0.0042074587846703815,-0.003553505801123696,0.009912934326212033,0.012131567401258947,0.008346130548025833,-0.017935155655521333,0.001424064228876128,-0.0010976419854847113,-0.001365523948423723,0.037364274465307795,-0.0008795707114181062,-0.0019474052181892422,-8.141903939855517e-05,0.016514456423871095,-0.07264398167595952,-0.07803734029600884,-0.0847556951183959,-0.06706522144926387,-0.045979807411454014,-0.051715025839268486,-0.035632391586166455,-0.07600519313390323,-0.07618540423253525,-0.07865404760578,-0.07343658945541989,-0.07869731390980016,-0.07431777160731835,-0.07444673392258655,-0.09121120374440082,-0.06353924257243894,-0.068592940838506,-0.06835687740394421,-0.05420253755223356,-0.07653959739028529,-0.053522224142676364,-0.0766470403028327,-0.05558944231678885,-0.057700456503151386,-0.053635694531200276,-0.036282598572361206,-0.04050350494122001,-0.0469385791385887,-0.03428281508177451,-0.024760536092257934,-0.019326805122846534,-0.01424003277827009,-0.04243603809394474,-0.042729987766211085,-0.04247699220214696,-0.0377363100913718,-0.043214612848132654,-0.03977577395462995,-0.050407501644185455,-0.04263797655598752,-0.035029306447408044,-0.02924856441279967,-0.03027546739050255,-0.01422081587930722,-0.04236462692197855,-0.02665200677983406,-0.04252431156857319,-0.03712869333066554,-0.03082161091674861,-0.03425142226715218,0.031081906251041565,0.07452372054867105,0.05879362734411239,0.1273392554909555,-0.037868750676672884,-0.02075103986868009,-0.03485240645711478,0.18834249378375428,1.0,0.17930450485724253,0.2019585246975848,0.9132864930538279,-0.001224528797597521,0.012923102087984023,0.012190257873016287,0.06953472511425886,-0.020751367836880318,-0.02312577739689457,-0.016446118210891193,-0.0020758252970261653,0.10939516527115063,,,-0.0038665270513700157,-0.007502021115217736,-0.010854525123143173,,,-0.013872351042936009,0.025485917702223897,-0.019157038572324807,0.12622105500865544,-0.0029360991997817243,-0.0020758252970261644,-0.009072756627133307,-0.008374083634589104,-0.013678183422296895,0.05082286292139829,-0.006830577927834097,0.03295532822633371,-0.0009128451455598086,-0.01187165659607479,-0.006744477331123988,-0.00865708372922787,-0.0076248215719788215,-0.009309851134355259,-0.005185629268106131,-0.00415351357399533,,0.048452448293365195,-0.011631467161654502,-0.0076403229525914326,-0.021841817328634834,-0.009329024146146928,-0.0020758252970261635,-0.0241355632950986,-0.040269075913697217,-0.008191983211358446,,-0.011145881392443076,-0.013858833111312589,-0.011301424004926158,-0.007315047520232702,,-0.025240117487037597,0.044301103944825754,-0.01919018243971832,-0.012389870694920351,-0.009237532038334767,0.01556113328430184,-0.016698878285257658,0.01937817558433107,-0.0073404377025078115,-0.015376441059983904,-0.0028282509453156214,0.00556459985670473,-0.0020758252970261653,,,,,,,,,-0.0020758252970261635,-0.0020758252970261653,,,-0.002075825297026165,-0.0020758252970261644,-0.0020758252970261657,-0.004078582190714943,-0.005255712763433276,-0.0020758252970261653,-0.003940133168007268,,-0.003130019903853266,-0.005497049803445315,-0.005088517272302475,-0.0029360991997817235,-0.006234936182332201,,-0.003596510232755274,-0.005497049803445315,-0.004153513573995339,-0.004644464263443917,-0.005088517272302474,-0.0020758252970261657,-0.0074398325256931335,-0.0015476535281915107,,
fielding_SB,0.03498764337709374,0.018802193679733695,-0.02007837932535404,-0.03653648911735713,0.041211185903306476,0.05149276897820382,0.08520513212383371,,0.09245884684845682,0.03287103114378886,0.0738642116932366,0.07812425052746148,-0.020037919746548328,0.06016767527690164,0.08750128132686724,-0.04088232705830079,-0.04953101964252381,0.05661114341319513,0.0883935975362488,0.11701029185171288,0.1401343256137439,-0.031206435767324212,0.1053526642052649,0.12507786667228535,,0.054066212237611426,0.07448350469079683,0.04367515092030438,0.06619520064268004,0.0663085285308068,-0.0065627769282910605,0.05786709613626159,0.06809122881518787,-0.030808514110716622,-0.016659538673623533,0.05869576299714638,0.07268826086137088,0.07342498474394739,0.06031210234686333,-0.005178557181521786,0.08709621813006566,0.08816170226272824,-0.15667774628113496,-0.16832257192706862,-0.18266204505468558,-0.1446751916180151,-0.09913421016797426,-0.1115079808572086,-0.07689149994199775,-0.16385328413562386,-0.16415854578404396,-0.1695044157439338,-0.15841130163536882,-0.1696032829138993,-0.16031716002143032,-0.15943586884257824,-0.1895809290697433,-0.13713805788825995,-0.14759635417988132,-0.1470149541516588,-0.11674883630701194,-0.16497645504612063,-0.11499495867926054,-0.16506909006576706,-0.1199798400134322,-0.12453608547641977,-0.11573141733950072,-0.07830948091142755,-0.08741955019331343,-0.10130850357181674,-0.07399330695352434,-0.05344117579137325,-0.04171344215679594,-0.03073455647902556,-0.09159057635981571,-0.09222501400086136,-0.09167896845632165,-0.08144705646907824,-0.09327099031168824,-0.08584887339381803,-0.10879555057021419,-0.09202642430789126,-0.07560447466608566,-0.06312777989158633,-0.06534416577061646,-0.030693080249600817,-0.09143644815433959,-0.057523575992336394,-0.09178109882095115,-0.08013562468094133,-0.06652291860878991,-0.07392555119417539,0.09041511351945884,0.12608986349011797,0.17719275481558439,0.28564557619602815,-0.038596173064458165,0.07761508574357591,-0.07463175986998243,0.6060522750439551,0.17930450485724253,1.0,0.9569023395517651,0.16214704633321367,0.05703517436806545,0.0794872981690881,0.08094885090167814,0.25318594243925147,-0.023301163963516742,0.017167198416840772,-0.0317957243487206,-0.004480296557280184,0.36358848217042267,,,0.000560240996052658,0.08545588695549827,-0.023427545473021887,,,0.05854454966928652,-0.006635196498762333,-0.038612909509340675,0.06242275218255104,-0.006337043466740906,-0.004480296557280187,-0.009690963918903622,-0.01807395744342011,-0.02952190542458309,0.04406886846639655,-0.014742577238147777,-0.00854859982352257,-0.024835400896868687,-0.005272573188536684,-0.009824922316941107,-0.018684762385211846,-0.012560845655230291,-0.009918489413848828,-0.011192250614977663,-0.008964614022599663,,-0.019780092478011987,0.03797889481804774,-0.011436067988846235,-0.047141644878505515,-0.020135025247377168,-0.0044802965572801915,-0.008823151452361778,-0.014762131602980674,-0.017680926343718116,,-0.024056385718950333,0.0004993315935668963,-0.009101806821518456,0.020464416522219704,,0.08728968655723444,0.03809424954860312,-0.021044952836349034,-0.026741313490649985,-0.019937555943849175,-0.02190495565132547,-0.03604153345614506,-0.019227410844286235,-0.015843018106865708,-0.03318728991450337,0.08229476032185326,-0.012438427268817217,-0.00448029655728019,,,,,,,,,-0.0044802965572801915,-0.004480296557280187,,,-0.004480296557280182,-0.004480296557280191,-0.004480296557280184,-0.008802888072432095,-0.01134351326857673,-0.004480296557280185,0.0029043051297493656,,0.006211117876024833,-0.01186439598017065,-0.01098265179127466,-0.006337043466740906,-0.013456991372339208,,-0.00770520551836229,-0.011826916425876109,-0.00896461402259966,-0.010024243022632575,-0.010982651791274663,0.05615213821916883,-0.01605754400399523,0.015467207662143595,,
fielding_CS,0.0054213334487819035,-0.014877256438872114,0.00126075456320086,-0.02646488440184287,0.037830171791448416,0.04694791376589465,0.07817432830537153,,0.08644839240409916,0.029103077679728986,0.0677003763311568,0.06358041945475153,0.003187305086322903,0.03525708872236987,0.07716480334426626,-0.025605550865045158,-0.05362973836341934,0.045726290303183,0.06330369564074534,0.08818763880275247,0.12098816931103511,-0.005425317233661543,0.07212924713608924,0.08706535859507056,,0.03118133530851835,0.05255697935730068,0.02689483690084765,0.04666074976385258,0.045240274456140775,-0.009140988286846247,0.035208706846778674,0.047380681174757584,-0.027272391389497646,-0.01751741246702021,0.03887148792782138,0.0450193705430082,0.05415847721071504,0.03199148534347917,-0.003055847626670766,0.06390103084258546,0.06458783965465355,-0.14612766593967813,-0.15699914734742806,-0.1703678969804925,-0.1349400013694087,-0.09244429848416039,-0.1039633644873775,-0.07173288523210045,-0.15280945998673787,-0.15307143157931793,-0.1580673488551724,-0.14777625691385615,-0.15815805111133904,-0.14954521551272826,-0.14902021160834103,-0.17618342251388167,-0.12794302863550716,-0.13763780131327946,-0.13699600236257248,-0.10890993256319734,-0.15384938328209335,-0.10723045661234248,-0.15389639740379124,-0.11193525956908103,-0.11618601134957045,-0.10797957772393302,-0.07305887448724145,-0.08155811877399882,-0.09451582568035562,-0.06903209755314064,-0.049857975166615956,-0.03891657944216357,-0.0286738218423625,-0.08544947999405511,-0.08604137894993723,-0.08553194545046164,-0.07598607737752651,-0.08701722314044805,-0.08009275496595415,-0.10150087041018446,-0.08585610458361165,-0.07053523738142103,-0.05889509793806563,-0.06096287639690276,-0.02863512657067286,-0.08530568599762266,-0.05366665274201968,-0.08562722803188023,-0.07476257634938828,-0.06206259452366414,-0.06896888477915136,0.0868347689387217,0.09963841131378479,0.164751762763143,0.2577768240244859,-0.025008717879695372,0.09836905340679943,-0.06737353571145452,0.6108751124372401,0.2019585246975848,0.9569023395517651,1.0,0.19047817398815345,0.03377821808614977,0.05650681841319428,0.05734869888680885,0.20136021559782522,-0.024044208921669228,0.008633287656352235,-0.032842436319321586,-0.004179895205973546,0.3064173202564838,,,0.005075666980736089,0.08762694172020363,-0.021856741793417744,,,0.03927936774497441,-0.0005970185144631482,-0.02559759850906688,0.0684990675012772,-0.005912148284835024,-0.004179895205973551,-0.013327225216574062,-0.016862108814641435,-0.027542478355568854,0.05487740843127087,-0.013754095768793776,-0.006453515745683076,-0.02076624545664779,-0.009781367122551541,-0.009070706694806595,-0.01743195963039409,-0.012122070592055936,-0.012595013222684703,-0.010441816538590833,-0.0083635417203755,,-0.008735975437658484,0.03727026620925421,-0.012796123165201144,-0.043980824240124006,-0.018784983187532463,-0.0041798952059735476,-0.014556376977369693,-0.03061896287530465,-0.016495430227980973,,-0.022443418656360768,-0.0035342573046211164,-0.012214823621546517,0.012401604034399872,,0.05729313754963694,0.03026547588915589,-0.024876190621813073,-0.024948323538845962,-0.01860075408917026,-0.017721131279492614,-0.03362496901337467,-0.013624438805840815,-0.014780752699379568,-0.030962100887602477,0.06338806353262337,-0.013630798924095232,-0.0041798952059735476,,,,,,,,,-0.0041798952059735476,-0.0041798952059735476,,,-0.004179895205973547,-0.00417989520597355,-0.004179895205973547,-0.008212659403737662,-0.010582937116779838,-0.004179895205973548,0.001528249083872872,,0.00017581975936916707,-0.01106889493703348,-0.01024627119752397,-0.005912148284835027,-0.012554707708503721,,-0.007241956200102655,-0.011068894937033471,-0.008363541720375492,-0.009352123194999314,-0.010246271197523993,0.033827592861765836,-0.014980894756385086,0.019847104586171085,,
ZR,-0.04656822476003423,-0.04649576876191125,0.0250618087951521,0.017149596205721703,1.292009123523886e-05,-0.004588346989407115,0.030655662921439456,,0.02667718467590027,-0.005508317056826183,0.017794761658503928,0.0060941530200906025,-0.022253689349861452,0.041131328918807504,0.025623980325381872,-0.04757862770927882,-0.013342384685737159,0.029637494074695406,0.022949602203052352,0.12134261813744446,0.016087572240821583,-0.03138600133448658,0.06695556769074845,0.08623457101409716,,-0.008127523349597564,0.005893430530331084,0.0027276314921071613,0.002710764664645669,-0.005909395625613236,0.014736073783130473,0.015312838903946354,0.005160869881653304,-0.013451126826274288,-0.0015457098270008525,-0.0026687291277694056,-0.0009402403262854684,0.028849465716218905,-0.008075876572751231,-0.010761725253572494,0.0027277144882758694,0.014631391874335644,-0.06704181127665451,-0.07201924398905118,-0.07822030637108243,-0.06189327478888109,-0.04243392914179629,-0.047726858061676564,-0.03288448701382489,-0.07014434846511475,-0.07031031788501517,-0.07258814102506488,-0.0677732946004078,-0.0726288259511719,-0.06858652160373277,-0.06871124871881844,-0.08414882639124023,-0.058639212924816185,-0.06330317926567733,-0.06308532060947365,-0.05002253744160058,-0.07063747577279454,-0.049393936164309614,-0.07073595241470118,-0.051302486658849754,-0.0532507033096902,-0.04949940831289822,-0.033484551231858506,-0.03737994905655001,-0.04331876215486946,-0.03163898736989789,-0.022851049040932502,-0.017836357420581202,-0.01314186761337858,-0.039163448803146754,-0.039434729616756564,-0.03920124460576859,-0.03482615518940236,-0.0398819813027537,-0.036708339346598014,-0.04652016773022653,-0.039349814142014786,-0.03232791069292961,-0.02699296886317176,-0.027940678969945374,-0.01312413268635684,-0.03909754472956006,-0.024596652984249512,-0.03924491478959513,-0.03426539671691763,-0.02844470491086752,-0.031610015511461725,0.03034914606078533,0.06865256516540723,0.05399689323359932,0.11593892513289292,-0.034456925769889825,-0.01819025163029675,-0.03474145044293541,0.17151313524884676,0.9132864930538279,0.16214704633321367,0.19047817398815345,1.0,-0.0037615538826720994,0.009476428618478487,0.008938513467125354,0.05697260588682061,-0.017999703509614676,-0.02111710381276271,-0.011908820274001034,-0.001915741463997813,0.101328882531217,,,-0.008165484803622577,-0.007299857075435807,-0.010017444088479727,,,-0.012802540817938139,0.030455160710613823,-0.019541742219865987,0.10684155927995247,-0.0027096726239393873,-0.0019157414639978066,-0.008373082305269333,-0.007728289690250183,-0.012623347047461793,0.062294881005035566,-0.00630381630774357,0.028409527701820314,0.009228152550081825,-0.010956136250977098,-0.0062243556308605305,-0.007989465337541664,-0.007036809341302098,-0.00859189251970401,-0.004785723066417758,-0.003833202238348256,,0.03635941871433188,-0.010734469784443389,-0.007051115283922216,-0.02015741650584803,-0.008609586944052602,-0.0019157414639978066,-0.02190602254395565,-0.035250817761637736,-0.007560232517089123,,-0.010286331497595119,-0.012790065364365236,-0.010429878949579263,0.0012809433542012158,,-0.02339520925530655,0.04625892046799383,-0.01771027082776121,-0.011434386630625579,-0.008525150539498002,0.013090353517193832,-0.015411091472462009,0.013163323243305337,-0.006774356633351044,-0.014190638176310059,0.0067327573893126,0.013237143761127243,-0.0019157414639978112,,,,,,,,,-0.0019157414639978069,-0.0019157414639978127,,,-0.0019157414639978097,-0.0019157414639978066,-0.00191574146399781,-0.003764049425676299,-0.004850401851348455,-0.001915741463997813,-0.0036362773372298368,,-0.002888638519600144,-0.005073127422239199,-0.004696100169308271,-0.002709672623939382,-0.005754109359292348,,-0.0033191539714119236,-0.005073127422239198,-0.0038332022383482604,-0.004286291712641862,-0.004696100169308274,-0.001915741463997812,-0.00686608631038872,0.009562275977114737,,
fielding_post_G,0.5930754390760613,0.3629872788523766,0.45437473515034515,0.41622083565442214,0.42732875806344334,0.33428376031359996,0.45692649328049856,,0.39797923243475525,0.4021605972447734,0.3969109488007349,0.42989823687669454,0.16261739678166598,0.4476611602306776,0.4089180378663121,0.23200674064555843,0.36129895288221975,0.41380145514980543,0.47002618507607996,0.38601568682015075,0.31853569043453345,0.06695538259708979,0.46968747782702225,0.43275874130323294,,0.9615137417344645,0.8827289966407199,0.8253830926959719,0.8560117711930078,0.7848330398886145,0.4252846880405431,0.7065497405691954,0.8002140180901117,0.46562796019885827,0.5189207903074721,0.7923175844304126,0.8347309353083513,0.5581802363419742,0.5638911135103725,0.4329308615060973,0.5913936680299976,0.7245453204888171,-0.13092310467376234,-0.16561798070807154,-0.08959972986826806,-0.14282446599256524,-0.14644275772072401,-0.12459064883919914,0.04331505871418371,-0.1497702196929239,-0.1577965742965418,-0.15867071165969795,-0.11409667462928466,-0.15584524263779762,-0.09766872794975522,-0.12232128093227747,-0.16384622036629687,-0.06046903428462069,-0.13019807777112943,-0.12342075715338602,-0.0640240342531012,-0.15258901102863276,-0.012528431681888158,-0.1658334244950398,-0.025712112744389035,-0.0302941964801614,-0.016738389132651,0.1202314005512475,0.07922805016542392,0.21794798752009392,0.06711407898894028,-0.013047301563169293,0.011984421273213664,0.15866484077056528,0.120685088867135,0.11125089839297575,0.10178493637451105,0.10002132379079638,0.116530652289891,0.14326089827370536,0.1595765733425386,0.10832952072719261,0.13376018162013414,0.11432559356899889,0.10884616235351609,0.03446082131946231,0.129722935307527,0.18176761016865484,0.0915312459542079,0.09317321516102398,0.11290797231827583,0.12298272298831019,0.4687020645786566,0.5013223000272204,0.41772796787034105,0.26669716219440787,0.21086335185775854,0.03105700378330318,0.2614109364090315,-0.02675411511331962,-0.001224528797597521,0.05703517436806545,0.03377821808614977,-0.0037615538826720994,1.0,0.9294496575475497,0.944426420942238,0.6857509833356576,0.6190001846697899,0.6277378596785678,0.5996785657283383,-0.0020858166559244496,0.21881504596684467,,,0.17151747145443133,0.3454826341597114,0.1885804297800749,,,0.2080921988572085,0.19103179129617656,0.07647339615474898,0.07630107829366109,0.03218294753736402,0.014026093765137205,0.08323249869445978,0.0866738622537167,0.048547142521831906,0.3055071676973929,0.2063563716342451,0.09632674823874575,0.17996602482204638,0.081068495622496,0.14328886240173763,0.050095640790990895,0.15798864048465214,0.12643424028117356,0.12671748150355847,0.03142292969536017,,0.23071914495538948,0.15861313855073855,0.00519461352700523,0.05187285838850476,-0.002305430502575796,0.02611002658093341,0.2823887099726917,0.3961361133948398,0.043846604770309945,,0.08478018744530051,0.1596500218213607,0.0487120358077853,0.15347275665221785,,0.33870058580314477,0.3558797657832952,0.10378460464737671,0.033503389426019145,0.04747959627787268,0.1384858310637312,0.030624952821796086,0.12539792760993806,0.10525377368980915,-0.007530809543098997,0.17908653353245554,0.01905502063160627,0.04087927780023999,,,,,,,,,0.014026093765137209,-0.0020858166559244423,,,-0.010141771866455245,-0.008799112664700074,0.0005995017475858334,0.12868400009872213,0.11837340238841543,0.018054071370402634,0.11624549948661307,,0.1899941316627271,0.03155561741897721,0.13421829788247017,0.0036965863765735765,0.14518921008017976,,0.04601283503903045,0.11688839965273123,0.032094560543549755,0.028978809146243158,0.006406508208970311,0.055648529019546415,0.030720710369067664,0.23306760427979395,,
fielding_post_GS,0.46654389662185114,0.2584943574281092,0.41160856241567495,0.3736557435285441,0.377408162518484,0.2944691327338582,0.5301691252052921,,0.5216571485088054,0.5168267937413848,0.5159773641249525,0.5442800326232407,0.2529501819965114,0.5307448219431824,0.5215525456639054,0.3006668036097736,0.42986938608978237,0.5194829659281278,0.5710494133035958,0.44736334363018027,0.40300399777488854,0.1370051737369136,0.5405745866669417,0.5156462825730229,,0.9010037378318035,0.9530403560026286,0.8912172954850945,0.9266135066187219,0.8481992778753156,0.4726522409605643,0.7616377846842075,0.8648361932160421,0.5099138171950848,0.5648030861707936,0.8539726180235794,0.8897270272148131,0.5996038077457632,0.6078392377428808,0.45652769670683807,0.630408038753683,0.7748811118938265,-0.17195084307113528,-0.2132915749186898,-0.27430535649544274,-0.1435266111534422,-0.12749285668665014,-0.11090532524100709,-0.14806429044897146,-0.19331179134041032,-0.19757128949925334,-0.20462161746465501,-0.17554929138962094,-0.20982923340292584,-0.1701592977614942,-0.22366512378622652,-0.28225740071930777,-0.18629096019208077,-0.18784408776187145,-0.17904658442407922,-0.12736094623840394,-0.1964441093689809,-0.21978518340673883,-0.20486336295473984,-0.11426181596262712,-0.12351655805807923,-0.09762777776222153,0.034386482625881246,0.005081085285699069,-0.08247716306417054,0.06884863278306978,-0.002380617574509736,0.017536901780756984,-0.05541599520618706,0.022315135137174567,0.02143327806550564,0.01982189339860614,0.0269596656606813,0.010503787136364426,0.025147839472152902,-0.0550200916086031,-0.06123649236802844,-0.024361006484420248,0.013473783601110744,0.017962496972237108,0.00847720307453211,0.02803848451508603,-0.09929892815539279,0.014029612166451912,0.0009559257819464064,0.007867072920196286,0.03798098880575748,0.5352944200074133,0.5804744166919305,0.5003493030079793,0.3497186451180181,0.2799682936266617,0.10933135526706415,0.3317624370576766,-0.002169027990567072,0.012923102087984023,0.0794872981690881,0.05650681841319428,0.009476428618478487,0.9294496575475497,1.0,0.9955739980189242,0.731780992910835,0.6560474064324034,0.6728424021342788,0.6443182819754736,0.000577747285453544,0.2253722261112111,,,0.1997127391082106,0.33270788724303174,0.17368426557352398,,,0.2118836498584691,0.1831402598105131,0.10596443712697982,0.08175243966191292,0.032257400524422726,0.013484484491795113,0.08631714111412468,0.03897046443990884,0.04363008084127978,0.337126793191811,0.22512549997324355,0.10913436854948096,0.19097737951205324,0.06413209891595932,0.12651650412519283,0.04925856865447428,0.17068537452702706,0.13701369961140505,0.13598556274836243,0.03343733527097388,,0.261462815113877,0.15566995771529166,0.015260866623879753,0.036838210869293155,0.002780611482164264,0.030693467433583647,0.32150251419829035,0.4283324900445346,-0.03717426135901149,,-0.04677625766778993,0.17793651508533653,0.045917380442055254,0.17322350394981623,,0.3791560305291648,0.4068934110311744,0.10660592467893804,-0.05549320525895563,0.060804384595830846,0.1596294956898396,0.032206848049603325,0.15001155657556872,-0.02584823552207167,-0.030736297091849205,0.20226583851623714,0.02973810247276758,0.04646836846355661,,,,,,,,,0.017786730227242285,0.0005777472854535608,,,-0.008026744185440794,-0.0065926622736250644,0.002011829197269276,-0.010135580303019193,0.12582124491469424,0.017786730227242233,0.12857870082171727,,0.20672889488263568,0.03950626415148673,0.1467193320050127,0.0008171802053508178,0.15057990683116326,,0.04572460843802149,0.11708645203389124,0.03415469798635772,-0.02116771039177275,0.005517541737253727,0.059375105669898086,0.04190412597526108,0.22691625285488284,,
post_InnOuts,0.46968710195252633,0.26193368367167513,0.4130108467091825,0.37633989488392156,0.37624945910542845,0.29271902765426194,0.5387627218590655,,0.524085888563098,0.5199161061503247,0.5189782101445966,0.5471778082377821,0.25544981723878835,0.5324313097023005,0.523856976017024,0.3028325747381038,0.433571503776823,0.5220575675727926,0.5702129656187451,0.4490116500641689,0.4045689863385191,0.13062931318161625,0.5437653386891426,0.5181252128706587,,0.9145488285868429,0.9585444391721953,0.8984855914157474,0.9336380120871374,0.8550099198494863,0.47397562746353744,0.7645494668112027,0.8699733884304657,0.5142136083569337,0.5692006300213164,0.860182831647071,0.8912075338039063,0.6051845446337296,0.6105635857542081,0.4483899204130418,0.6390936084521894,0.7803070594484502,-0.1953596639896113,-0.232346046307535,-0.26805982642116993,-0.17593381610972395,-0.13839138209922902,-0.13140148599011545,-0.11802520702498391,-0.21504756541367825,-0.21941756353415606,-0.22785306375728373,-0.20180984213547531,-0.22980619668577074,-0.19420400939147311,-0.22910043206650432,-0.28828450720136656,-0.19035222623187859,-0.20363946241507141,-0.1977987454841399,-0.144400609451128,-0.21811598225567477,-0.18877756156036127,-0.2262645506401469,-0.1352119837865893,-0.1450581848778665,-0.12403098524636481,0.004280396007960648,-0.030544017288636146,-0.0713944559676179,0.01337303934550725,-0.016676299712671983,0.002417621761714136,-0.02107596386579118,-0.011125821374994403,-0.01600057039936617,-0.021978821669014048,-0.013203422819101737,-0.02379394371196466,-0.004794455432366331,-0.06990414463399425,-0.07533529724719394,-0.033801466525963185,-0.008374249230956744,-0.008419671037242773,-0.0062624174041361665,-0.007261432231130447,-0.05877899428895505,-0.026208725206435978,-0.02064431610425171,-0.012394310384429036,0.003921412922981833,0.544844896134871,0.5784214300171285,0.5014765353482686,0.3525611792869173,0.2818262986374756,0.10940002841621602,0.33507523784700466,-0.001924258743764426,0.012190257873016287,0.08094885090167814,0.05734869888680885,0.008938513467125354,0.944426420942238,0.9955739980189242,1.0,0.7407940112600193,0.6597678230354544,0.673902277809602,0.6507773189340798,0.00021961179691313328,0.2304874927115646,,,0.1959674240964085,0.32896631103539314,0.16843806621065682,,,0.21629158339089324,0.1772594591825677,0.10699716175808291,0.0819771036914517,0.03205320351647941,0.013592792234609666,0.07966098141228647,0.04388959893087731,0.01931417362210001,0.3381877416744383,0.23030584432069456,0.10108355986335538,0.18952676174137867,0.0604403726070445,0.1307827996215639,0.025693355954463246,0.17521276498155122,0.13912689752066262,0.14041572939033173,0.03396862431831531,,0.2620811332923549,0.14793590665550727,0.012245919641515095,0.003205974804446119,-0.004665082281528409,0.030052091234851395,0.3227820080154235,0.41827567501801177,-0.023985771325474636,,-0.024186436067976783,0.17374004844439767,0.04587859528741328,0.17203327169883945,,0.3807125364010706,0.400375657904759,0.09907888932515581,-0.03908385408357385,0.06130933278785157,0.15765583187368482,0.007238638192439377,0.14984102010053496,-0.005009643694577378,-0.03694127027032579,0.2033176274587834,0.027199984094306295,0.04629482051140598,,,,,,,,,0.01824904129388868,-0.0018378005781171148,,,-0.008064180134129666,-0.008497319581504468,0.0024935938956307502,0.012393228208754062,0.12634535954925774,0.018628038310341603,0.13158305398019038,,0.21166009111336287,0.037818369387269145,0.14858812349771314,-0.001106113131019193,0.15520461300078053,,0.03671448525336854,0.11352092574055257,0.03556654274659374,-0.014117955261949531,-0.0010321872804263535,0.059126576639884076,0.041488752624245305,0.2215183819155903,,
post_PO,0.317018308308517,0.1885357076487956,0.28719073612761664,0.2677520317794161,0.2649191373361256,0.207003328717506,0.42599495473634486,,0.4126629412605458,0.39220979556658137,0.40823510726429824,0.43664816047796734,0.16376129245703133,0.4699760759387387,0.4517069738671331,0.13833742225662243,0.2472004020556568,0.42423112384327766,0.4640863523031816,0.41776889330217154,0.33063820137325206,0.04517104715782816,0.434158276191057,0.4424901852834791,,0.6700248573911323,0.7120459443519656,0.6477685970228952,0.6898560483433912,0.6252496302676469,0.3003619345813254,0.5984998994166185,0.6690225926527209,0.2605210888987583,0.3426889617549109,0.6532101809170423,0.6788305669465188,0.525333779423232,0.49100253623499834,0.22398699061110056,0.47127332870011457,0.6025414447144127,-0.21790975513375374,-0.23683041385265102,-0.259025531681636,-0.20053356897295085,-0.14000922432140636,-0.15443609238561168,-0.10945062582399424,-0.22920971347662328,-0.2302623255325782,-0.23784991151782753,-0.2205908754923061,-0.23819662797402613,-0.22227141385335303,-0.22361593148173525,-0.27133541351184554,-0.1924372195893383,-0.20764308855610777,-0.20607742750747152,-0.1618213152137506,-0.23101269232635593,-0.1656162313098903,-0.23231289837227218,-0.16483021378123613,-0.17147340122617968,-0.15770889669706356,-0.09685794459520056,-0.11278955610001466,-0.13417477523124402,-0.09047685656308486,-0.06904359040531152,-0.051010045369953204,-0.038972051042944086,-0.11500722450670374,-0.1166728787093086,-0.11675834170157057,-0.10335258992738139,-0.11887811070982775,-0.10729764248151148,-0.1437068686606916,-0.1237233550694034,-0.09757955017951309,-0.0781169177427163,-0.08093266620991853,-0.03941048040396735,-0.1144148565736994,-0.07719845895935759,-0.11743339568678562,-0.10185346237043379,-0.08539180693604535,-0.0913710310560037,0.42020602499347637,0.4348977409055499,0.38298551355050603,0.5959561623718858,0.0993520677553802,0.06048466537525068,0.3716551383645725,0.10559552779181325,0.06953472511425886,0.25318594243925147,0.20136021559782522,0.05697260588682061,0.6857509833356576,0.731780992910835,0.7407940112600193,1.0,0.32233807926446106,0.4243699817255476,0.6089271149080404,0.0003833838790501476,0.4266638242124505,,,0.1441295093827696,0.23646319670625845,0.06030116605896588,,,0.20083998854504453,0.06597979611962958,0.08188574141047186,0.08002344929464301,0.026979848956800903,0.007792586846926664,0.01918427392934535,0.046154354483610854,-0.03476906560961747,0.23768805773861976,0.11294813508536516,0.07849694217364259,0.1374272020875779,0.04975550416857343,0.08178053672718513,-0.01989036460966497,0.08218039777206487,0.03472234157782286,0.09696130910166956,0.008179639548564889,,0.2069748761117536,0.16672529668639052,0.017554277949292974,-0.05805721779135523,-0.02677484119240452,0.0007201658321354776,0.2550365911616048,0.3005786946717759,-0.024688641805459807,,-0.03143565315784921,0.12387408635240404,0.03855882701026357,0.13208293827636125,,0.2780002373630071,0.2984331058453051,0.08896443584126934,-0.037380036623576786,0.0903165652747524,0.0826633802023046,-0.042994238342283136,0.08784722922780759,-0.018691327973885216,-0.04594486756931019,0.15745063193501546,0.009890295096419593,0.08996738339973892,,,,,,,,,0.004087985362988439,0.008129368800011968,,,-0.006689037135741064,-0.006689037135741063,-0.002310871745632185,-0.006525529385440723,0.05564922961476393,0.003414421456817819,0.04515539090017646,,0.07817214082177933,0.052105027321428875,0.03492539951288618,-0.00803208291978217,0.057349097094690694,,0.014279190400901358,0.04675397825675968,0.0049787753071487565,-0.014513981947109995,-0.013369929618215915,0.12836052605146253,0.03826417982921939,0.10393579336968754,,
post_A,0.2995314643055556,0.1438381430878357,0.2879932130499584,0.2536874756907581,0.2316884562645479,0.17252297943181882,0.3435373591393687,,0.34016751057643274,0.3141323405379082,0.3269009079200639,0.3282690875768066,0.1610676107954275,0.2121589307919873,0.26979667004222296,0.21666093260717617,0.2893972094263318,0.2977472208057613,0.30193806915514765,0.1755365962390916,0.2607578239507564,0.2315268504234535,0.32180411255433516,0.31738086400705057,,0.5814547648842318,0.6185551612236856,0.5429331240918968,0.5977434817094378,0.5319991127396014,0.35711763325941287,0.3356496846802107,0.470581757237912,0.396801106151887,0.3780548834139992,0.49112929189335336,0.513852224388014,0.2680635221604762,0.38313548995156443,0.5029860602628864,0.42001140534849746,0.4744495129227423,-0.10677092553043482,-0.13420569753736883,-0.16128569229377235,-0.09722713610073362,-0.07113021831571723,-0.06397459551639552,-0.07475348566994444,-0.12114109798523971,-0.1240692877128709,-0.13233494320427724,-0.12259179005228893,-0.13404026894348042,-0.11293972232239755,-0.13250743166500753,-0.17787213295762358,-0.11652865378120368,-0.12260784532262349,-0.11481944131581115,-0.0855010058615743,-0.12350076145216096,-0.1181402494702808,-0.13069619126696158,-0.081027321450009,-0.09104713502966051,-0.07287232800014193,0.02083765182500614,0.003502270968491984,-0.0323461299604037,0.029794517746508473,0.010198380393099381,0.014677863465041865,-0.012313108095581704,0.015282531386425205,0.013023738504129455,0.005364463448768314,0.00226010482931238,0.0015095660973376026,0.011863551827949069,-0.029067837005340144,-0.039699960681351905,-0.004662905134768793,0.0013715613430311797,0.007118036681650904,-2.1986396004572947e-05,0.018052728064956173,-0.03474511771437813,0.00410425817396408,0.02002946501380185,0.005619493691797288,0.026448646465391832,0.3756812040772188,0.3772188452851496,0.32866416741807253,0.11414586964934834,0.5933180788455589,0.22307813051408237,0.48135629819954673,-0.042724107585446064,-0.020751367836880318,-0.023301163963516742,-0.024044208921669228,-0.017999703509614676,0.6190001846697899,0.6560474064324034,0.6597678230354544,0.32233807926446106,1.0,0.7039082782815885,0.7908813574267637,0.008883879289720597,0.049708555933452914,,,0.15640249729000297,0.20579488435610618,0.10791113585090664,,,0.15012721658454212,0.16742926320722906,0.09336866402436335,0.059843452530161906,-0.004694527522823195,-0.0045814065644308,0.022373108890493258,0.006980790269173868,0.01949414896514783,0.24380587864884098,0.16962168573506403,0.04988763865707308,0.17027530653172962,0.001874760032084218,0.037614141052190825,0.02254262080252144,0.08090992826227504,0.17043735634181814,0.06353919679962151,0.04177153483892242,,0.15055685669637678,0.06564066950128267,-0.013764877027171218,0.013950480443527365,0.008155063228939162,0.03581445099802331,0.14120146558898258,0.1734153873034761,-0.015138317972067088,,-0.01630365030402384,0.11562557538103674,0.013106451536429583,0.1267812827211082,,0.23201820561470923,0.24763995763998656,0.023446299281656393,-0.0253101313215156,0.021627581876834556,0.09640273355351521,0.01311453359666987,0.06276927272113374,-0.00297408004780005,-0.0259706974544171,0.12944522218031734,0.021865099856316416,0.0072007185579516545,,,,,,,,,-0.006264567296199737,-0.005422986930315273,,,-0.0020566654667774306,-0.00626456729619974,-0.005422986930315277,0.010289720215179718,0.04353414351476607,-0.006264567296199736,0.18246043212662827,,0.337998429395437,-0.005127938988286458,0.2108842017627184,-0.003504175212171014,0.1710470702590526,,0.02705669982595367,0.04804037607587187,0.043034471854256844,-0.008744101511565856,-0.0033223962718492905,0.01393336148502737,-0.005108972279639729,0.16772074887303373,,
post_E,0.2707852833246426,0.11173503471515797,0.34307253346331,0.26598979507835435,0.27986173731408787,0.2119452122415717,0.4141285365391991,,0.4078635462865286,0.39305562207141737,0.40037408368603605,0.40600476429357985,0.25192606781478133,0.3235119808860843,0.3761617811437178,0.27067206420881906,0.3159332273503243,0.37667517388419036,0.37468123909566203,0.27517610977041573,0.32247013408691955,0.24967314028398943,0.3348728616453228,0.3297179112183902,,0.5999366777895319,0.6407760103121303,0.583291819067563,0.6235915252462045,0.5544721053748399,0.38017676032471037,0.4262480266145859,0.5402703705981298,0.39376243510025766,0.4579325873309459,0.5408703504919703,0.5510059110606486,0.3706096980690067,0.3930765085090911,0.4110297455038177,0.42544813051266916,0.49340033230108205,-0.1609905682199529,-0.18919786364058644,-0.21259212938600658,-0.15026940837963565,-0.10438048445217685,-0.10377437155939921,-0.0917334224020579,-0.1763329245737478,-0.18014466674940918,-0.18998056328171523,-0.1773508803271982,-0.19035772025342695,-0.1659463297722138,-0.18266682593590458,-0.23230148593376745,-0.16125356658302684,-0.1659260575062206,-0.1629766572796844,-0.11627287776455839,-0.1791786551622537,-0.14328927601822586,-0.18624000787567355,-0.12153408530405833,-0.13065375257422113,-0.11612390854217491,-0.019423348774370464,-0.03599264028142366,-0.06767443443462398,-0.010844635454274837,-0.0102778518833905,0.004054695139933902,-0.02787978955479855,-0.029175212837803374,-0.03270738059440021,-0.03754943460363195,-0.038494939358656485,-0.03836914181808159,-0.028566779925642584,-0.06900634362247697,-0.061436735722796065,-0.03703847515185494,-0.01632058232683885,-0.019885685345775863,-0.013892991732856007,-0.026304242471654457,-0.052412742616493285,-0.035752216531380686,-0.010931050110680629,-0.010867303878328323,-0.021969571611689474,0.433085211240533,0.3796893843073892,0.332502680563799,0.22848897689179826,0.4388910377556748,0.24810039756023763,0.38243283181835114,-0.02118456429282275,-0.02312577739689457,0.017167198416840772,0.008633287656352235,-0.02111710381276271,0.6277378596785678,0.6728424021342788,0.673902277809602,0.4243699817255476,0.7039082782815885,1.0,0.5752218742507383,-0.007480544504559716,0.1090221897330709,,,0.18100904217240849,0.2464842324894042,0.12240296728926155,,,0.12522681058757404,0.11524451163238017,0.14600317627376064,0.08319601372295976,-0.0013994142322241224,0.03146639830496861,0.02404644464562776,0.019285129049779203,0.009192824733329255,0.1960672859110257,0.12954404858535418,0.05078916271374957,0.15287368213010546,0.03971419998128998,0.07060093980262806,0.024749472404235,0.08753026452363405,0.11492245919784395,0.0713994331865793,0.030490686956182442,,0.18874115334699176,0.05507597800112453,-0.004197174185974422,-0.0036553905095121574,0.003054961210674672,0.0055017697652830315,0.20584696793584994,0.25354057192449314,-0.016346809443169047,,-0.03184262632794571,0.08597796104815632,0.0007595322587265834,0.12632310491386778,,0.23739084254030038,0.2664611126460856,0.06745968782084914,-0.03974450569224603,0.02809391453021254,0.08832570096320609,-0.0029859554413692877,0.09709271593244906,-0.011149869518882938,-0.04828795204540398,0.1325851162959301,0.011221298690511763,0.018484084035125834,,,,,,,,,0.005501769765283034,-0.007480544504559715,,,-0.007480544504559717,-0.007480544504559707,-0.00748054450455972,0.005141511144506974,0.0755600372847066,0.0055017697652830376,0.08847526240753363,,0.18447350457888964,-0.009986914181380204,0.10365415637049387,0.007781840710956118,0.10317752615086133,,0.03202494808723787,0.06368198981089958,0.004514407247618095,-0.016737016198955873,0.008182638861974147,0.04444871257481132,0.0022701352416549256,0.14688213089611346,,
post_DP,0.2805772651841365,0.1363215335752142,0.234472666453895,0.21664701518088425,0.21514593609370933,0.1678424843319629,0.37862655622324104,,0.37381380922005725,0.3550961701891825,0.36640639659256125,0.38006936172439504,0.1556477010541772,0.3219600094492776,0.34696697619628125,0.17344149586421156,0.26462421537210545,0.3610424365926014,0.3768043608060013,0.28693525569825873,0.2925239797733143,0.14502692935716427,0.3752181197499051,0.37895279911635976,,0.5758787785619771,0.6279914210185001,0.5611098776769663,0.6129319858764021,0.5307234042133231,0.32442190821923905,0.40953941751691275,0.5165536842651978,0.33885588424973156,0.33065965524206825,0.5274793094091579,0.5521256671825393,0.3307299390841547,0.4098101213395144,0.3811162002105946,0.3753865730291583,0.4755490451576543,-0.16742654449852556,-0.18391629214186084,-0.20305845377113454,-0.15373458218213082,-0.1088748999139163,-0.11755720314717048,-0.08731641295062822,-0.17725803711189575,-0.17819582816466878,-0.18442468395399245,-0.17118170825496018,-0.18454300383193564,-0.17197031884418554,-0.17491130294540053,-0.21522236848802048,-0.14940176485024065,-0.16275759185927233,-0.1595333453949297,-0.12560449715957936,-0.17875104803071687,-0.13220685780074418,-0.18045085396694066,-0.12486215378756994,-0.1307934932547233,-0.11769715253426496,-0.06549771746477581,-0.07695372799389794,-0.09669484395687802,-0.058790390412127275,-0.04705371834086291,-0.03678229547975225,-0.029006846507927356,-0.07787001110142912,-0.07790383204353751,-0.07923781795279505,-0.07206299671488377,-0.08079299028205349,-0.0742738390352266,-0.10182324243618834,-0.09038500357047614,-0.06592425110294947,-0.055874180655245985,-0.05365258949892073,-0.027617261557946027,-0.07681825147237761,-0.059511899366059974,-0.07998987715181156,-0.06782918186698404,-0.06004444681161579,-0.05026397617645144,0.39227048540477105,0.3993049743032334,0.35318372523455627,0.37234781531172567,0.4448330657564152,0.16422416840993284,0.6173736775102852,-0.044879415037226277,-0.016446118210891193,-0.0317957243487206,-0.032842436319321586,-0.011908820274001034,0.5996785657283383,0.6443182819754736,0.6507773189340798,0.6089271149080404,0.7908813574267637,0.5752218742507383,1.0,0.008231966975312689,0.023623415332021804,,,0.14117077222434543,0.1928758187747722,0.06354220783899078,,,0.18320565957639828,0.12174056087497051,0.06324988506742148,0.02170368974503569,0.014079664905205666,-0.0055470032595028515,0.01220685575046023,0.032436541375242975,-0.02520155131659279,0.22265474640489383,0.16754363202694625,0.07833313788948618,0.18461268207217818,0.021905801765269222,0.05976303965683201,-0.013077147856937334,0.06819645260636523,0.12343553852501504,0.0874946466737049,0.018194466013529198,,0.14081719773148788,0.1250885541970457,0.005825731326848049,-0.03854996053431302,-0.018736496177888317,0.022010937210128232,0.2119878002182378,0.24303996292243785,-0.019948515364212403,,-0.026195135080087667,0.15113310656446088,0.03299401464295408,0.14000698263651828,,0.23476246051362418,0.22917283934509403,0.05035402543010267,-0.02998500315691562,0.06106373677296915,0.0835890944654577,-0.03142685816140017,0.04975449732127717,-0.01555467722828008,-0.036363513803522485,0.1407843415569641,0.023808453955267567,0.07368207559068628,,,,,,,,,-0.0055470032595028515,0.0013424818579049242,,,-0.005547003259502855,-0.005547003259502853,-0.005547003259502858,-0.004130522480288711,0.026293260263197515,-0.005547003259502853,0.14530500745748084,,0.3250993281301088,0.034830892965991116,0.16795226784685016,-0.007845820096105936,0.15118402437337977,,0.016251867372754396,0.03874037171624407,0.023363898502739643,-0.012410899146896363,-0.01359749393936723,0.00823196697531269,0.017157584491094915,0.11362018901898543,,
post_TP,-0.013340512467784288,-0.007255718273357485,-0.005184773168620442,0.004826282629166343,-0.009509886672803107,-0.009210609867046207,0.01391845264940462,,0.014937650739172463,0.012504487422918945,0.012662912897282016,0.00974000807736176,0.015398242303083409,-0.010111566407967136,0.006433504756356942,0.011986178039614371,0.02838432013682553,0.011143995211353805,-0.001997672281802058,-0.008539461691933743,0.015019035191405029,0.0944433026872185,-0.011460018248593664,-0.01349817114488132,,-0.003385023701486718,0.00012290363048640448,-0.00022337791226903402,-0.0031643805341588,-0.007813337397200812,-0.005339773057046233,-0.005892940346317589,-0.005068897806053958,-0.004632314935599851,-0.005558885916805176,-0.0013866860608072655,-0.006667440904324366,-0.0048589847114614655,-0.004971129252404669,0.013301600455063496,-0.005114978321413597,-0.006750247896987669,-0.010461951874586293,-0.011238685982816087,-0.012206642334784783,-0.009658516825115995,-0.006621863521841758,-0.007447831176666638,-0.005131662077854604,-0.010946197745104885,-0.010972070548111267,-0.011327570256925311,-0.01057610068984708,-0.011334008748702695,-0.010703005700464872,-0.010728168006589765,-0.013143630782180215,-0.009150716722903799,-0.009878534042776407,-0.009844536948526411,-0.007806074588276401,-0.01102315459667931,-0.00770841955097945,-0.011038516152380794,-0.008005812137990214,-0.008309833590487259,-0.007724439685154612,-0.005225302790287361,-0.005833184107904462,-0.006759942732763045,-0.0049373004237398665,-0.0035659325247570425,-0.0027833841210226857,-0.0020508035790677967,-0.006111501297758341,-0.006153834981208105,-0.006117399376294153,-0.005434661633243742,-0.006223629121993199,-0.005728378639045262,-0.007259525760468062,-0.006140583823561286,-0.005044807701863603,-0.004212283884057988,-0.004360175137878829,-0.002048036023277341,-0.00610121689116083,-0.003838336030857283,-0.006124214158783575,-0.005347154627679814,-0.004438828966542716,-0.004932779331858467,0.015467503695457692,-0.01490140898952129,-0.01659068523110047,0.0058048274209571435,0.04088971208132795,0.03731595586195727,0.024099962270032825,-0.004154099037706623,-0.0020758252970261653,-0.004480296557280184,-0.004179895205973546,-0.001915741463997813,-0.0020858166559244496,0.000577747285453544,0.00021961179691313328,0.0003833838790501476,0.008883879289720597,-0.007480544504559716,0.008231966975312689,1.0,-0.0020294670318491523,,,-0.005174023270376075,-0.0021448953766922663,-0.0015632336890117433,,,-0.001997851241771799,-0.002260902085970563,-0.003711490254500045,-0.0009466488637768793,-0.00042284753421346536,-0.0002989536621823639,-0.0013066291386160936,-0.0012060085083114985,-0.0019698878474772633,-0.003864308061625758,-0.000983717796133149,-0.0020187634523300617,-0.0022761843344672,-0.001709717682240587,-0.0009713178659755144,-0.001246765268917224,-0.001098102203348095,-0.0013407747246241644,-0.0007468175971461999,-0.0005981756247257105,,-0.003077038512469934,-0.0016751263748023724,-0.0011003346621728564,-0.0031455880648858267,-0.0013435359599258078,-0.00029895366218236327,-0.0034857897272412325,-0.006788434744327422,-0.0011797829928561526,,-0.0016051938789332094,-0.0019959044328713847,-0.0016275946241663646,-0.002890993656007707,,-0.003650849353023427,-0.005809886836644124,-0.0027637081629751144,-0.0017843492048770803,-0.0013303595617335147,-0.0020477986650417447,-0.0024049185761764826,-0.0022919493703050064,-0.0010571461559554034,-0.0022144654334827125,-0.002433635332831817,-0.0016445811395883311,-0.0002989536621823632,,,,,,,,,-0.00029895366218236327,-0.00029895366218236213,,,-0.00029895366218236284,-0.0002989536621823636,-0.00029895366218236295,-0.0005873842486517425,-0.000756910796037552,-0.0002989536621823619,-0.0005674452670701414,,-0.0004507753683805446,-0.0007916673779306494,-0.0007328318408164488,-0.0004228475342134671,-0.0008979353936248097,,-0.0005179578005426818,-0.0007916673779306474,-0.0005981756247257098,-0.000668880759098953,-0.0007328318408164478,-0.0002989536621823621,-0.0010714606777197328,-0.0022462903295795145,,
post_PB,0.10228183516885919,0.11353144242899757,0.08877725273220766,0.09776379214831227,0.06654172036660698,0.049881955019270736,0.07490174094456471,,0.065612694419652,0.03244418667298344,0.057902763247803093,0.0672111669470616,-0.012853513765853199,0.05948111026758625,0.06632076942043505,-0.03241307973747031,0.002308228673265448,0.0587654326838119,0.07880646693213895,0.09116411453914249,0.07522340025538102,-0.0015943603875918984,0.08166593555927062,0.11206537855346928,,0.2095824450740049,0.2077514081121735,0.17673280373582567,0.19874759530257174,0.18930733359657104,0.05859020909692792,0.15908703553709108,0.17751385918325643,0.008590485371239659,0.05672268590929369,0.18177051495991128,0.2072937212574536,0.16214148859131836,0.16931959333260502,0.08132466585723165,0.1575872695261428,0.23967273586369311,-0.07102166356909728,-0.07629457527607478,-0.08278306140538191,-0.06556749072763042,-0.04495296564985589,-0.05056010259744868,-0.03483663297372008,-0.07428990161141402,-0.07447629887742467,-0.07689450327225793,-0.07177933212553263,-0.07692894822948274,-0.07264400003034445,-0.07241126128756895,-0.08883470402903297,-0.06212025559866054,-0.06706109239961364,-0.06683030083996039,-0.05271451466994527,-0.07481555285245758,-0.05213035189886272,-0.07493282032231643,-0.054347993861730524,-0.056411863928795644,-0.052390761796583016,-0.03547231924474237,-0.03959896243210145,-0.045890325655091616,-0.033517195819473315,-0.024207572651772598,-0.018895190208916716,-0.0139220179546671,-0.041488337384333406,-0.041775722440167216,-0.041528376886951664,-0.03689356582357446,-0.042249524656556174,-0.038887483461566036,-0.049281778621405314,-0.04168576606571863,-0.034247016203820466,-0.02859537230311781,-0.02959934202115783,-0.013903230216144312,-0.04141852099881247,-0.02605680216431596,-0.041574639495981065,-0.03629951863394844,-0.03013328882427372,-0.03348650408332173,0.07406344024143076,0.09206708005096582,0.0779024105361675,0.1723872550603087,-0.02265125403337385,-0.002533950479607256,-0.03821885675936417,0.20952750585404153,0.10939516527115063,0.36358848217042267,0.3064173202564838,0.101328882531217,0.21881504596684467,0.2253722261112111,0.2304874927115646,0.4266638242124505,0.049708555933452914,0.1090221897330709,0.023623415332021804,-0.0020294670318491523,1.0,,,-0.0068047856965050835,0.059274687874298064,-0.010612116980825018,,,0.007878644977061257,0.015588680629625526,0.01013681704311283,0.04538734329874578,-0.0028705289104686053,-0.0020294670318491553,-0.008870139741112249,-0.00818706982841626,-0.013372716071485036,0.04401556894908146,-0.006678034386070536,-0.007565917672791243,-0.00998780571770683,0.0013906087559685865,-0.006593856626653078,-0.00846374983752023,-0.007454540623544682,-0.009101939347046731,-0.005069821460452526,-0.004060755438734413,,0.029065853481325184,0.03724971309792532,-0.003968210500245391,-0.021354036029736942,-0.009120684178506411,-0.0020294670318491558,-0.01821857847944354,-0.018942292101359712,-0.0080090361538282,,-0.010896966550735254,-0.013549331410307841,-0.011049035515563006,0.010804141458646306,,0.053081231730168814,0.0642540130055656,-0.006692333336222698,-0.01211317452400127,-0.00903123531364035,-0.010009816951146059,-0.016325951416693248,-0.0011398336384194892,-0.007176507742691011,-0.015033047454963885,0.014218076923344439,-0.011164349617364674,-0.0020294670318491566,,,,,,,,,-0.0020294670318491558,-0.002029467031849152,,,-0.0020294670318491545,-0.0020294670318491566,-0.0020294670318491553,-0.003987497456843418,-0.0051383398196067805,-0.0020294670318491523,-0.0038521403400477603,,-0.0030601188900637034,-0.00537428721217886,-0.004974878213463982,-0.0028705289104686096,-0.0060956947802178595,,-0.0035161913469026174,-0.005374287212178864,-0.004060755438734413,-0.004540741996334864,-0.004974878213463979,0.07978495090269584,-0.007273682835932279,0.045217189754937694,,
fielding_post_SB,,,,,,,,,,,,,,,,,,,,,,,,,,,,,,,,,,,,,,,,,,,,,,,,,,,,,,,,,,,,,,,,,,,,,,,,,,,,,,,,,,,,,,,,,,,,,,,,,,,,,,,,,,,,,,,,,,,,,,,,,,,,,,,,,,,,,,,,,,,,,,,,,,,,,,,,,,,,,,,,,,,,,,,,,,,,,,,,,,,,,,,,,,,,,,,,,,,,,,,,,,,,,
fielding_post_CS,,,,,,,,,,,,,,,,,,,,,,,,,,,,,,,,,,,,,,,,,,,,,,,,,,,,,,,,,,,,,,,,,,,,,,,,,,,,,,,,,,,,,,,,,,,,,,,,,,,,,,,,,,,,,,,,,,,,,,,,,,,,,,,,,,,,,,,,,,,,,,,,,,,,,,,,,,,,,,,,,,,,,,,,,,,,,,,,,,,,,,,,,,,,,,,,,,,,,,,,,,,,,
inducted,-0.010075768627546097,-0.05250715103563988,0.26832311284577226,0.18256017987529838,0.34053962421060013,0.298327197794036,0.33636761109474683,,0.3293167712922303,0.37851674159791504,0.3595172317828843,0.33842667966448065,0.35807438688354426,0.2816153881912507,0.37609133700467107,0.24292931640758825,0.14962047387855015,0.33257261659985865,0.18750240486349318,0.1961464422343525,0.19803825514065548,0.21952424405037121,0.11976147729974597,0.16306255504722905,,0.1861322182782686,0.2134589116627188,0.22515207780695717,0.2290521088883472,0.1823176534332555,0.1707096215790386,0.19016295797633911,0.20638707089295885,0.1680154002835932,0.15168180518018926,0.198325332533285,0.1546032278557767,0.14835084390454473,0.07252685820176784,0.12977099531254835,0.10676428781001339,0.13559120803996608,0.15060340112448076,0.0815560163516628,0.015283289824276467,0.11745304435038384,0.20337294860376284,0.21259142747531953,0.029541530223308774,0.12226613998649206,0.10392578783977055,0.07131507007235235,0.03804922263865664,0.07360289911499,0.12708639486597162,-0.02389205470523414,-0.05162090565234009,-0.013083949485079781,0.07946879569874857,0.06564417690648458,0.015462359466793595,0.11541263764210144,-0.019342953091017096,0.08625414866169438,-0.0031578599691739363,-0.018633248650290705,-0.02423521960808227,0.1538868086602942,0.11587377477982186,0.04642178960509901,0.13281009592681542,0.19620120884008524,0.1376724578192087,0.0678220321577756,0.14835159851799648,0.13260820632934472,0.10029516706736791,0.08949952010142176,0.09809270571738453,0.14769186195256648,0.038255935559075,-0.0011523495992029071,0.06571610260972233,0.0688894905362969,0.06304113538637382,0.007682023951656957,0.13619042880148244,0.04007201173044557,0.1105203314813242,0.1201696504114042,0.07148459043668745,0.08980507375218598,0.3410565852493219,0.12263506731258797,0.17055592762938812,0.22281151947373562,0.1845124277116351,0.2209817133399373,0.18789616534832831,0.042943542257008076,-0.0038665270513700157,0.000560240996052658,0.005075666980736089,-0.008165484803622577,0.17151747145443133,0.1997127391082106,0.1959674240964085,0.1441295093827696,0.15640249729000297,0.18100904217240849,0.14117077222434543,-0.005174023270376075,-0.0068047856965050835,,,1.0,0.4209423738989433,0.06375493798865108,,,0.1881507993615009,0.1671809487599819,0.41030711455211755,0.182961848895602,-0.007318267874260197,-0.005174023270376089,0.09323881072642905,0.007345440128396947,0.15638531544473958,0.22224746880910415,0.02800764432483901,0.09731805260321846,0.22128841234999966,0.03041520911473386,0.0547784400203556,0.057185360797603786,0.055807544984805,0.03326321632376032,-0.012925252690176794,0.052629311569302804,,0.35309547756053367,0.03514451928810645,0.10489365691041395,0.047466488475331185,0.195001552317456,0.05777972895754519,0.15586052689951393,0.17993645829385477,0.02926918011336169,,0.08825621168521976,0.16605351423292342,0.009085323254663592,0.09714437011857376,,0.20070963404657577,0.5144377821117014,0.03884644907958338,0.06900066643586245,0.19584057142593067,0.22808556414572315,0.16738004393014264,0.2765449983977355,0.04354112301465443,-0.0037835625835499127,0.10768138880189931,0.0869758541085853,-0.005174023270376085,,,,,,,,,-0.00517402327037609,0.057779728957545254,,,-0.005174023270376085,-0.005174023270376094,-0.0051740232703760885,0.05855160635576311,0.0068238761547826,0.057779728957545254,0.06984102707352532,,0.06813791236664632,0.010114178016748236,0.03875678355944926,-0.007318267874260215,0.005469058159692507,,0.027392885039214835,0.010114178016748248,-0.010352690044033103,-0.011576391429430604,0.013036791931143613,-0.0051740232703760755,0.17888106271567142,0.13947670883702576,,
seasons_played,0.27371130641554475,0.06640320496553305,0.28639850773923814,0.18900779646926344,0.884391803210552,0.8924019080920591,0.549257614557457,,0.4435386848724604,0.4375059048576075,0.44529619325429226,0.4328667388229568,0.3279989662571938,0.35792011253943024,0.44767599011795955,0.2800967499401473,0.2827945124006855,0.41998101031477414,0.35899153484321034,0.3302622143829312,0.27690316959814354,0.2750341640658399,0.3227728893326545,0.31154773545925984,,0.3553475127880201,0.31886581845008255,0.2970102914696368,0.3204179899967135,0.2824205817420494,0.18185191666016373,0.2526327254657954,0.29366487076048137,0.21035928744999371,0.21711907819431012,0.2835983088414211,0.272980444607176,0.21682499512771877,0.16701287784199811,0.21032172471207788,0.21663843626380816,0.22945005749405198,0.2066604839444891,0.17525560075532085,0.13575111746734142,0.19355903802678623,0.13201249763630393,0.19548796902538587,0.08078820594734926,0.19188259028610397,0.18251292460600407,0.1750652708592879,0.17759581233943322,0.16821186776144575,0.21266266458179628,0.08747771316079855,0.07927704646841319,0.1348770912730411,0.13270429420854218,0.1373750652142625,0.1568166771543342,0.18867084445146606,0.06269813680180078,0.16319569144762347,0.1714017356019469,0.1534104062174328,0.15456050614146513,0.191382481653058,0.17535283041061364,0.15908811143830057,0.18919061280247496,0.12069347097966925,0.0902167279962371,0.06899228313791933,0.20857985568818943,0.20433839611849608,0.19857806241647655,0.1655629905138997,0.18363520604369948,0.2019764560589555,0.17462992344610798,0.1370632499488816,0.13586444838594477,0.13512910942181916,0.15686746792356063,0.05101541789661267,0.21700540601812268,0.08892064404899075,0.19235023517975083,0.18926795727939458,0.16280943990574845,0.1879052774439197,0.541498716991867,0.3524170105199518,0.37281985977210474,0.3106622252253869,0.23935300493799275,0.24484898838445762,0.24071378848278896,0.08896454859140104,-0.007502021115217736,0.08545588695549827,0.08762694172020363,-0.007299857075435807,0.3454826341597114,0.33270788724303174,0.32896631103539314,0.23646319670625845,0.20579488435610618,0.2464842324894042,0.1928758187747722,-0.0021448953766922663,0.059274687874298064,,,0.4209423738989433,1.0,0.1088306606762176,,,0.18158657821521926,0.11321114690177554,0.2151637732492756,0.1200574757025758,-0.015004399241717746,0.003497258656650761,0.1087338705889913,0.030546789300020215,0.14406161760081793,0.26475036338326136,0.09384274841379237,0.1362232218717867,0.21504176154797305,0.04778675406597359,0.0755237022467778,0.09615645765060345,0.10488707348609037,0.011889158200346634,0.0666813654932323,0.057799828633144035,,0.23711896351602957,0.07803541783260763,0.10076801254334374,0.1635231991079691,0.08526655234726616,0.04299233689005302,0.23919129828866081,0.33687600020997016,0.03161433150887719,,0.05223805228476007,0.2022751445264478,-0.019022976008530295,0.09557649135326636,,0.25725988010773554,0.3968324103767439,0.12888129498685277,0.06904342018070488,0.05557867394864564,0.16459202100788112,0.1527705328079699,0.18342843262988068,0.023451025332458065,0.04448048908656007,0.10266410512895757,0.028550309762554685,-0.007787049410035511,,,,,,,,,0.009139412689993983,0.03735018285671002,,,-0.007787049410035576,0.009139412689993976,-0.007787049410035538,0.03520155246357438,0.03563930759326513,0.031708028823366756,0.06910964752320471,,0.0393032626690706,0.013530084278811767,0.0546753727693426,-0.015004399241717878,0.031217026215926966,,0.0028007679556010003,0.028471226852047355,-0.00429171572128641,0.007824787988711914,0.0039626624687421974,-0.007787049410035372,0.11996199167809118,0.1207961720204195,,
ALCS MVP,0.16530147809045745,0.10785253253773401,0.07959161258066795,0.08255550127722942,0.11583017079776867,0.1014981332280806,0.07591538300912008,,0.06081616507620896,0.06485030057370852,0.06173002170044262,0.07155564688664065,0.0028214497775663977,0.08482620756734066,0.06594080019981938,0.057967840528416914,0.07048984587877272,0.062375118227397774,0.07289171666093801,0.07578777927856464,0.03731020474544969,-0.01741930361724118,0.10896869242175614,0.08711648575824799,,0.20347653192886486,0.16212835474620815,0.17398554580107584,0.1705368601133382,0.15319567576349302,0.10753830145310114,0.16987671461232867,0.19514309935544033,0.14240786179470474,0.11122170325390543,0.16176230956761167,0.1408394756050488,0.1371007004345883,0.0798594135128488,0.047971701532769695,0.1866759489029955,0.14735106962506278,0.03814900660054781,0.023353103074211977,0.020197656778410948,0.040702577888028724,-0.011802899887903322,-0.0009145181363897692,0.04938125452847228,0.030511354957693644,0.028923676224717774,0.033706083761974114,0.05425998964734394,0.023817259057478925,0.05481798227796006,0.01273528760276027,0.007187641037264559,0.026029626120453134,0.02771202706097695,0.03859206470095227,0.0503505391873061,0.02996427739537319,0.016440189845313175,0.02716621753358022,0.05609191554483624,0.07076767418281649,0.07983902895327397,0.1965708750498249,0.11217164035171175,0.14472726309183528,0.16929366732797757,0.0506295168500252,0.09466659750235791,0.16095791114113867,0.1865924246483708,0.17364836465732697,0.15779355349510762,0.16773763894140042,0.1545395411670853,0.18285073577643568,0.14174722131747078,0.08580455096621925,0.07507511950105471,0.12913265074136457,0.17337959371475567,0.1375654001040229,0.1871762011800979,0.1352204923998816,0.14731163779192566,0.11151160224635444,0.14451595723618582,0.18594091974930238,0.06411923288369532,0.1029872262038818,0.08457083326000807,0.010199555337268101,0.03584853304264821,-0.00797489468627418,0.029150210213864852,-0.021721853199018537,-0.010854525123143173,-0.023427545473021887,-0.021856741793417744,-0.010017444088479727,0.1885804297800749,0.17368426557352398,0.16843806621065682,0.06030116605896588,0.10791113585090664,0.12240296728926155,0.06354220783899078,-0.0015632336890117433,-0.010612116980825018,,,0.06375493798865108,0.1088306606762176,1.0,,,0.08409000952059638,0.12458252665438779,-0.01940744448460391,0.05216320867482477,-0.0022110768136194264,-0.0015632336890117453,0.0346579268183259,0.03411650930468739,0.026081262491284993,0.09744472191757322,0.046464554067798536,0.016509653355509055,0.012190220535057973,0.04836582728277356,0.024221753898199593,0.01855393844232126,0.03322902843214744,-0.0070109334122470356,-0.0039051216796721936,-0.0031278703250889476,,0.036351919908125335,0.02186612450320771,0.11775410506104403,0.10868115711792525,-0.00702537195772361,-0.0015632336890117463,0.10180972459220404,0.1419448061928834,0.03450444222411136,,0.09278735190011317,0.1264008528569175,0.012836257527177462,0.02321690798595254,,0.10049210279027788,0.09261028190310173,0.05650177269920341,0.0588046821497443,-0.0069564723516654025,0.0236108762062203,0.02197074281137976,0.01980339692928232,0.10077179471588302,0.0626445253459254,0.03245176315364653,-0.008599542226546028,-0.0015632336890117435,,,,,,,,,-0.001563233689011747,0.1788015912569633,,,-0.0015632336890117433,-0.0015632336890117463,-0.0015632336890117442,0.15443116430752776,0.05312456061417465,-0.001563233689011744,0.1111499096095778,,-0.002357111924587483,-0.004139641931925425,-0.0038319899264052286,-0.002211076813619428,-0.004695319159576216,,0.10145641536345447,-0.004139641931925437,-0.0031278703250889463,-0.003497588652777222,0.0698567358997549,-0.0015632336890117433,-0.005602685766201194,0.12155568193061733,,
All-MLB Team - First Team,,,,,,,,,,,,,,,,,,,,,,,,,,,,,,,,,,,,,,,,,,,,,,,,,,,,,,,,,,,,,,,,,,,,,,,,,,,,,,,,,,,,,,,,,,,,,,,,,,,,,,,,,,,,,,,,,,,,,,,,,,,,,,,,,,,,,,,,,,,,,,,,,,,,,,,,,,,,,,,,,,,,,,,,,,,,,,,,,,,,,,,,,,,,,,,,,,,,,,,,,,,,,
All-MLB Team - Second Team,,,,,,,,,,,,,,,,,,,,,,,,,,,,,,,,,,,,,,,,,,,,,,,,,,,,,,,,,,,,,,,,,,,,,,,,,,,,,,,,,,,,,,,,,,,,,,,,,,,,,,,,,,,,,,,,,,,,,,,,,,,,,,,,,,,,,,,,,,,,,,,,,,,,,,,,,,,,,,,,,,,,,,,,,,,,,,,,,,,,,,,,,,,,,,,,,,,,,,,,,,,,,
All-Star Game MVP,0.12806625164548568,0.05474525053121092,0.064660726491113,0.05308049420195434,0.1718776391891631,0.16074356729625022,0.20263655819182244,,0.19205910198549528,0.18593641801515107,0.19395882886342034,0.1887219844014162,0.06994012446903915,0.23093537699930186,0.20194834822006397,0.10796475612327974,0.14398663988042065,0.17125393948369744,0.20493597973963756,0.24979070773455897,0.10994699188651913,-0.021080268259494134,0.24765204777985708,0.23225669988700762,,0.1987853427446884,0.2088724524544868,0.18746005035521385,0.21865169834350467,0.18861995807482373,0.10127742232719238,0.17523771017940779,0.19422926190123133,0.12730400922287977,0.12214938888590197,0.14119408097349373,0.18475876727517648,0.10415160925918063,0.08537292484118306,0.05229493968125012,0.17121788420071712,0.173721263707073,-0.02281954936189982,-0.03908311524432609,-0.04465688543450506,-0.020824267870446098,-0.020701409659594393,-0.0018204098252569195,-0.0008708575112267062,-0.029043280929055355,-0.03429055830194951,-0.03781471872444862,-0.025772003059835152,-0.03959781236098343,-0.009923063048788908,-0.04569843561329161,-0.06206076069504684,-0.025142574859550106,-0.034279565725915034,-0.027157352753096633,-0.017038539532721355,-0.030899186055173805,-0.028244117452860606,-0.03843487555245394,-0.013206250867023726,-0.014670257225588776,-0.015727932792858158,0.028667425880702754,0.004219442947069687,0.025744510291621774,0.026891817955151765,-0.0070490811048739156,0.0111640586226802,0.07664152523303579,0.03153415611552089,0.020515325987991526,0.017849208963317043,0.018980808300915586,0.012570363408898503,0.04080990269434676,0.007554865366733403,-0.00972205847067334,-0.02054760914982405,0.033640765325083935,0.03890520533972756,0.022231398084382698,0.030581536432472096,0.05354436212972408,0.014555705215188647,0.023758152369475267,0.006903231869989441,0.006927819485967991,0.2037700084216275,0.25428319618013373,0.22999945443624276,0.13877517078402887,0.07617510769223546,0.03254779657198379,0.11001206737923881,-0.00021178562488973323,-0.013872351042936009,0.05854454966928652,0.03927936774497441,-0.012802540817938139,0.2080921988572085,0.2118836498584691,0.21629158339089324,0.20083998854504453,0.15012721658454212,0.12522681058757404,0.18320565957639828,-0.001997851241771799,0.007878644977061257,,,0.1881507993615009,0.18158657821521926,0.08409000952059638,,,1.0,0.0509762159531261,-0.024803193109083438,0.035179060620350644,-0.0028258107465269815,-0.0019978512417717963,0.02141987902429132,0.08006851960707743,0.07496696577926668,0.20450076256488625,0.04968331049170438,0.025847496157357718,0.12485625634382698,0.051042361776580815,0.05738927076059884,0.04633188994660268,0.03514311715823685,0.04982543910484684,-0.0049908419015299655,-0.003997495484523915,,0.16998925247833446,0.07782976336588296,0.015085559620910923,0.05096811494914246,0.04151281552580076,-0.0019978512417717976,0.14419298483614137,0.20353838135762783,0.021674008475583397,,0.041794363749624766,0.2054352789109289,0.06668945731501062,0.1478283544503012,,0.24191755654457203,0.30314729476789376,0.045984580796298136,0.007881575147718246,-0.008890543380569112,0.16089628678190238,0.050875955143286675,0.21569333934779564,0.07018534872044131,0.021161183416080514,0.18072385980191255,0.08515066959874348,0.1290768596399622,,,,,,,,,-0.0019978512417717976,-0.001997851241771798,,,-0.001997851241771798,-0.0019978512417717993,-0.0019978512417717985,0.11053490250254362,0.03642466767581877,0.1290768596399622,0.037673451040540804,,0.11557165170064769,-0.005290564572860687,0.04865368710976507,-0.002825810746526983,0.08148708864872593,,-0.003461414814073607,0.0442955112276768,-0.00399749548452392,-0.004470004633520573,-0.004897377715653991,-0.001997851241771798,0.051561689062911246,0.04957040126526579,,
Babe Ruth Award,0.12529862558261506,0.04965587810391545,0.1623129418223949,0.20679035543690855,0.12181162137111902,0.09496741247760047,0.06833575532025489,,0.05258910733166402,0.05205094428276128,0.05026591913333324,0.05014959399940722,-0.0035372047181069996,0.09404486380256227,0.06223641309334316,0.018380536291585026,0.039429284908961526,0.052488339119753945,0.09420971656256094,0.09445734232763776,0.05779168734779302,0.007570436219499279,0.09430162933645252,0.09143350635872674,,0.19688710282914898,0.16724642160936384,0.16484186864170733,0.17361108995600097,0.15936047239450127,0.08312884387186949,0.18012845802092164,0.1719679652665625,0.07568262163053724,0.07441588166316143,0.14458182787896984,0.17745097389614706,0.11026535132051984,0.12889640692927865,0.13579967190173728,0.09034741645950126,0.12666538775053904,0.07148282869473434,0.0441480147205425,0.03994542342285584,0.06509200012963684,0.026607203903395157,0.07500795385412505,0.05604592918974548,0.0602987411769724,0.049129480850471946,0.052052033582418465,0.08568002758009169,0.057492489765728884,0.10432085546465736,0.019114000986726182,0.010890157388443839,0.07704748042570853,0.06419808322568982,0.03552592591517007,0.05302859087052259,0.058001897038571504,0.030362653538874244,0.04340678593537513,0.06595924663673765,0.055895954882922774,0.05634259326913382,0.21953658600457832,0.13665504309479334,0.12713942842046788,0.16936515516261033,0.16404894986062654,0.2557197851733269,0.12105688467644814,0.19807624871681911,0.16506730534867356,0.1403564447683622,0.15039632325440536,0.1560124637600605,0.21470079351140897,0.09488434054423041,0.04650098985550883,0.12142018924007507,0.11013323459247934,0.10104625410099938,0.0536116153084279,0.19472936668280305,0.1061898955555702,0.1374206932972438,0.10580656682742848,0.1188532371405388,0.16278476077515341,0.06009055546987878,0.10257989328365501,0.07979653238252034,0.0055173338215874675,0.03785325779735652,-0.005002566105014784,0.034236717328546315,-0.015610106068235187,0.025485917702223897,-0.006635196498762333,-0.0005970185144631482,0.030455160710613823,0.19103179129617656,0.1831402598105131,0.1772594591825677,0.06597979611962958,0.16742926320722906,0.11524451163238017,0.12174056087497051,-0.002260902085970563,0.015588680629625526,,,0.1671809487599819,0.11321114690177554,0.12458252665438779,,,0.0509762159531261,1.0,-0.01596886021220222,0.11261481228039164,-0.003197876437344201,-0.0022609020859705705,0.07712901155567284,0.01913658322201298,0.1800848799269975,0.09833655047947513,0.1368667037652508,0.13609417867268656,0.1175192159366087,0.007099589162718519,0.03361928990523943,0.07820776500042492,0.10066522399323351,0.018133521959615963,0.06434502681877113,0.05854594199999506,,0.09403846434860554,0.07296548467941355,0.11039238360767514,0.13292974529776297,0.10316581556793486,-0.002260902085970564,0.07768777678531649,0.1376049379572331,0.047942843737405066,,0.08890314490627726,0.13795422847128874,0.002613440742754495,0.018331928763325605,,0.09643149759167048,0.16913151146400934,0.07829776081618439,0.04366077963789174,-0.010061133508976436,0.16444100619356525,0.1911057812059432,0.0826622226558342,0.09108261242938458,-0.016747376437277684,0.028966475514388513,0.03380236798069979,-0.0022609020859705653,,,,,,,,,-0.002260902085970564,0.12382207090832108,,,-0.002260902085970564,-0.002260902085970567,-0.002260902085970565,0.13318437034572678,-0.005724302506155749,-0.0022609020859705622,0.195140778527098,,0.11065895612930811,-0.005987156715499317,0.14899281458800276,0.0859695782239366,0.035287173586000926,,0.21453026210861986,0.041710525117978695,-0.004523833251770388,-0.0050585562072489485,0.09748114300178082,-0.0022609020859705622,0.020139714983226042,0.6663589403517507,,
Baseball Magazine All-Star,-0.16562159383755834,-0.09007927002592556,0.2527420849907785,0.2284028146168183,0.18587402129112626,0.14496640377797124,0.18302168312962713,,0.19020586240964765,0.2315902770652671,0.22928764181298647,0.2244425803999835,0.33970002679649053,0.10884236190258918,0.2407528067743768,0.1314208381457196,0.09831248762513226,0.20948135707558424,0.011363226866624884,-0.09002519333716585,0.08029834487636202,0.34877028415048694,-0.12856908663951527,-0.03708110566733671,,0.05974836044929457,0.09207398535130568,0.09365665034852946,0.10213979545762267,0.07292059433159019,0.14401580361514468,0.05086659884267987,0.08548572363042539,0.05959641417252145,0.12889939723284627,0.08390844481056198,0.024747506640565284,0.04621321063996715,0.03879913717641831,0.12998074504245793,0.03306551255245455,0.06942050760945041,0.08821645294828159,0.0377057376217915,-0.01994531199262793,0.058581785188100415,0.15767670820524968,0.17134989261285738,-0.03142003097843343,0.06396451196859686,0.05655531131580772,0.028699701192708357,-0.03377149336033762,0.0375566432534619,0.02894298489518411,-0.006933296755793969,-0.04152761151982368,-0.11039019434512018,-0.00854498065602372,0.012042644573292722,-0.03989115117903658,0.0601568271376053,-0.0436963472373069,0.03558820228390152,-0.09939163652520694,-0.10316604306655712,-0.09589841584023333,0.05354720155879557,0.028543080947008876,-0.024309983733513067,0.03369598632131141,0.16541312874421493,0.11143536895271111,-0.013429847030543951,0.04361082782056509,0.03714341133007288,0.010761514197144589,-0.008724114528290878,0.016886244787506312,0.02168736967004058,-0.030282954834625574,-0.04003605121160819,0.0008347860339536031,-0.004754683144602242,0.004979663506430933,-0.015860395125087915,0.04305457213732444,-0.026099712878298216,0.017994502744110102,0.08237486973303107,0.01252207200309552,0.025462360693762,0.2008178475918722,-0.13499081162947746,-0.14809019163191234,0.1337675614111548,0.13025572417596165,0.134099005156049,0.10557295826047441,-0.00132572338730123,-0.019157038572324807,-0.038612909509340675,-0.02559759850906688,-0.019541742219865987,0.07647339615474898,0.10596443712697982,0.10699716175808291,0.08188574141047186,0.09336866402436335,0.14600317627376064,0.06324988506742148,-0.003711490254500045,0.01013681704311283,,,0.41030711455211755,0.2151637732492756,-0.01940744448460391,,,-0.024803193109083438,-0.01596886021220222,1.0,0.002064754746693956,-0.005249624610436517,-0.003711490254500043,-0.01622171569606391,-0.014972517121104369,-0.020935303945641828,-0.04762660375983851,-0.01221279240024597,-0.02506281684180668,-0.002612615352270098,-0.021226033724622843,-0.012058848074558159,-0.015478509650812336,-0.013632867369543571,-0.01664563092352091,-0.009271691851717313,-0.0074263114405157165,,0.32718959825513133,-0.020796584894626453,-0.013660583200522904,-0.039052271051872006,0.26234699283156876,-0.0037114902545000413,-0.04327585254332938,-0.08427797543256582,-0.014646929053973141,,-0.019928377510925258,-0.0247790236033196,-0.020206481304735475,-0.02939963618526669,,-0.045325057052248506,0.2853173807630376,-0.03431125692953472,-0.022152579219740058,0.3572801951512798,0.12319534962819324,0.009702853852609978,0.049988096988541356,-0.01312440070734867,-0.027492444197872765,-0.03021342423061688,-0.010815609162697415,-0.003711490254500045,,,,,,,,,-0.0037114902545000413,-0.0037114902545000456,,,-0.0037114902545000448,-0.0037114902545000417,-0.003711490254500046,-0.00729233720906193,-0.009396998258899352,-0.0037114902545000448,-0.007044796050728093,,-0.005596346853555165,-0.009828498960493893,-0.00909805959733797,-0.0052496246104365195,-0.011147809457427587,,-0.006430412375359272,-0.009828498960493934,-0.007426311440515731,-0.008304111080947368,-0.009098059597337947,-0.0037114902545000443,0.2623370026764395,-0.027887548211155286,,
Bob Feller Act of Valor Award - HOF Player,0.06477911000778873,-0.02297552540155577,0.04933198292544741,0.050513869764251,0.108157030810869,0.10140815327130652,0.08437361894199413,,0.07177627991016404,0.06308365762760261,0.0732036024765133,0.06844377149328322,0.03509914371448469,0.0771542752230873,0.07885565381237407,0.009981705421526637,0.04279173487209532,0.05989365436809122,0.05511726816165747,0.1143308291178054,0.03755984995872795,0.005607194055327886,0.09334635025107223,0.09821669772028314,,0.06988158633939934,0.07226203453787318,0.08137165026885873,0.07836867168710933,0.07041302564071081,0.065835378406078,0.09309050361201776,0.07129698594775302,0.01720204752431081,0.05938809173568557,0.057754368786423975,0.038996941408453355,0.10772327034027533,0.007495628037012833,-0.014733523805550397,0.054711834040025546,0.05664745882488443,0.02390313545087342,0.009141322689430069,0.014058180829687085,0.019122316954179003,0.006613072043318951,0.03235751814420878,0.057110106158126964,0.01818953847894186,0.00918320357419659,0.009537355564733068,0.02597493381147535,0.016590788899791393,0.053723301480586155,-0.0009235487917591712,-0.006916057463502776,0.018468828987907502,0.01722923750257559,0.020796202765959074,0.019337848489793044,0.01629436213956883,0.023358511583453156,0.007039679616579268,0.03082012805737133,0.029118987384612716,0.022785214692727273,0.03316790475444399,0.05460805354449702,0.018379392186645273,0.03544336922511383,0.0225025400917187,0.0391385534060836,0.014299124088063638,0.04023370476674627,0.037002894261923436,0.03723977407839116,0.051092938671569735,0.02748228605869096,0.061972304971251516,0.021148466807342725,0.011808151930826015,0.028567887575494107,0.0032527765616105955,0.0018533700652026415,-0.006485188909400149,0.04075111733368758,0.018944895203133916,0.03437777895999361,0.0203406566237853,0.08412898147213649,0.008480814546374903,0.08765658860168057,0.0962284229078793,0.08617051736247013,0.07163509303220371,0.04051125457437975,0.024402489145081058,0.03874256695035735,0.03743181159895965,0.12622105500865544,0.06242275218255104,0.0684990675012772,0.10684155927995247,0.07630107829366109,0.08175243966191292,0.0819771036914517,0.08002344929464301,0.059843452530161906,0.08319601372295976,0.02170368974503569,-0.0009466488637768793,0.04538734329874578,,,0.182961848895602,0.1200574757025758,0.05216320867482477,,,0.035179060620350644,0.11261481228039164,0.002064754746693956,1.0,-0.0013389638209879368,-0.000946648863776878,0.0687259532957454,-0.003818874723808907,0.164141397578921,0.11004521724091673,-0.003114982192184971,0.1837345443070487,0.1620325751081704,-0.005413890197755797,-0.003075717311771904,0.08411728509935308,-0.0034771850444041603,-0.004245617398966599,-0.002364828129637602,-0.0018941473114993854,,0.1560291867838404,-0.005304355423557348,-0.0034842542155742277,0.11822503796855786,0.036417329836769013,-0.0009466488637768789,0.08171569779220712,0.13431172198393126,0.13912233036404761,,0.045685510641216995,0.08980304766434509,-0.005153844212540791,0.12548636123552614,,0.029085645509280837,0.22107001254005507,-0.008751393688214303,0.042212104598032416,-0.004212637364386981,0.114054047263664,0.053053061243423225,0.13230430938837243,0.058878736320242785,-0.007012194368774184,0.11130130756084249,-0.0052076327007176855,-0.0009466488637768781,,,,,,,,,-0.0009466488637768789,-0.0009466488637768793,,,-0.0009466488637768782,-0.0009466488637768786,-0.0009466488637768786,-0.0018599759826572007,-0.002396788652190246,-0.000946648863776879,-0.0017968383909605355,,-0.001427398437540276,-0.002506846774635297,0.12708833193558614,-0.001338963820987937,-0.0028433487448013012,,-0.0016401343264662918,-0.0025068467746353074,-0.0018941473114993893,-0.00211803797946782,-0.0023205416665049053,-0.000946648863776879,-0.0033928235758699833,0.10993618609701103,,
Bob Feller Act of Valor Award - MLB Player,0.020967994872234257,0.019061747052993648,-0.014675722944469456,-0.00441432532958828,-0.0018179708392610057,-0.003248912263834727,0.005298460451674611,,-0.002558603745935405,-0.00023695233426854705,-0.004040033488022695,0.0029376433978660146,-0.01489869062359535,0.01393042909408306,0.0017641101739259443,-0.012569888580699028,-0.010166100229441208,0.009471935010277207,0.018203092245103393,0.002510110629355637,0.005529145510888154,-0.01733118141054288,0.010901721940856597,0.006444097531750456,,0.02777717024476306,0.0273112301613435,0.017481575011972582,0.012857503862234795,0.03342887286839244,-0.007552708516593359,0.017263151129726515,0.004194422595755424,-0.006552062061791232,-0.007862627223683865,0.03946996264536035,0.04938299798058152,-0.0068726694599549505,0.010267750699969233,0.004705637322827308,0.015389063863315958,0.029175515871927328,-0.007815702738723,-0.0073848283345200666,0.020463506837786333,-0.013661247679141253,-0.009366129324754207,-0.0105343986265356,0.02122394018801754,-0.007009780581549483,-0.007647171419812521,-0.009453252393154477,-0.010189351956952843,-0.006893627328290128,-0.005403366649050717,0.003845308380049107,-0.004131713618565132,0.014677721465539533,-0.011302047503528435,-0.003372735406843202,-0.008641240607735724,-0.007322815923774898,0.021629995700837356,-0.009343960130344777,-0.003482900786059368,-0.0002371447326232015,0.01718493577926127,-0.007390798909310408,-0.00825060144316272,-0.002726390384544337,-0.006983441161446578,-0.005043744118261802,-0.003936888090788526,-0.0029007078563098162,-0.007964129460244579,-0.005700265544001277,-0.001529559597946176,-0.007686921291165985,-0.0028372156066580503,-0.007194137406735925,0.005044268825509108,0.08023078865911597,0.007076039625653067,-0.005957959640897574,-0.0061671407278706255,0.09402991234243124,-0.0067918811941575,-0.005429038447907196,-0.00242378693725273,-0.007563149194651113,0.01565010116814184,-0.00697704641605344,0.007827704433995906,0.006494681909506503,0.004623494539026803,0.0022769222469083525,-0.012606909486684172,-0.010860478861740986,-0.0027773576446102157,-0.00587566153948393,-0.0029360991997817243,-0.006337043466740906,-0.005912148284835024,-0.0027096726239393873,0.03218294753736402,0.032257400524422726,0.03205320351647941,0.026979848956800903,-0.004694527522823195,-0.0013994142322241224,0.014079664905205666,-0.00042284753421346536,-0.0028705289104686053,,,-0.007318267874260197,-0.015004399241717746,-0.0022110768136194264,,,-0.0028258107465269815,-0.003197876437344201,-0.005249624610436517,-0.0013389638209879368,1.0,-0.00042284753421346845,-0.0018481289219272092,-0.0017058085867130222,-0.0027862586224975715,-0.005465773937577388,-0.0013913950457080176,-0.0028553894999865078,-0.0032194920317037664,-0.0024182674360269047,-0.0013738562744706987,-0.0017634559679120078,-0.0015531832111053856,-0.001896425292483055,-0.001056317481295358,-0.0008460745591655414,,-0.004352240203982178,-0.002369340625936361,-0.0015563408566829384,-0.004449198404791289,-0.0019003308527299498,-0.00042284753421346753,-0.0049303881417297,-0.00960173182644231,-0.0016687145619641106,,-0.0022704263553306684,-0.0028230571313442292,-0.002302110529450622,-0.004089093707518913,,-0.005163852603247563,-0.008217649200215026,-0.003909057923788839,-0.0025238281275771135,-0.0018816938256912008,-0.0028964576307826755,-0.003401576961783682,-0.003241790492549304,-0.0014952539536923577,-0.003132195275058798,-0.003442194660371731,-0.0023261366815593583,-0.0004228475342134674,,,,,,,,,-0.00042284753421346753,-0.0004228475342134659,,,-0.0004228475342134669,-0.00042284753421346796,-0.00042284753421346704,-0.0008308109670411403,-0.0010705935541568806,-0.0004228475342134656,-0.0008026087729788218,,-0.0006375879512979778,-0.001119754132568593,-0.001036535677871461,-0.0005980861244019162,-0.0012700622708733953,,-0.0007326124630395142,-0.0011197541325685902,-0.0008460745591655406,-0.0009460816689888684,-0.0010365356778714594,-0.00042284753421346574,-0.0015155007711666964,-0.0031772092037823866,,
Bob Feller Act of Valor Award - Patriot Award,0.018847953165679717,-0.0072557182733574924,0.005197184355140179,0.00482628262916632,0.006530959540371125,-0.001981293812888697,0.014060525769551862,,0.013728795546061873,0.015311317659197554,0.014080912778777672,0.010363023608306978,0.012005318408497315,-0.0019891546779212945,0.0012691108184345096,0.029810400660907437,0.03801276752179181,0.010107195062132021,0.013812847034988899,0.006194984894911526,-0.00018401782642622766,0.00038859752063396716,0.010239092020275517,0.006898889512626064,,0.01580123712037866,0.013879022300453077,0.014876066420097615,0.0036437581407996206,0.006163367724977167,0.027323628494830773,-0.005892940346317583,0.0002873415936165085,0.02281702232741738,-0.0055588859168051764,0.016188509240181625,0.009603492271755292,0.012812931423919042,0.019489750863104182,0.013301600455063482,0.02687514777849284,0.006938436626237053,-0.010461951874586282,-0.011238685982816113,-0.01220664233478482,-0.009658516825115976,-0.006621863521841754,-0.007447831176666649,-0.005131662077854605,-0.010946197745104892,-0.01097207054811128,-0.011327570256925283,-0.010576100689847089,-0.01133400874870269,-0.010703005700464856,-0.010728168006589744,-0.01314363078218023,-0.009150716722903803,-0.009878534042776423,-0.009844536948526422,-0.007806074588276415,-0.011023154596679298,-0.007708419550979458,-0.011038516152380802,-0.008005812137990202,-0.00830983359048725,-0.007724439685154612,-0.005225302790287357,-0.005833184107904469,-0.00675994273276305,-0.00493730042373988,-0.00356593252475704,-0.0027833841210226874,-0.002050803579067802,-0.006111501297758336,-0.0061538349812081125,-0.006117399376294137,-0.005434661633243734,-0.0062236291219931955,-0.005728378639045271,-0.007259525760468082,-0.006140583823561286,-0.005044807701863601,-0.004212283884057981,-0.004360175137878828,-0.002048036023277349,-0.006101216891160837,-0.003838336030857286,-0.006124214158783585,-0.005347154627679819,-0.004438828966542714,-0.004932779331858472,0.009513594176185922,0.018020365749791375,0.01519257487339986,0.003385134331964139,-0.011019879189966034,-0.00681181286234511,-0.009944296444227715,-0.004154099037706621,-0.0020758252970261644,-0.004480296557280187,-0.004179895205973551,-0.0019157414639978066,0.014026093765137205,0.013484484491795113,0.013592792234609666,0.007792586846926664,-0.0045814065644308,0.03146639830496861,-0.0055470032595028515,-0.0002989536621823639,-0.0020294670318491553,,,-0.005174023270376089,0.003497258656650761,-0.0015632336890117453,,,-0.0019978512417717963,-0.0022609020859705705,-0.003711490254500043,-0.000946648863776878,-0.00042284753421346845,1.0,-0.001306629138616096,-0.001206008508311501,-0.001969887847477261,-0.0038643080616257673,-0.000983717796133147,-0.0020187634523300634,-0.0022761843344671954,-0.0017097176822405869,-0.0009713178659755161,-0.001246765268917225,-0.0010981022033480924,-0.001340774724624164,-0.0007468175971461975,-0.0005981756247257097,,-0.0030770385124699296,-0.0016751263748023752,-0.0011003346621728581,-0.0031455880648858267,-0.0013435359599258056,-0.000298953662182359,-0.0034857897272412204,0.00465443812948599,-0.0011797829928561544,,-0.00160519387893321,-0.0019959044328713856,-0.001627594624166363,0.10340861923412159,,-0.0036508493530234276,0.009018397950092134,-0.002763708162975114,-0.0017843492048770803,-0.0013303595617335114,-0.0020477986650417447,-0.002404918576176484,-0.0022919493703050064,-0.001057146155955405,-0.0022144654334827086,0.12284242349263387,-0.0016445811395883298,-0.0002989536621823624,,,,,,,,,-0.000298953662182359,-0.00029895366218236387,,,-0.0002989536621823632,-0.00029895366218236143,-0.0002989536621823633,-0.0005873842486517456,-0.0007569107960375507,-0.0002989536621823639,-0.0005674452670701444,,-0.00045077536838054454,-0.0007916673779306496,-0.0007328318408164474,-0.0004228475342134658,-0.0008979353936248068,,-0.0005179578005426824,-0.0007916673779306429,-0.0005981756247257133,-0.00066888075909895,-0.0007328318408164473,-0.0002989536621823638,-0.0010714606777197347,-0.0022462903295795184,,
Branch Rickey Award,0.09533612472095421,0.02074866976684751,0.01793876342431033,0.01743782695933599,0.09029456928324434,0.09499101806765353,0.07425873413505363,,0.06755002811714418,0.06995923502035999,0.07068676988894804,0.07667953840604093,0.034185504086399074,0.050579426007942956,0.054455976416822566,0.07997414213227745,0.10486295599718669,0.05643922360369209,0.06049544585355736,0.07260781707077862,0.05878333920329005,0.025350604937487763,0.08751281709638924,0.0772634985501878,,0.07936027948464063,0.0752335629551241,0.07254416146718325,0.07449832830386421,0.06069702640149579,0.0593127506231795,0.04085482026416327,0.06286213654655516,0.05552552310059716,0.037227245572881235,0.05525684858479374,0.05777706119649205,0.06413148831339494,0.10206396874055715,0.09026048825433598,0.03651501164044384,0.04921894801121014,0.026640010492840756,0.02052962897764497,0.016533380585271554,0.03220033877315211,-0.015321863770417846,-0.004353558482623763,0.04656930383528566,0.023340582564758214,0.020588690182854332,0.026511643965061137,0.04904462533345729,0.019992037660556718,0.050936203326532245,0.011780248333459973,0.015732725239973724,0.02224128250643537,0.023954685716941346,0.03302882208249217,0.0267694741773923,0.022763366931979383,0.014706792244737504,0.020070991095909717,0.05494282265890136,0.05732985227548279,0.05628304529888353,0.09207359306517308,0.050346177443896835,0.05790188008590351,0.09592180282063209,0.018784518655504356,0.04008759640808645,0.02124715075796831,0.09230853164145048,0.08888658525791146,0.08968792411490834,0.0884277427758366,0.08275727298057058,0.11735499772057109,0.08235276561223659,0.06464553540659,0.028799365788063944,0.04787960349521315,0.0719538456625116,0.02257611770928841,0.09425079808489795,0.024932530479784408,0.08331641909511762,0.04238766656594522,0.07332436735853656,0.06347971817434739,0.07106238889879068,0.10381242437099102,0.0878814530623764,0.009485585428746406,0.009278364532401221,-0.01572648666104944,0.00020193430160287315,-0.015109706984137111,-0.009072756627133307,-0.009690963918903622,-0.013327225216574062,-0.008373082305269333,0.08323249869445978,0.08631714111412468,0.07966098141228647,0.01918427392934535,0.022373108890493258,0.02404644464562776,0.01220685575046023,-0.0013066291386160936,-0.008870139741112249,,,0.09323881072642905,0.1087338705889913,0.0346579268183259,,,0.02141987902429132,0.07712901155567284,-0.01622171569606391,0.0687259532957454,-0.0018481289219272092,-0.001306629138616096,1.0,-0.005271070596276856,0.02233353225401698,0.142396017183438,-0.004299510255936296,0.16382550448565308,0.2974158023249055,0.02908203640707518,0.14527912059992146,0.12250195530985925,-0.004799447264164697,-0.005860089857153981,-0.003264096604600968,0.11248933083707244,,-0.01344873366556919,0.10989154272317476,0.054278672894096144,0.06606996475388108,-0.005872158317788865,-0.001306629138616095,0.08889976509063253,0.10457557674962129,0.0986238414284191,,0.04830582156941017,0.3055085245802023,-0.007113686269189818,-0.01263559216140221,,0.15136704862164066,0.10763711928095805,0.010550761020473153,0.02697109938822114,-0.005814568570620773,-0.00895026134227617,0.04825278498713161,-0.010017364596278288,0.0857889031597879,-0.009678707531876964,0.018181312808113925,-0.007187928798456293,-0.0013066291386160953,,,,,,,,,-0.001306629138616095,-0.0013066291386160942,,,-0.0013066291386160949,0.22879763916714382,-0.001306629138616095,0.04766706111666061,0.0695159536053986,-0.0013066291386160938,-0.002480118541151564,,0.06742205759868342,-0.0034601203964010636,-0.0032029694164854945,-0.0018481289219272126,0.07286872500407048,,-0.0022638249346807917,-0.003460120396401055,-0.0026144309307698844,-0.0029234600563789494,0.09080699257965875,-0.001306629138616094,-0.004683005828294381,0.04686963622527521,,
Comeback Player of the Year,0.06160656110646309,0.18911396111128623,2.503397421485712e-05,0.008783082864022402,0.043550336767888755,0.040571102712046246,0.01762086863408556,,0.00498988486814049,0.01343171812670812,0.007136612801123721,0.01999554667772309,-0.024351511664099715,0.05960025714350201,0.02530601759251002,-0.009254411879705316,-0.00645684461007724,0.025816509505634196,0.037491997007000566,0.06219634643692515,0.04591085513752239,-0.042177405140965234,0.041305505353883595,0.023568353000222957,,0.08753685380098716,0.03903298392029123,0.04929540314511269,0.04491045102630155,0.042091894770388265,0.02238128903509179,0.05532053486315525,0.05337752397550226,0.03667945004518637,0.01571873629446071,0.05677177271945667,0.05049154355815603,0.0675309046341472,0.056695218657049816,0.0044790130421874744,0.05106085074271727,0.04639750356370566,0.00934275762729269,0.006336429150731712,0.03577643484682625,0.007108896618921102,-0.023056711658873096,-0.019136916095656552,0.09835661000309583,0.007174194893643885,0.00339105955485217,0.006990931464423175,0.01779656386249093,0.009969887797986614,0.034220668660327566,0.013929987536898756,0.015500767341906321,0.010351546038878784,0.02313439930606943,0.02702888763157522,0.0012119238706450827,0.006766482198505611,0.057917414146677414,0.0031902899300699787,0.021321722840279035,0.026878052552328738,0.04643125095914022,0.058888443263494024,0.0318856358793564,0.12579611203811597,0.029789900398307007,0.004749358248783244,-0.011228445597046536,0.2198342697771739,0.06996517996184033,0.053947129718714806,0.04247653710120213,0.02431598465742614,0.049253703640118954,0.09489636024584594,0.09252413112637696,0.0679666887473416,0.024685313691866297,0.09456219163603594,0.07107962827472442,-0.008261978968146066,0.06836115501711126,0.19277253488364282,0.043005696394033885,0.046264007432035445,0.030737504276526398,0.055641474755534,0.013175524754996252,0.03401155048264415,0.02285362614494951,0.020637534992200047,-0.013054263723893804,-0.02416301659803426,0.024737733421178104,-0.016758044531954123,-0.008374083634589104,-0.01807395744342011,-0.016862108814641435,-0.007728289690250183,0.0866738622537167,0.03897046443990884,0.04388959893087731,0.046154354483610854,0.006980790269173868,0.019285129049779203,0.032436541375242975,-0.0012060085083114985,-0.00818706982841626,,,0.007345440128396947,0.030546789300020215,0.03411650930468739,,,0.08006851960707743,0.01913658322201298,-0.014972517121104369,-0.003818874723808907,-0.0017058085867130222,-0.001206008508311501,-0.005271070596276856,1.0,0.007126821691823277,0.020223421895848904,0.02810480956009172,0.05913872114253072,-0.009182351719037574,0.4917000629814752,0.03250088398911229,0.026135155977521425,0.04400899124069736,0.044863134208675735,-0.0030127357187738936,-0.0024130993666961463,,0.013659838542689725,-0.006757624729401453,-0.004438858366488403,0.05211417565169843,-0.005419956347297001,-0.001206008508311498,0.06352165698307585,0.09827712564129268,0.09635061439508825,,0.11928684379301734,-0.008051674999556302,0.1791659712562786,0.012160952759710228,,0.06678131812330373,0.02641131181367512,0.2975194129980035,0.026677023068064572,-0.005366801459637172,0.013067202126072014,0.004611291549682087,-0.00924594942583748,0.17190151154784894,0.021818749143997136,0.018258917452025965,-0.006634402243054937,0.22297757309225882,,,,,,,,,-0.0012060085083114985,-0.0012060085083114987,,,-0.0012060085083114979,-0.0012060085083114996,-0.001206008508311498,0.29128108145077986,0.06789691299564578,-0.0012060085083114987,-0.0022891300781932907,,-0.0018184722195260094,-0.0031936641503813156,-0.0029563158006978814,-0.001705808586713024,-0.003622359788872481,,-0.0020894927656706186,-0.003193664150381309,0.2218710806601182,-0.0026983308404066814,-0.002956315800697885,-0.0012060085083114987,-0.0043223778702632665,0.018552666937306804,,
Cy Young Award,0.15178881060096266,0.04698169100818522,0.09358050867407491,0.08416808925708415,0.14323320645942758,0.1293855843776141,-0.08431209883939705,,-0.10031112452481772,-0.09906008048522066,-0.10231856001017745,-0.10032246254350903,-0.0820524189866725,-0.06988143449975422,-0.09505642259459669,-0.06369913593798504,-0.07077407932518681,-0.09238428771933258,-0.05696912632596046,-0.05623583657992714,-0.07343598332691346,0.028944588779782798,-0.06184730055520447,-0.07270818849210448,,0.039100870749848866,-0.023725060094845127,-0.03548273544207882,-0.04007698604536481,-0.035038450542895345,-0.030792821484922534,-0.03274588009606433,-0.03340036082969557,-0.028062763272013905,-0.03662902716457536,-0.03415016312234175,0.01660199806502594,-0.032017185754851275,-0.024532695011635307,0.10240274110674631,-0.018647445628306364,-0.022389808985967444,0.306792673564546,0.2294868896123127,0.1766847764511636,0.3009867773590437,0.1399907874928151,0.2913992664620851,0.03205310655919258,0.2788665060821116,0.2482666758817519,0.25147134346439276,0.3095471415786889,0.2637509418702527,0.3973549341316918,0.1407687833027049,0.1452426616366265,0.2548725764667705,0.2325337764694908,0.23444183896966933,0.30723873549576863,0.2721748060331746,0.021058989312523688,0.2295190892277163,0.32146258311672427,0.28499745043147334,0.28863591522594056,0.4098869827171554,0.40713516390134735,0.253514315720296,0.4641080930439219,0.2003872647520477,0.25148402106033024,0.04167604081058903,0.44573472665956554,0.43160248651505656,0.4276470042874423,0.3904537412383341,0.42388701109104626,0.4951108097200111,0.31789008875595504,0.22441087862314493,0.2910338146052785,0.34919659178965634,0.30212824971349084,0.15237864448654795,0.4563483798129818,0.056490093250083195,0.4148613553092807,0.3209130157582803,0.31474807546693945,0.3505758629631301,-0.07734879270461839,-0.015834677443736733,-0.043659232015110516,-0.07737728370487443,-0.040894000972403255,-0.05912849570282891,-0.05843439970523988,-0.02737250031278616,-0.013678183422296895,-0.02952190542458309,-0.027542478355568854,-0.012623347047461793,0.048547142521831906,0.04363008084127978,0.01931417362210001,-0.03476906560961747,0.01949414896514783,0.009192824733329255,-0.02520155131659279,-0.0019698878474772633,-0.013372716071485036,,,0.15638531544473958,0.14406161760081793,0.026081262491284993,,,0.07496696577926668,0.1800848799269975,-0.020935303945641828,0.164141397578921,-0.0027862586224975715,-0.001969887847477261,0.02233353225401698,0.007126821691823277,1.0,0.08018762049122341,-0.006481986933372115,0.037161665951930684,0.0299216284064086,0.03147271033968849,0.015452105502002818,0.59951976731524,3.0402089206077266e-05,-0.008834733172228833,-0.004920986410272048,-0.003941543599775362,,0.05403514454879572,0.0232225276735331,-0.00725040751583137,0.6014125722718203,0.3279558036775913,-0.0019698878474772603,-0.010435608423988343,0.21840056805182959,-0.0077739144030623064,,0.07027319904183052,0.017464250710382965,-0.0027644331390830547,0.030981688623048443,,-0.0053565775186068185,0.2019981017122637,0.08100776183149574,0.07462759739568042,-0.008766104801336837,0.12087934465928989,0.7828470328928387,-0.015102284342791929,0.01946008694809643,0.04076417403247452,-0.016035892092241148,0.013829562066376444,-0.001969887847477262,,,,,,,,,-0.0019698878474772603,-0.0019698878474772633,,,-0.001969887847477263,0.06528771151638918,-0.0019698878474772637,0.010812647320629691,-0.004987493271880979,-0.0019698878474772633,-0.0037390528269498177,,-0.0029702827977844165,-0.005216513942814569,0.1325628921847916,0.09234457148849083,-0.005916743105967478,,0.07427264775854509,0.04567111186668261,-0.003941543599775366,-0.0044074391634534955,0.2149979257463662,-0.001969887847477263,-0.0070601488962605385,0.18402988759239608,,
Gold Glove,0.1962816837865002,0.03068463253353705,0.04935076472585332,0.04461156485446845,0.2420943019314528,0.23054317548160802,0.3330065630219742,,0.3155325111369436,0.2948751647689843,0.306302161717099,0.30926880673969925,0.13077890246016263,0.3181153111476433,0.29498655214290087,0.18153071891872058,0.27738965930787696,0.2761973572201365,0.3309701244007646,0.3691067287707628,0.18187003166805157,0.04063753511296725,0.40165776771886147,0.370061550760828,,0.28471991399513885,0.31825772797649504,0.2957074023043196,0.31752455654479084,0.29391666883067713,0.17143325784628266,0.22413849441386255,0.2885345740322918,0.2224623564053614,0.20391108112940773,0.2653277991085125,0.28218256354821947,0.23572629360683858,0.14902846853864957,0.17326580650562987,0.2728660175843635,0.23492112216719369,-0.042592557460209735,-0.0649374912616748,-0.09311708543107655,-0.03241046693429843,-0.03912626599555645,-0.021878438908360994,-0.06026645374047503,-0.05306141211422819,-0.05607546777188409,-0.061418815779592406,-0.0414396343290784,-0.07008267666334411,-0.0382259217268301,-0.08147372641835776,-0.10767349129947487,-0.02898984629505502,-0.05909223456748965,-0.05084730573265624,-0.02225474962398512,-0.05522857299648158,-0.08722585690913336,-0.06283664895921157,-0.005515837947527287,-0.020355041130975617,-0.005119863936478177,0.01776644030032784,0.028397786716668493,-0.025151740293178147,0.03907154835325063,0.005620259853960994,-0.0027157037880784886,-0.019515771831356554,0.020314483566799022,0.022218430723655206,0.014681318345713113,0.009526572444275102,0.0036607469157033446,0.024358340281899264,-0.010150092197190649,-0.022696865319786676,0.06399755230772419,0.014952117703648172,0.03218789776860202,-0.022824154251477456,0.023119013740182416,-0.0418708621339199,0.020946038284367446,0.015049414606829202,-0.005367852306138317,0.039439375647565715,0.351964329360557,0.4459656762762778,0.4042547886313938,0.21040735618105244,0.1886878174577957,0.0467086512082747,0.20568047217154375,0.0017945584760759672,0.05082286292139829,0.04406886846639655,0.05487740843127087,0.062294881005035566,0.3055071676973929,0.337126793191811,0.3381877416744383,0.23768805773861976,0.24380587864884098,0.1960672859110257,0.22265474640489383,-0.003864308061625758,0.04401556894908146,,,0.22224746880910415,0.26475036338326136,0.09744472191757322,,,0.20450076256488625,0.09833655047947513,-0.04762660375983851,0.11004521724091673,-0.005465773937577388,-0.0038643080616257673,0.142396017183438,0.020223421895848904,0.08018762049122341,1.0,0.09396982856239766,0.09979431464280193,0.2195983351748479,0.01597754864864992,0.02854631592274904,0.09124998425640693,0.1339810499816734,0.07822332671964821,0.11601478954566509,0.14547227628115722,,0.23976423596236437,0.07783288250899097,0.0051536532466697,0.06326927179121036,-0.013947011496470315,0.06271640653260566,0.25483921866029374,0.2810413986023284,-0.0152500052917297,,-0.020748913398659415,0.23686740095049186,0.057762760784324185,0.11687417627590395,,0.3162071496713152,0.4256958007965253,0.03368483991866375,-0.02306469493240695,-0.017196374654650515,0.15469120233099048,0.09048768210950509,0.27546802191206204,-0.013664787990732848,-0.012184787769528357,0.11029666475355283,0.05443750648545138,-0.0038643080616257686,,,,,,,,,-0.0038643080616257695,-0.003864308061625758,,,0.00945183485722057,0.009451834857220572,0.036084120694913395,-0.007592593684141972,0.16721825018797876,0.12929712112683742,0.04321599921363853,,0.07047213949099189,0.025029662668874707,0.05037129623169395,-0.005465773937577399,0.07727382242547909,,-0.006695179746612636,-0.010233179979569443,0.01891215240264657,-0.008646026580787367,0.0014080549559924809,-0.003864308061625758,0.012995794448572922,0.11858689878198697,,
Hank Aaron Award,0.1103734216199194,0.1481595793678479,0.014130895819540565,0.02725088233864528,0.09462712566907575,0.08663749482537285,0.12539963323178113,,0.11935057132712569,0.15354309779332556,0.12344639112718558,0.14442851739747814,0.01259808886049871,0.249352270071661,0.1731542934169922,0.06462832817349824,0.06416578347337343,0.17931793579709115,0.19382854538629585,0.28725887239040193,0.17774873848296788,-0.030504720372110567,0.1583863815650687,0.14187164888131581,,0.22474129324834283,0.2459437602314957,0.2937761788445985,0.2580269915723985,0.2612328547210699,0.09458243178865425,0.3197973623935569,0.27949553762962126,0.1208962653601867,0.11389100233228983,0.335722801808094,0.2928349017811391,0.3607227023790516,0.23910869978060736,0.04376939552831736,0.2623491713297419,0.22062917872532836,-0.03442542956721245,-0.036981301134569884,-0.040166396384317515,-0.03178169759071975,-0.021789480491552334,-0.02450735681777023,-0.016885918951037478,-0.03601885805059568,-0.036103993441035306,-0.037273778040854466,-0.034801040356388986,-0.037294964130014416,-0.035218625865968696,-0.035301423340822,-0.04324959062835325,-0.03011076305933536,-0.032505672172226246,-0.03239380350874699,-0.02568616967048922,-0.036272087343307814,-0.0253648322519415,-0.0363226350957906,-0.026343413273979932,-0.027343806816726213,-0.02541754708061926,-0.017194047088991186,-0.01919430246539809,-0.02224383510981562,-0.0162463649256986,-0.011733829446363236,-0.009158825730170246,-0.006748243063408027,-0.020110115205842247,-0.020249415716434273,-0.02012952304576065,-0.017882949904533138,-0.02047907585123554,-0.018849436294178613,-0.023887731061488875,-0.0202058123047839,-0.01660012149764387,-0.013860671880932015,-0.014347313379865228,-0.006739136321369882,-0.020076273995405777,-0.012630182997357405,-0.020151947333065467,-0.017595004950016965,-0.014606126636829052,-0.01623148810997666,0.10662887278097258,0.1360244178575171,0.12290733891783627,0.054431346104365654,0.046332190775556094,0.015579231049664055,0.06859224953064819,-0.0136692125477254,-0.006830577927834097,-0.014742577238147777,-0.013754095768793776,-0.00630381630774357,0.2063563716342451,0.22512549997324355,0.23030584432069456,0.11294813508536516,0.16962168573506403,0.12954404858535418,0.16754363202694625,-0.000983717796133149,-0.006678034386070536,,,0.02800764432483901,0.09384274841379237,0.046464554067798536,,,0.04968331049170438,0.1368667037652508,-0.01221279240024597,-0.003114982192184971,-0.0013913950457080176,-0.000983717796133147,-0.004299510255936296,0.02810480956009172,-0.006481986933372115,0.09396982856239766,1.0,-0.006642813872033724,0.03074216014830067,0.01710867760319433,0.02005240753208838,-0.0041025260359127584,0.75395998455575,0.05977121410854608,0.6728253968143593,-0.001968318444270467,,0.28114268404455156,0.018787495073079565,0.19237253997205628,-0.01035067085695927,-0.0044209534811372716,-0.0009837177961331484,0.4685532418035675,0.31162979494285575,-0.0038821184432919773,,-0.005281948290659739,0.12371999956750156,0.04545729260316303,0.036110912433351315,,0.4256686545168079,0.2184830796284736,0.004980292431587601,-0.005871465345297862,-0.004377596068165409,0.3336381058471629,-0.00791347121947244,0.06812443090611627,-0.0034785775131020843,-0.0072867782917802925,0.045760563738913324,-0.005411553490892225,0.14212583637175924,,,,,,,,,0.28523539053965163,0.28523539053965147,,,-0.0009837177961331486,-0.0009837177961331486,-0.0009837177961331488,-0.0019328090325066688,-0.0024906422443932152,-0.000983717796133149,0.6319521807443653,,0.2574608990729913,0.051533894058382844,0.34839626159976306,-0.0013913950457080178,0.0925659740672938,,0.16359374430327916,-0.0026050100293248503,-0.0019683184442704656,-0.0022009762362948195,-0.0024114095747199984,-0.0009837177961331486,-0.003525679962692137,0.09837595556868405,,
Hutch Award,0.08742623915898431,0.028782158917986935,0.042885014371979564,0.03974616877593502,0.12035933836073655,0.11578797803514108,0.10761557067578824,,0.0943882438532099,0.09483350280203728,0.09707109001446204,0.1061973059293465,0.019389560751680388,0.1200459118654519,0.1019480785056162,0.04431482363964917,0.08395038326068245,0.1098087253138154,0.11242378902028806,0.1652847853969719,0.08308111715471943,-0.012703981051533577,0.15043861009342863,0.12252779392703647,,0.0976807864343628,0.09920835149458651,0.10309804670965841,0.11205773064148508,0.08461573163144555,0.08157816548416694,0.1095760556011382,0.10482225352388563,0.0689501748863974,0.06462179251706228,0.09217434675405171,0.08031382992116214,0.09713018990450105,0.04351445935917502,0.03294344019650823,0.0470679817077425,0.05712434027407032,0.027330712630660035,0.015882165241053604,0.0022467235462552524,0.03457917822698007,-0.010242197844014745,0.015171144263072235,0.013062575270880223,0.02238841546851445,0.019202273808460433,0.020819273060538254,0.040416884758517006,0.015088668717762948,0.04286160199562621,0.0009466086524874961,-0.008019813088006833,0.03762722683808848,0.026704638627284245,0.017884641425033387,0.024179772854827957,0.021268685389253947,-0.007977620175896878,0.014845432439202626,0.059157816928061484,0.0615474878804871,0.06462585035500402,0.07180265332803377,0.049663481796615956,0.02735054558110956,0.083652782938404,0.02396502856388817,0.03801554086422331,-0.0015313700952271814,0.0656198017874387,0.06377217943049168,0.05919996527256155,0.058998073137057176,0.05333268192334822,0.06769551740422075,0.04660664197768294,0.02854940369353255,0.002119686772933211,0.042317888754931234,0.04476923918312372,0.006736699617907718,0.06756456083337271,-0.000978498811097125,0.06024014037565539,0.024452132917619506,0.05377863850725421,0.0662179811277667,0.09148878439318842,0.14290884369824464,0.11912054226399482,0.07845858387254596,0.017579349908150597,-0.007227582006138596,0.06572096573173235,-0.013829607459589256,0.03295532822633371,-0.00854859982352257,-0.006453515745683076,0.028409527701820314,0.09632674823874575,0.10913436854948096,0.10108355986335538,0.07849694217364259,0.04988763865707308,0.05078916271374957,0.07833313788948618,-0.0020187634523300617,-0.007565917672791243,,,0.09731805260321846,0.1362232218717867,0.016509653355509055,,,0.025847496157357718,0.13609417867268656,-0.02506281684180668,0.1837345443070487,-0.0028553894999865078,-0.0020187634523300634,0.16382550448565308,0.05913872114253072,0.037161665951930684,0.09979431464280193,-0.006642813872033724,1.0,0.22523676460511213,0.08383897505337044,0.06659652634309127,0.054181658565614056,-0.007415224750416321,-0.009053934954735771,-0.005043082796410219,0.07104747911474245,,0.1014247144264949,0.03966342891974486,0.031115101313329917,0.06553974454148401,0.04875000150033804,-0.0020187634523300625,0.11632018227463256,0.15162968102616187,0.05973326469466277,,0.013219510195989836,0.19150829570462977,0.006774981777568435,0.060235155327839594,,0.06844691266623067,0.12987886679970356,0.1732495646652278,0.021973428453706336,-0.008983603820337865,0.12897877894663465,0.05084475547743323,0.1564816855385233,0.02235016949676419,0.026227544534983844,0.07756174983009818,0.016419639947153824,-0.002018763452330065,,,,,,,,,-0.0020187634523300625,-0.002018763452330062,,,-0.002018763452330062,-0.002018763452330064,-0.002018763452330063,-0.003966467060467573,-0.005111239783985536,-0.0020187634523300625,-0.0038318238284704197,,0.04222337878148232,0.051439849322138645,-0.00494864028807769,-0.0028553894999865095,-0.006063545574155281,,-0.003497646658521242,0.05143984932213858,-0.004039338673611372,-0.004516793741807584,-0.00494864028807769,-0.002018763452330062,0.06001296659548361,0.1327493293573088,,
Lou Gehrig Memorial Award,0.10373385161261911,0.01675929684159725,0.09365497909066993,0.062223916544389385,0.19063565098999632,0.18620292414505493,0.18644910989449626,,0.1681408409071269,0.1662168886373806,0.16818804201007795,0.15965903005420234,0.08027043012842873,0.197160782723265,0.17037202181458683,0.06273189344697007,0.111651217321564,0.17066238957584218,0.16330020602208561,0.2325035758432551,0.06951945398227993,0.0322734554248149,0.20703784325922941,0.19969004451462632,,0.16917257747474335,0.17830175538878892,0.17545244728188295,0.19398211820371733,0.1477423632728761,0.1425919052308266,0.17028612767575835,0.16674482916664926,0.08939385722788128,0.09083280049968234,0.14047258597313594,0.14798123422709675,0.11407938328161622,0.08957878549796819,0.10394097764900467,0.10634132346108689,0.11865343254151475,0.03375498303340063,0.024002204839468185,0.015772376638295654,0.03636723899264517,0.008318911821206124,0.030221079310821825,0.044748370355328325,0.029438431859258072,0.026209565560230196,0.026202774586837403,0.05404653222945018,0.01512140547314447,0.04260238898067304,0.00015720301707368258,-0.010193315004165017,0.03665816698544657,0.020401812608693976,0.006676848823469489,0.029408557562081307,0.027768302366299024,0.01363162745437286,0.019731249934036257,0.04645149718632848,0.03472299308925937,0.04014298293303249,0.07460360635444596,0.03265554546271832,0.04019056871176304,0.0656510903506673,0.021318662626534514,0.03949172865948213,0.006313688095665472,0.06685624314108159,0.06293025790607709,0.05735357450548869,0.05758518850484464,0.048765479631461266,0.0733771201082009,0.04937937626914667,0.03439839860805956,0.009905824916851134,0.03791577904190576,0.04607397060573748,0.039328225541790926,0.06838127735330667,0.013159151546916378,0.054999589169824774,0.03116394069197738,0.04489739297448545,0.05103663925084817,0.19289854020358124,0.22147914581434966,0.1950516014403801,0.1065037810046761,0.12847848694011552,0.055303902949756956,0.1508982697581375,-0.024497214204392305,-0.0009128451455598086,-0.024835400896868687,-0.02076624545664779,0.009228152550081825,0.17996602482204638,0.19097737951205324,0.18952676174137867,0.1374272020875779,0.17027530653172962,0.15287368213010546,0.18461268207217818,-0.0022761843344672,-0.00998780571770683,,,0.22128841234999966,0.21504176154797305,0.012190220535057973,,,0.12485625634382698,0.1175192159366087,-0.002612615352270098,0.1620325751081704,-0.0032194920317037664,-0.0022761843344671954,0.2974158023249055,-0.009182351719037574,0.0299216284064086,0.2195983351748479,0.03074216014830067,0.22523676460511213,1.0,0.008208898301688375,0.2096676511493582,0.06480549412968009,0.0060742854535882,0.019754226236833268,0.031401276582148745,-0.004554411464042338,,0.17081892582735095,0.12337137161554204,0.014496171135305987,0.0494352430620219,-0.010229463263477291,0.1313398294046079,0.18687870666062914,0.17911657773684245,0.051280042493076015,,0.04131818823752793,0.3700115118398942,-0.012392239517476235,0.09158113203681718,,0.15223638966618422,0.30040699568312107,0.07094257512216837,0.036889381101099926,0.00845205678074333,0.12423894927781852,0.09258839073261066,0.300459453936484,0.04444959379339924,0.019796663015809925,0.08187400788085888,-0.012521572070281956,-0.0022761843344671975,,,,,,,,,-0.0022761843344671962,-0.0022761843344671997,,,-0.0022761843344671984,-0.0022761843344671984,-0.0022761843344672,0.024697617359838706,-0.005762995120892067,-0.0022761843344672,0.037949088797836504,,0.11745110128663591,-0.006027626056158655,0.049009661750492164,-0.003219492031703767,0.08234732056925566,,-0.003943646058402065,-0.006027626056158667,-0.004554411464042344,-0.0050927488038558745,-0.0055796618903689406,-0.0022761843344671993,-0.0081579265221898,0.14748227684731494,,
MLB Players Choice Comeback Player,0.0975645496613058,0.11988965156328817,-0.004912382985960308,-0.00017356609936721874,0.05559620174104172,0.05246106454453452,0.05192447828717547,,0.04741184159389126,0.058903540337820685,0.046245592636952194,0.06639224921629115,-0.027361263007926743,0.14329968451323977,0.08495481246222626,0.0014108008360976113,0.017104265007553746,0.08393956720613947,0.12100929227420872,0.12250441627588249,0.08830912335306189,-0.0501537140613407,0.10428959082351229,0.07115721123496484,,0.10073040697684517,0.07425597042731988,0.07228315121053235,0.07080626224518786,0.06744351274265366,0.02654025098848116,0.0884888139133398,0.09268949933564952,0.0360102215491534,0.03773398739135428,0.10095822919390647,0.09714117076693965,0.09854367421253732,0.07648901736818653,0.0443800271912523,0.08255123398301371,0.06360157783039821,0.0017153829634481072,-0.00998540116464865,-0.0077473201007750726,0.007165394559367723,-0.027544778169156316,-0.015101874724062445,0.03755660832307308,-0.002386389495052474,-0.0038396753252781346,-0.002506623900731156,0.012338952190029723,-0.010381260388604131,0.020166746590598344,-0.010122879654893979,-0.01852855852147127,-0.00495357901192579,-0.004393963111567769,0.01129751519036572,-0.010141709605018612,-0.00326306743779483,0.003816644797715258,-0.006473926105012832,0.02661186637426782,0.02749760939653134,0.047749956494830374,0.09708828860858587,0.05567828721867014,0.08416837719887228,0.0870757865973021,0.006733005382033773,0.020167353913634212,0.1082350669963568,0.09928913336090092,0.09419149129962578,0.07341797321355838,0.0746975435654115,0.07563225797091175,0.10821348798493424,0.08328467777076136,0.04441621944356055,0.04457256195613264,0.05498378095828526,0.10076719730487632,0.010059933297035225,0.1011166961260609,0.09686406939267904,0.07322949894259835,0.09230007501122389,0.07313033132795208,0.08233561553880336,0.02538145505211723,0.07557357408181628,0.057092113303824854,0.05007496331299743,-0.02872383257681448,-0.026143603048672644,0.027382663991569703,-0.01468424000993119,-0.01187165659607479,-0.005272573188536684,-0.009781367122551541,-0.010956136250977098,0.081068495622496,0.06413209891595932,0.0604403726070445,0.04975550416857343,0.001874760032084218,0.03971419998128998,0.021905801765269222,-0.001709717682240587,0.0013906087559685865,,,0.03041520911473386,0.04778675406597359,0.04836582728277356,,,0.051042361776580815,0.007099589162718519,-0.021226033724622843,-0.005413890197755797,-0.0024182674360269047,-0.0017097176822405869,0.02908203640707518,0.4917000629814752,0.03147271033968849,0.01597754864864992,0.01710867760319433,0.08383897505337044,0.008208898301688375,1.0,0.09770579163211007,0.1254133089136954,0.0967251254401657,0.06360095580477756,-0.0042710540554288376,-0.00342096977576077,,0.047087114050046806,0.01740215777047543,0.007309102470087796,0.06469349835612444,-0.0076836897418905625,-0.0017097176822405851,0.18311908766785195,0.19204122370140825,0.029087866802382047,,0.0799644159008719,0.036809166158655975,0.08472955989884651,0.034127064822463186,,0.1320583750659291,0.05393190892743778,0.5311804916729901,0.013807207395606116,-0.00760833384622047,0.03364308521456759,0.047119304441146787,0.0008956071768227138,0.11882658195624478,0.030931706500223283,0.045786566444283215,0.01973385718158859,0.1571990424504539,,,,,,,,,-0.0017097176822405851,-0.0017097176822405877,,,-0.0017097176822405869,-0.001709717682240586,-0.0017097176822405869,0.17009851363547213,0.04596319591471034,-0.0017097176822405875,-0.003245222686791343,,-0.0025779868773395578,-0.004527550205006077,-0.004191069436000129,-0.002418267436026905,-0.005135297586866539,,-0.002962203586260382,-0.004527550205006074,0.07606906404156914,-0.003825332838519939,0.12565447068304036,-0.0017097176822405875,-0.006127689666519116,0.006727472286822171,,
MLB Players Choice Man of the Year,0.11614375305253327,0.07746688248441717,0.030378588712611964,-0.007557995795508914,0.07840673732725859,0.07496200175337484,0.08323955622639698,,0.07520603532704762,0.08638651633426442,0.07161564231611324,0.07883027641112016,0.027667205622312067,0.13610029015430994,0.0903454435573585,0.030688799656765034,0.038432264681964756,0.09167454480062025,0.15279075530955136,0.07717661505599491,0.05734695969995338,-0.013578764117683773,0.09601389592707198,0.07735733286617756,,0.15814367843209423,0.13107172330840933,0.1231481423949756,0.11735136951594079,0.09722406054892244,0.07816353143372962,0.14402759627620035,0.13449957205454377,0.07116101836627481,0.07278523071458065,0.13634823214829975,0.17305728570060014,0.07895106602701266,0.07127081852275674,0.05294019883620429,0.10810647762326861,0.10704651857314179,-0.011971563062900897,-0.017478112668752706,-0.009666434725593157,-0.011551617116447076,-0.01698336450898007,-0.014827144407569324,0.04314528140185224,-0.013267111626128128,-0.01592083812021193,-0.01694021578011991,-0.01220962844917728,-0.01738630433048062,-0.0005737621945469181,-0.017754406104688064,-0.025703460178674302,-0.005621266239244563,-0.005543876243691985,-0.016473150830011725,-0.006067928188943946,-0.014167048020786636,0.013307460869039311,-0.017952604000319408,0.002805964402139699,-0.00067701420244482,0.0018548283208727357,0.07113009164962034,0.005149470109126025,0.07119397949821851,0.04291807034426983,0.0022840226526409544,0.015557549674705762,0.12668012903550052,0.06747706593991741,0.05418253624812691,0.03534682181428546,0.03718918531245841,0.05058100266167557,0.08737075419949948,0.05091577702147381,0.0153327743265622,0.03584137812464369,0.050152159422225166,0.021986830879099677,-0.006654188361664055,0.0661068112347057,0.1102581118850847,0.03276584109323026,0.02360242956509647,0.0309124878868252,0.024598843906053547,0.06962409381565812,0.09155816913707103,0.08185765366206434,0.036469600510233714,0.010677895248125416,-0.0013406258179266847,0.026951401142844146,-0.009731840615106397,-0.006744477331123988,-0.009824922316941107,-0.009070706694806595,-0.0062243556308605305,0.14328886240173763,0.12651650412519283,0.1307827996215639,0.08178053672718513,0.037614141052190825,0.07060093980262806,0.05976303965683201,-0.0009713178659755144,-0.006593856626653078,,,0.0547784400203556,0.0755237022467778,0.024221753898199593,,,0.05738927076059884,0.03361928990523943,-0.012058848074558159,-0.003075717311771904,-0.0013738562744706987,-0.0009713178659755161,0.14527912059992146,0.03250088398911229,0.015452105502002818,0.02854631592274904,0.02005240753208838,0.06659652634309127,0.2096676511493582,0.09770579163211007,1.0,0.041129254633208,0.1017661922141128,0.03208381951929631,0.042678627759370424,-0.0019435074554555024,,0.008901708691042485,0.049741911797783325,0.024243837103683923,0.022661325615899335,-0.004365226610471959,-0.0009713178659755141,0.11412673293724684,0.12479929457004633,0.0328120523002725,,0.08594460131245107,0.24008534416556068,-0.005288149760326822,0.007875674951206333,,0.08545082251125108,0.05339028096344229,0.05494658481551256,0.018757333883611695,-0.0043224157250660155,0.008806536894297369,0.012936048496926505,-0.007446677036960274,0.1561847809063115,-0.007194927211879695,0.05314735910371671,-0.0053433399385958745,-0.000971317865975514,,,,,,,,,-0.0009713178659755141,-0.000971317865975514,,,-0.0009713178659755141,-0.000971317865975515,-0.0009713178659755141,0.2109468587232083,0.04896976136795164,-0.000971317865975514,-0.0018436627330300432,,-0.0014645954348022979,-0.002572173434774503,-0.002381013346832767,-0.0013738562744707002,0.2682428053939805,,-0.0016828750710589859,-0.0025721734347745025,-0.0019435074554555024,-0.002173232556434646,-0.0023810133468327643,-0.0009713178659755138,-0.003481238167019213,0.03273479643917192,,
MLB Players Choice Outstanding Pitcher,0.14460527007956128,0.08214242852219765,0.03466366022647014,0.03338499465590636,0.09537477132489956,0.0880000510281071,-0.058784398608188515,,-0.06764227355105762,-0.06502255966090977,-0.06759438852125448,-0.06557881370717891,-0.05356420796859296,-0.04572514146988657,-0.06318389851820501,-0.040366059190389034,-0.04492122558095534,-0.06109130107468605,-0.043516103429723826,-0.03561322572545577,-0.04831988272865678,0.017366796943251706,-0.04497781382060628,-0.04931941838497367,,0.04349376333251663,-0.010860577306719759,-0.021572133050093693,-0.023039686676729485,-0.018984239469348352,-0.022269148813317246,-0.02457609417444777,-0.026351640713781977,-0.014230942818022878,-0.023182943618593636,-0.025328708546621323,0.022458190777420776,-0.02026405475760495,-0.020731745695812553,0.13867104572435193,-0.007990400545691544,-0.01673389551371297,0.1913491442830479,0.132940464762217,0.09980302637203455,0.19619628590321306,0.031682927561330926,0.1132851194218364,0.00035357982785470105,0.16820813160030587,0.15425668850506508,0.1615909274868324,0.20631305654664717,0.14400854960963366,0.26940104717612456,0.09186660656453498,0.09764430336722568,0.11168655223484428,0.1393716339988413,0.18336127724825557,0.16085604480517068,0.16431045515100384,-0.01194920620519544,0.14494872038802734,0.2271601870386267,0.21164119814116222,0.2545563599003896,0.3571689988399842,0.3125388328693905,0.2069277400496745,0.39517936998618497,0.09491492676851422,0.1883815641572605,0.007421916594090895,0.36185970416209157,0.3591687428248233,0.3493785277102172,0.3045657349218516,0.3148937577537466,0.40564514154905007,0.2800105319351256,0.19294639598679353,0.2331707445198772,0.25557096240689664,0.28774997285119347,0.0676690053724506,0.37059085673976133,0.01759947372816834,0.3441802724856844,0.26989765564823104,0.24442307396008287,0.3255595096051162,-0.05402927906933078,-0.007772080134715212,-0.028399685181874267,-0.04877276183930639,-0.02741819044099918,-0.03891634557611561,-0.03710448021980014,-0.017324378520895252,-0.00865708372922787,-0.018684762385211846,-0.01743195963039409,-0.007989465337541664,0.050095640790990895,0.04925856865447428,0.025693355954463246,-0.01989036460966497,0.02254262080252144,0.024749472404235,-0.013077147856937334,-0.001246765268917224,-0.00846374983752023,,,0.057185360797603786,0.09615645765060345,0.01855393844232126,,,0.04633188994660268,0.07820776500042492,-0.015478509650812336,0.08411728509935308,-0.0017634559679120078,-0.001246765268917225,0.12250195530985925,0.026135155977521425,0.59951976731524,0.09124998425640693,-0.0041025260359127584,0.054181658565614056,0.06480549412968009,0.1254133089136954,0.041129254633208,1.0,-0.004579558179222921,-0.005591606899546074,-0.003114550380620925,-0.002494649465661829,,0.011426065162369974,0.08745903710638916,-0.004588868492087747,0.6380614340138043,0.1908049960750912,-0.0012467652689172228,-0.01453724144052055,0.18484622840391093,-0.004920202179878319,,0.02673742744814727,0.05497477922757059,0.009670111720429416,-0.012056686165536052,,0.0026184851187788342,0.0932668847896086,0.05685269032016324,-0.007441503141392407,-0.005548171193599609,0.031148009510193853,0.5315286937895127,-0.009558414010228382,0.050227136541588044,0.009839555963907183,-0.0101493053740672,-0.006858610233395586,-0.0012467652689172248,,,,,,,,,-0.0012467652689172228,-0.0012467652689172235,,,-0.0012467652689172254,0.1378091210576504,-0.0012467652689172259,0.02790780507804607,-0.0031566433583023077,-0.0012467652689172237,-0.002366490665576632,,-0.0018799270404568653,-0.003301593244027934,0.11056738422035828,0.09657860517598099,-0.0037447765460722916,,0.07814785869392718,0.10190917813232858,-0.002494649465661831,-0.002789520266799258,0.45143820817734587,-0.0012467652689172237,-0.004468451566171462,0.05914635405563221,,
MLB Players Choice Outstanding Player,0.10139775869491063,0.10325709892505286,-0.010071634156234972,-0.009746523010962977,0.09287888703839474,0.08724861797711447,0.13523859204551625,,0.12503024775001162,0.16422287165806174,0.13096051495768812,0.151019204785047,0.020742839957855187,0.2702061971685511,0.18481612907174866,0.08365428289048425,0.08224238335502186,0.19672706844251256,0.19379254423475656,0.34414345980656175,0.15617755136216507,-0.042494773114441005,0.18013947382454068,0.1385269277407748,,0.16485689370142828,0.17123870604937466,0.200367188314664,0.17048893328438644,0.17740964619373178,0.04743252776935411,0.23546285470746106,0.2009808612352333,0.11643043027954729,0.11091689902942295,0.27844815764989583,0.21183753722441664,0.3735311676771565,0.222217228654626,0.001444108767298462,0.2196771082336456,0.12456832410293639,-0.03274961260654459,-0.035430454155491814,-0.036487608182729135,-0.030579586451344804,-0.021480192239385385,-0.023461974325744088,-0.0026886703191941765,-0.03428507419777257,-0.03465111912979191,-0.035747598000808734,-0.03094656899244661,-0.03749446038527178,-0.031874890134724415,-0.03437059473760098,-0.04277333978617504,-0.026630873194180872,-0.034653634318974814,-0.03132487681855131,-0.02280723461295843,-0.03469659780519701,-0.017474531942669548,-0.035269352193583306,-0.022535264230595483,-0.022342717870821562,-0.02382992686420319,-0.01765141271944521,-0.0160834667815507,-0.015085158599581573,-0.01740935906145782,-0.013098211722316108,-0.010223792589617732,0.019069739936749156,-0.0187081850899731,-0.018588840677107792,-0.019205785873956504,-0.01692283955571535,-0.021949022808414872,-0.017988913527452792,-0.01875913988270849,-0.017200133190692038,-0.018530344844896483,-0.015472358426538246,-0.016015585462096377,-0.007522747349136882,-0.018812023126939522,0.0071215970070082,-0.019636207113280117,-0.019640911020907308,-0.012954693502650905,-0.015769562029258877,0.11843271796513734,0.1492833932841371,0.13513276418679213,0.06707208243296188,0.024953362119699937,0.009848115786255886,0.05429730557131473,-0.013470184233483725,-0.0076248215719788215,-0.012560845655230291,-0.012122070592055936,-0.007036809341302098,0.15798864048465214,0.17068537452702706,0.17521276498155122,0.08218039777206487,0.08090992826227504,0.08753026452363405,0.06819645260636523,-0.001098102203348095,-0.007454540623544682,,,0.055807544984805,0.10488707348609037,0.03322902843214744,,,0.03514311715823685,0.10066522399323351,-0.013632867369543571,-0.0034771850444041603,-0.0015531832111053856,-0.0010981022033480924,-0.004799447264164697,0.04400899124069736,3.0402089206077266e-05,0.1339810499816734,0.75395998455575,-0.007415224750416321,0.0060742854535882,0.0967251254401657,0.1017661922141128,-0.004579558179222921,1.0,0.04354163757921025,0.7771431156450426,-0.002197189914668919,,0.4097346772406477,0.012196308122968439,0.06995839064961064,-0.0115542226834122,-0.004935011623881595,-0.001098102203348094,0.5481764401804496,0.3632374808004128,-0.004333522106638975,,0.01142470484885731,0.0582580348080554,0.07076226484909845,0.023832819647658005,,0.43959152239949373,0.25419602751665266,0.0323603516267167,0.017939826012942323,-0.0048866127122191095,0.42428539870494025,-0.001934161072241533,0.08681085865190818,-0.0038830583798216706,0.006689783470162503,0.04519712191593916,-0.006040796288573489,0.10696807345555578,,,,,,,,,-0.001098102203348094,0.1069680734555557,,,-0.0010981022033480943,-0.0010981022033480945,0.10696807345555583,-0.0021575515514607978,0.03142089445869552,0.10696807345555566,0.5107179010868049,,-0.0016557663874068114,0.03797394242237873,0.26221324604883406,-0.0015531832111053854,0.03276695860800655,,0.06050815863919164,-0.002907914509821801,-0.0021971899146689218,-0.002456900611224683,-0.002691802646636587,-0.0010981022033480948,-0.00393563779221132,0.031683071090618235,,
MLB Players Choice Outstanding Rookie,0.07189936881280169,0.13017833008448854,-0.006956461473732509,0.01808111387799337,0.03615778342807478,0.03241411643732787,0.06359516517954454,,0.06841690802616991,0.07728704936597187,0.07032355336570578,0.08450551320037088,0.013952545617714947,0.09203129500611001,0.06842482508747072,0.059857369053025904,0.060247704145815345,0.06362350042062048,0.11310594964916838,0.05961352105056412,0.06329392465388112,-0.032048551314829005,0.0892277949167166,0.07562930439232335,,0.12392994992325018,0.1386336872095372,0.16660361220013184,0.15099575439953314,0.14674164541259885,0.08592055530655884,0.13793518408023486,0.12740499547692466,0.11259080994771588,0.07320914806293993,0.15930883426815914,0.13023325578792902,0.0772787630543879,0.10386507591156816,0.07307688142323314,0.10618489627783431,0.09864962578440716,-0.039261991512362,-0.04266290520317002,-0.036719889830341974,-0.038304843878016505,-0.029049228052459432,-0.031381492563161716,0.010271588606119682,-0.041384349227660384,-0.043008379364573184,-0.04331803840372194,-0.037129417377000914,-0.04095294194386944,-0.03355140904578678,-0.03721598346935358,-0.04604453736393115,-0.03164497971580219,-0.03414332123198671,-0.029831941391981868,-0.029682710828585153,-0.04181196394050802,-0.008723955912453632,-0.04287773943755748,-0.026091434145640854,-0.02594850677862718,-0.02708628891550051,-0.017033835961860536,-0.007678223099785856,-0.012257019549323386,-0.014607522528559723,-0.01599282030535213,-0.012483175657206013,0.0018461274599582953,-0.015188831877738238,-0.015931465229610354,-0.012755031141914737,-0.013858787485168599,-0.009626841831056202,-0.010428113541282374,-0.015297711176686307,-0.015228581557145354,-0.004600501039527213,-0.007142302529648908,-0.01955491221323962,-0.009185219258009976,-0.014436970079435058,-0.001967518426906071,-0.014114236335160643,-0.01643988633688351,-0.006001392451857573,-0.012370214303711808,0.06355952662983734,0.10077164118907679,0.08832244779103614,0.006703939908605843,0.04261440806920918,-0.0010433764060151646,0.030825844301302356,-0.016403322264046397,-0.009309851134355259,-0.009918489413848828,-0.012595013222684703,-0.00859189251970401,0.12643424028117356,0.13701369961140505,0.13912689752066262,0.03472234157782286,0.17043735634181814,0.11492245919784395,0.12343553852501504,-0.0013407747246241644,-0.009101939347046731,,,0.03326321632376032,0.011889158200346634,-0.0070109334122470356,,,0.04982543910484684,0.018133521959615963,-0.01664563092352091,-0.004245617398966599,-0.001896425292483055,-0.001340774724624164,-0.005860089857153981,0.044863134208675735,-0.008834733172228833,0.07822332671964821,0.05977121410854608,-0.009053934954735771,0.019754226236833268,0.06360095580477756,0.03208381951929631,-0.005591606899546074,0.04354163757921025,1.0,-0.003349395859039069,-0.00268275274724438,,0.02533152369017928,-0.00751275996249972,-0.004934881522773572,-0.014107621029595039,-0.00602561294463533,-0.001340774724624164,0.026166294866754387,0.09528871179070718,0.020000730942659122,,-0.007199120309428475,0.059120025491353166,0.3643762518003969,0.3207537650392644,,0.06997948745760946,0.02049556157928167,0.03172574923127119,-0.008002612499669036,-0.005966518228989989,-0.009184154732087661,-0.010785798769541832,-0.010279144143578627,-0.00474118576033359,0.02083804598422486,0.2981026487742658,0.2805496249519437,-0.001340774724624163,,,,,,,,,-0.0013407747246241628,-0.001340774724624164,,,-0.0013407747246241635,-0.001340774724624164,-0.001340774724624164,-0.0026343545969147635,0.06759622221823886,0.2229708367049976,0.06841621302812755,,0.20091441899609871,-0.0035505422575870986,0.08835667903966421,-0.001896425292483056,0.14569307632073678,,-0.0023229845131180365,-0.003550542257587089,0.10952338090625169,-0.002999857600139501,-0.003286671259999899,-0.0013407747246241637,-0.004805384836660644,0.01755582541813997,,
MLB Players Choice Player of the Year,0.08505562908205028,0.06243931253715076,-0.0043070342059527405,-0.005590530931630684,0.05884770773570231,0.05256781580385267,0.09135874840782901,,0.08382073286656504,0.11587125204683991,0.08394330494500095,0.09557817802977098,0.012366096070159028,0.21261557800119438,0.1336401104276228,0.0619707623656027,0.05323854101297344,0.14682903729221922,0.15223444196331887,0.27640490988590594,0.12938242611487474,-0.030843617612916308,0.1203395854012367,0.08501979631051446,,0.12219555401046076,0.12409862729009108,0.1503219597793521,0.12286339532426356,0.12790151396920957,0.04105842178914678,0.16612169212785968,0.1471593758038967,0.09509449380500146,0.08734388885127051,0.20142442339537164,0.16399513249602332,0.3066961328583521,0.1573200521661743,0.005542269386134473,0.1736898567588816,0.07432589122060973,-0.026135052848664138,-0.028075416101266938,-0.030493472570763173,-0.024127987844916255,-0.016542109462419883,-0.018605463277167805,-0.012819429989159538,-0.02734474981242981,-0.02740938278742546,-0.028297458338614728,-0.026420208559110463,-0.028313542366230623,-0.026737230583204392,-0.026800088662485608,-0.03283416796726484,-0.022859449940425366,-0.024677613926177462,-0.024592685619722127,-0.01950039288565215,-0.027536996097547083,-0.019256440362137424,-0.027575370874539696,-0.019999358229806776,-0.02075883569857999,-0.01929646033721762,-0.013053354308211496,-0.01457190558354577,-0.016887045810626108,-0.012333894195940916,-0.008908073379278552,-0.006953185406804102,-0.00512312239280739,-0.015267171108824295,-0.015372925089295634,-0.015281905127493696,-0.013576354651798524,-0.015547278171761707,-0.0143100905321768,-0.018135056601335516,-0.01533982230794498,-0.01260245865017098,-0.010522726852802004,-0.010892174713086258,-0.0051162087482301425,-0.015241479582695498,-0.009588565902417068,-0.015298929168767014,-0.013357752975700483,-0.01108866022492215,-0.012322600034328448,0.09093274946206045,0.11251776385193485,0.10240668516439237,0.06792488093468436,0.021400069369550766,0.00925642633388512,0.06115760199203535,-0.010377375005210505,-0.005185629268106131,-0.011192250614977663,-0.010441816538590833,-0.004785723066417758,0.12671748150355847,0.13598556274836243,0.14041572939033173,0.09696130910166956,0.06353919679962151,0.0713994331865793,0.0874946466737049,-0.0007468175971461999,-0.005069821460452526,,,-0.012925252690176794,0.0666813654932323,-0.0039051216796721936,,,-0.0049908419015299655,0.06434502681877113,-0.009271691851717313,-0.002364828129637602,-0.001056317481295358,-0.0007468175971461975,-0.003264096604600968,-0.0030127357187738936,-0.004920986410272048,0.11601478954566509,0.6728253968143593,-0.005043082796410219,0.031401276582148745,-0.0042710540554288376,0.042678627759370424,-0.003114550380620925,0.7771431156450426,-0.003349395859039069,1.0,-0.0014943054367287717,,0.33137049837710353,0.042959499838788495,-0.002748751369900725,-0.007858008840168629,-0.0033562937143724915,-0.0007468175971461973,0.4273791703132938,0.2688967418219088,-0.002947221631094525,,-0.004009942634144492,0.03714302216618993,0.028795228973816846,0.0517885679878952,,0.31154043639170814,0.183046881856933,-0.006904032800332034,-0.004457491425019413,-0.003323377689978698,0.39110777482384773,-0.0060077387889525095,0.09214227566695993,-0.0026408619525167807,-0.005531966867119529,0.028693049486165436,-0.00410833614150581,-0.0007468175971461983,,,,,,,,,-0.0007468175971461974,-0.0007468175971461999,,,-0.0007468175971461985,-0.0007468175971461976,0.2769033690752072,-0.0014673474476858245,-0.0018908425400253578,-0.0007468175971461999,0.34992182627141566,,-0.001126084139625946,-0.001977668126254773,0.22503935981847104,-0.001056317481295357,-0.002243136772983706,,-0.0012939129000816678,-0.0019776681262547798,-0.0014943054367287747,-0.001670934276707029,-0.0018306907849046968,-0.0007468175971461998,-0.0026766211289399513,-0.005611468794806046,,
MLB Players Curt Flood Award,0.021611366884428634,-0.01451794829779287,0.010399032999817471,0.0017061151116738087,0.04390920362764155,0.04306306638293343,0.05710116507254319,,0.05173345246538372,0.04411933703809408,0.04657169700145402,0.042301358061277744,0.02717339711807197,0.057138224159935816,0.051666904310016575,0.03532378006839277,0.053048037762233165,0.035454884406866595,0.06057647432892826,0.06570902415203476,0.02741907105075097,0.021519335905593715,0.07077953631886813,0.05971795086183881,,0.03161665529340772,0.03447056349363006,0.023471225275809377,0.02159429321073965,0.005340778393984269,0.054671778981916316,0.001788426565508811,0.012631887630735134,0.013615925013578407,0.0010395782911551237,0.032391547096073246,0.02645037421454733,0.025637362001590506,0.0022892083340391284,0.04657351017487851,-0.010234547155350274,0.01388310025447126,0.0001552517193716593,0.0015937604668246708,-0.010035257252101514,0.005361658757551352,0.003731161060053184,0.01846245932125286,-0.009884195416905285,0.0017720716473692906,0.0003095492481060541,-0.001428590676119271,-0.005241899412032635,5.94837143555293e-05,0.0018386688561308196,-0.009654595029359262,-0.014826187545963253,0.008331232839202311,0.0037094189377104435,-0.006860935101357424,-0.002039398548429916,0.0011279458044422784,-0.015163253313397412,-0.002265020027879276,0.02864015973423986,0.011883264864430886,0.019988021509257107,0.010963123724820872,-0.0034255761353088297,-0.007079885288799162,0.00020698541207019006,0.014219074772429868,0.032306271998880504,-0.004103447681969818,0.0010810872391741097,0.00043497174340195396,-0.00846159472116254,-0.0014917676027906882,-0.0068267007223592035,-0.004395455604403785,-0.008216691422094403,-0.010941487601923117,-4.205892891915727e-05,0.004676323273337505,-0.008724263379062408,-0.004097910086605267,0.0002005384306330453,-0.0039010475795031928,-0.00894449456398085,-0.01069910813792349,-0.00888164162542551,0.022763385897515927,0.05258708197319852,0.06854563046332961,0.06205044176800525,0.010981109997892098,0.017175070405999623,0.003309056761986317,0.00855280659917885,-0.00831192623269103,-0.00415351357399533,-0.008964614022599663,-0.0083635417203755,-0.003833202238348256,0.03142292969536017,0.03343733527097388,0.03396862431831531,0.008179639548564889,0.04177153483892242,0.030490686956182442,0.018194466013529198,-0.0005981756247257105,-0.004060755438734413,,,0.052629311569302804,0.057799828633144035,-0.0031278703250889476,,,-0.003997495484523915,0.05854594199999506,-0.0074263114405157165,-0.0018941473114993854,-0.0008460745591655414,-0.0005981756247257097,0.11248933083707244,-0.0024130993666961463,-0.003941543599775362,0.14547227628115722,-0.001968318444270467,0.07104747911474245,-0.004554411464042338,-0.00342096977576077,-0.0019435074554555024,-0.002494649465661829,-0.002197189914668919,-0.00268275274724438,-0.0014943054367287717,1.0,,0.022940310899832426,-0.0033517561164067185,0.04062824882009294,0.008170095094672765,-0.002688277695958898,-0.0005981756247257103,0.07294780036273715,0.08944910708056839,-0.0023606247993108957,,-0.003211828362721449,0.07193018397109466,-0.0032566499570660296,0.0473890746060207,,0.09971099268259681,0.05513223638873929,0.043680300717474155,-0.00357029980019139,-0.0026619130742219577,-0.004097435157113436,-0.004811995481899479,0.08360144500310379,-0.0021152410632764448,0.06420728791626751,0.057796682355619515,-0.003290638232708044,-0.0005981756247257109,,,,,,,,,-0.0005981756247257095,-0.0005981756247257107,,,-0.0005981756247257108,-0.00059817562472571,-0.000598175624725711,-0.0011752956539363912,-0.0015145008928012626,-0.0005981756247257106,-0.0011353997962409179,,-0.0009019552917452195,-0.0015840452493930642,-0.0014663213723465605,-0.0008460745591655411,-0.0017966766525750045,,-0.001036380449931324,-0.0015840452493930614,-0.0011968880909634992,-0.0013383618150727185,-0.0014663213723465586,-0.0005981756247257107,-0.0021438829535831917,-0.004494596625452611,,
Majestic Athletic Always Game Award,,,,,,,,,,,,,,,,,,,,,,,,,,,,,,,,,,,,,,,,,,,,,,,,,,,,,,,,,,,,,,,,,,,,,,,,,,,,,,,,,,,,,,,,,,,,,,,,,,,,,,,,,,,,,,,,,,,,,,,,,,,,,,,,,,,,,,,,,,,,,,,,,,,,,,,,,,,,,,,,,,,,,,,,,,,,,,,,,,,,,,,,,,,,,,,,,,,,,,,,,,,,,
Most Valuable Player,0.046593108389701224,-0.014400608863140206,0.18268895024674753,0.1753767223059757,0.21298035352980416,0.1841005590742001,0.2866891790177773,,0.27354970903243486,0.32386012682507226,0.29295282719812143,0.29661133874832374,0.19400362411682812,0.41245718030629147,0.3581204698351374,0.14190873862897746,0.18269026791582071,0.3508162564890099,0.24989467024246279,0.3947241042242207,0.1785582257588032,0.04771536868557787,0.2323690818453198,0.24860343606493443,,0.22087666121390148,0.2507588036010379,0.27545572767735454,0.25825725556901774,0.2410250089469657,0.1596719284131363,0.27769680622372533,0.2571167725321051,0.14812168933021333,0.18172733295198218,0.3023806148372833,0.20481661996103612,0.3610424712178277,0.13659313587807922,0.04758352894872997,0.18360507622428682,0.181264325474825,-0.033778840713815685,-0.05773554700105039,-0.0724981538497953,-0.04016677078433512,-0.0014535563022529008,0.011187723810728776,-0.02293066594671779,-0.04561142078904116,-0.05172534762526605,-0.060705070288481794,-0.05969744695099344,-0.05541633554845596,-0.03802422323848915,-0.06961688200027066,-0.09241325126783595,-0.06643651505776195,-0.0572599463467887,-0.05360818784285536,-0.0477860993067186,-0.04778804434765071,-0.04668477156185446,-0.05921475830025755,-0.062008299936335186,-0.06398750959070647,-0.06466541756488851,-0.001494969567544634,-0.006357790498208053,-0.02855100933660438,-0.002355033413987851,0.029080740790872316,0.02859062082825696,0.010394092702751415,-0.004593713188236903,-0.0073952756712380415,-0.01391257269209924,-0.01558130531901043,-0.01876590993177045,0.0005587987858601674,-0.03335203538163765,-0.03851916177622387,-0.02271092756159095,-0.005270473846889284,-0.011805869765417183,-0.013109973077733388,-0.004453263416406791,-0.011390672862213786,-0.01263641284415679,0.005588762289231297,-0.015035173873265924,-0.002086902223642066,0.2845921391297852,0.209929046722741,0.17890974824514935,0.2154379997591576,0.1105653924044782,0.07899123732950578,0.1762849545621043,-0.004178244894567252,0.048452448293365195,-0.019780092478011987,-0.008735975437658484,0.03635941871433188,0.23071914495538948,0.261462815113877,0.2620811332923549,0.2069748761117536,0.15055685669637678,0.18874115334699176,0.14081719773148788,-0.003077038512469934,0.029065853481325184,,,0.35309547756053367,0.23711896351602957,0.036351919908125335,,,0.16998925247833446,0.09403846434860554,0.32718959825513133,0.1560291867838404,-0.004352240203982178,-0.0030770385124699296,-0.01344873366556919,0.013659838542689725,0.05403514454879572,0.23976423596236437,0.28114268404455156,0.1014247144264949,0.17081892582735095,0.047087114050046806,0.008901708691042485,0.011426065162369974,0.4097346772406477,0.02533152369017928,0.33137049837710353,0.022940310899832426,,1.0,0.03214233493214197,0.02352726612006625,-0.003792041252410383,0.11314454640924564,-0.003077038512469931,0.396150935970967,0.2654965469056215,-0.012143145124480751,,0.011447792975365146,0.11184825056697437,0.024554451443223275,0.11241629134666926,,0.3306631611569119,0.5920818814764275,0.05164322242031387,0.012397511909432946,0.3503170000119278,0.5433871632574924,0.06437668189544975,0.5710104551956638,-0.010880881710691556,-0.014813660270072275,0.08422490587619802,0.0790699676316741,-0.003077038512469934,,,,,,,,,-0.0030770385124699296,-0.003077038512469934,,,-0.0030770385124699352,-0.003077038512469933,-0.0030770385124699357,-0.006045766228537141,0.010618613401412548,0.05509115845207463,0.12297032321418726,,-0.004639692850237285,-0.008148389931656798,0.06375169145868559,-0.0043522402039821795,-0.00924217408050337,,-0.005331181054848037,-0.008148389931656801,-0.006156838558408427,-0.006884584858311971,-0.007542813762157305,-0.003077038512469934,0.27562753462499257,0.10585009120196275,,
NLCS MVP,0.1315718261613051,0.07199353003120362,0.059089382852633335,0.029741923555925434,0.07897546444900491,0.07362358929731123,0.04720755174011105,,0.043829491110576116,0.03306747937287995,0.041828304371236046,0.04687493655354063,-0.012645031087241335,0.06092263774722003,0.04891249157968608,-0.0008544307700505517,0.02825535443589095,0.028836972768597893,0.07863300998256038,0.07098936354172687,0.026371779268724298,0.012480780786866059,0.08684821438614897,0.08091885606607563,,0.14565856166141405,0.12995378412534508,0.11540301473716179,0.139253948733824,0.12590343100591694,0.05327182704084293,0.1390672866599369,0.1421236157561467,0.009776655286800807,0.01839273596472665,0.08772482328419949,0.1327032024360468,0.08979848901902807,0.059366297057430385,0.12195572221533674,0.09627121171808976,0.11557990098355031,0.02070914091709202,0.015379966380578336,0.0012179501975039338,0.034136091419549174,-0.016237704745776273,0.00448745683593338,0.006610087375108887,0.019534360528374782,0.01921369565665553,0.0232405607879782,0.038437493753958156,0.015329667233393253,0.04053447690454252,0.005597740772021842,0.0026367579810566487,0.029268969150018833,0.019203562993203263,0.011719174274600163,0.031741336674937365,0.01918550994013757,-0.01398257912143875,0.01707746032428519,0.08126878156697244,0.06804806929814582,0.07277383425935889,0.14036140266273803,0.051286243396073156,0.06988410826454848,0.12525620191167813,0.03438262584124897,0.07439957217013433,0.02474528613422082,0.12142977927309065,0.10579344199962015,0.09569713977509717,0.10330902682625034,0.12411353482449863,0.14082260021001625,0.0781066993496428,0.04915870477089685,0.07409526963105781,0.09650058502827502,0.09313028422238719,0.011795685743081636,0.12317923880330842,0.027238029589328205,0.08962801909148341,0.061404758643393356,0.09622019225736124,0.10713179593291669,0.04999094798150234,0.09680548050966856,0.07779056508073931,0.06942661948175363,0.008418852436137816,-0.014083132423240365,0.04187196065974114,0.014459833917684968,-0.011631467161654502,0.03797889481804774,0.03727026620925421,-0.010734469784443389,0.15861313855073855,0.15566995771529166,0.14793590665550727,0.16672529668639052,0.06564066950128267,0.05507597800112453,0.1250885541970457,-0.0016751263748023724,0.03724971309792532,,,0.03514451928810645,0.07803541783260763,0.02186612450320771,,,0.07782976336588296,0.07296548467941355,-0.020796584894626453,-0.005304355423557348,-0.002369340625936361,-0.0016751263748023752,0.10989154272317476,-0.006757624729401453,0.0232225276735331,0.07783288250899097,0.018787495073079565,0.03966342891974486,0.12337137161554204,0.01740215777047543,0.049741911797783325,0.08745903710638916,0.012196308122968439,-0.00751275996249972,0.042959499838788495,-0.0033517561164067185,,0.03214233493214197,1.0,-0.006165502707876705,0.08056860581847991,-0.007528231985980052,-0.0016751263748023735,0.05733362403483257,0.09408395480128347,-0.00661067535834728,,0.031840346476975555,0.14344644446274366,0.031084550978639887,0.037948936277014594,,0.09578531246420044,0.08578192390194672,0.01792208509813113,0.015666593685548045,-0.007454400703982464,0.03700212497278867,0.0515879287170409,-0.012842474689497648,0.027443577095736735,0.01089034538039655,0.05017807624761025,-0.009215077755918158,-0.0016751263748023748,,,,,,,,,-0.0016751263748023741,-0.0016751263748023724,,,-0.0016751263748023746,-0.001675126374802374,-0.0016751263748023752,0.033788348897624575,-0.004241196540491701,-0.0016751263748023726,-0.0031795647733063592,,-0.002525828595553011,0.05981808689182807,-0.004106274985511885,-0.0023693406259363637,-0.005031399347140052,,0.09518865070886762,0.059818086891827944,-0.0033517561164067267,-0.0037479380348952075,-0.0041062749855118805,-0.0016751263748023722,-0.006003713176515951,0.11294205699925823,,
Outstanding DH Award,0.07350493916994706,0.06379936159236951,0.019128857796613608,0.03408966811395238,0.09209528360239917,0.09213430507095287,0.12707339486789906,,0.12195491022229255,0.11788460333218222,0.12516578093350073,0.15219923193663937,0.018381113514944012,0.18289457112864146,0.15827614809713714,0.018822414532632125,0.05548046432695421,0.13193447996515129,0.1497470994628666,0.20563432163244877,0.09717176638068502,-0.03613959695329087,0.18101191983543743,0.1683438725343033,,0.13611110828341408,0.14590039804882007,0.15211763314789714,0.15793281177720303,0.18538823993925865,0.08099692820017321,0.18201873977502467,0.19499108270607823,0.009578422366454582,0.08359767746636253,0.17867913975344604,0.15388304996947788,0.20144898994332386,0.1261718203263884,0.00114570585974391,0.1372522780669893,0.09583937978590493,-0.038506463501923924,-0.04136532616424461,-0.04489715089829773,-0.03554932483607443,-0.024372559640416444,-0.0274126322516798,-0.018887695228757634,-0.04027736755638163,-0.04037819777469265,-0.04167432391947726,-0.038926601850992976,-0.041676199502484614,-0.03938387189303357,-0.039157273094317886,-0.047556814290399985,-0.03368030590571546,-0.036266780102125556,-0.03613182684282608,-0.028731189918482378,-0.040558815576089424,-0.028297465449144223,-0.04061346211365009,-0.02946634782784935,-0.030515641524060506,-0.028430722906664298,-0.01923235105577834,-0.02146973085363269,-0.02488077666907923,-0.01817232394526669,-0.013124840590065386,-0.010244577718651815,-0.0075482275309272946,-0.022494110514477868,-0.02264992469296009,-0.022515819097024697,-0.02000292128413951,-0.02290681036467864,-0.021083981807010505,-0.026719551675226376,-0.022601152224456883,-0.01856801732360444,-0.015503813971389982,-0.016048145395943698,-0.007538041211269927,-0.02245625752757493,-0.014127454231495421,-0.02254090171796839,-0.019680841297890026,-0.016337640207145225,-0.0181556835265756,0.01107892685536458,0.050520781775226585,0.03954136424061292,0.01932678497491278,-0.021430027572106377,-0.010020140699746565,0.00211153576326504,-0.013978932597896366,-0.0076403229525914326,-0.011436067988846235,-0.012796123165201144,-0.007051115283922216,0.00519461352700523,0.015260866623879753,0.012245919641515095,0.017554277949292974,-0.013764877027171218,-0.004197174185974422,0.005825731326848049,-0.0011003346621728564,-0.003968210500245391,,,0.10489365691041395,0.10076801254334374,0.11775410506104403,,,0.015085559620910923,0.11039238360767514,-0.013660583200522904,-0.0034842542155742277,-0.0015563408566829384,-0.0011003346621728581,0.054278672894096144,-0.004438858366488403,-0.00725040751583137,0.0051536532466697,0.19237253997205628,0.031115101313329917,0.014496171135305987,0.007309102470087796,0.024243837103683923,-0.004588868492087747,0.06995839064961064,-0.004934881522773572,-0.002748751369900725,0.04062824882009294,,0.02352726612006625,-0.006165502707876705,1.0,-0.011577712597478716,-0.00494504457911694,-0.0011003346621728586,0.22421950797746132,0.1816808096278186,-0.004342332224349126,,-0.005908107803745511,0.22650415536542293,0.004143114856225467,-0.0015418469493955515,,0.22828124782518744,0.15757870447421218,0.031930811668903665,-0.006567510380084102,-0.004896547271715761,0.0006086214135927561,-0.00885159007504039,0.03683471946086002,-0.003890952697782855,-0.008150604534686402,0.012488923686063549,0.009647385249907455,-0.0011003346621728581,,,,,,,,,-0.0011003346621728586,0.6838707871295264,,,-0.0011003346621728575,-0.0011003346621728581,-0.001100334662172858,-0.0021619378872556392,-0.0027859005940021704,-0.0011003346621728564,0.43129368748764035,,-0.0016591325861741405,-0.0029138263451585276,-0.0026972751232008556,-0.00155634085668294,-0.0033049584701006513,,0.39368013572915606,-0.002913826345158528,-0.0022016568358714473,-0.002461895528304695,-0.002697275123200858,-0.001100334662172856,-0.0039436390049340415,0.09719873970673007,,
Pitcher of the Month,0.23344281046807033,0.11962728496751011,0.04478120824314648,0.04480921205762113,0.16795253916002068,0.1584102811902441,-0.1493770061542617,,-0.17598736830646744,-0.1652919866916022,-0.17284655683223604,-0.16584262849964926,-0.13472119876915803,-0.11495120703873263,-0.1598194673565824,-0.10205024187934397,-0.11405059514724918,-0.15395402165918037,-0.12607229069828288,-0.08962498968562412,-0.12326324632731817,0.0072461350857835165,-0.10956358425890171,-0.12622771962918644,,0.03666685009086854,-0.060634354134404114,-0.06607546334397543,-0.07395445623709927,-0.0630209893629537,-0.05240830197155708,-0.05991286631504548,-0.0710629968574868,-0.04398038364632891,-0.05638207057167774,-0.06336240938282778,-0.015073083939994758,-0.05112619863647098,-0.049477861873991016,0.1284259480644881,-0.039024163421970924,-0.054406951417275654,0.3670124863222338,0.31383424352243755,0.24535924220210847,0.3911792756038567,0.08209532009710985,0.2272052947273198,0.05439575543477779,0.34560708859117434,0.3260024069571362,0.3502384573147448,0.416556348102406,0.34047651528565576,0.47658189791164585,0.21880672575412982,0.2433903067553444,0.310616903417017,0.3246267526396765,0.33374046382303335,0.4008697133059075,0.3422938895687957,0.03934747800860149,0.3156387426157247,0.5013495954502031,0.5019111421313432,0.5380543227266225,0.48837440969002466,0.49138059241469534,0.3418815787663807,0.5847084083506602,0.14634472425694472,0.18083054408239418,0.048178436611183255,0.5448867532765946,0.5524345089431318,0.5656747441536784,0.49991126350884263,0.5235495901346714,0.5650213001716865,0.4582528030298056,0.3570532099401485,0.37735207066097043,0.4282226181545095,0.41158363510376683,0.21219546937863415,0.5633102300859227,0.07120619794146196,0.5437129647621115,0.4006481535091887,0.40413567896797625,0.5009485635092693,-0.13785280372721967,-0.042470282245400684,-0.08569598883959649,-0.12421279937435915,-0.07575221003854715,-0.10010275988380292,-0.09563817431465159,-0.04370939716200135,-0.021841817328634834,-0.047141644878505515,-0.043980824240124006,-0.02015741650584803,0.05187285838850476,0.036838210869293155,0.003205974804446119,-0.05805721779135523,0.013950480443527365,-0.0036553905095121574,-0.03854996053431302,-0.0031455880648858267,-0.021354036029736942,,,0.047466488475331185,0.1635231991079691,0.10868115711792525,,,0.05096811494914246,0.13292974529776297,-0.039052271051872006,0.11822503796855786,-0.004449198404791289,-0.0031455880648858267,0.06606996475388108,0.05211417565169843,0.6014125722718203,0.06326927179121036,-0.01035067085695927,0.06553974454148401,0.0494352430620219,0.06469349835612444,0.022661325615899335,0.6380614340138043,-0.0115542226834122,-0.014107621029595039,-0.007858008840168629,0.008170095094672765,,-0.003792041252410383,0.08056860581847991,-0.011577712597478716,1.0,0.19378118739193148,-0.003145588064885828,-0.02897995364652692,0.2401614628807538,0.029970139632645373,,0.06189708448427147,0.04919789063485758,0.020519143462865184,0.034108892538783284,,-0.007493435691257175,0.09617741640795914,0.09320024986982614,0.046763598019842104,-0.013998032768178504,0.049976886971311266,0.4842157021396078,-0.024115873115333156,0.04000103865853366,0.1670871206742422,-0.02560669169046843,-0.01730426972080291,-0.0031455880648858276,,,,,,,,,-0.003145588064885827,-0.0031455880648858263,,,-0.0031455880648858276,0.025769625300795466,-0.0031455880648858297,0.03800714110555635,-0.007964209398935457,-0.003145588064885827,-0.005970654604267627,,-0.004743054854626278,0.013547558747027216,0.13405017584383655,0.016000001955691737,0.009851832734058538,,0.011249251380025522,0.03542503537229429,0.008170095094672751,0.005901057132323915,0.1694904325105145,-0.0031455880648858263,-0.011273900761830198,0.11883295758466461,,
Pitching Triple Crown,-0.00932329053362895,0.0019993709497285795,0.08467854815871502,0.06863069857275912,0.06746671104188214,0.05393446074560543,-0.05289219579814861,,-0.04724876007232285,-0.05230171823909447,-0.053180977948427806,-0.05430405583747386,-0.033863942673190005,-0.044244391652492096,-0.04945401200979197,-0.0393065728885989,-0.04689682745442645,-0.05316945263753235,-0.02340785493242283,-0.03837743206679045,-0.043323313975515795,0.015078686492883138,-0.04815929245944189,-0.053583973410806174,,-0.004537190003577537,-0.01692508390045645,-0.02523918614176812,-0.027508816394862485,-0.031524816763740186,-0.019803522452119963,-0.022997851728926107,-0.02243639412699044,-0.018468485183460056,-0.024982343657650386,-0.024661818183596827,0.0016065155327095256,-0.02183689820329398,-0.01920002378661981,0.021355417519307966,-0.014772068222709371,-0.018032737142124625,0.2902152419531782,0.1902028025434984,0.12588448704439847,0.23295653143576137,0.31965771375085583,0.36998506769066836,0.0028435625294129436,0.2493976487688988,0.22197972336613578,0.18182636991738493,0.11463005743557447,0.2031946675032199,0.2764893206664563,0.057980016980370655,0.07325747559250759,0.012762917556661684,0.2013520520966446,0.1795976986763519,0.10609406670562746,0.24161104018204005,0.004631933200796032,0.20260313408917907,0.027782478504285633,0.028415528138152412,0.03292977546953496,0.19826703799082576,0.191804011658251,0.09702835578424507,0.20823224118407482,0.29367557038290176,0.24027226945471952,0.007646668988425848,0.2198778130396624,0.21068028044139736,0.17749271790617974,0.12007973218804635,0.16843958676540188,0.23265425248341792,0.10715385590660344,0.08128352350236623,0.07537903670746811,0.1189879572148899,0.1042330952795195,0.06118909346109476,0.19993944438501435,0.00603140218720708,0.19108284796377745,0.21995405819177716,0.16319590205516793,0.14676216481511248,-0.04815432577144438,-0.04249884073546932,-0.041646874103848174,-0.052733857335056374,-0.007047815660242706,-0.02316668471443987,-0.03868511850346082,-0.01866905191095297,-0.009329024146146928,-0.020135025247377168,-0.018784983187532463,-0.008609586944052602,-0.002305430502575796,0.002780611482164264,-0.004665082281528409,-0.02677484119240452,0.008155063228939162,0.003054961210674672,-0.018736496177888317,-0.0013435359599258078,-0.009120684178506411,,,0.195001552317456,0.08526655234726616,-0.00702537195772361,,,0.04151281552580076,0.10316581556793486,0.26234699283156876,0.036417329836769013,-0.0019003308527299498,-0.0013435359599258056,-0.005872158317788865,-0.005419956347297001,0.3279558036775913,-0.013947011496470315,-0.0044209534811372716,0.04875000150033804,-0.010229463263477291,-0.0076836897418905625,-0.004365226610471959,0.1908049960750912,-0.004935011623881595,-0.00602561294463533,-0.0033562937143724915,-0.002688277695958898,,0.11314454640924564,-0.007528231985980052,-0.00494504457911694,0.19378118739193148,1.0,-0.001343535959925805,-0.015665584469180233,0.04001862624380642,-0.005302095529588232,,-0.007213946413153514,-0.008969849569871706,-0.007314618224731869,0.0006567634793954122,,-0.01366036799524975,0.10907404539544562,-0.012420457647488312,-0.008019093341479088,0.011882876669990366,0.11299323458957854,0.292605464083608,-0.01030031334908251,-0.004750949913291331,0.007666795748940912,-0.010937068170153533,-0.007390957795676221,-0.0013435359599258054,,,,,,,,,-0.001343535959925805,-0.0013435359599258071,,,-0.0013435359599258056,-0.0013435359599258047,-0.0013435359599258056,-0.0026397798728962267,-0.003401653839959268,-0.0013435359599258071,-0.0025501715417467763,,-0.00202584210826167,-0.0035578543603897355,0.04918203641110165,-0.0019003308527299485,-0.0040354364024788435,,-0.002327768543369354,-0.003557854360389736,-0.0026882776959589044,-0.0030060356049551413,0.04918203641110156,-0.0013435359599258067,-0.004815281203295006,0.10065326919225874,,
Platinum Glove,0.018847953165679714,0.013476675699874097,-0.005184773168620457,-0.011068148155470038,0.03528782202435257,0.03612256853369769,0.05489234049987137,,0.05324653460345354,0.046103896427783536,0.053334750768117584,0.06219791578295173,0.005219470619325069,0.07111255089249141,0.05838380648783099,0.009015474269398848,0.011267080341330263,0.030679492759850883,0.059762168799412575,0.046469138898955285,0.04425567561031128,-0.009724811637063327,0.06304026034119062,0.06340426025301839,,0.023475741449124732,0.030893169076464732,0.032492084807858555,0.03087631284063321,0.03411677796933317,-0.005339773057046229,0.03935207663114604,0.021712299192298296,-0.004632314935599851,-0.005558885916805173,0.0044717123728557,0.03672171423188809,0.01281293142391905,0.04395063097861295,-0.0066478191427143795,0.02687514777849283,0.020627121149461653,-0.010461951874586276,-0.011238685982816094,-0.012206642334784783,-0.009658516825115976,-0.006621863521841751,-0.0074478311766666356,-0.005131662077854605,-0.010946197745104884,-0.010972070548111276,-0.011327570256925287,-0.010576100689847094,-0.01133400874870269,-0.01070300570046486,-0.010728168006589755,-0.013143630782180218,-0.009150716722903804,-0.009878534042776423,-0.009844536948526422,-0.007806074588276411,-0.011023154596679303,-0.007708419550979446,-0.011038516152380792,-0.008005812137990207,-0.008309833590487255,-0.007724439685154608,-0.005225302790287358,-0.005833184107904468,-0.0067599427327630374,-0.004937300423739876,-0.0035659325247570438,-0.002783384121022682,-0.002050803579067801,-0.006111501297758341,-0.0061538349812081065,-0.006117399376294141,-0.005434661633243733,-0.006223629121993196,-0.005728378639045264,-0.0072595257604680654,-0.00614058382356129,-0.005044807701863604,-0.004212283884057981,-0.004360175137878825,-0.0020480360232773445,-0.006101216891160829,-0.0038383360308572845,-0.006124214158783582,-0.005347154627679815,-0.004438828966542713,-0.0049327793318584695,0.05586903257623012,0.06344663914008859,0.05929404851743387,-0.000828937901675322,0.052232964827590204,0.028783698465113267,0.01596772836351065,-0.00415409903770662,-0.0020758252970261635,-0.0044802965572801915,-0.0041798952059735476,-0.0019157414639978066,0.02611002658093341,0.030693467433583647,0.030052091234851395,0.0007201658321354776,0.03581445099802331,0.0055017697652830315,0.022010937210128232,-0.00029895366218236327,-0.0020294670318491558,,,0.05777972895754519,0.04299233689005302,-0.0015632336890117463,,,-0.0019978512417717976,-0.002260902085970564,-0.0037114902545000413,-0.0009466488637768789,-0.00042284753421346753,-0.000298953662182359,-0.001306629138616095,-0.001206008508311498,-0.0019698878474772603,0.06271640653260566,-0.0009837177961331484,-0.0020187634523300625,0.1313398294046079,-0.0017097176822405851,-0.0009713178659755141,-0.0012467652689172228,-0.001098102203348094,-0.001340774724624164,-0.0007468175971461973,-0.0005981756247257103,,-0.003077038512469931,-0.0016751263748023735,-0.0011003346621728586,-0.003145588064885828,-0.001343535959925805,1.0,0.10302975755448637,0.061868802498552956,-0.0011797829928561526,,-0.0016051938789332098,-0.001995904432871385,-0.0016275946241663636,-0.0028909936560077083,,0.08192352497423648,-0.005809886836644121,-0.0027637081629751114,-0.001784349204877079,-0.0013303595617335095,-0.002047798665041745,-0.0024049185761764805,-0.002291949370305007,-0.0010571461559554054,-0.002214465433482711,-0.002433635332831821,-0.0016445811395883294,-0.00029895366218236235,,,,,,,,,-0.00029895366218236224,-0.00029895366218236327,,,-0.00029895366218236273,-0.00029895366218236116,-0.00029895366218236284,-0.0005873842486517447,-0.0007569107960375504,-0.00029895366218236327,-0.0005674452670701435,,-0.0004507753683805449,-0.0007916673779306483,-0.0007328318408164473,-0.00042284753421346536,-0.0008979353936248071,,-0.0005179578005426817,-0.0007916673779306439,-0.0005981756247257122,-0.0006688807590989508,-0.0007328318408164461,-0.0002989536621823632,-0.0010714606777197336,-0.0022462903295795166,,
Player of the Month,0.21698162287312683,0.12015924549161316,0.008087300098156315,0.008038101004414112,0.21386776501736296,0.2123020188043871,0.34281071563757565,,0.3320938971961662,0.3585968908911968,0.3386102798501439,0.3773765020358838,0.08158148059992607,0.5250318015587495,0.4160231591368177,0.15525035844086313,0.24707297217663526,0.3949303526190769,0.4392780471672368,0.5948339359462839,0.2751494020731404,-0.09352192767726243,0.48361534186352423,0.3991825210087753,,0.32027326577385096,0.3592110874037547,0.3671997492808911,0.35820438789277326,0.34273370869686964,0.14120846159386383,0.4203010412082764,0.3984619229859705,0.15838529774794738,0.20120540883784171,0.4275261216453355,0.38120153940960927,0.48153097966440306,0.29106463597000354,-0.0031632595242965305,0.32954385674803244,0.2798673374105416,-0.09958993813107472,-0.10905393968330855,-0.12720590980770932,-0.0883843488325502,-0.06224035250374888,-0.061599043732585804,-0.059120254065041664,-0.10477476689920272,-0.10699310154724938,-0.1104985061075719,-0.09955556857281485,-0.10794619830017659,-0.09637053958148956,-0.11055984991239746,-0.13581032962555517,-0.08633782209562604,-0.09186290987968067,-0.09681833423701493,-0.06942829074317977,-0.10592295176386643,-0.08850280849273004,-0.10849673179339905,-0.06596154503261797,-0.07042694149002805,-0.06610521162345366,-0.04724871737260709,-0.060115668308356664,-0.0711021573529096,-0.04325522678249418,-0.028509776891131943,-0.02439152802776744,-0.023038270155063868,-0.0564622245851457,-0.05801527234565528,-0.05785534402533737,-0.052133406079041475,-0.05744700472706499,-0.05175023267013247,-0.07386378416183376,-0.06293774276947753,-0.05133296755414741,-0.03516700773326969,-0.038332453226062206,-0.02023151179165113,-0.05603363625427556,-0.04334706914162672,-0.058140338124147685,-0.05473774069967342,-0.0377242300557996,-0.047674844498671244,0.2934385187702015,0.3976636072812892,0.3562110594367668,0.23070627762178728,0.07218303455873097,0.03712751295194573,0.18419310749738096,-0.03128250473426928,-0.0241355632950986,-0.008823151452361778,-0.014556376977369693,-0.02190602254395565,0.2823887099726917,0.32150251419829035,0.3227820080154235,0.2550365911616048,0.14120146558898258,0.20584696793584994,0.2119878002182378,-0.0034857897272412325,-0.01821857847944354,,,0.15586052689951393,0.23919129828866081,0.10180972459220404,,,0.14419298483614137,0.07768777678531649,-0.04327585254332938,0.08171569779220712,-0.0049303881417297,-0.0034857897272412204,0.08889976509063253,0.06352165698307585,-0.010435608423988343,0.25483921866029374,0.4685532418035675,0.11632018227463256,0.18687870666062914,0.18311908766785195,0.11412673293724684,-0.01453724144052055,0.5481764401804496,0.026166294866754387,0.4273791703132938,0.07294780036273715,,0.396150935970967,0.05733362403483257,0.22421950797746132,-0.02897995364652692,-0.015665584469180233,0.10302975755448637,1.0,0.6793506269223913,-0.013756230336336463,,-0.01871650707527615,0.2636040402798093,0.04090359130075199,0.12758939027020672,,0.6926780821868663,0.4679227674604859,0.14585821856660994,-0.020805452198733893,-0.015511948105854094,0.340932442408492,-0.01614044709712272,0.2806775985107964,-0.012326288909530298,-0.01120944739090735,0.16171689774224932,-0.0045268806168853514,0.04977198391362252,,,,,,,,,0.129658644374918,0.1030297575544863,,,0.0497719839136225,-0.003485789727241226,0.02314309709319063,-0.006848880742743926,0.02488484010816279,0.023143097093190616,0.25452971372018685,,0.01883529229957146,0.051212057013421915,0.11112785280969797,-0.004930388141729697,0.03396474870979129,,0.055475802157888825,0.031064432937359734,0.04630696429924462,-0.0077991273356409685,-0.008544794814906824,-0.0034857897272412334,-0.01249319575573581,0.08533124234777364,,
Player of the Week,0.3758834856733027,0.19526200559818077,0.010889046683331204,0.027589475261472405,0.31923174463843323,0.3173816684905023,0.37034600488144764,,0.34555487897287473,0.3593447120228636,0.34670929230975334,0.4014743062545505,0.03463375888471515,0.5693698073521921,0.4313259479306162,0.14312171533173423,0.2696498697982082,0.3892466005698718,0.5080312873180001,0.5971943843742024,0.28995787902673736,-0.1287799027500417,0.575765674961839,0.46705198599874964,,0.4221895753862252,0.43062210562823006,0.4290542057046046,0.42752084110740773,0.41024057635424094,0.14067775975964342,0.48841971865956274,0.46395422318589924,0.19374571352025344,0.20197335013302517,0.4538147739281966,0.46463048557467496,0.44155426528507463,0.3208385933717403,0.06881254328816064,0.344949005748129,0.3564239111041382,-0.0029982075212586037,-0.031534509189786605,-0.07149664714438114,0.018376433632344237,-0.058830571723245566,0.005464206766740324,-0.014976392365716731,-0.016225981257314337,-0.02947087999675901,-0.023754053195875566,0.0217350269773263,-0.019610091461126192,0.05478845907517483,-0.07078871712040473,-0.09551402625854051,0.015640700100496938,0.0019208014350364448,-0.01284583168233447,0.06776944601746754,-0.019449798847343016,-0.07313273279480327,-0.034972133920279466,0.11801488128700924,0.10164822148130627,0.11395934126575143,0.10600701833575461,0.10213192832180162,0.04289057485672281,0.13522464775607224,0.010102702715272069,0.0433347733134346,0.0324925353182194,0.11655192792488794,0.11291292809456774,0.12027351843892145,0.11583175881630284,0.1088940323766028,0.13850304488423779,0.06682081987869426,0.052022719474372946,0.07739370544768027,0.11053436027837035,0.09560500249475251,0.04599653240868598,0.12379926933504322,0.012140793790248563,0.11184719002502216,0.07093939096075451,0.10564289663933707,0.10316750664432071,0.31612754567604523,0.5079147199045505,0.4316418185851864,0.2262768576539308,0.048559465170414186,-0.015446884110838917,0.173596929490064,-0.056846382306909506,-0.040269075913697217,-0.014762131602980674,-0.03061896287530465,-0.035250817761637736,0.3961361133948398,0.4283324900445346,0.41827567501801177,0.3005786946717759,0.1734153873034761,0.25354057192449314,0.24303996292243785,-0.006788434744327422,-0.018942292101359712,,,0.17993645829385477,0.33687600020997016,0.1419448061928834,,,0.20353838135762783,0.1376049379572331,-0.08427797543256582,0.13431172198393126,-0.00960173182644231,0.00465443812948599,0.10457557674962129,0.09827712564129268,0.21840056805182959,0.2810413986023284,0.31162979494285575,0.15162968102616187,0.17911657773684245,0.19204122370140825,0.12479929457004633,0.18484622840391093,0.3632374808004128,0.09528871179070718,0.2688967418219088,0.08944910708056839,,0.2654965469056215,0.09408395480128347,0.1816808096278186,0.2401614628807538,0.04001862624380642,0.061868802498552956,0.6793506269223913,1.0,0.006756133696142915,,0.06258967664273526,0.260262594570888,0.07274119265885569,0.19701133474072682,,0.636363450375575,0.45600187463702746,0.21858623296753155,0.057174986355365026,-0.030208892593565483,0.2659408713363518,0.15360282113385101,0.2010551338250902,0.018706796140935615,0.05017385101044034,0.2313565953793675,-0.010066267342082156,0.06186880249855296,,,,,,,,,0.03898305675092616,0.061868802498552845,,,0.004654438129485963,0.004654438129485982,0.05042592962473953,0.029129894989718356,0.08421398595888682,0.05042592962473946,0.15001309872110039,,0.03807547765889189,0.038298846434180626,0.11893518761456667,0.022768439147135527,0.0368932039795693,,0.05432378618204399,0.06860103138777916,0.0436570764362015,-0.01006801476886265,0.07685992987497448,0.0046544381294859605,-0.01664030654338253,0.15337129965261692,,
Reliever of the Month,0.07075171077884865,0.09993702284982015,-0.011096234400166997,-0.004251677809955501,0.04168326086555981,0.03928069637334084,-0.026735501723034016,,-0.07592789925739327,-0.06602355960699886,-0.07034938831453298,-0.06677855593899205,-0.05192525828893371,-0.0444442059993544,-0.06402421454436283,-0.03908180377102626,-0.044196615310276764,-0.06131421600955298,-0.06901673419573433,-0.033699910543810226,-0.04911933524339023,-0.051263391898347256,-0.04473618900331833,-0.05289588597755624,,0.03625354451940953,-0.03633203276874583,-0.030675560912623363,-0.03382827083151833,-0.030834352425632518,-0.021072742151497032,-0.023255747220986934,-0.030572629323508998,-0.01828084773633085,-0.02193744346865961,-0.028591813881736955,-0.03324294773177753,-0.019175371471560787,-0.019617935784640658,-0.02623478136010844,-0.0201856180264839,-0.026639003544205134,0.01196427162133039,0.017963381576704032,0.16873498167090306,-0.02670357534722316,-0.02530155815553627,-0.027562586778705416,0.4699212349518526,0.01646650728212961,0.007839588531909704,0.009593132557169062,0.027868517276658508,0.020389969605845017,0.05868237334581778,0.06107560769106519,0.06179604956092714,0.06052851544100324,0.03795500356422634,0.0256822277201408,-0.010144225485031957,0.015308687808042624,0.3296648509303353,0.0053546827566928554,0.03104142999256324,0.04294613608067588,0.03966598991273796,0.045359465851748805,0.06991525049700688,0.18727431021893262,-0.01872661848271124,-0.014072503797644315,-0.010984275036461407,0.32693584241422996,0.05644953236739048,0.045157873551466186,0.03519634942759647,0.04411333410732287,0.049626946974255355,0.0764380061451092,0.13917539994821554,0.14043581480008327,0.0865838778538248,0.057223523091393856,0.02740268914245708,-0.008082316340869736,0.05620775246479154,0.32558236075102326,0.03252491509916921,0.03388199166731953,0.07687854994041708,0.02711986175125648,-0.01983005951240235,-0.056182052413227185,-0.05409314207344162,-0.04932237784391729,-0.042088362314749286,-0.04654370096885457,-0.03995582258887047,-0.016393628897366685,-0.008191983211358446,-0.017680926343718116,-0.016495430227980973,-0.007560232517089123,0.043846604770309945,-0.03717426135901149,-0.023985771325474636,-0.024688641805459807,-0.015138317972067088,-0.016346809443169047,-0.019948515364212403,-0.0011797829928561526,-0.0080090361538282,,,0.02926918011336169,0.03161433150887719,0.03450444222411136,,,0.021674008475583397,0.047942843737405066,-0.014646929053973141,0.13912233036404761,-0.0016687145619641106,-0.0011797829928561544,0.0986238414284191,0.09635061439508825,-0.0077739144030623064,-0.0152500052917297,-0.0038821184432919773,0.05973326469466277,0.051280042493076015,0.029087866802382047,0.0328120523002725,-0.004920202179878319,-0.004333522106638975,0.020000730942659122,-0.002947221631094525,-0.0023606247993108957,,-0.012143145124480751,-0.00661067535834728,-0.004342332224349126,0.029970139632645373,-0.005302095529588232,-0.0011797829928561526,-0.013756230336336463,0.006756133696142915,1.0,,0.328099411299028,-0.007876585582120987,0.06032126148901242,0.000576715775707662,,-0.014407617370311737,-0.011224395161685132,0.011277915752501004,0.1122573285251652,-0.005250096532884583,-0.00808137963647375,-0.009490708408335546,-0.009044889658932386,0.549762949635242,0.037675270155251385,-0.009604035473354988,0.014191756253233143,-0.0011797829928561535,,,,,,,,,-0.0011797829928561533,-0.0011797829928561526,,,-0.001179782992856153,-0.0011797829928561537,-0.0011797829928561533,0.29315453807382774,-0.0029870531698975794,-0.0011797829928561526,-0.0022393513114340002,,-0.001778928243700265,-0.003124215644870959,-0.0028920286043905845,-0.0016687145619641137,-0.00354358899084478,,-0.002044055254705909,-0.0031242156448709514,-0.002360624799310899,0.09830070420224174,-0.0028920286043905793,-0.0011797829928561524,-0.00422838467961891,0.018921052471284342,,
Reliever of the Year,,,,,,,,,,,,,,,,,,,,,,,,,,,,,,,,,,,,,,,,,,,,,,,,,,,,,,,,,,,,,,,,,,,,,,,,,,,,,,,,,,,,,,,,,,,,,,,,,,,,,,,,,,,,,,,,,,,,,,,,,,,,,,,,,,,,,,,,,,,,,,,,,,,,,,,,,,,,,,,,,,,,,,,,,,,,,,,,,,,,,,,,,,,,,,,,,,,,,,,,,,,,,
Reliever of the Year Award,0.10184659586011861,0.05906936931306951,0.02208156057280141,0.027187892320387458,0.05259686850342005,0.04605516098690752,-0.03347201557434156,,-0.1023709512920459,-0.08941966051547996,-0.0952433009800343,-0.09081703698524315,-0.07044446739823851,-0.060414282215615935,-0.08678433432456777,-0.05306130650533077,-0.05983313267148937,-0.08282327651793912,-0.09087098149408587,-0.04585155952669043,-0.06659266350104841,-0.06615653341939054,-0.06106939468706632,-0.0714385191589006,,0.07325960326004763,-0.04659883291838711,-0.04113164376388006,-0.04448916126660594,-0.04139268106378705,-0.028671236082181025,-0.03164139788010802,-0.04116738218622194,-0.022672841939300213,-0.029847734870364684,-0.03796258190260435,-0.04043625093729954,-0.02608970386825432,-0.026691849797371645,-0.01810843395918426,-0.027464229180108633,-0.03295357278108961,0.04195355755042792,0.05468466879767301,0.236876276747139,-0.027908115267817214,-0.0280265339741437,-0.028432769118401025,0.6139921412743531,0.04509741218250562,0.034221195595131024,0.031403555706896215,0.05024854468511748,0.044513079255058145,0.0922051046559485,0.09051175744745978,0.08935685983684206,0.17343251165948312,0.04919543545886329,0.03002615585474707,0.05707536272993085,0.04312106207508017,0.4744385194155557,0.025215382817062187,0.11371620892075403,0.10676438720310069,0.08518023114506987,0.1332192092871275,0.1034294961564182,0.31482506882745337,-0.007658512317626401,-0.015725721398628652,-0.008877067953048679,0.5533791425983027,0.12677353420927256,0.10626352018693665,0.07491045407220108,0.0737843653490927,0.09727914451842956,0.14595272275790147,0.20187653790886634,0.13438054896703377,0.13073403955997603,0.10754994468549763,0.07567102761243275,-1.313035271843677e-05,0.1247601987997233,0.5690859934760606,0.07386311329694069,0.13434680110282818,0.1252598342908651,0.08417603292456663,-0.023895568718176424,-0.07450310120041463,-0.0692701653628983,-0.06649332520239758,-0.05347493436291858,-0.06137266938024486,-0.05328534799144304,-0.022304909393421106,-0.011145881392443076,-0.024056385718950333,-0.022443418656360768,-0.010286331497595119,0.08478018744530051,-0.04677625766778993,-0.024186436067976783,-0.03143565315784921,-0.01630365030402384,-0.03184262632794571,-0.026195135080087667,-0.0016051938789332094,-0.010896966550735254,,,0.08825621168521976,0.05223805228476007,0.09278735190011317,,,0.041794363749624766,0.08890314490627726,-0.019928377510925258,0.045685510641216995,-0.0022704263553306684,-0.00160519387893321,0.04830582156941017,0.11928684379301734,0.07027319904183052,-0.020748913398659415,-0.005281948290659739,0.013219510195989836,0.04131818823752793,0.0799644159008719,0.08594460131245107,0.02673742744814727,0.01142470484885731,-0.007199120309428475,-0.004009942634144492,-0.003211828362721449,,0.011447792975365146,0.031840346476975555,-0.005908107803745511,0.06189708448427147,-0.007213946413153514,-0.0016051938789332098,-0.01871650707527615,0.06258967664273526,0.328099411299028,,1.0,0.001446834822015062,0.0007485850616169347,0.010033697314638278,,-0.017888293337861103,-0.016935404846698022,0.024579934454512113,0.741435174776343,-0.00714319740954456,-0.010995395936670182,0.01779539800387907,-0.0123063322696285,0.4982735664949165,0.07608077983286562,-0.013067097125688541,-0.008830370430671822,-0.001605193878933211,,,,,,,,,-0.0016051938789332083,-0.0016051938789332094,,,-0.0016051938789332094,-0.0016051938789332098,-0.0016051938789332098,0.41686206128327086,-0.0040641367890545945,-0.0016051938789332094,-0.0030468255939108914,,-0.002420381328718849,-0.004250757859691988,-0.003934847884379991,-0.0022704263553306693,-0.004821350529717863,,-0.0027811089013174578,-0.004250757859691975,-0.0032118283627214504,0.0681521756838415,-0.003934847884379992,-0.0016051938789332092,-0.005753072596060704,0.08668284805993977,,
Roberto Clemente Award,0.13560277152244293,0.061662034436969486,0.05675212111215798,0.05392725641674885,0.17880598702300832,0.17555027530923098,0.18707328267184747,,0.17653328651414837,0.18009853344838092,0.17774962560836643,0.18527281333530718,0.06573608828502876,0.2135686877412263,0.18322567445598562,0.1081837784787107,0.1490822478532815,0.1788432084889735,0.2080588180287316,0.24056205061004635,0.1366483908134809,0.001980574146484843,0.22376501419943923,0.20030365824439406,,0.18545503887176168,0.1980677704357091,0.19592516121945067,0.21295751431421114,0.20974754257217182,0.1130346249059348,0.19270112118216254,0.19331491749562865,0.11484828968519306,0.1178347680531694,0.16897028763570573,0.18481539471408753,0.1364901912292625,0.10785013254220388,0.08880547948046395,0.15030260028573167,0.13563581549101253,0.006550476750294573,-0.005110461025030647,-0.024109492314104097,0.015146127927918602,-0.016858238681606824,-0.005959131718374413,-0.019245058964926755,0.0016983941176461877,-0.0010274099774075544,0.0036442806575000108,0.024723237388383102,0.001497581351047367,0.021278197080508834,-0.019230057945418683,-0.024557729772307718,-0.005818665926278504,0.013604772350710592,0.006900043827656295,0.0379912712037531,0.001198643773979716,-0.035396493359599344,-0.00108410104343131,0.035798310172042574,0.040268052734057425,0.03723640833620836,0.07772713119559199,0.03359316397135564,0.02525935318425239,0.07819575839773706,0.021534533961097682,0.027372755123263637,-0.0037281664464096148,0.07102393943491596,0.06235545460690845,0.06842939232315566,0.06617231327169139,0.07321733825978426,0.08159557336859018,0.04199792697108036,0.039346789566005756,0.018154381371371462,0.03945367118558008,0.06468977637803534,0.04871425155090487,0.07297147566764026,-0.00728487699915379,0.06351396193844451,0.025536037914178623,0.07387084887341704,0.04295768913037402,0.16052629185104147,0.2175610639151417,0.1925472306515312,0.10405960891517511,0.05904903060390326,0.01322586936220384,0.10267361238904706,-0.01850281716640986,-0.013858833111312589,0.0004993315935668963,-0.0035342573046211164,-0.012790065364365236,0.1596500218213607,0.17793651508533653,0.17374004844439767,0.12387408635240404,0.11562557538103674,0.08597796104815632,0.15113310656446088,-0.0019959044328713847,-0.013549331410307841,,,0.16605351423292342,0.2022751445264478,0.1264008528569175,,,0.2054352789109289,0.13795422847128874,-0.0247790236033196,0.08980304766434509,-0.0028230571313442292,-0.0019959044328713856,0.3055085245802023,-0.008051674999556302,0.017464250710382965,0.23686740095049186,0.12371999956750156,0.19150829570462977,0.3700115118398942,0.036809166158655975,0.24008534416556068,0.05497477922757059,0.0582580348080554,0.059120025491353166,0.03714302216618993,0.07193018397109466,,0.11184825056697437,0.14344644446274366,0.22650415536542293,0.04919789063485758,-0.008969849569871706,-0.001995904432871385,0.2636040402798093,0.260262594570888,-0.007876585582120987,,0.001446834822015062,1.0,-0.010866310523099325,0.09360378953352741,,0.27751663312426483,0.3009548703864235,0.13081897044052904,-0.011912851181706673,-0.008881879978299258,0.11628729086254729,0.04208607350663425,0.1585736986246492,0.02275970408023845,0.02685590364897263,0.09780421862311105,0.016852202924852084,-0.0019959044328713873,,,,,,,,,-0.001995904432871385,0.14978355539412047,,,-0.001995904432871387,-0.001995904432871387,-0.0019959044328713878,0.02921359412407029,-0.005053363795818012,-0.0019959044328713843,0.1402581966335294,,0.1800782388277633,-0.005285409174909471,0.05711746221662228,-0.002823057131344232,0.09531263772996772,,0.08419807919156252,-0.005285409174909477,-0.003993600119530806,-0.004465648831334976,-0.004892605459178555,-0.001995904432871384,-0.007153393274050898,0.11587402981473091,,
Rookie of the Month,0.03880238869133116,0.14207670145597648,-0.025769979956116462,-0.0075854248924752095,0.0019840520263206124,0.0021372305425076373,0.0157299802174647,,0.015849604204866422,0.01557096235068236,0.017625774308437977,0.020878385156759816,-0.0191406912845538,0.03279815898740376,0.01221364904127697,0.01601445685916887,0.009870857197938804,0.011290252368901401,0.05725971316496761,0.053840212412253875,0.041213640977548004,-0.03850143133772769,0.04204773814726959,0.027381357715233957,,0.048937347385414755,0.04467060609805302,0.04078038856031051,0.04707286825732229,0.058368323272667166,0.02118481182958326,0.04181532951091791,0.05101128071786473,0.02026278049014093,0.03592150661157361,0.05034664054886324,0.0552799226137672,0.04675044785311586,0.030836734034766798,0.003945990435484939,0.017586582640576914,0.036154841876754426,-0.015462204432925527,-0.015717826654222517,-0.013768413466484195,-0.007356279627277628,-0.0323763231968052,-0.031587269879303735,0.002114006645508351,-0.016805856045033367,-0.01648011939359424,-0.013617677893960027,0.0019886961878135944,-0.02025189091125008,0.0023027910302745305,-0.011881641155756236,-0.01652827653605833,-0.01746232424831252,-0.013752247880256965,-0.006201227495035623,-0.011171825051367108,-0.01696387354331279,-0.012936467029495852,-0.016717372212052394,0.004204587240522974,0.010458412975129576,0.021352949613527017,0.017160764366880223,0.0033609533989655696,0.011239257311300866,0.016074656004764196,-0.016887797177613614,-0.01515358935326607,0.0043782813691727734,0.01176278552564831,0.011866080703418899,0.018549874046701012,0.02590977459944266,0.015369613950916964,0.0194271310407937,0.01552093432162731,0.024215297473845935,0.020101537325270282,0.026676655967728908,0.04650012379018576,0.005070885549874762,0.014036683246274656,0.0023505193419873067,0.01494415420652271,-0.001249064734988716,0.005192131566710312,0.010463311313923399,0.010363085233400909,0.05361717934752294,0.03982679606941801,0.013233004093126138,-0.021417742740369783,-0.039909949828696285,0.004864800412322355,-0.01757096872841157,-0.011301424004926158,-0.009101806821518456,-0.012214823621546517,-0.010429878949579263,0.0487120358077853,0.045917380442055254,0.04587859528741328,0.03855882701026357,0.013106451536429583,0.0007595322587265834,0.03299401464295408,-0.0016275946241663646,-0.011049035515563006,,,0.009085323254663592,-0.019022976008530295,0.012836257527177462,,,0.06668945731501062,0.002613440742754495,-0.020206481304735475,-0.005153844212540791,-0.002302110529450622,-0.001627594624166363,-0.007113686269189818,0.1791659712562786,-0.0027644331390830547,0.057762760784324185,0.04545729260316303,0.006774981777568435,-0.012392239517476235,0.08472955989884651,-0.005288149760326822,0.009670111720429416,0.07076226484909845,0.3643762518003969,0.028795228973816846,-0.0032566499570660296,,0.024554451443223275,0.031084550978639887,0.004143114856225467,0.020519143462865184,-0.007314618224731869,-0.0016275946241663636,0.04090359130075199,0.07274119265885569,0.06032126148901242,,0.0007485850616169347,-0.010866310523099325,1.0,0.14781394997476455,,0.04595635999945671,-0.003550897920246735,0.043169860142648966,-0.009714539545335637,-0.007242881907112963,0.00011445063677335928,-0.0055345262722180455,-0.012478069165429359,0.017502609072377454,0.052903716312352064,0.07571241247545413,0.16472028212599069,0.11676222303802165,,,,,,,,,-0.0016275946241663646,-0.0016275946241663646,,,-0.0016275946241663644,-0.001627594624166365,-0.0016275946241663649,0.02264791831388674,0.18322116415444753,0.4719316760245857,-0.0030893445474122682,,-0.002454158149215929,0.04047725319456101,-0.003989759335355496,-0.0023021105294506222,-0.004888633271269133,,-0.002819919734564262,0.040477253194560886,0.23362923605038885,-0.003641590204215944,-0.003989759335355491,-0.0016275946241663644,-0.005833357672663322,0.0023535007954172274,,
Rookie of the Year,0.0882002841027964,0.04440020600860663,0.03922603291700506,0.043293823215233486,0.10218965914832041,0.08912898034551066,0.15095963966586437,,0.1498683350895069,0.1506892372681481,0.15029646392252746,0.14409599129930875,0.04800182926228723,0.1934298896829544,0.1531678614634793,0.07845998497738299,0.1452234333155694,0.14878780034439973,0.17369851647119897,0.20411780307185257,0.09689609082633097,-0.023611912076706043,0.2073171130534807,0.18587159876899972,,0.15429904967909439,0.17768563249848604,0.17327452147836075,0.17675040718843152,0.15763017448096855,0.06290768395005389,0.15937713190734004,0.16016139779228927,0.11174847748243995,0.09351848027114028,0.16993396172184894,0.15972700323943023,0.1314176617674936,0.10269281118805719,0.05231210330909377,0.08311759488775111,0.13837595802077607,-0.03779801276716917,-0.04702316743700224,-0.051091965983724806,-0.032027734030700264,-0.03470118914911846,-0.01895886065196065,0.0020997532915820565,-0.042223044908268226,-0.04656683813243487,-0.04672287489104447,-0.03208141033603575,-0.040500715655067014,-0.024898538008820897,-0.0479641055800526,-0.06061641076134748,-0.014312388823950481,-0.029378224207097747,-0.04947400643677599,0.0016831029798757436,-0.04325752559776537,-0.025879650140438352,-0.048764971462291626,-0.002202355073692543,-0.009495134831091594,-0.017735727454939402,-0.01867967505435415,-0.010862557523273692,-0.02839724383339218,-0.00917735213463811,-0.018606216239822095,-0.010823778974614036,-0.005875888815558556,-0.016722205753671462,-0.01922504278163419,-0.017682269267960647,-0.008704645498018368,-0.00699753706626794,-0.009813743965355705,-0.028257375170329096,-0.022795392180789416,-0.0018048728162330973,-0.004542865385526588,-0.01851500841777332,0.00932371353961382,-0.014891059027398916,-0.016244646598344483,-0.02055533251338502,-0.012396398975639357,-0.00667969424383082,-0.01534947585026618,0.14858874118548024,0.21658356167183196,0.1867003549692698,0.12169748649105616,0.06717869982148646,0.018238242017026517,0.1282411399775414,-0.010704814010084298,-0.007315047520232702,0.020464416522219704,0.012401604034399872,0.0012809433542012158,0.15347275665221785,0.17322350394981623,0.17203327169883945,0.13208293827636125,0.1267812827211082,0.12632310491386778,0.14000698263651828,-0.002890993656007707,0.010804141458646306,,,0.09714437011857376,0.09557649135326636,0.02321690798595254,,,0.1478283544503012,0.018331928763325605,-0.02939963618526669,0.12548636123552614,-0.004089093707518913,0.10340861923412159,-0.01263559216140221,0.012160952759710228,0.030981688623048443,0.11687417627590395,0.036110912433351315,0.060235155327839594,0.09158113203681718,0.034127064822463186,0.007875674951206333,-0.012056686165536052,0.023832819647658005,0.3207537650392644,0.0517885679878952,0.0473890746060207,,0.11241629134666926,0.037948936277014594,-0.0015418469493955515,0.034108892538783284,0.0006567634793954122,-0.0028909936560077083,0.12758939027020672,0.19701133474072682,0.000576715775707662,,0.010033697314638278,0.09360378953352741,0.14781394997476455,1.0,,0.13747720267040986,0.20066670830334774,0.056907764860639726,0.006838283127521122,-0.01286507422288972,0.09144067643726846,0.024250327418318576,0.16518162316259077,-0.010222998467487318,0.1389820680319441,0.5089785023792492,0.39343342527834985,-0.0028909936560077114,,,,,,,,,-0.0028909936560077088,-0.002890993656007707,,,-0.002890993656007711,-0.0028909936560077088,-0.002890993656007712,-0.00568022523656252,0.026322444787732373,0.10340861923412174,0.028140552984045917,,0.09181074874586734,-0.007655719453503916,0.03634234778513363,-0.0040890937075189196,0.06226793310599042,,-0.005008845533175543,-0.00765571945350392,-0.005784581876791274,-0.0064683269542993764,-0.007086757818101054,-0.002890993656007706,0.013449926998671412,0.030652510327030688,,
SIlver Slugger,,,,,,,,,,,,,,,,,,,,,,,,,,,,,,,,,,,,,,,,,,,,,,,,,,,,,,,,,,,,,,,,,,,,,,,,,,,,,,,,,,,,,,,,,,,,,,,,,,,,,,,,,,,,,,,,,,,,,,,,,,,,,,,,,,,,,,,,,,,,,,,,,,,,,,,,,,,,,,,,,,,,,,,,,,,,,,,,,,,,,,,,,,,,,,,,,,,,,,,,,,,,,
Silver Slugger,0.24032713274135445,0.17034269326062512,0.009512525764901,0.019166331146193146,0.2261746867685261,0.22424868070136886,0.35397986959334643,,0.3493906007364259,0.3686823803915317,0.3560911829449538,0.39822592901756626,0.08028550282592409,0.5087861276491275,0.41400342610175966,0.17517438862870455,0.25112821916363376,0.36923973898397283,0.4424535190664065,0.5377372215033253,0.31008504766877193,-0.0702519656519585,0.4843958208574331,0.43583251215792174,,0.3671419660595283,0.413906441805226,0.4182714656248297,0.4164947263923242,0.40722113869031995,0.14715812837245096,0.42483368527737847,0.4246703603083974,0.2085871960265754,0.19939613021751212,0.44709472499506236,0.42780153023511097,0.4233073632999781,0.31543677286792043,0.056201462859349564,0.3665157888546401,0.34529156157311025,-0.09900667399042623,-0.11053250709371269,-0.12722965615623233,-0.0860140214558674,-0.07343776822275737,-0.07460645134958115,-0.059715129720840684,-0.10523795314781274,-0.10561718208961335,-0.10818311166760057,-0.09839163739848487,-0.10713100316277567,-0.09950552864946127,-0.10778763922558517,-0.13252704902210255,-0.07897551009103172,-0.09345706996915099,-0.09868968785272392,-0.06455640842521568,-0.10597068602772379,-0.0899592104257421,-0.10702426138838936,-0.05149274503929236,-0.06280433726604777,-0.0490294658966907,-0.026266161362216142,-0.025755051103497358,-0.05457933461092912,-0.01616557674861274,-0.02985248035402154,-0.017797173007028582,-0.022235820681545684,-0.0312764311885947,-0.03381819683489125,-0.0318392827123067,-0.02344575397368816,-0.02404538493675382,-0.027959791302331307,-0.05244436047193788,-0.045004942637817597,-0.01819997190453277,-0.016142333566836906,-0.019929361389301087,-0.0074235215437753535,-0.029676656429381172,-0.04073426247722023,-0.03295399125483674,-0.030775056684042183,-0.03696544445505022,-0.019312311542308988,0.3161175707307038,0.42405532523018497,0.37942282789550724,0.20108277104325833,0.14935577382482199,0.04954285512251646,0.18241188495485688,0.014584152994143788,-0.025240117487037597,0.08728968655723444,0.05729313754963694,-0.02339520925530655,0.33870058580314477,0.3791560305291648,0.3807125364010706,0.2780002373630071,0.23201820561470923,0.23739084254030038,0.23476246051362418,-0.003650849353023427,0.053081231730168814,,,0.20070963404657577,0.25725988010773554,0.10049210279027788,,,0.24191755654457203,0.09643149759167048,-0.045325057052248506,0.029085645509280837,-0.005163852603247563,-0.0036508493530234276,0.15136704862164066,0.06678131812330373,-0.0053565775186068185,0.3162071496713152,0.4256686545168079,0.06844691266623067,0.15223638966618422,0.1320583750659291,0.08545082251125108,0.0026184851187788342,0.43959152239949373,0.06997948745760946,0.31154043639170814,0.09971099268259681,,0.3306631611569119,0.09578531246420044,0.22828124782518744,-0.007493435691257175,-0.01366036799524975,0.08192352497423648,0.6926780821868663,0.636363450375575,-0.014407617370311737,,-0.017888293337861103,0.27751663312426483,0.04595635999945671,0.13747720267040986,,1.0,0.5461947951770374,0.11563281291192412,-0.021790635018946673,-0.016246472144838934,0.27215013139776967,-0.004783406090526683,0.20012401217566642,-0.00870712963642216,-0.009435406434962934,0.18998315986787817,-0.004391933446094411,0.06052993139242149,,,,,,,,,0.060529931392421535,0.14610430571968172,,,0.01774274422879157,-0.0036508493530234306,0.0391363378106066,-0.002502730020404196,0.05846369306047359,0.06052993139242153,0.2908569863937716,,0.12352786341438923,0.02270520638701074,0.13089751738019315,-0.00516385260324757,0.06043173896529621,,0.080161690737785,0.022705206387010766,0.035501411944342594,-0.008168432755697782,-0.00894940919067133,-0.0036508493530234267,-0.013084775391234222,0.1122344484512854,,
TSN All-Star,0.16743725268323184,0.028640200389381636,0.22212223513889567,0.21537254272628403,0.3717799110921964,0.33054531243765034,0.42832285424511557,,0.4135562838249073,0.4450953942482503,0.4310115183232228,0.43995770262663875,0.21434336129526582,0.55917868504246,0.49564821968607414,0.15479725253113322,0.2817508892370204,0.46321685510945704,0.4014078115461414,0.5245896243417453,0.2369259259134632,0.047035881568302934,0.43030685548947684,0.4527682332474439,,0.35770811916040657,0.3973146114611863,0.3904611038770463,0.40262719539848557,0.3703739697443142,0.18287136966686407,0.39507820521852177,0.40361694970605444,0.1686311701461878,0.21959337660813402,0.4086607387247878,0.3495775526215867,0.39911387970974943,0.19891338188375599,0.12335689315599534,0.30367953733346686,0.33207938897372963,0.0119441216311109,-0.037531019373976515,-0.09288157874650887,0.01793913488192742,0.019189678382997,0.06701035805923157,-0.06967358744936045,-0.009512250441277077,-0.021219723171424783,-0.028960522143813422,-0.0046173528866831305,-0.022586653070876407,0.017614907214093166,-0.08106770537161566,-0.11412124006782488,-0.0416229143444544,-0.04478422773882805,-0.050397376675552934,0.006551016798833786,-0.01315294236377135,-0.11150766828749717,-0.034596544129902825,-0.009730093386460775,-0.029872336002323994,-0.01925819806220612,0.10029274223756754,0.07797616778087214,-0.004484600573479969,0.11596339817669814,0.08004429729641972,0.0761081374350381,-0.015276916671322454,0.0962215589597576,0.0897141823304075,0.07834701411284559,0.07163471643777015,0.07966431430690422,0.10076838204636743,0.01443509978081465,-0.011596223837748072,0.039880788025466164,0.05794388029258984,0.04465790467068684,0.025211980052771792,0.10011857618153044,-0.04211725711082121,0.07362964864343177,0.07032199934050651,0.05852278823894448,0.08900768824657009,0.41360659444012243,0.4047482954907724,0.34151558926685405,0.2595018478271855,0.19949751021864362,0.09525674940918046,0.24164131896725727,-0.0026931447513756546,0.044301103944825754,0.03809424954860312,0.03026547588915589,0.04625892046799383,0.3558797657832952,0.4068934110311744,0.400375657904759,0.2984331058453051,0.24763995763998656,0.2664611126460856,0.22917283934509403,-0.005809886836644124,0.0642540130055656,,,0.5144377821117014,0.3968324103767439,0.09261028190310173,,,0.30314729476789376,0.16913151146400934,0.2853173807630376,0.22107001254005507,-0.008217649200215026,0.009018397950092134,0.10763711928095805,0.02641131181367512,0.2019981017122637,0.4256958007965253,0.2184830796284736,0.12987886679970356,0.30040699568312107,0.05393190892743778,0.05339028096344229,0.0932668847896086,0.25419602751665266,0.02049556157928167,0.183046881856933,0.05513223638873929,,0.5920818814764275,0.08578192390194672,0.15757870447421218,0.09617741640795914,0.10907404539544562,-0.005809886836644121,0.4679227674604859,0.45600187463702746,-0.011224395161685132,,-0.016935404846698022,0.3009548703864235,-0.003550897920246735,0.20066670830334774,,0.5461947951770374,1.0,0.11837107803898664,-0.02907559948671687,0.23190604585354727,0.48358123072494513,0.23632887038095368,0.5094949583994726,0.002759833588176326,-0.016593395287799274,0.1885529420823001,0.10127373821879739,0.009018397950092146,,,,,,,,,-0.005809886836644122,0.068331537097037,,,-0.005809886836644118,-0.005809886836644122,-0.00580988683664412,0.008007811579887069,0.02752628556726935,0.038674967523564564,0.1250094536647986,,0.0404288150028203,0.012662670262246104,0.07663036424564174,-0.008217649200215024,0.0072928736136095434,,0.0327523447763659,0.012662670262246049,0.0032099508761919736,-0.012999076476283395,-0.0021256036202717847,-0.005809886836644122,0.20172228800590541,0.19196578667355718,,
TSN Comeback Player of the Year,0.11963467014114489,0.07157342135387428,0.02354112285392385,0.021169562995716575,0.13261721415981212,0.13031279052362957,0.08295553905041285,,0.07092855923653428,0.07830888251635912,0.0642629829199052,0.07380553793384688,-0.029162604796215862,0.1836429097232051,0.10723519541346752,0.037567729836556187,0.07517319207398221,0.11221486292842808,0.1726101313168356,0.16266706461537675,0.09157458067314081,-0.04653651481216119,0.1451619415787448,0.10479179473828504,,0.11500508687248287,0.10495123797180898,0.10906117044386865,0.09675755687124526,0.08996745051588675,0.05343087751671346,0.12707005922379225,0.11485821314569236,0.09035417117063661,0.08012533623174588,0.12545784302597116,0.12078438135841786,0.07847699744311852,0.07913770470844708,0.048413449029157694,0.08485143217808153,0.08972163844083797,0.048555164604987607,0.04022470169868777,0.007310472525090538,0.06565777736803852,0.007236184251939812,0.05525025006086108,-0.006738010238857769,0.045748928416751655,0.04341239559469493,0.04371327955278741,0.06365731785143104,0.0326389449303839,0.05917963972465881,0.012471381940370533,0.00041092249969142364,0.06611256340638594,0.03154154120304366,0.031777902407232564,0.06466597296062665,0.04425968889134689,-0.026617588225750152,0.036178695777390496,0.09740414976519131,0.09053708562540982,0.10311350470275454,0.07381251961130245,0.07577165072237264,0.046497564864344455,0.08919831681095666,0.015315286458538446,0.04128756013770886,0.05046401351827307,0.07818463993966177,0.0821087235168947,0.07791413183485714,0.07150479525164499,0.06165057777473979,0.06677592280363374,0.0565678323532527,0.03844720465729281,0.04822489948888687,0.03319970844891946,0.0885804110466859,0.06194002938191103,0.08309353325874488,0.035099746064887354,0.08153918725557054,0.05971458196157211,0.059596117562836566,0.07095391713645742,0.05802072385905934,0.1408936089614125,0.10867321335279125,0.07236182567859462,-0.018970803929719292,-0.024307405839077915,0.04909837437746986,-0.0288379828561443,-0.01919018243971832,-0.021044952836349034,-0.024876190621813073,-0.01771027082776121,0.10378460464737671,0.10660592467893804,0.09907888932515581,0.08896443584126934,0.023446299281656393,0.06745968782084914,0.05035402543010267,-0.0027637081629751144,-0.006692333336222698,,,0.03884644907958338,0.12888129498685277,0.05650177269920341,,,0.045984580796298136,0.07829776081618439,-0.03431125692953472,-0.008751393688214303,-0.003909057923788839,-0.002763708162975114,0.010550761020473153,0.2975194129980035,0.08100776183149574,0.03368483991866375,0.004980292431587601,0.1732495646652278,0.07094257512216837,0.5311804916729901,0.05494658481551256,0.05685269032016324,0.0323603516267167,0.03172574923127119,-0.006904032800332034,0.043680300717474155,,0.05164322242031387,0.01792208509813113,0.031930811668903665,0.09320024986982614,-0.012420457647488312,-0.0027637081629751114,0.14585821856660994,0.21858623296753155,0.011277915752501004,,0.024579934454512113,0.13081897044052904,0.043169860142648966,0.056907764860639726,,0.11563281291192412,0.11837107803898664,1.0,0.020667260420504905,-0.012298647066621685,0.05594292946521761,0.09710302512811192,0.022157150576632336,0.048206029255113796,0.06049602710623903,0.06374554501819994,0.020875161740382484,0.09561254197867076,,,,,,,,,-0.0027637081629751114,-0.002763708162975113,,,-0.0027637081629751136,-0.0027637081629751123,-0.0027637081629751136,0.08047639287143923,0.024137102477383782,-0.002763708162975114,-0.005245806675171975,,-0.0041672396857994655,-0.007318651254432153,-0.006774740024148093,-0.00390905792378884,-0.008301056956684344,,-0.004788314653804899,-0.007318651254432164,0.043680300717474085,-0.006183537610758949,0.07360923203542438,-0.0027637081629751127,-0.009905229458318308,0.05194051128848445,,
TSN Fireman of the Year,0.05230679723385697,0.005251085851905548,0.0090574426213598,0.011994285189143689,0.07229795089610845,0.07376923037703842,-0.038586735634557376,,-0.11160513667646954,-0.09862375557808128,-0.10477783627495772,-0.10034189348311481,-0.07808594197865622,-0.06698522482987143,-0.09570125021793359,-0.05896706999013245,-0.06656176347461394,-0.09126426734691213,-0.09593036591169381,-0.05096904171986843,-0.07315270437327077,-0.06634712691395861,-0.06752645753270632,-0.07825425981001563,,0.023476364186968874,-0.05372076658266643,-0.046394898939072664,-0.05098388339444887,-0.046635061334780105,-0.031871226259648236,-0.03517288714438174,-0.046239221242153204,-0.02764865769410017,-0.03317903381161175,-0.04257943469492906,-0.04717146722308068,-0.029001569818928492,-0.029670921119068282,-0.030635120991535716,-0.030529505590101837,-0.040289854219500376,0.06855085394782735,0.0864706390763268,0.2594138335700068,-0.022638255328591015,-0.023717630561304295,-0.02307038809834094,0.558196821277256,0.0668307922536702,0.05792973099227906,0.053167349259727985,0.06689214887786425,0.06980695339618288,0.10051137435905431,0.11619490614596147,0.11340358928653123,0.2635819113236361,0.06994538881144104,0.03502819313736598,0.068779788853878,0.06546542051727246,0.4954939885771241,0.046552382542043726,0.14275608206075383,0.11686423263641205,0.07891558285737335,0.07664463507132241,0.07104763710680692,0.2042683169901375,-0.024898916103707962,-0.0212837963540791,-0.01661304031855186,0.3548847757064683,0.0687090873658225,0.06090616255005238,0.04376917366440693,0.03416596652505076,0.04740418036773844,0.06982217014901379,0.12694063866200658,0.07758202230211572,0.08831196184775066,0.05007150894124515,0.037494942453004755,0.008485626651261699,0.06801807622992624,0.4034631237624682,0.04225595877817811,0.10656324175588953,0.06955491026072151,0.05599145164010425,-0.028202971335449085,-0.08108656325988862,-0.0739962013709975,-0.07367210058971681,-0.055754778629686856,-0.0655764252756642,-0.058094654932991374,-0.02479435528838211,-0.012389870694920351,-0.026741313490649985,-0.024948323538845962,-0.011434386630625579,0.033503389426019145,-0.05549320525895563,-0.03908385408357385,-0.037380036623576786,-0.0253101313215156,-0.03974450569224603,-0.02998500315691562,-0.0017843492048770803,-0.01211317452400127,,,0.06900066643586245,0.06904342018070488,0.0588046821497443,,,0.007881575147718246,0.04366077963789174,-0.022152579219740058,0.042212104598032416,-0.0025238281275771135,-0.0017843492048770803,0.02697109938822114,0.026677023068064572,0.07462759739568042,-0.02306469493240695,-0.005871465345297862,0.021973428453706336,0.036889381101099926,0.013807207395606116,0.018757333883611695,-0.007441503141392407,0.017939826012942323,-0.008002612499669036,-0.004457491425019413,-0.00357029980019139,,0.012397511909432946,0.015666593685548045,-0.006567510380084102,0.046763598019842104,-0.008019093341479088,-0.001784349204877079,-0.020805452198733893,0.057174986355365026,0.1122573285251652,,0.741435174776343,-0.011912851181706673,-0.009714539545335637,0.006838283127521122,,-0.021790635018946673,-0.02907559948671687,0.020667260420504905,1.0,-0.007940448057571492,-0.012222589591448632,0.02424653911833233,-0.01367983923216693,0.11246589477800994,0.06971803669567946,-0.014525512881826814,-0.00981592607817,-0.0017843492048770792,,,,,,,,,-0.0017843492048770808,-0.0017843492048770803,,,-0.0017843492048770803,-0.0017843492048770808,-0.0017843492048770808,0.12848519331463337,-0.004517734177307452,-0.0017843492048770805,-0.0033868811096558205,,-0.002690519541645049,-0.0047251839834495275,-0.0043740153672102555,-0.002523828127577115,-0.0053594603723839266,,-0.003091507837072226,-0.004725183983449522,-0.0035702998001913926,-0.00399231386544362,-0.004374015367210258,-0.00178434920487708,-0.0063951717279182195,0.05175686005143216,,
TSN Guide MVP,-0.05936598398020588,-0.03228832893947817,0.11264074522049469,0.1319944859097886,0.05181632178873754,0.03200691254749092,0.07981818431078752,,0.08599400985036755,0.12184091193652725,0.1057302476983568,0.11866760394700654,0.12655858092093142,0.13868481933293117,0.15095166163348112,-0.003127636441527987,0.022913341102249553,0.1147159769440347,0.03191069114493813,-0.029326814048697563,0.006499494247543645,0.04457798416958383,-0.04566664824320512,0.03740836099713307,,0.04078913256759781,0.054915915939672585,0.06934896708451468,0.07018069209726377,0.06144133669897662,0.07162619852512547,0.08451459602578522,0.09028955900183715,-0.0104347958827637,-0.01121264192802435,0.05941197541357208,0.024885830868993132,0.06930587031249195,0.022099421543101738,0.03145033308949462,0.008378834135916634,0.05752688237275861,-0.005962673604257388,-0.020547413934917647,-0.030740145609086708,-0.00946836333994256,0.012726180778743913,0.01674409194980933,-0.016435398337203398,-0.012414905330391754,-0.013701361099672515,-0.019367193279285756,-0.022092373010919538,-0.02085162792069112,-0.01897814647064151,-0.025134804450005974,-0.037263034288436234,-0.04072117197080489,-0.02678175641965082,-0.024388209000334556,-0.02293987976384534,-0.013273032860082872,-0.026215863312071236,-0.01896121951546528,-0.035626286192542544,-0.03697919768842111,-0.0343741639395297,0.008503907828256484,0.003843545458660771,-0.015297858392374563,0.005133589070718827,0.0345918890839808,0.029731929725197923,-0.0068432734944277535,0.005212885140618313,0.0012627257456865506,-0.005862778671979252,-0.005926083148303179,-0.005016205984361945,0.0005826343466387584,-0.01805585957460409,-0.019181193034740772,-0.011271600278725478,-0.00781545001778679,-0.009086938992000753,-0.009113868304712969,0.004815487003639159,-0.013929013781290082,-0.0011854662763604521,0.015957993764063483,-0.019753022978315625,0.005265450947515349,0.08625248445860029,-0.06150088933517347,-0.06945832084953922,0.13129233653062305,0.037489886178301,0.03409346508493937,0.12158959522254326,-0.008183862643209031,-0.009237532038334767,-0.019937555943849175,-0.01860075408917026,-0.008525150539498002,0.04747959627787268,0.060804384595830846,0.06130933278785157,0.0903165652747524,0.021627581876834556,0.02809391453021254,0.06106373677296915,-0.0013303595617335147,-0.00903123531364035,,,0.19584057142593067,0.05557867394864564,-0.0069564723516654025,,,-0.008890543380569112,-0.010061133508976436,0.3572801951512798,-0.004212637364386981,-0.0018816938256912008,-0.0013303595617335114,-0.005814568570620773,-0.005366801459637172,-0.008766104801336837,-0.017196374654650515,-0.004377596068165409,-0.008983603820337865,0.00845205678074333,-0.00760833384622047,-0.0043224157250660155,-0.005548171193599609,-0.0048866127122191095,-0.005966518228989989,-0.003323377689978698,-0.0026619130742219577,,0.3503170000119278,-0.007454400703982464,-0.004896547271715761,-0.013998032768178504,0.011882876669990366,-0.0013303595617335095,-0.015511948105854094,-0.030208892593565483,-0.005250096532884583,,-0.00714319740954456,-0.008881879978299258,-0.007242881907112963,-0.01286507422288972,,-0.016246472144838934,0.23190604585354727,-0.012298647066621685,-0.007940448057571492,1.0,0.09676034459350709,-0.01070201448495819,0.06334993493163382,-0.004704356141545464,-0.009854487956615131,-0.010829805566423841,-0.007318472796507603,-0.0013303595617335114,,,,,,,,,-0.00133035956173351,-0.001330359561733515,,,-0.0013303595617335125,-0.0013303595617335118,-0.0013303595617335125,-0.0026138908816203993,-0.003368292957299953,-0.001330359561733515,-0.0025251613621200446,,-0.002005974160481069,-0.0035229615795777775,-0.0032611403367864456,-0.0018816938256911997,-0.003995859853354184,,-0.0023049395264008597,-0.003522961579577796,-0.0026619130742219677,-0.002976554650747345,-0.0032611403367864564,-0.0013303595617335147,0.27567189268260395,-0.009996110422499913,,
TSN Major League Player of the Year,0.04948591323140309,0.0035546079656819606,0.08498570024611239,0.09052131896905104,0.14521918636381995,0.12366854641611268,0.1764845067168027,,0.16673463976462538,0.2038798234685533,0.1753569140677355,0.1824050857580876,0.07702425692954415,0.298481057775999,0.22609277762561383,0.08417158290370023,0.11448077974012041,0.2504837588959448,0.18056780396972263,0.31844850838242084,0.1154510461730443,-0.01517023074991747,0.19055966284975662,0.18870489694936526,,0.13014063298906858,0.14259693404426693,0.16055728997698057,0.14051044057959983,0.14593545081871118,0.06597093290124459,0.18002388153059903,0.14643368386303124,0.10406489019369702,0.09145846765603677,0.20508198768235344,0.14335347248428498,0.25084921221293116,0.11488544274066087,0.02848262603583229,0.10496189226733108,0.08659664353013295,0.01347779197344829,-0.008042826160386894,-0.029992623215708097,0.014293073673929322,0.022562141091803736,0.04999874649827653,-0.0280355446512906,0.004770697266484293,-0.002544037931431675,-0.00436206756242415,0.004131528626019046,0.007391326760459936,0.019699079102643874,-0.027645575741922782,-0.03983282784614603,-0.01971482590246709,-0.00798274054363624,-0.015538850986854107,-0.00924157500409294,0.0034442941013192426,-0.04185234654261254,-0.006840166426502193,-0.026304657588044508,-0.03151373798608142,-0.024851282973907828,0.03888908654222942,0.019638978094455698,-0.0015568316331364784,0.044188982822359876,0.046647016871074205,0.05296934875508766,-0.009362380621727284,0.03483951447473012,0.02755315116032614,0.020620548939578,0.018090768964497756,0.032806109634949294,0.04396470093759056,0.0012473928401981677,-0.00707965739635874,0.013238605641990052,0.03096316644995217,0.012478208091434486,-0.0009898107922361968,0.035478986180965524,-0.01622982774858356,0.02036222166581192,0.0449609397796307,-0.0009063102545996774,0.023104098374188524,0.17349271048927495,0.17798526659508168,0.1528907610937641,0.09767737034237563,0.06680871752972019,0.030239161439039583,0.1047014159981685,-0.021328433170632696,0.01556113328430184,-0.02190495565132547,-0.017721131279492614,0.013090353517193832,0.1384858310637312,0.1596294956898396,0.15765583187368482,0.0826633802023046,0.09640273355351521,0.08832570096320609,0.0835890944654577,-0.0020477986650417447,-0.010009816951146059,,,0.22808556414572315,0.16459202100788112,0.0236108762062203,,,0.16089628678190238,0.16444100619356525,0.12319534962819324,0.114054047263664,-0.0028964576307826755,-0.0020477986650417447,-0.00895026134227617,0.013067202126072014,0.12087934465928989,0.15469120233099048,0.3336381058471629,0.12897877894663465,0.12423894927781852,0.03364308521456759,0.008806536894297369,0.031148009510193853,0.42428539870494025,-0.009184154732087661,0.39110777482384773,-0.004097435157113436,,0.5433871632574924,0.03700212497278867,0.0006086214135927561,0.049976886971311266,0.11299323458957854,-0.002047798665041745,0.340932442408492,0.2659408713363518,-0.00808137963647375,,-0.010995395936670182,0.11628729086254729,0.00011445063677335928,0.09144067643726846,,0.27215013139776967,0.48358123072494513,0.05594292946521761,-0.012222589591448632,0.09676034459350709,1.0,0.14149853738078244,0.4790832098842056,-0.007241331218745681,-0.0021145858099554963,0.06675886742530547,0.05853728691444565,-0.0020477986650417465,,,,,,,,,-0.002047798665041745,-0.0020477986650417443,,,-0.0020477986650417447,-0.0020477986650417447,-0.002047798665041745,-0.004023515455454939,-0.005184753069644227,-0.0020477986650417447,0.17674760364133765,,-0.003087760125983319,-0.005422831711941252,0.11162116317461948,-0.002896457630782676,-0.006150755561699597,,-0.003547952163410041,-0.005422831711941251,-0.0040974351571134325,-0.004581757304981284,-0.005019814958508812,-0.0020477986650417443,0.26978607445322655,0.11355847755664052,,
TSN Pitcher of the Year,0.11000633645682488,0.035611353378690265,0.11339464532011842,0.10275579984660926,0.15287251232793433,0.1343087118472373,-0.10750865688350057,,-0.11847829444539319,-0.11778921988956917,-0.12176509851556601,-0.11958199303648047,-0.09788733416182732,-0.08318461069677066,-0.11278185381000978,-0.07760961053427005,-0.0857208221408403,-0.10870232407639889,-0.06704877929628486,-0.06860122325769279,-0.08898696567745151,0.03932769628435813,-0.07427203530555496,-0.08583126262223892,,0.020378834221334467,-0.03263932503438191,-0.04598129207633246,-0.05057932758009368,-0.04679188800524831,-0.0387847707092113,-0.04105042338720152,-0.04231536597290797,-0.03492777256045465,-0.044718194473950666,-0.04126443591654288,0.010424375767662438,-0.03908787237676664,-0.03218150622348325,0.113372434587222,-0.030935174884295043,-0.02895743636162135,0.3556064526758395,0.27588873503116507,0.2006061957167069,0.35055345744797617,0.199448586468237,0.3539598248663125,0.017221542080076657,0.3260364914257189,0.2955836235320512,0.29789272872407496,0.3579252232024791,0.3165145373145985,0.41617538438445506,0.16541115797908337,0.17087935866740855,0.24995439439682954,0.2558678087759134,0.22372224917524816,0.2983636178335849,0.3196374443419989,0.011968434042350538,0.27245438000963873,0.2922346510948121,0.2599207525264396,0.26863058592080313,0.4199581156506238,0.4003710080623505,0.2407733914404644,0.46790864947683575,0.25067585335563397,0.3014971008421203,0.025426113749297333,0.44741914244048825,0.4323824765433154,0.4157106485695073,0.3646296230616388,0.4120177769488273,0.47062928067549187,0.3021120427702115,0.19841647679097724,0.29555598039325076,0.3324097953308082,0.3090847092155503,0.1497790446107047,0.45653316935083144,0.027002512418069995,0.4018472813783811,0.325221815200134,0.2909315737069159,0.38168546859181857,-0.10070427758487407,-0.03179911697429272,-0.06379252357241506,-0.09462272140676167,-0.048895534652146654,-0.07316528471995812,-0.07022189193467081,-0.033417452959527395,-0.016698878285257658,-0.03604153345614506,-0.03362496901337467,-0.015411091472462009,0.030624952821796086,0.032206848049603325,0.007238638192439377,-0.042994238342283136,0.01311453359666987,-0.0029859554413692877,-0.03142685816140017,-0.0024049185761764826,-0.016325951416693248,,,0.16738004393014264,0.1527705328079699,0.02197074281137976,,,0.050875955143286675,0.1911057812059432,0.009702853852609978,0.053053061243423225,-0.003401576961783682,-0.002404918576176484,0.04825278498713161,0.004611291549682087,0.7828470328928387,0.09048768210950509,-0.00791347121947244,0.05084475547743323,0.09258839073261066,0.047119304441146787,0.012936048496926505,0.5315286937895127,-0.001934161072241533,-0.010785798769541832,-0.0060077387889525095,-0.004811995481899479,,0.06437668189544975,0.0515879287170409,-0.00885159007504039,0.4842157021396078,0.292605464083608,-0.0024049185761764805,-0.01614044709712272,0.15360282113385101,-0.009490708408335546,,0.01779539800387907,0.04208607350663425,-0.0055345262722180455,0.024250327418318576,,-0.004783406090526683,0.23632887038095368,0.09710302512811192,0.02424653911833233,-0.01070201448495819,0.14149853738078244,1.0,-0.018437478156531843,0.016588365738309522,0.03474861287487391,-0.01957726417145046,0.03361337773608768,-0.002404918576176484,,,,,,,,,-0.0024049185761764805,-0.002404918576176483,,,-0.0024049185761764852,0.06145903028006558,-0.0024049185761764857,0.00921702707867414,-0.006088933049392931,-0.0024049185761764818,-0.004564786575211653,,-0.0036262411010034115,-0.006368530726266745,0.02019662484062509,0.08692918902336083,-0.007223398745379395,,0.06959910498372418,0.04195143256191583,-0.004811995481899487,-0.005380779586579685,0.2289314718421138,-0.0024049185761764818,-0.00861931467465683,0.1864618360293442,,
TSN Player of the Year,0.035294071225493724,-0.03918374950552143,0.07826927586399542,0.07341770554736118,0.16025449004787498,0.14736025748708143,0.2700938501922475,,0.2606697801485328,0.27914339142525596,0.2682970030020984,0.2577126078345345,0.1563650874158067,0.37558494177597906,0.31237119351204984,0.10416911982403856,0.1763180310509772,0.29865185169744674,0.2462034436247563,0.4077629913023499,0.1391563247375011,-0.026935698436226535,0.2939352107372773,0.3014690985940151,,0.12283202275546536,0.1527555809561257,0.16106244248260118,0.16184249685345206,0.1544052912513793,0.10585800032045546,0.17570441617764074,0.15749087827129737,0.07575436397430181,0.10950457447085973,0.16670104625339593,0.12508402502877228,0.1963396184891195,0.0437986069323607,-0.007016654783220767,0.10173655485508191,0.09300083993368877,-0.08020729311719407,-0.08616218002928619,-0.09354496818727698,-0.0740477015528292,-0.05076698448294294,-0.057099323858044525,-0.03934224983931598,-0.083912449725515,-0.08410617371929445,-0.0868249305637683,-0.0810824230732822,-0.0868792610822585,-0.08205029493218602,-0.08151103875750705,-0.09907841101885911,-0.07015461619635682,-0.07573447909484678,-0.07547383797009934,-0.0598458222807801,-0.08449967190334602,-0.059051251655433325,-0.08461200279797805,-0.0613771243158547,-0.06363617621620028,-0.05921996252900779,-0.04006015297630525,-0.044720518040784134,-0.05182557850789329,-0.03785216248762472,-0.02733847361161128,-0.021339010992290425,-0.01572263051521504,-0.0468542564381469,-0.04717881061292114,-0.04689947447390344,-0.04166521733570728,-0.04771389232376413,-0.043917019509932126,-0.05565566708217234,-0.04707721967671131,-0.038676374630068976,-0.03229377196832421,-0.03342759071332267,-0.015701412853237246,-0.04677541030843852,-0.02942687433471224,-0.04695172048527968,-0.04099433869573555,-0.0340305958471695,-0.03781750121732948,0.26305096219102486,0.26854176758018267,0.24205500638178887,0.15949619483448757,0.0663415070721718,0.05262812045597222,0.12054381078869018,-0.017551336668221958,0.01937817558433107,-0.019227410844286235,-0.013624438805840815,0.013163323243305337,0.12539792760993806,0.15001155657556872,0.14984102010053496,0.08784722922780759,0.06276927272113374,0.09709271593244906,0.04975449732127717,-0.0022919493703050064,-0.0011398336384194892,,,0.2765449983977355,0.18342843262988068,0.01980339692928232,,,0.21569333934779564,0.0826622226558342,0.049988096988541356,0.13230430938837243,-0.003241790492549304,-0.0022919493703050064,-0.010017364596278288,-0.00924594942583748,-0.015102284342791929,0.27546802191206204,0.06812443090611627,0.1564816855385233,0.300459453936484,0.0008956071768227138,-0.007446677036960274,-0.009558414010228382,0.08681085865190818,-0.010279144143578627,0.09214227566695993,0.08360144500310379,,0.5710104551956638,-0.012842474689497648,0.03683471946086002,-0.024115873115333156,-0.01030031334908251,-0.002291949370305007,0.2806775985107964,0.2010551338250902,-0.009044889658932386,,-0.0123063322696285,0.1585736986246492,-0.012478069165429359,0.16518162316259077,,0.20012401217566642,0.5094949583994726,0.022157150576632336,-0.01367983923216693,0.06334993493163382,0.4790832098842056,-0.018437478156531843,1.0,-0.008104685685316547,-0.01697735568376108,0.12485605032058246,0.10053788784543481,-0.00229194937030501,,,,,,,,,-0.0022919493703050073,-0.0022919493703050073,,,-0.0022919493703050095,-0.0022919493703050077,-0.00229194937030501,-0.00450322283726775,-0.005802910088778549,-0.002291949370305007,-0.00435035922640957,,-0.0034559012061159333,-0.006069373879194483,-0.005618307077550212,-0.003241790492549305,-0.0068840851286764366,,-0.003970960068300533,-0.006069373879194502,-0.004585955684281235,-0.0051280215918238815,-0.005618307077550212,-0.0022919493703050064,0.16949341170700616,0.0913571666660617,,
TSN Reliever of the Year,0.11565654638847679,0.10467677138119226,0.034694576794629554,0.03892403770836823,0.03987070561445585,0.02503873444027799,-0.02473437323755907,,-0.06725304097896255,-0.058685082880353456,-0.0625511568404427,-0.05943346782377987,-0.046388947102589936,-0.03976221039635529,-0.05703071578431278,-0.034927155498808815,-0.039287181063098135,-0.054201303913377234,-0.05968117960919291,-0.03019685069470544,-0.0437279069350105,-0.040083951106889816,-0.04024019778311245,-0.046756919270050365,,0.09557782909107901,-0.02815426597269331,-0.026003712569489183,-0.02723948725425218,-0.02625628066042307,-0.01888225927631308,-0.020838343939014965,-0.02634239683574391,-0.010988073998832757,-0.01965707606806474,-0.023893383862258446,-0.022866769648574602,-0.017182117697003466,-0.017578678051889448,-0.0039120954917286725,-0.01808735049707859,-0.01580236619589991,0.017834520574106835,0.018558239290787957,0.14912459961062063,-0.016490006510330602,-0.02036582163692004,-0.019607928822236782,0.43743138828916056,0.021471930331231303,0.011736072485420744,0.011718757465311293,0.03120960347045638,0.019779141062068985,0.06345113520825636,0.05010630007973358,0.04934585738723792,0.06096863675115709,0.03267742680376436,0.02509952572974463,0.009062092960827042,0.0196752929710647,0.300296685232346,0.0074589685692241685,0.03496783804293995,0.038436242122560665,0.03860642416742268,0.14414776687691763,0.08624215140598707,0.32608429348952006,0.01819065808379272,-0.004223279905512043,0.005032376349438214,0.5926017093800926,0.14817397214839625,0.11612874839932909,0.07433363303902854,0.08579787914655379,0.1221656737496463,0.19217269492565334,0.20861380499864232,0.14329742970983042,0.13217537919831707,0.1497957376090739,0.07687928676481894,-0.007242170553994223,0.1451802818519978,0.5518893274823501,0.07322278663146434,0.09340841228355877,0.1426801517397886,0.08508570192932846,-0.018641225183856223,-0.04863158052147586,-0.04718906678570367,-0.0438385692365757,-0.036788122087242636,-0.04189711086723637,-0.03562102019938303,-0.0146895334785723,-0.0073404377025078115,-0.015843018106865708,-0.014780752699379568,-0.006774356633351044,0.10525377368980915,-0.02584823552207167,-0.005009643694577378,-0.018691327973885216,-0.00297408004780005,-0.011149869518882938,-0.01555467722828008,-0.0010571461559554034,-0.007176507742691011,,,0.04354112301465443,0.023451025332458065,0.10077179471588302,,,0.07018534872044131,0.09108261242938458,-0.01312440070734867,0.058878736320242785,-0.0014952539536923577,-0.001057146155955405,0.0857889031597879,0.17190151154784894,0.01946008694809643,-0.013664787990732848,-0.0034785775131020843,0.02235016949676419,0.04444959379339924,0.11882658195624478,0.1561847809063115,0.050227136541588044,-0.0038830583798216706,-0.00474118576033359,-0.0026408619525167807,-0.0021152410632764448,,-0.010880881710691556,0.027443577095736735,-0.003890952697782855,0.04000103865853366,-0.004750949913291331,-0.0010571461559554054,-0.012326288909530298,0.018706796140935615,0.549762949635242,,0.4982735664949165,0.02275970408023845,0.017502609072377454,-0.010222998467487318,,-0.00870712963642216,0.002759833588176326,0.048206029255113796,0.11246589477800994,-0.004704356141545464,-0.007241331218745681,0.016588365738309522,-0.008104685685316547,1.0,0.019125575504956704,-0.00860570905310087,-0.0058154919969237205,-0.0010571461559554045,,,,,,,,,-0.001057146155955405,-0.0010571461559554034,,,-0.0010571461559554043,-0.001057146155955406,-0.0010571461559554048,0.6414334142562336,-0.002676553057055847,-0.0010571461559554034,-0.0020065737894602678,,-0.0015940110731682145,-0.0027994576793782893,-0.0025914061658433734,-0.00149525395369236,-0.003175237736635345,,-0.001831578492110257,-0.0027994576793782854,-0.002115241063276443,0.17350535007020576,-0.0025914061658433712,-0.0010571461559554032,-0.003788849845290897,0.06467437242207669,,
TSN Rookie Pitcher of the Year,0.06675973099848988,0.06285570590046141,-0.027012557623043908,-0.010036156612004571,0.05046570874255817,0.04580718102185124,-0.10930813232165265,,-0.12599801125472038,-0.11672537510988143,-0.12269329113649118,-0.11795239058850018,-0.09478003048740449,-0.07926218960410784,-0.11229130133685838,-0.0725205150826159,-0.08068286360238063,-0.1088153559320698,-0.09273224294563374,-0.06210976084751442,-0.08654615312541815,-0.017745961331108256,-0.07705054020400104,-0.08837849352866702,,-0.017003164578398084,-0.05659282259152856,-0.05205502983166276,-0.05706013554560852,-0.053083317419406216,-0.039553764858241115,-0.03992742958849101,-0.05150726876707536,-0.03431334885482725,-0.03784160592016781,-0.04764000161676421,-0.042444481504055366,-0.035992379577503626,-0.03682307757818921,0.041062796058044346,-0.029112206980168014,-0.03685759259155873,0.17424769061734752,0.17659614662456838,0.15809767701512273,0.1869169687563064,0.036716664642050985,0.10754288825318845,0.0804234467859922,0.17549868284729211,0.16982715092411813,0.1892618635723695,0.23398699514350943,0.1881170010221148,0.22675469763903167,0.13324268341260861,0.15450377527003703,0.22638863861291456,0.17433739812452123,0.17021807880968784,0.2130913547911203,0.1759939757480412,0.07696336308398148,0.1699838558882211,0.27279651085387346,0.2902671198265436,0.25317620157364074,0.119877513738384,0.13316990702798773,0.1337641893451737,0.14412867008785743,0.02628823466459273,0.020928015577753048,0.041105871515695974,0.1489613554302299,0.1563021036731299,0.176435195784589,0.1861580341898301,0.18223754727388627,0.1430672725820296,0.16813249339844477,0.15795011630454664,0.13353594346211034,0.15926002331840966,0.20174687629544585,0.09763120795241056,0.16023189184889175,0.06379988708870751,0.1657868937329598,0.11724253549151169,0.14576015746138077,0.13050663456777042,-0.10179049831810676,-0.04916485209086923,-0.072155273450947,-0.08875889839596902,-0.062303969520304064,-0.07578597337258525,-0.06975343270525379,-0.030771018689356815,-0.015376441059983904,-0.03318728991450337,-0.030962100887602477,-0.014190638176310059,-0.007530809543098997,-0.030736297091849205,-0.03694127027032579,-0.04594486756931019,-0.0259706974544171,-0.04828795204540398,-0.036363513803522485,-0.0022144654334827125,-0.015033047454963885,,,-0.0037835625835499127,0.04448048908656007,0.0626445253459254,,,0.021161183416080514,-0.016747376437277684,-0.027492444197872765,-0.007012194368774184,-0.003132195275058798,-0.0022144654334827086,-0.009678707531876964,0.021818749143997136,0.04076417403247452,-0.012184787769528357,-0.0072867782917802925,0.026227544534983844,0.019796663015809925,0.030931706500223283,-0.007194927211879695,0.009839555963907183,0.006689783470162503,0.02083804598422486,-0.005531966867119529,0.06420728791626751,,-0.014813660270072275,0.01089034538039655,-0.008150604534686402,0.1670871206742422,0.007666795748940912,-0.002214465433482711,-0.01120944739090735,0.05017385101044034,0.037675270155251385,,0.07608077983286562,0.02685590364897263,0.052903716312352064,0.1389820680319441,,-0.009435406434962934,-0.016593395287799274,0.06049602710623903,0.06971803669567946,-0.009854487956615131,-0.0021145858099554963,0.03474861287487391,-0.01697735568376108,0.019125575504956704,1.0,-0.018026878422953786,-0.012182048748258546,-0.00221446543348271,,,,,,,,,-0.0022144654334827108,-0.0022144654334827108,,,-0.002214465433482711,-0.002214465433482709,-0.0022144654334827125,-0.0043509823740444644,-0.005606731096114081,-0.0022144654334827116,-0.004203286623576047,,-0.003339067547315184,0.04604472398020588,-0.005428368959245596,-0.0031321952750587986,-0.006651354849334062,,-0.003836713813543551,-0.0058641865446488585,-0.004430918271537952,-0.004954658555889394,-0.005428368959245598,-0.0022144654334827108,-0.00793672376121938,-0.016639141504765944,,
TSN Rookie Player of the Year,0.12017423334971093,0.044794606467463034,0.021504179948216857,0.017391840866158234,0.09861106914974828,0.09153354110239151,0.18824759539470556,,0.18669187228132086,0.18494373299601655,0.18789932922011968,0.191926397303237,0.07114124624468746,0.2006091659814715,0.18135560164793965,0.13481745082597454,0.19696399146428206,0.18594380256326884,0.21139174920730916,0.22346000536116686,0.13485836317988784,-0.03563647287472132,0.2563698390141252,0.20708308389415758,,0.18677936301343612,0.2129952391012425,0.2156504475054562,0.21502639513819488,0.18583075867625726,0.12425101345426473,0.19228481167249617,0.19083616124044464,0.1513650320077847,0.16180937410953278,0.21432371848582868,0.18866861604780982,0.161847164137587,0.13108549402033906,0.058313059106413885,0.1346430312837651,0.17134399374452455,-0.0851656258248084,-0.09148863774647081,-0.09932315223132229,-0.07862525461894013,-0.05390534746523347,-0.06062914557456034,-0.041774347427803164,-0.08909788670986425,-0.08929909741693694,-0.0921750197704538,-0.08606845967418195,-0.09223212102774025,-0.08711715201500708,-0.08554166973288413,-0.10279721897444914,-0.07449150271325067,-0.0804163070209112,-0.08013955332879563,-0.06354542971666882,-0.08972021357281618,-0.06264176620571782,-0.08982819153764363,-0.06517139527510456,-0.06754431356940246,-0.06288087995608313,-0.042536630601403856,-0.04748509466075669,-0.05502938268853362,-0.04019214440226294,-0.02902851004865515,-0.022658166795200024,-0.016694587429649497,-0.04975073858034776,-0.050095356361779544,-0.04979875194875965,-0.044240918395505514,-0.050663516275925635,-0.04663192467371645,-0.0590962434154793,-0.04998748517794849,-0.04106730849514798,-0.03429013987428021,-0.03549405013277264,-0.016672058113540562,-0.04966701826365948,-0.031246013565398786,-0.0498542277550461,-0.04352856672516277,-0.03613433242636146,-0.040155340407740034,0.1743089492134332,0.24391280023205378,0.21898015643455043,0.15593698776702122,0.05976026953250323,0.02160214779088752,0.11706164378323893,0.014646181253330325,-0.0028282509453156214,0.08229476032185326,0.06338806353262337,0.0067327573893126,0.17908653353245554,0.20226583851623714,0.2033176274587834,0.15745063193501546,0.12944522218031734,0.1325851162959301,0.1407843415569641,-0.002433635332831817,0.014218076923344439,,,0.10768138880189931,0.10266410512895757,0.03245176315364653,,,0.18072385980191255,0.028966475514388513,-0.03021342423061688,0.11130130756084249,-0.003442194660371731,0.12284242349263387,0.018181312808113925,0.018258917452025965,-0.016035892092241148,0.11029666475355283,0.045760563738913324,0.07756174983009818,0.08187400788085888,0.045786566444283215,0.05314735910371671,-0.0101493053740672,0.04519712191593916,0.2981026487742658,0.028693049486165436,0.057796682355619515,,0.08422490587619802,0.05017807624761025,0.012488923686063549,-0.02560669169046843,-0.010937068170153533,-0.002433635332831821,0.16171689774224932,0.2313565953793675,-0.009604035473354988,,-0.013067097125688541,0.09780421862311105,0.07571241247545413,0.5089785023792492,,0.18998315986787817,0.1885529420823001,0.06374554501819994,-0.014525512881826814,-0.010829805566423841,0.06675886742530547,-0.01957726417145046,0.12485605032058246,-0.00860570905310087,-0.018026878422953786,1.0,-0.013387729522341706,-0.0024336353328318176,,,,,,,,,-0.002433635332831821,-0.002433635332831818,,,-0.0024336353328318185,-0.0024336353328318207,-0.0024336353328318185,-0.004781607460609617,0.033486143792773836,0.12284242349263366,0.03501187948377394,,0.10966848118464159,0.08834026973882995,0.04521637870911363,-0.0034421946603717356,0.0763077711266937,,-0.004216440752438765,-0.006444576355806912,0.05779668235561942,-0.005445030634217853,-0.005965625066493369,-0.002433635332831818,-0.008722236563364311,0.0434389297824368,,
TSN Rookie of the Year,-0.039448870686832324,0.0019042663953590126,0.03430159860938664,0.02946455321886434,0.03479383292405213,0.031052415111393932,0.08743605265378473,,0.08748909855065472,0.09089015884411875,0.08674726629284442,0.07839453933252145,0.043111587738169754,0.12164687033637128,0.09109591605873837,0.026859500432226874,0.06217778020230135,0.10345085008021224,0.08460138242118616,0.10540867401350396,0.07479430038209746,-0.013996460802182488,0.0957184470904015,0.1110376695932051,,0.011869631316396708,0.02510424293651532,0.02276741232666389,0.01555047530235655,0.02621669089409509,-0.0114062113161818,0.02399918576842282,0.019750992639232356,0.009750909509819035,0.009545794396670044,0.03426777657425689,0.01570058248821672,0.002434743142662907,0.02199272392070934,-0.014621631012461231,-0.010539964789533347,0.0205984646934756,-0.028636219401818555,-0.04004672825676753,-0.037947873028614895,-0.028792593974412767,-0.018573660804874027,-0.013204280178754146,0.0005367336039976783,-0.033781412797700756,-0.03617708127682608,-0.037948661281657935,-0.028653450502254582,-0.03487056465772259,-0.029629204746695878,-0.037469924820021615,-0.0484835494262342,-0.027421829994539557,-0.03317542249006372,-0.03741233572188762,-0.022407819424961544,-0.03456311888106668,-0.017544508236858016,-0.037824511788971414,-0.041793970723963035,-0.04287665478357153,-0.04069733352465486,0.0026609692437276683,0.022321416284940717,-0.01060375157186814,0.009812328259637081,0.015609087648252003,0.0402254787840957,0.0007593122463079973,0.004588794948054741,0.005090201084159048,0.004209089887108994,0.0027774113999145702,-0.0017539158412296736,0.005930476928915953,-0.01307163099106063,-0.01213423187868201,-0.01669752088833118,0.010454811434172383,-0.005848756371601944,-0.011266499940130584,0.005251620545426713,-0.005876639434320864,0.002704776740116601,-0.01091464680477402,0.0153818161464048,0.018720981937997882,0.0900740470649297,0.11123252667401856,0.09511192806910569,0.056320679404672454,0.021949233459769377,0.008242060724419334,0.04981912097919856,-0.016705080375002793,0.00556459985670473,-0.012438427268817217,-0.013630798924095232,0.013237143761127243,0.01905502063160627,0.02973810247276758,0.027199984094306295,0.009890295096419593,0.021865099856316416,0.011221298690511763,0.023808453955267567,-0.0016445811395883311,-0.011164349617364674,,,0.0869758541085853,0.028550309762554685,-0.008599542226546028,,,0.08515066959874348,0.03380236798069979,-0.010815609162697415,-0.0052076327007176855,-0.0023261366815593583,-0.0016445811395883298,-0.007187928798456293,-0.006634402243054937,0.013829562066376444,0.05443750648545138,-0.005411553490892225,0.016419639947153824,-0.012521572070281956,0.01973385718158859,-0.0053433399385958745,-0.006858610233395586,-0.006040796288573489,0.2805496249519437,-0.00410833614150581,-0.003290638232708044,,0.0790699676316741,-0.009215077755918158,0.009647385249907455,-0.01730426972080291,-0.007390957795676221,-0.0016445811395883294,-0.0045268806168853514,-0.010066267342082156,0.014191756253233143,,-0.008830370430671822,0.016852202924852084,0.16472028212599069,0.39343342527834985,,-0.004391933446094411,0.10127373821879739,0.020875161740382484,-0.00981592607817,-0.007318472796507603,0.05853728691444565,0.03361337773608768,0.10053788784543481,-0.0058154919969237205,-0.012182048748258546,-0.013387729522341706,1.0,-0.0016445811395883294,,,,,,,,,-0.0016445811395883294,-0.0016445811395883298,,,-0.0016445811395883305,-0.0016445811395883292,-0.001644581139588331,-0.003231273535745006,-0.004163860079274815,-0.00164458113958833,-0.003121586727387054,,-0.0024797711579040865,-0.004355060343023629,-0.004031398762933868,-0.0023261366815593583,-0.004939653865231402,,-0.0028493500419323544,-0.00435506034302363,-0.0032906382327080527,-0.0036795959381044035,-0.004031398762933861,-0.00164458113958833,0.03519351245565089,0.03283077839695193,,
This Year in Baseball Best Bounceback Player,0.02689506957404575,0.013476675699874086,-0.005184773168620472,-0.011068148155470038,-0.007526654777356096,-0.009936698379035967,0.017328207532938622,,0.018774452004262518,0.018778578539306385,0.019100182200579754,0.022947937333401138,-0.0083522249590193,0.04380742209786914,0.02866665831961634,-0.0070888672217695285,-0.005315245710555777,0.030624924330944464,0.03384549366933196,0.07200884631615369,0.06004346143652072,-0.014444402577321986,0.032661505964773734,0.030052309718445344,,0.04394108632578125,0.05007933458983983,0.024942362641675233,0.033599568310616626,0.027128425408244103,-0.00533977305704623,0.03935207663114605,0.02439041889213352,-0.004632314935599852,0.01875488176637148,0.036692903758002,0.05660841033598554,0.08350059596544127,0.11733327132514029,-0.006647819142714387,0.026875147778492838,0.10275922828880962,-0.010461951874586286,-0.011238685982816094,-0.012206642334784792,-0.009658516825115997,-0.006621863521841759,-0.007447831176666647,-0.005131662077854612,-0.010946197745104896,-0.010972070548111282,-0.011327570256925303,-0.010576100689847098,-0.0113340087487027,-0.010703005700464868,-0.010728168006589756,-0.013143630782180216,-0.00915071672290381,-0.009878534042776424,-0.009844536948526418,-0.007806074588276409,-0.011023154596679307,-0.007708419550979452,-0.011038516152380806,-0.008005812137990207,-0.008309833590487254,-0.007724439685154608,-0.0052253027902873575,-0.005833184107904466,-0.006759942732763041,-0.004937300423739874,-0.003565932524757047,-0.0027833841210226874,-0.002050803579067801,-0.0061115012977583415,-0.006153834981208107,-0.006117399376294148,-0.005434661633243738,-0.006223629121993198,-0.005728378639045269,-0.007259525760468068,-0.006140583823561289,-0.005044807701863603,-0.004212283884057984,-0.004360175137878831,-0.0020480360232773467,-0.006101216891160827,-0.003838336030857286,-0.006124214158783586,-0.005347154627679819,-0.004438828966542716,-0.004932779331858472,0.012034892595061198,0.023103025709544926,0.020283367952792133,0.04550954413068012,-0.00266689568618245,-1.2670249235074496e-05,0.04132413470558595,-0.00415409903770662,-0.0020758252970261653,-0.00448029655728019,-0.0041798952059735476,-0.0019157414639978112,0.04087927780023999,0.04646836846355661,0.04629482051140598,0.08996738339973892,0.0072007185579516545,0.018484084035125834,0.07368207559068628,-0.0002989536621823632,-0.0020294670318491566,,,-0.005174023270376085,-0.007787049410035511,-0.0015632336890117435,,,0.1290768596399622,-0.0022609020859705653,-0.003711490254500045,-0.0009466488637768781,-0.0004228475342134674,-0.0002989536621823624,-0.0013066291386160953,0.22297757309225882,-0.001969887847477262,-0.0038643080616257686,0.14212583637175924,-0.002018763452330065,-0.0022761843344671975,0.1571990424504539,-0.000971317865975514,-0.0012467652689172248,0.10696807345555578,-0.001340774724624163,-0.0007468175971461983,-0.0005981756247257109,,-0.003077038512469934,-0.0016751263748023748,-0.0011003346621728581,-0.0031455880648858276,-0.0013435359599258054,-0.00029895366218236235,0.04977198391362252,0.06186880249855296,-0.0011797829928561535,,-0.001605193878933211,-0.0019959044328713873,0.11676222303802165,-0.0028909936560077114,,0.06052993139242149,0.009018397950092146,0.09561254197867076,-0.0017843492048770792,-0.0013303595617335114,-0.0020477986650417465,-0.002404918576176484,-0.00229194937030501,-0.0010571461559554045,-0.00221446543348271,-0.0024336353328318176,-0.0016445811395883294,1.0,,,,,,,,,-0.00029895366218236235,-0.00029895366218236316,,,-0.0002989536621823625,-0.00029895366218236257,-0.0002989536621823626,-0.0005873842486517444,-0.0007569107960375513,-0.0002989536621823632,-0.0005674452670701433,,-0.0004507753683805446,-0.000791667377930649,-0.0007328318408164488,-0.0004228475342134675,-0.0008979353936248087,,-0.0005179578005426812,-0.0007916673779306436,-0.0005981756247257121,-0.0006688807590989517,-0.0007328318408164469,-0.00029895366218236316,-0.001071460677719733,-0.002246290329579517,,
This Year in Baseball Best Breakout Player,,,,,,,,,,,,,,,,,,,,,,,,,,,,,,,,,,,,,,,,,,,,,,,,,,,,,,,,,,,,,,,,,,,,,,,,,,,,,,,,,,,,,,,,,,,,,,,,,,,,,,,,,,,,,,,,,,,,,,,,,,,,,,,,,,,,,,,,,,,,,,,,,,,,,,,,,,,,,,,,,,,,,,,,,,,,,,,,,,,,,,,,,,,,,,,,,,,,,,,,,,,,,
This Year in Baseball Best Defensive Player,,,,,,,,,,,,,,,,,,,,,,,,,,,,,,,,,,,,,,,,,,,,,,,,,,,,,,,,,,,,,,,,,,,,,,,,,,,,,,,,,,,,,,,,,,,,,,,,,,,,,,,,,,,,,,,,,,,,,,,,,,,,,,,,,,,,,,,,,,,,,,,,,,,,,,,,,,,,,,,,,,,,,,,,,,,,,,,,,,,,,,,,,,,,,,,,,,,,,,,,,,,,,
This Year in Baseball Best Major Leaguer,,,,,,,,,,,,,,,,,,,,,,,,,,,,,,,,,,,,,,,,,,,,,,,,,,,,,,,,,,,,,,,,,,,,,,,,,,,,,,,,,,,,,,,,,,,,,,,,,,,,,,,,,,,,,,,,,,,,,,,,,,,,,,,,,,,,,,,,,,,,,,,,,,,,,,,,,,,,,,,,,,,,,,,,,,,,,,,,,,,,,,,,,,,,,,,,,,,,,,,,,,,,,
This Year in Baseball Best Major Leaguer - Postseason,,,,,,,,,,,,,,,,,,,,,,,,,,,,,,,,,,,,,,,,,,,,,,,,,,,,,,,,,,,,,,,,,,,,,,,,,,,,,,,,,,,,,,,,,,,,,,,,,,,,,,,,,,,,,,,,,,,,,,,,,,,,,,,,,,,,,,,,,,,,,,,,,,,,,,,,,,,,,,,,,,,,,,,,,,,,,,,,,,,,,,,,,,,,,,,,,,,,,,,,,,,,,
This Year in Baseball Best Moment,,,,,,,,,,,,,,,,,,,,,,,,,,,,,,,,,,,,,,,,,,,,,,,,,,,,,,,,,,,,,,,,,,,,,,,,,,,,,,,,,,,,,,,,,,,,,,,,,,,,,,,,,,,,,,,,,,,,,,,,,,,,,,,,,,,,,,,,,,,,,,,,,,,,,,,,,,,,,,,,,,,,,,,,,,,,,,,,,,,,,,,,,,,,,,,,,,,,,,,,,,,,,
This Year in Baseball Best Performance,,,,,,,,,,,,,,,,,,,,,,,,,,,,,,,,,,,,,,,,,,,,,,,,,,,,,,,,,,,,,,,,,,,,,,,,,,,,,,,,,,,,,,,,,,,,,,,,,,,,,,,,,,,,,,,,,,,,,,,,,,,,,,,,,,,,,,,,,,,,,,,,,,,,,,,,,,,,,,,,,,,,,,,,,,,,,,,,,,,,,,,,,,,,,,,,,,,,,,,,,,,,,
This Year in Baseball Best Pitcher,,,,,,,,,,,,,,,,,,,,,,,,,,,,,,,,,,,,,,,,,,,,,,,,,,,,,,,,,,,,,,,,,,,,,,,,,,,,,,,,,,,,,,,,,,,,,,,,,,,,,,,,,,,,,,,,,,,,,,,,,,,,,,,,,,,,,,,,,,,,,,,,,,,,,,,,,,,,,,,,,,,,,,,,,,,,,,,,,,,,,,,,,,,,,,,,,,,,,,,,,,,,,
This Year in Baseball Best Play - Defense,,,,,,,,,,,,,,,,,,,,,,,,,,,,,,,,,,,,,,,,,,,,,,,,,,,,,,,,,,,,,,,,,,,,,,,,,,,,,,,,,,,,,,,,,,,,,,,,,,,,,,,,,,,,,,,,,,,,,,,,,,,,,,,,,,,,,,,,,,,,,,,,,,,,,,,,,,,,,,,,,,,,,,,,,,,,,,,,,,,,,,,,,,,,,,,,,,,,,,,,,,,,,
This Year in Baseball Best Play - Offense,0.002753720348947728,0.013476675699874098,-0.015566730692381087,-0.01106814815547004,0.027238233742832463,0.03602786133648168,0.02264174222644581,,0.020285520995650706,0.02538288497760892,0.015746499941169383,0.021826509377699678,-0.004959301064433227,0.04812785386917026,0.026347057652583286,0.0010414799388203135,0.005917942905238004,0.04072008367863143,0.04458047695544848,0.019947135042633776,0.03431521786788318,-0.006690788889754144,0.030491594937886776,0.03335994117641943,,0.013243069010796605,0.017499053529391722,0.022425788586280825,0.015898407755724715,0.02014007284715508,-0.005339773057046227,0.04840108002663875,0.03510289769147439,-0.004632314935599851,-0.005558885916805174,0.033763704541170454,0.02587442544783503,-0.004858984711461456,-0.004971129252404663,-0.0066478191427143795,-0.005114978321413607,0.006938436626237048,-0.010461951874586276,-0.011238685982816094,-0.012206642334784782,-0.00965851682511598,-0.006621863521841751,-0.007447831176666637,-0.005131662077854605,-0.010946197745104885,-0.010972070548111276,-0.011327570256925289,-0.010576100689847094,-0.011334008748702691,-0.010703005700464856,-0.010728168006589755,-0.01314363078218022,-0.009150716722903804,-0.009878534042776424,-0.009844536948526425,-0.007806074588276413,-0.011023154596679303,-0.007708419550979446,-0.011038516152380792,-0.008005812137990207,-0.008309833590487255,-0.007724439685154608,-0.005225302790287358,-0.005833184107904467,-0.006759942732763038,-0.004937300423739877,-0.0035659325247570438,-0.0027833841210226826,-0.0020508035790678,-0.0061115012977583415,-0.006153834981208107,-0.006117399376294141,-0.005434661633243734,-0.006223629121993196,-0.005728378639045262,-0.0072595257604680654,-0.00614058382356129,-0.005044807701863602,-0.004212283884057982,-0.004360175137878825,-0.002048036023277345,-0.006101216891160827,-0.0038383360308572845,-0.006124214158783582,-0.005347154627679816,-0.0044388289665427145,-0.00493277933185847,0.02202895500241023,0.029138684411752235,0.02652995450365661,0.0012210043332693008,-0.00045508496550602113,-0.0013458354674919378,-0.005196284101289301,-0.00415409903770662,-0.0020758252970261635,-0.0044802965572801915,-0.0041798952059735476,-0.0019157414639978069,0.014026093765137209,0.017786730227242285,0.01824904129388868,0.004087985362988439,-0.006264567296199737,0.005501769765283034,-0.0055470032595028515,-0.00029895366218236327,-0.0020294670318491558,,,-0.00517402327037609,0.009139412689993983,-0.001563233689011747,,,-0.0019978512417717976,-0.002260902085970564,-0.0037114902545000413,-0.0009466488637768789,-0.00042284753421346753,-0.000298953662182359,-0.001306629138616095,-0.0012060085083114985,-0.0019698878474772603,-0.0038643080616257695,0.28523539053965163,-0.0020187634523300625,-0.0022761843344671962,-0.0017097176822405851,-0.0009713178659755141,-0.0012467652689172228,-0.001098102203348094,-0.0013407747246241628,-0.0007468175971461974,-0.0005981756247257095,,-0.0030770385124699296,-0.0016751263748023741,-0.0011003346621728586,-0.003145588064885827,-0.001343535959925805,-0.00029895366218236224,0.129658644374918,0.03898305675092616,-0.0011797829928561533,,-0.0016051938789332083,-0.001995904432871385,-0.0016275946241663646,-0.0028909936560077088,,0.060529931392421535,-0.005809886836644122,-0.0027637081629751114,-0.0017843492048770808,-0.00133035956173351,-0.002047798665041745,-0.0024049185761764805,-0.0022919493703050073,-0.001057146155955405,-0.0022144654334827108,-0.002433635332831821,-0.0016445811395883294,-0.00029895366218236235,,,,,,,,,1.0,-0.0002989536621823633,,,-0.00029895366218236273,-0.00029895366218236116,-0.00029895366218236284,-0.0005873842486517449,-0.0007569107960375504,-0.0002989536621823633,-0.0005674452670701435,,-0.00045077536838054503,-0.0007916673779306484,-0.0007328318408164473,-0.00042284753421346536,-0.0008979353936248071,,-0.0005179578005426817,-0.0007916673779306439,-0.0005981756247257122,-0.0006688807590989516,-0.0007328318408164453,-0.0002989536621823632,-0.0010714606777197336,-0.0022462903295795166,,
This Year in Baseball Best Player,0.018847953165679707,0.09640625159280049,0.015579141878900866,0.036615144198439115,0.03231297418118205,0.030913672686815673,0.039974662884410185,,0.03729490194653801,0.041769820327647166,0.03771424413703861,0.061699503358195844,-0.003989894237408641,0.08217285622702204,0.06105353555743511,-0.007245220051780864,-0.006385073197774203,0.05638122277477294,0.06057066126447587,0.09411051619642168,0.009756439916001901,-0.01377017530014218,0.055083919909271785,0.05155191419527755,,0.09638353257221338,0.10075977179498063,0.12057217674666386,0.11121234920514221,0.14593041894675682,0.059987030046707635,0.1479401173770586,0.15561828418405949,-0.00463231493559985,0.01875488176637149,0.1655776692985867,0.12169214304030376,0.18953209277772376,0.04395063097861304,-0.006647819142714391,0.12284552607821175,0.04800449019591104,-0.010461951874586298,-0.011238685982816089,-0.012206642334784785,-0.009658516825115995,-0.006621863521841756,-0.007447831176666642,-0.005131662077854604,-0.010946197745104889,-0.010972070548111267,-0.011327570256925308,-0.010576100689847085,-0.011334008748702698,-0.010703005700464868,-0.010728168006589761,-0.013143630782180211,-0.009150716722903804,-0.009878534042776412,-0.00984453694852641,-0.0078060745882764,-0.01102315459667931,-0.007708419550979452,-0.011038516152380795,-0.008005812137990212,-0.00830983359048726,-0.007724439685154615,-0.005225302790287363,-0.005833184107904464,-0.006759942732763045,-0.004937300423739868,-0.0035659325247570425,-0.002783384121022687,-0.0020508035790677967,-0.00611150129775834,-0.006153834981208104,-0.006117399376294155,-0.00543466163324374,-0.006223629121993199,-0.005728378639045263,-0.007259525760468059,-0.0061405838235612875,-0.005044807701863604,-0.004212283884057989,-0.004360175137878831,-0.0020480360232773423,-0.006101216891160833,-0.0038383360308572845,-0.006124214158783577,-0.005347154627679818,-0.004438828966542715,-0.004932779331858469,-0.019739542900644048,-0.007219661550348346,-0.00971318389534985,-0.0020088781270944,-0.00983365668055298,-0.009744776342510225,-0.0015089979200711824,-0.004154099037706624,-0.0020758252970261653,-0.004480296557280187,-0.0041798952059735476,-0.0019157414639978127,-0.0020858166559244423,0.0005777472854535608,-0.0018378005781171148,0.008129368800011968,-0.005422986930315273,-0.007480544504559715,0.0013424818579049242,-0.00029895366218236213,-0.002029467031849152,,,0.057779728957545254,0.03735018285671002,0.1788015912569633,,,-0.001997851241771798,0.12382207090832108,-0.0037114902545000456,-0.0009466488637768793,-0.0004228475342134659,-0.00029895366218236387,-0.0013066291386160942,-0.0012060085083114987,-0.0019698878474772633,-0.003864308061625758,0.28523539053965147,-0.002018763452330062,-0.0022761843344671997,-0.0017097176822405877,-0.000971317865975514,-0.0012467652689172235,0.1069680734555557,-0.001340774724624164,-0.0007468175971461999,-0.0005981756247257107,,-0.003077038512469934,-0.0016751263748023724,0.6838707871295264,-0.0031455880648858263,-0.0013435359599258071,-0.00029895366218236327,0.1030297575544863,0.061868802498552845,-0.0011797829928561526,,-0.0016051938789332094,0.14978355539412047,-0.0016275946241663646,-0.002890993656007707,,0.14610430571968172,0.068331537097037,-0.002763708162975113,-0.0017843492048770803,-0.001330359561733515,-0.0020477986650417443,-0.002404918576176483,-0.0022919493703050073,-0.0010571461559554034,-0.0022144654334827108,-0.002433635332831818,-0.0016445811395883298,-0.00029895366218236316,,,,,,,,,-0.0002989536621823633,1.0,,,-0.0002989536621823628,-0.0002989536621823636,-0.0002989536621823629,-0.0005873842486517427,-0.0007569107960375521,-0.0002989536621823622,0.6323231759384936,,-0.0004507753683805446,-0.0007916673779306494,-0.0007328318408164485,-0.00042284753421346693,-0.0008979353936248098,,0.5771776424047265,-0.000791667377930647,-0.0005981756247257102,-0.0006688807590989527,-0.0007328318408164475,-0.00029895366218236213,-0.0010714606777197325,0.12096825791260163,,
This Year in Baseball Best Rookie,,,,,,,,,,,,,,,,,,,,,,,,,,,,,,,,,,,,,,,,,,,,,,,,,,,,,,,,,,,,,,,,,,,,,,,,,,,,,,,,,,,,,,,,,,,,,,,,,,,,,,,,,,,,,,,,,,,,,,,,,,,,,,,,,,,,,,,,,,,,,,,,,,,,,,,,,,,,,,,,,,,,,,,,,,,,,,,,,,,,,,,,,,,,,,,,,,,,,,,,,,,,,
This Year in Baseball Best Social Media Personality,,,,,,,,,,,,,,,,,,,,,,,,,,,,,,,,,,,,,,,,,,,,,,,,,,,,,,,,,,,,,,,,,,,,,,,,,,,,,,,,,,,,,,,,,,,,,,,,,,,,,,,,,,,,,,,,,,,,,,,,,,,,,,,,,,,,,,,,,,,,,,,,,,,,,,,,,,,,,,,,,,,,,,,,,,,,,,,,,,,,,,,,,,,,,,,,,,,,,,,,,,,,,
This Year in Baseball Breakout Hitter of the Year,-0.013340512467784284,0.03420906967310566,-0.015566730692381105,-0.011068148155470041,-0.006593369179498682,-0.0047909406636312026,0.012355648327784848,,0.013958740827360093,0.009491272610443371,0.01216773833548989,0.016842385130137666,-0.005444004477945558,0.0111449579068337,0.009759724580781615,0.004637595029081217,0.00431320167441032,0.01572774323949276,0.040268517141778266,0.006194984894911535,0.0232052945086987,-0.013433061661552266,0.013855610398420332,0.017648691751042226,,0.0030103965724684223,0.002294922367849551,-0.0027399519676634507,0.0009205026708162513,-0.000824984836111805,-0.005339773057046232,-0.005892940346317589,-0.005068897806053925,-0.004632314935599855,-0.005558885916805169,-0.0013866860608072458,0.011411373735764145,-0.004858984711461461,-0.004971129252404668,-0.006647819142714386,-0.005114978321413606,-0.006750247896987666,-0.01046195187458629,-0.011238685982816098,-0.01220664233478479,-0.009658516825115995,-0.006621863521841759,-0.007447831176666645,-0.005131662077854609,-0.01094619774510489,-0.010972070548111277,-0.011327570256925308,-0.010576100689847096,-0.011334008748702704,-0.010703005700464866,-0.010728168006589756,-0.013143630782180218,-0.009150716722903806,-0.009878534042776414,-0.00984453694852642,-0.0078060745882764,-0.011023154596679309,-0.0077084195509794515,-0.0110385161523808,-0.008005812137990204,-0.00830983359048725,-0.007724439685154616,-0.005225302790287361,-0.005833184107904463,-0.006759942732763041,-0.004937300423739872,-0.0035659325247570472,-0.002783384121022689,-0.002050803579067799,-0.006111501297758337,-0.006153834981208108,-0.0061173993762941485,-0.0054346616332437364,-0.006223629121993201,-0.005728378639045267,-0.007259525760468066,-0.0061405838235612875,-0.005044807701863602,-0.004212283884057987,-0.00436017513787883,-0.0020480360232773454,-0.006101216891160828,-0.003838336030857285,-0.006124214158783585,-0.005347154627679824,-0.004438828966542715,-0.004932779331858474,0.013675255421799336,0.023420691957029508,0.020779616892837045,-0.005026697597636208,0.01419970561953447,0.002920293230930044,-0.0003977609887451579,-0.00415409903770662,-0.002075825297026165,-0.004480296557280182,-0.004179895205973547,-0.0019157414639978097,-0.010141771866455245,-0.008026744185440794,-0.008064180134129666,-0.006689037135741064,-0.0020566654667774306,-0.007480544504559717,-0.005547003259502855,-0.00029895366218236284,-0.0020294670318491545,,,-0.005174023270376085,-0.007787049410035576,-0.0015632336890117433,,,-0.001997851241771798,-0.002260902085970564,-0.0037114902545000448,-0.0009466488637768782,-0.0004228475342134669,-0.0002989536621823632,-0.0013066291386160949,-0.0012060085083114979,-0.001969887847477263,0.00945183485722057,-0.0009837177961331486,-0.002018763452330062,-0.0022761843344671984,-0.0017097176822405869,-0.0009713178659755141,-0.0012467652689172254,-0.0010981022033480943,-0.0013407747246241635,-0.0007468175971461985,-0.0005981756247257108,,-0.0030770385124699352,-0.0016751263748023746,-0.0011003346621728575,-0.0031455880648858276,-0.0013435359599258056,-0.00029895366218236273,0.0497719839136225,0.004654438129485963,-0.001179782992856153,,-0.0016051938789332094,-0.001995904432871387,-0.0016275946241663644,-0.002890993656007711,,0.01774274422879157,-0.005809886836644118,-0.0027637081629751136,-0.0017843492048770803,-0.0013303595617335125,-0.0020477986650417447,-0.0024049185761764852,-0.0022919493703050095,-0.0010571461559554043,-0.002214465433482711,-0.0024336353328318185,-0.0016445811395883305,-0.0002989536621823625,,,,,,,,,-0.00029895366218236273,-0.0002989536621823628,,,1.0,-0.00029895366218236306,-0.00029895366218236246,-0.0005873842486517438,-0.0007569107960375521,-0.0002989536621823628,-0.0005674452670701426,,-0.00045077536838054465,-0.0007916673779306494,-0.0007328318408164492,-0.0004228475342134675,-0.0008979353936248088,,-0.0005179578005426817,-0.0007916673779306448,-0.0005981756247257114,-0.0006688807590989524,-0.0007328318408164474,-0.0002989536621823628,-0.0010714606777197332,-0.002246290329579517,,
This Year in Baseball Breakout Pitcher of the Year,0.0027537203489477326,0.013476675699874093,-0.0155667306923811,-0.011068148155470038,0.0022728440001467194,0.005437436635701004,-0.017025072918666208,,-0.01771457920517275,-0.016265522498936542,-0.016912513202484467,-0.016675850434716914,-0.013199259094142301,-0.011321287303931402,-0.015624584605616923,-0.009903218161973688,-0.01119929689025727,-0.015376261237164367,-0.015831876683994127,-0.008539461691933738,-0.01187867399398876,-0.0029825388652650916,-0.011460018248593652,-0.012119991370725438,,-0.009780443975441845,-0.009289177564754064,-0.007773100078452334,-0.008610891474125517,-0.007813337397200817,-0.005339773057046232,-0.005892940346317588,-0.007747017505889172,-0.004632314935599852,-0.0055588859168051764,-0.007245084494470221,-0.0084753223683332,-0.00485898471146146,-0.004971129252404662,-0.006647819142714379,-0.0051149783214136085,-0.0067502478969876665,0.021556912682359052,0.02613380447243491,0.01663050762466367,0.028015204605681507,-0.002674604321370992,0.0033683333706973333,-0.004364537862490206,0.023638955650954835,0.023576589400952995,0.02811556113708293,0.04506549433446631,0.023068538316050793,0.03165501361795658,0.019281033563164553,0.030625292698261693,0.008601902922508868,0.039208797319401516,0.04386753060735359,0.03291492149701317,0.02379489841202091,-0.001632723374380795,0.024808584795749003,0.027005119633262922,0.04135741566483465,0.0446973837682903,-0.005225302790287358,0.010651473007845849,-0.0003167670074176134,0.00850469080313859,-0.003565932524757042,-0.0027833841210226874,-0.0020508035790678023,-2.069421978863035e-05,0.0034029999743950506,0.006472598355948584,0.013321787902427808,-0.0006000096128953747,-0.0005914526956629003,0.013390743541182462,0.021251751438531002,-0.005044807701863606,0.021985303246161374,0.02036719098304079,-0.0020480360232773467,0.0012223897797399314,-0.003838336030857285,0.007107568390908501,-0.005347154627679819,0.02656810573502693,-0.0049327793318584764,-0.01603353799579122,-0.006237784058123212,-0.009994179555845374,-0.012144401538067291,-0.007090517127535307,-0.010544675473464346,-0.009085613360930339,-0.004154099037706625,-0.0020758252970261644,-0.004480296557280191,-0.00417989520597355,-0.0019157414639978066,-0.008799112664700074,-0.0065926622736250644,-0.008497319581504468,-0.006689037135741063,-0.00626456729619974,-0.007480544504559707,-0.005547003259502853,-0.0002989536621823636,-0.0020294670318491566,,,-0.005174023270376094,0.009139412689993976,-0.0015632336890117463,,,-0.0019978512417717993,-0.002260902085970567,-0.0037114902545000417,-0.0009466488637768786,-0.00042284753421346796,-0.00029895366218236143,0.22879763916714382,-0.0012060085083114996,0.06528771151638918,0.009451834857220572,-0.0009837177961331486,-0.002018763452330064,-0.0022761843344671984,-0.001709717682240586,-0.000971317865975515,0.1378091210576504,-0.0010981022033480945,-0.001340774724624164,-0.0007468175971461976,-0.00059817562472571,,-0.003077038512469933,-0.001675126374802374,-0.0011003346621728581,0.025769625300795466,-0.0013435359599258047,-0.00029895366218236116,-0.003485789727241226,0.004654438129485982,-0.0011797829928561537,,-0.0016051938789332098,-0.001995904432871387,-0.001627594624166365,-0.0028909936560077088,,-0.0036508493530234306,-0.005809886836644122,-0.0027637081629751123,-0.0017843492048770808,-0.0013303595617335118,-0.0020477986650417447,0.06145903028006558,-0.0022919493703050077,-0.001057146155955406,-0.002214465433482709,-0.0024336353328318207,-0.0016445811395883292,-0.00029895366218236257,,,,,,,,,-0.00029895366218236116,-0.0002989536621823636,,,-0.00029895366218236306,1.0,-0.00029895366218236316,-0.0005873842486517451,-0.0007569107960375507,-0.0002989536621823636,-0.0005674452670701441,,-0.00045077536838054487,-0.000791667377930649,-0.0007328318408164491,-0.00042284753421346693,-0.0008979353936248084,,-0.0005179578005426819,-0.0007916673779306438,-0.0005981756247257129,-0.0006688807590989517,0.40794305805448966,-0.00029895366218236354,-0.0010714606777197345,-0.002246290329579518,,
This Year in Baseball Breakout Player of the Year,-0.013340512467784288,0.05494146364633726,-0.015566730692381108,-0.011068148155470046,-0.006826690578962978,-0.004822509729369809,0.010679185510047358,,0.013597398242462876,0.017086225014491353,0.01430599212504683,0.020580478315809184,0.006188877446349665,0.02911795407544585,0.01803150809152176,0.009171827099410177,0.0064528566488472215,0.00885212119728443,0.0376633747543525,0.01847369038394928,0.000400714981951882,-0.012084607107192636,0.018195432452194158,0.012135972654418582,,-0.0008268555919046619,0.0030189286136372627,0.004809770198519855,0.010451896815758015,0.006163367724977183,0.02732362849483077,0.0031560630491751372,-0.002390778106218694,0.013667243239744994,0.018754881766371485,0.004471712372855703,0.004179847879728806,-0.004858984711461463,-0.004971129252404669,-0.0066478191427143864,-0.005114978321413608,-0.006750247896987668,-0.010461951874586295,-0.011238685982816096,-0.012206642334784792,-0.009658516825115999,-0.00662186352184176,-0.007447831176666647,-0.005131662077854611,-0.010946197745104896,-0.010972070548111282,-0.01132757025692531,-0.0105761006898471,-0.011334008748702707,-0.010703005700464872,-0.01072816800658976,-0.013143630782180223,-0.00915071672290381,-0.009878534042776417,-0.009844536948526423,-0.007806074588276403,-0.011023154596679309,-0.007708419550979454,-0.011038516152380802,-0.008005812137990207,-0.008309833590487252,-0.0077244396851546175,-0.005225302790287364,-0.005833184107904465,-0.0067599427327630435,-0.004937300423739873,-0.0035659325247570472,-0.0027833841210226904,-0.0020508035790677997,-0.00611150129775834,-0.006153834981208108,-0.006117399376294152,-0.005434661633243738,-0.0062236291219932025,-0.005728378639045269,-0.00725952576046807,-0.0061405838235612875,-0.005044807701863603,-0.004212283884057987,-0.004360175137878832,-0.0020480360232773462,-0.0061012168911608305,-0.003838336030857286,-0.006124214158783586,-0.0053471546276798254,-0.004438828966542717,-0.004932779331858476,0.011457727896764459,0.021399179473036628,0.018243233421496377,-0.00026343659548370215,-0.01090867082970857,-0.00867824416790474,-0.010045317983439175,-0.00415409903770662,-0.0020758252970261657,-0.004480296557280184,-0.004179895205973547,-0.00191574146399781,0.0005995017475858334,0.002011829197269276,0.0024935938956307502,-0.002310871745632185,-0.005422986930315277,-0.00748054450455972,-0.005547003259502858,-0.00029895366218236295,-0.0020294670318491553,,,-0.0051740232703760885,-0.007787049410035538,-0.0015632336890117442,,,-0.0019978512417717985,-0.002260902085970565,-0.003711490254500046,-0.0009466488637768786,-0.00042284753421346704,-0.0002989536621823633,-0.001306629138616095,-0.001206008508311498,-0.0019698878474772637,0.036084120694913395,-0.0009837177961331488,-0.002018763452330063,-0.0022761843344672,-0.0017097176822405869,-0.0009713178659755141,-0.0012467652689172259,0.10696807345555583,-0.001340774724624164,0.2769033690752072,-0.000598175624725711,,-0.0030770385124699357,-0.0016751263748023752,-0.001100334662172858,-0.0031455880648858297,-0.0013435359599258056,-0.00029895366218236284,0.02314309709319063,0.05042592962473953,-0.0011797829928561533,,-0.0016051938789332098,-0.0019959044328713878,-0.0016275946241663649,-0.002890993656007712,,0.0391363378106066,-0.00580988683664412,-0.0027637081629751136,-0.0017843492048770808,-0.0013303595617335125,-0.002047798665041745,-0.0024049185761764857,-0.00229194937030501,-0.0010571461559554048,-0.0022144654334827125,-0.0024336353328318185,-0.001644581139588331,-0.0002989536621823626,,,,,,,,,-0.00029895366218236284,-0.0002989536621823629,,,-0.00029895366218236246,-0.00029895366218236316,1.0,-0.000587384248651744,-0.0007569107960375525,-0.0002989536621823629,-0.0005674452670701428,,-0.00045077536838054476,-0.0007916673779306495,-0.0007328318408164494,-0.0004228475342134676,-0.0008979353936248088,,-0.0005179578005426818,-0.000791667377930645,-0.0005981756247257115,-0.0006688807590989525,-0.0007328318408164475,-0.0002989536621823629,-0.0010714606777197336,-0.0022462903295795175,,
This Year in Baseball Closer of the Year,0.10906024758208045,0.11700123026460715,0.06007436436797874,0.06153165254863932,0.047456227365835095,0.03194492363928138,-0.005871311875379192,,-0.036860926525688266,-0.03230994089222256,-0.0344630581947572,-0.03273751388578665,-0.025722276067804296,-0.0220554291420388,-0.03143489418139867,-0.019355445435493328,-0.021770826756758784,-0.02965137674907232,-0.03176345932176872,-0.016778336994403835,-0.02410514450257177,-0.018371356289234027,-0.022358742173232825,-0.025618594856751928,,0.1201232950778719,-0.012877385451430303,-0.013624400961144631,-0.013351580121807694,-0.0138260124992419,-0.010491587767105704,-0.011578451029510476,-0.014052015650379421,-0.0031090775616075773,-0.010922100782266296,-0.01231671376185851,-0.009153383229465373,-0.009546934675819763,-0.009767276304824886,0.008714266123085129,-0.010049911000457178,-0.004297711966143021,0.019229530610276113,0.01712210167156458,0.102744221553126,-0.004584018611115825,-0.009965857780881557,-0.008336729617852406,0.3223487650297222,0.020364984737704227,0.013453006002663014,0.011085265587921982,0.017226024742709987,0.015725025142534505,0.047952420378517185,0.03303403276535196,0.026804162923797614,0.040309613742103186,0.021336189461742847,0.031079005671863915,0.012813805368305382,0.018911245307652116,0.21507828274115018,0.00855080340002263,0.02821901843067703,0.027044492735404116,0.03248650971836528,0.15175777574009522,0.0461195081618266,0.3496252677256263,0.02991543341774857,0.002313166289718195,0.01106109280998143,0.7199079575343895,0.1721893256494718,0.12653621268349413,0.06878751459753525,0.05688521793597882,0.11545248866280085,0.20378256997594826,0.20432136393048994,0.09534464398070895,0.12608481668592417,0.12898510960557938,0.09939831911406255,-0.004023981816990226,0.16398622311513544,0.6175377502865127,0.06596057354719469,0.12532046362094115,0.10635429795741205,0.10899196189997304,-0.001978562651689932,-0.025968402729031465,-0.024611026085870576,-0.024048880924200818,-0.01875468447211985,-0.022522659580336175,-0.019538556753654308,-0.008161975084285107,-0.004078582190714943,-0.008802888072432095,-0.008212659403737662,-0.003764049425676299,0.12868400009872213,-0.010135580303019193,0.012393228208754062,-0.006525529385440723,0.010289720215179718,0.005141511144506974,-0.004130522480288711,-0.0005873842486517425,-0.003987497456843418,,,0.05855160635576311,0.03520155246357438,0.15443116430752776,,,0.11053490250254362,0.13318437034572678,-0.00729233720906193,-0.0018599759826572007,-0.0008308109670411403,-0.0005873842486517456,0.04766706111666061,0.29128108145077986,0.010812647320629691,-0.007592593684141972,-0.0019328090325066688,-0.003966467060467573,0.024697617359838706,0.17009851363547213,0.2109468587232083,0.02790780507804607,-0.0021575515514607978,-0.0026343545969147635,-0.0014673474476858245,-0.0011752956539363912,,-0.006045766228537141,0.033788348897624575,-0.0021619378872556392,0.03800714110555635,-0.0026397798728962267,-0.0005873842486517447,-0.006848880742743926,0.029129894989718356,0.29315453807382774,,0.41686206128327086,0.02921359412407029,0.02264791831388674,-0.00568022523656252,,-0.002502730020404196,0.008007811579887069,0.08047639287143923,0.12848519331463337,-0.0026138908816203993,-0.004023515455454939,0.00921702707867414,-0.00450322283726775,0.6414334142562336,-0.0043509823740444644,-0.004781607460609617,-0.003231273535745006,-0.0005873842486517444,,,,,,,,,-0.0005873842486517449,-0.0005873842486517427,,,-0.0005873842486517438,-0.0005873842486517451,-0.000587384248651744,1.0,-0.0014871785680140091,-0.0005873842486517426,-0.0011149166376348434,,-0.000885683584318842,-0.0015554683109525822,-0.0014398682292892104,-0.0008308109670411423,-0.001764263741316474,,-0.0010176836479744637,-0.0015554683109525803,-0.0011752956539363897,-0.0013142171239945621,-0.0014398682292892102,-0.0005873842486517425,-0.0021052062736009675,0.10318292485891672,,
This Year in Baseball Defensive Player of the Year,0.060454394190789205,0.060366973306867765,-0.003270004719282135,0.012219503852460328,0.042731085923381124,0.03984359075655908,0.07001464813106383,,0.07118382940629078,0.07152936023820618,0.07308438650540637,0.082077478140555,0.013061602848556312,0.07033176109921596,0.06407550282712396,0.04954683273345364,0.0542590192540528,0.05021708674208201,0.08392958520640088,0.058897257242738574,0.05745730311495764,-0.010858806793387901,0.08795958820240486,0.07390758501418065,,0.11003854306605994,0.12083666170286066,0.1173095887649686,0.12428448044712309,0.1549417401191353,0.017492672820188595,0.08817877417677022,0.1337976069514566,0.06935266712609714,0.0782644672838113,0.10588013592313085,0.12501568525618179,0.07718356773002953,0.07256983163208412,0.021050560732440323,0.08829297242543835,0.08255080225754581,-0.026488266655416336,-0.028454853811024094,-0.030882773988297224,-0.02445407627815278,-0.01676567516510922,-0.018856915093568117,-0.012992683882812807,-0.027709034215895042,-0.027769062502374976,-0.028666474255926583,-0.026777276229659534,-0.02869619833940684,-0.027098582789032846,-0.026249297174679442,-0.03176218486509887,-0.023168394153413024,-0.025011130525776394,-0.024925054417914424,-0.019763939626658907,-0.027902889695833707,-0.019461751339950647,-0.027936873150951853,-0.020269648460090894,-0.02103939022522658,-0.019557250941010143,-0.013229769676215045,-0.014768844088801553,-0.017115273309155007,-0.012500586099961703,-0.009028465502735982,-0.007047157326463573,-0.005192361111140953,-0.015473506089545876,-0.01558068932926671,-0.015488439237669925,-0.01375983834077926,-0.015757398784085802,-0.014503490621363772,-0.018380150897295732,-0.01554713916564055,-0.012772780188070317,-0.01066494092945277,-0.011039381857318849,-0.005185354029036181,-0.015447467343849672,-0.009718154845026054,-0.015505693357928025,-0.013538282275010619,-0.011238522860077566,-0.01248913929837404,0.07350230088636248,0.0932061427846412,0.08502854543667039,0.0195619823326337,0.021912630062321307,-0.006825064848087239,0.01585795852799514,-0.010517624659608031,-0.005255712763433276,-0.01134351326857673,-0.010582937116779838,-0.004850401851348455,0.11837340238841543,0.12582124491469424,0.12634535954925774,0.05564922961476393,0.04353414351476607,0.0755600372847066,0.026293260263197515,-0.000756910796037552,-0.0051383398196067805,,,0.0068238761547826,0.03563930759326513,0.05312456061417465,,,0.03642466767581877,-0.005724302506155749,-0.009396998258899352,-0.002396788652190246,-0.0010705935541568806,-0.0007569107960375507,0.0695159536053986,0.06789691299564578,-0.004987493271880979,0.16721825018797876,-0.0024906422443932152,-0.005111239783985536,-0.005762995120892067,0.04596319591471034,0.04896976136795164,-0.0031566433583023077,0.03142089445869552,0.06759622221823886,-0.0018908425400253578,-0.0015145008928012626,,0.010618613401412548,-0.004241196540491701,-0.0027859005940021704,-0.007964209398935457,-0.003401653839959268,-0.0007569107960375504,0.02488484010816279,0.08421398595888682,-0.0029870531698975794,,-0.0040641367890545945,-0.005053363795818012,0.18322116415444753,0.026322444787732373,,0.05846369306047359,0.02752628556726935,0.024137102477383782,-0.004517734177307452,-0.003368292957299953,-0.005184753069644227,-0.006088933049392931,-0.005802910088778549,-0.002676553057055847,-0.005606731096114081,0.033486143792773836,-0.004163860079274815,-0.0007569107960375513,,,,,,,,,-0.0007569107960375504,-0.0007569107960375521,,,-0.0007569107960375521,-0.0007569107960375507,-0.0007569107960375525,-0.0014871785680140091,1.0,0.3158210296466677,-0.001436695726255401,,-0.0011413031050508061,-0.0020043962025824624,-0.0018554324705200604,-0.0010705935541568809,0.10337894381789625,,-0.001311400062005159,-0.0020043962025824654,-0.0015145008928012717,-0.0016935168618705694,-0.0018554324705200606,-0.0007569107960375519,-0.0027127955167883635,0.033308042624368144,,
This Year in Baseball Dependable Player of the Year,0.0027537203489477464,-0.007255718273357483,-0.015566730692381101,-0.011068148155470036,0.026538269544439337,0.030945241752554295,0.0469362457716254,,0.045796307489391654,0.04181109724288655,0.051601639801845234,0.028056664687152216,0.03333226860303852,0.008898333385757162,0.017812677839914873,0.06968037231380003,0.05138561111202233,0.019711238549661135,0.030476775064902067,0.08035836604869942,0.01969689765843004,0.002411279352173418,0.023258558181596944,0.011860336699587415,,0.01196398495600559,0.018947066020967337,0.017392640475492,0.02815305737064991,0.020140072847155115,-0.005339773057046233,0.0031560630491751234,0.013677940092792617,0.0319668014150899,0.06738241713272479,0.01325931002335013,0.0077956108077464475,0.03048484755929951,-0.004971129252404668,0.013301600455063504,-0.0051149783214136,-0.006750247896987672,-0.010461951874586295,-0.011238685982816087,-0.012134549459886162,-0.009658516825115997,-0.006621863521841757,-0.007447831176666638,-0.005131662077854603,-0.010929519484344853,-0.010938082687856409,-0.011285158287684442,-0.010576100689847082,-0.011334008748702698,-0.010703005700464872,-0.007843361318797957,-0.008354326085232146,-0.0091507167229038,-0.009878534042776407,-0.009844536948526411,-0.007806074588276401,-0.011003351358703709,-0.0075348282316480605,-0.011003198811545196,-0.008005812137990214,-0.008309833590487259,-0.007724439685154614,-0.005225302790287362,-0.005833184107904462,-0.0067599427327630435,-0.004937300423739868,-0.0035659325247570433,-0.0027833841210226857,-0.002050803579067797,-0.006111501297758341,-0.006153834981208106,-0.006117399376294155,-0.005434661633243742,-0.006223629121993199,-0.005728378639045262,-0.007259525760468062,-0.006140583823561286,-0.005044807701863603,-0.004212283884057989,-0.00436017513787883,-0.0020480360232773415,-0.006101216891160833,-0.003838336030857283,-0.006124214158783577,-0.005347154627679816,-0.004438828966542715,-0.004932779331858466,0.043687819733230375,0.05001802049642157,0.04715927742795952,0.014515722541331915,-0.010340272543948136,-0.007611711993299236,-0.009035102591324617,-0.004154099037706623,-0.0020758252970261653,-0.004480296557280185,-0.004179895205973548,-0.001915741463997813,0.018054071370402634,0.017786730227242233,0.018628038310341603,0.003414421456817819,-0.006264567296199736,0.0055017697652830376,-0.005547003259502853,-0.0002989536621823619,-0.0020294670318491523,,,0.057779728957545254,0.031708028823366756,-0.001563233689011744,,,0.1290768596399622,-0.0022609020859705622,-0.0037114902545000448,-0.000946648863776879,-0.0004228475342134656,-0.0002989536621823639,-0.0013066291386160938,-0.0012060085083114987,-0.0019698878474772633,0.12929712112683742,-0.000983717796133149,-0.0020187634523300625,-0.0022761843344672,-0.0017097176822405875,-0.000971317865975514,-0.0012467652689172237,0.10696807345555566,0.2229708367049976,-0.0007468175971461999,-0.0005981756247257106,,0.05509115845207463,-0.0016751263748023726,-0.0011003346621728564,-0.003145588064885827,-0.0013435359599258071,-0.00029895366218236327,0.023143097093190616,0.05042592962473946,-0.0011797829928561526,,-0.0016051938789332094,-0.0019959044328713843,0.4719316760245857,0.10340861923412174,,0.06052993139242153,0.038674967523564564,-0.002763708162975114,-0.0017843492048770805,-0.001330359561733515,-0.0020477986650417447,-0.0024049185761764818,-0.002291949370305007,-0.0010571461559554034,-0.0022144654334827116,0.12284242349263366,-0.00164458113958833,-0.0002989536621823632,,,,,,,,,-0.0002989536621823633,-0.0002989536621823622,,,-0.0002989536621823628,-0.0002989536621823636,-0.0002989536621823629,-0.0005873842486517426,0.3158210296466677,1.0,-0.0005674452670701413,,-0.0004507753683805446,-0.0007916673779306494,-0.0007328318408164488,-0.000422847534213467,-0.00089793539362481,,-0.0005179578005426818,-0.000791667377930647,-0.0005981756247257101,-0.0006688807590989529,-0.0007328318408164477,-0.0002989536621823621,-0.001071460677719732,-0.0022462903295795145,,
This Year in Baseball Hitter of the Year,0.07905247360808768,0.1370781754006711,0.019717818310953254,0.04435829256534031,0.06279117414491406,0.05559142748142837,0.08073912633761532,,0.08055177695362724,0.09635026368684219,0.0853279487004151,0.09897968911035855,0.0050003392265104895,0.13579911011257864,0.10666493438018568,0.03571014871879908,0.027139587105469324,0.09702230847581739,0.12133520085940594,0.10746979037703693,0.09158610024841231,-0.012593169806071237,0.09814813754804587,0.10421634363037689,,0.17485322537866438,0.19468816667105826,0.22408186107922629,0.21238490721128966,0.22614345196056299,0.08286237337335493,0.2178272949135241,0.2106572388669769,0.08962172052854353,0.08944047212356564,0.2327381246988337,0.23555979144281916,0.17526442118546467,0.19949614840967828,0.0568028944965881,0.17245303612974344,0.13875221466217905,-0.019857877077713356,-0.02133219952042717,-0.023169481748868494,-0.01833287346045677,-0.012568988408516077,-0.014136761263553036,-0.009740430463453006,-0.020777026304112257,-0.020826135585813744,-0.02150091115383572,-0.020074543448309314,-0.021513132083525868,-0.020315422409673534,-0.020363183094105012,-0.024947983660812363,-0.017369015842809497,-0.018750489113411067,-0.01868595907860403,-0.014816744665974138,-0.020923098444107967,-0.014631385208206695,-0.020952256280857593,-0.015195867391596188,-0.01577293185385395,-0.014661793095667168,-0.009918170313459037,-0.011071992528260277,-0.012831077168847928,-0.009371511749020065,-0.0067685122807779755,-0.005283153698077345,-0.0038926393345958,-0.011600267616024517,-0.011680621367625595,-0.011611462784953144,-0.0103155552582951,-0.01181309793462465,-0.010873060804751394,-0.013779337921067343,-0.011655469286747886,-0.00957557178863148,-0.007995354651673362,-0.008276067693985971,-0.0038873862247219173,-0.011580746738421683,-0.007285562579280756,-0.011624397953706397,-0.010149457824397667,-0.008425360873693014,-0.009362930244544253,0.03964143872298698,0.058852961364258605,0.051980517840600794,0.017098938072273927,0.05173547595644066,0.010393121167567965,0.05050602237663113,-0.0026478691510713145,-0.003940133168007268,0.0029043051297493656,0.001528249083872872,-0.0036362773372298368,0.11624549948661307,0.12857870082171727,0.13158305398019038,0.04515539090017646,0.18246043212662827,0.08847526240753363,0.14530500745748084,-0.0005674452670701414,-0.0038521403400477603,,,0.06984102707352532,0.06910964752320471,0.1111499096095778,,,0.037673451040540804,0.195140778527098,-0.007044796050728093,-0.0017968383909605355,-0.0008026087729788218,-0.0005674452670701444,-0.002480118541151564,-0.0022891300781932907,-0.0037390528269498177,0.04321599921363853,0.6319521807443653,-0.0038318238284704197,0.037949088797836504,-0.003245222686791343,-0.0018436627330300432,-0.002366490665576632,0.5107179010868049,0.06841621302812755,0.34992182627141566,-0.0011353997962409179,,0.12297032321418726,-0.0031795647733063592,0.43129368748764035,-0.005970654604267627,-0.0025501715417467763,-0.0005674452670701435,0.25452971372018685,0.15001309872110039,-0.0022393513114340002,,-0.0030468255939108914,0.1402581966335294,-0.0030893445474122682,0.028140552984045917,,0.2908569863937716,0.1250094536647986,-0.005245806675171975,-0.0033868811096558205,-0.0025251613621200446,0.17674760364133765,-0.004564786575211653,-0.00435035922640957,-0.0020065737894602678,-0.004203286623576047,0.03501187948377394,-0.003121586727387054,-0.0005674452670701433,,,,,,,,,-0.0005674452670701435,0.6323231759384936,,,-0.0005674452670701426,-0.0005674452670701441,-0.0005674452670701428,-0.0011149166376348434,-0.001436695726255401,-0.0005674452670701413,1.0,,0.2854344044603374,-0.0015026673479134193,0.3864637647866606,-0.0008026087729788239,0.1039037584148246,,0.36452571908052456,-0.0015026673479134186,-0.0011353997962409157,-0.001269605524194769,-0.0013909913549609877,-0.0005674452670701413,-0.0020337442464677057,0.11267334561224725,,
This Year in Baseball Hitting Performance of the Year,,,,,,,,,,,,,,,,,,,,,,,,,,,,,,,,,,,,,,,,,,,,,,,,,,,,,,,,,,,,,,,,,,,,,,,,,,,,,,,,,,,,,,,,,,,,,,,,,,,,,,,,,,,,,,,,,,,,,,,,,,,,,,,,,,,,,,,,,,,,,,,,,,,,,,,,,,,,,,,,,,,,,,,,,,,,,,,,,,,,,,,,,,,,,,,,,,,,,,,,,,,,,
This Year in Baseball Moment of the Year,0.09394224806857046,0.08284313473114945,0.04853789874070124,0.05520991110752798,0.04594359532293521,0.031666202553345256,0.05593964519104183,,0.06147136510391203,0.07165849166444982,0.06649891271092329,0.0630096585701594,0.017371285671579775,0.04171643700494368,0.04548177617229348,0.055275518011596976,0.050219525336209304,0.05251320693901928,0.0746296857028123,0.015710010817095825,0.12262950630789811,0.018071968070417905,0.04314092156062674,0.06659371780722745,,0.18159007727598558,0.21808628203935754,0.25921382798933096,0.2502263211549869,0.21161037512222697,0.13970236099329678,0.16030594340036158,0.1450003131281057,0.14753527567299812,0.10893441874724594,0.17811348627514237,0.22656355956241872,0.051295679664217775,0.11790713234820051,0.16444363629301353,0.11770129118615037,0.1714571618192884,-0.015774987253273413,-0.016946180812887502,-0.018405707610283976,-0.014563532850102697,-0.009984734579377994,-0.011230164627486846,-0.00773774385857268,-0.016505154293463747,-0.016544166434078206,-0.017080204397386625,-0.015947105814637635,-0.01708991263605327,-0.01613845872362342,-0.016176399546057155,-0.019818539650740232,-0.013797849712229866,-0.0148952844052332,-0.014844022104003806,-0.011770339665515932,-0.01662119319014303,-0.011623091141813622,-0.016644356013704672,-0.012071512652976278,-0.012529929456585622,-0.011647246998716696,-0.007878939408191125,-0.008795529366916407,-0.010192936434857395,-0.007444676880924542,-0.005376868561278865,-0.0041969079533576755,-0.003092291066387769,-0.009215188162420656,-0.009279020736380974,-0.009224081542435805,-0.008194619801160567,-0.009384259385386055,-0.008637499110693994,-0.01094622950946446,-0.009259040063034803,-0.0076067810429743775,-0.006351465326427065,-0.006574462208066494,-0.0030881180250814755,-0.009199680885678335,-0.005787610446539946,-0.009234357168647138,-0.008062672922232922,-0.006693059880801728,-0.007437859781433484,0.059718355534116946,0.07339888123821477,0.06729329899648585,0.015874352572172186,0.07782755979607558,0.0203241663212359,0.0711299314334242,-0.002269863711718212,-0.003130019903853266,0.006211117876024833,0.00017581975936916707,-0.002888638519600144,0.1899941316627271,0.20672889488263568,0.21166009111336287,0.07817214082177933,0.337998429395437,0.18447350457888964,0.3250993281301088,-0.0004507753683805446,-0.0030601188900637034,,,0.06813791236664632,0.0393032626690706,-0.002357111924587483,,,0.11557165170064769,0.11065895612930811,-0.005596346853555165,-0.001427398437540276,-0.0006375879512979778,-0.00045077536838054454,0.06742205759868342,-0.0018184722195260094,-0.0029702827977844165,0.07047213949099189,0.2574608990729913,0.04222337878148232,0.11745110128663591,-0.0025779868773395578,-0.0014645954348022979,-0.0018799270404568653,-0.0016557663874068114,0.20091441899609871,-0.001126084139625946,-0.0009019552917452195,,-0.004639692850237285,-0.002525828595553011,-0.0016591325861741405,-0.004743054854626278,-0.00202584210826167,-0.0004507753683805449,0.01883529229957146,0.03807547765889189,-0.001778928243700265,,-0.002420381328718849,0.1800782388277633,-0.002454158149215929,0.09181074874586734,,0.12352786341438923,0.0404288150028203,-0.0041672396857994655,-0.002690519541645049,-0.002005974160481069,-0.003087760125983319,-0.0036262411010034115,-0.0034559012061159333,-0.0015940110731682145,-0.003339067547315184,0.10966848118464159,-0.0024797711579040865,-0.0004507753683805446,,,,,,,,,-0.00045077536838054503,-0.0004507753683805446,,,-0.00045077536838054465,-0.00045077536838054487,-0.00045077536838054476,-0.000885683584318842,-0.0011413031050508061,-0.0004507753683805446,0.2854344044603374,,1.0,-0.001193710594867574,0.3686266009989656,-0.0006375879512979783,0.3006663068189459,,-0.000780999358364703,-0.0011937105948675777,-0.0009019552917452191,-0.0010085675766084588,-0.0011049958063518118,-0.00045077536838054454,-0.0016155951333011495,0.10808590681759343,,
This Year in Baseball Oddity of the Year,-0.0018405645855347828,0.10627626547939319,-0.009802404644346544,-0.005258164831729978,0.00979216894031458,0.013276410929279678,0.03882496904048726,,0.03888077155413471,0.04288860227690057,0.04349536879816897,0.06010913135418084,0.0055703891797594576,0.04010441499275474,0.04147467728574533,0.006957542527642642,0.013243147098715557,0.048254971513791114,0.03713891416438326,0.05542380053747032,0.028269569458165337,-0.013764587598176165,0.0640542822068972,0.04287783991961496,,0.03603709863348072,0.043737726012229854,0.04129777839805095,0.05034275442962432,0.04804603611022863,0.03528637102424495,0.039167117372777206,0.046352359224551644,0.03619260102105418,-0.005522644580762627,0.0273554492566847,0.027483056707623958,0.020559564522456282,0.00534310976489443,0.02013044542748717,0.02276085534395653,0.0390877955819907,-0.011251277392781561,-0.017540351293559936,-0.022342819716613217,-0.009377077465898647,-0.015544519967373351,-0.01426707584955627,-0.013589294849056225,-0.01481379522277573,-0.014911925906065356,-0.016535417916584482,-0.01221978702976113,-0.01980635526472419,-0.008250284304677218,-0.01771721395779709,-0.022477629679861652,-0.015098659283908702,-0.020037661701036352,-0.008007823170057606,-0.011685281121049077,-0.015248771017997067,-0.019887514662557896,-0.017233498867275456,0.0019779414333296295,-0.004448269397068159,0.0014463896213208554,0.013159523674877814,-0.0029745940169050313,-0.002057578674244468,0.014893767781827317,-0.009443043551110501,-0.007370755697649492,-0.005430789107045706,0.010132083060174086,0.013028675229604015,0.01237741953530412,0.017538695729884778,0.009048284396408578,0.012036992158607047,0.0028503457078417325,-0.0002568881014493069,-0.01335929339799305,-0.0012440146039677485,0.04458045675917108,-0.005423460266783591,0.011906181189082363,-0.00444842096114482,0.01047902130173326,0.011285370950731363,0.03516559418370218,0.007503696719109502,0.034581986714310634,0.05786949689364192,0.04953428010408496,0.08283229568917005,-0.009736097148344289,-0.015970747515001747,0.06357136044226329,-0.01100058339756788,-0.005497049803445315,-0.01186439598017065,-0.01106889493703348,-0.005073127422239199,0.03155561741897721,0.03950626415148673,0.037818369387269145,0.052105027321428875,-0.005127938988286458,-0.009986914181380204,0.034830892965991116,-0.0007916673779306494,-0.00537428721217886,,,0.010114178016748236,0.013530084278811767,-0.004139641931925425,,,-0.005290564572860687,-0.005987156715499317,-0.009828498960493893,-0.002506846774635297,-0.001119754132568593,-0.0007916673779306496,-0.0034601203964010636,-0.0031936641503813156,-0.005216513942814569,0.025029662668874707,0.051533894058382844,0.051439849322138645,-0.006027626056158655,-0.004527550205006077,-0.002572173434774503,-0.003301593244027934,0.03797394242237873,-0.0035505422575870986,-0.001977668126254773,-0.0015840452493930642,,-0.008148389931656798,0.05981808689182807,-0.0029138263451585276,0.013547558747027216,-0.0035578543603897355,-0.0007916673779306483,0.051212057013421915,0.038298846434180626,-0.003124215644870959,,-0.004250757859691988,-0.005285409174909471,0.04047725319456101,-0.007655719453503916,,0.02270520638701074,0.012662670262246104,-0.007318651254432153,-0.0047251839834495275,-0.0035229615795777775,-0.005422831711941252,-0.006368530726266745,-0.006069373879194483,-0.0027994576793782893,0.04604472398020588,0.08834026973882995,-0.004355060343023629,-0.000791667377930649,,,,,,,,,-0.0007916673779306484,-0.0007916673779306494,,,-0.0007916673779306494,-0.000791667377930649,-0.0007916673779306495,-0.0015554683109525822,-0.0020043962025824624,-0.0007916673779306494,-0.0015026673479134193,,-0.001193710594867574,1.0,-0.0019406320619994564,-0.001119754132568594,-0.002377847300590831,,-0.0013716182328758993,0.1410601976639712,-0.001584045249393069,-0.0017712814515753019,-0.001940632061999455,-0.0007916673779306491,-0.0028373643563822572,-0.00594846292334229,,
This Year in Baseball Performance of the Year,0.09551760574729563,0.10926835444217206,0.02122315036895182,0.04429942184222558,0.0573325864722682,0.04678544144799319,0.024552881629594937,,0.024157207361121005,0.0369090155711801,0.028705175310304747,0.02815209460550367,-0.008790380557644889,0.045889039110325255,0.030325553217212378,0.020886142823454704,0.014288245625343863,0.028343056556581234,0.04894401957543282,0.00976807382355914,0.06094487202292174,-0.006071603275203716,0.03632863706502759,0.04168606587122757,,0.1270490336997057,0.13962094169822903,0.1557321058336798,0.1502317485543001,0.14358869645312264,0.05363427028402127,0.11125264829341075,0.09808423753712839,0.08583729294143322,0.0757747067823151,0.12345473003854492,0.16018535623657174,0.0530684100738334,0.13771792392864643,0.07335856364185984,0.07894934066388401,0.14004474092663657,0.04052460128030714,0.023561585856691266,0.010488216368002162,0.04373968245583644,-0.0008582257492479565,0.02077732777117788,-0.01226594727662256,0.032796355543374504,0.029272251779425048,0.032757671049805454,0.0525191971772411,0.02922223055855551,0.06479032253508792,0.01263385835530587,0.012101888387610399,0.005709891617974971,0.012368032862195386,0.053404273964801255,0.05434362136554895,0.03184491468593823,-0.01747739464884457,0.029055542675700468,0.042120114266943294,0.054809155025144406,0.0704990873112272,0.0396710003855134,0.05978453803646655,0.02423114622464212,0.05929017156588745,0.026140353041886343,0.05504603812903458,0.0016797359068768728,0.05626619254834615,0.059533931653262796,0.062159643248361575,0.07097108761591009,0.03414122104531632,0.07620244216626947,0.047199563779380636,0.024513932556417588,0.020473346102176306,0.01108057869866905,0.019619179109825444,0.05097376217695529,0.05743315079476947,0.0029370837667100054,0.057066167944559106,0.04185233840692256,0.06512699557073597,0.03677202354611923,0.026435966660436357,0.051807371599665454,0.04093592041182757,-0.013959314364911012,0.04949352802122979,0.007594316246338642,0.031403415281162916,-0.010183036469643168,-0.005088517272302475,-0.01098265179127466,-0.01024627119752397,-0.004696100169308271,0.13421829788247017,0.1467193320050127,0.14858812349771314,0.03492539951288618,0.2108842017627184,0.10365415637049387,0.16795226784685016,-0.0007328318408164488,-0.004974878213463982,,,0.03875678355944926,0.0546753727693426,-0.0038319899264052286,,,0.04865368710976507,0.14899281458800276,-0.00909805959733797,0.12708833193558614,-0.001036535677871461,-0.0007328318408164474,-0.0032029694164854945,-0.0029563158006978814,0.1325628921847916,0.05037129623169395,0.34839626159976306,-0.00494864028807769,0.049009661750492164,-0.004191069436000129,-0.002381013346832767,0.11056738422035828,0.26221324604883406,0.08835667903966421,0.22503935981847104,-0.0014663213723465605,,0.06375169145868559,-0.004106274985511885,-0.0026972751232008556,0.13405017584383655,0.04918203641110165,-0.0007328318408164473,0.11112785280969797,0.11893518761456667,-0.0028920286043905845,,-0.003934847884379991,0.05711746221662228,-0.003989759335355496,0.03634234778513363,,0.13089751738019315,0.07663036424564174,-0.006774740024148093,-0.0043740153672102555,-0.0032611403367864456,0.11162116317461948,0.02019662484062509,-0.005618307077550212,-0.0025914061658433734,-0.005428368959245596,0.04521637870911363,-0.004031398762933868,-0.0007328318408164488,,,,,,,,,-0.0007328318408164473,-0.0007328318408164485,,,-0.0007328318408164492,-0.0007328318408164491,-0.0007328318408164494,-0.0014398682292892104,-0.0018554324705200604,-0.0007328318408164488,0.3864637647866606,,0.3686266009989656,-0.0019406320619994564,1.0,-0.0010365356778714615,0.270575849995827,,-0.0012696816144215349,-0.0019406320619994538,-0.0014663213723465616,-0.0016396424596336876,-0.001796407185628746,-0.0007328318408164487,-0.002626495675228818,0.09517314974376097,,
This Year in Baseball Pitching Performance of the Year,0.003894930909913746,0.03372395524593995,0.02203552778235087,0.05178937540405856,-0.01675117768457666,-0.017693858807392847,-0.027577249650466085,,-0.022495837504201095,-0.02221818982978999,-0.023332519487951762,-0.022617410165617843,-0.017640997129993015,-0.015157582076559237,-0.02144981325516016,-0.014007359368001914,-0.015840565525774033,-0.01993476900146031,-0.007971541425180763,-0.012078428120214452,-0.017215023838853684,0.013662245919120209,-0.014674748129334326,-0.017727618397022003,,0.001544227477839412,-0.005458450978042339,-0.01099446709357617,-0.008327619566604593,-0.011051379763225209,-0.007552708516593366,-0.00833512216079638,-0.007169575789181983,-0.006552062061791235,-0.007862627223683862,-0.010247628650175795,0.009747750460279127,-0.0068726694599549505,-0.00703128950249656,0.01881411624951207,-0.0072347532222091695,0.00013308942186717745,0.02558440565163954,0.030468726095712738,0.014345308954668293,0.03971421691803383,-0.0047135442395046245,0.006039142731141117,-0.006987091226993641,0.028957333272550352,0.024802292112448138,0.03052911596587755,0.03840246885183791,0.034647035790265346,0.05442774797267313,0.013684034727451713,0.016589543244176087,0.02472162109612932,0.0535504760610538,0.030814525658871647,0.015357423961888906,0.02871790186967127,-0.010043619680739909,0.02574853511038766,0.057179512331246844,0.04928376940432927,0.036943819188010554,0.08345267797027077,0.0383820209028212,0.038283859385769656,0.059560968473785995,0.01005139704426417,0.049611191387985566,-0.002900707856309821,0.06458315317637119,0.04686750340300171,0.039427937805930464,0.052004658843484076,0.046876459612643334,0.08090364500365577,0.030079917851622347,0.011370143981172802,0.021287581394821984,0.012569301472897325,0.11624537632991337,-0.0028967933562055273,0.06271160316013435,-0.005429038447907202,0.036566554851437595,0.016220964720106975,0.05950708484368844,0.04684916608618767,-0.02654518733486356,-0.008802454315686766,-0.014990154155866004,-0.01723118184507819,-0.013358434271401404,-0.01538606818116028,-0.013994017822061144,-0.005875661539483932,-0.0029360991997817235,-0.006337043466740906,-0.005912148284835027,-0.002709672623939382,0.0036965863765735765,0.0008171802053508178,-0.001106113131019193,-0.00803208291978217,-0.003504175212171014,0.007781840710956118,-0.007845820096105936,-0.0004228475342134671,-0.0028705289104686096,,,-0.007318267874260215,-0.015004399241717878,-0.002211076813619428,,,-0.002825810746526983,0.0859695782239366,-0.0052496246104365195,-0.001338963820987937,-0.0005980861244019162,-0.0004228475342134658,-0.0018481289219272126,-0.001705808586713024,0.09234457148849083,-0.005465773937577399,-0.0013913950457080178,-0.0028553894999865095,-0.003219492031703767,-0.002418267436026905,-0.0013738562744707002,0.09657860517598099,-0.0015531832111053854,-0.001896425292483056,-0.001056317481295357,-0.0008460745591655411,,-0.0043522402039821795,-0.0023693406259363637,-0.00155634085668294,0.016000001955691737,-0.0019003308527299485,-0.00042284753421346536,-0.004930388141729697,0.022768439147135527,-0.0016687145619641137,,-0.0022704263553306693,-0.002823057131344232,-0.0023021105294506222,-0.0040890937075189196,,-0.00516385260324757,-0.008217649200215024,-0.00390905792378884,-0.002523828127577115,-0.0018816938256911997,-0.002896457630782676,0.08692918902336083,-0.003241790492549305,-0.00149525395369236,-0.0031321952750587986,-0.0034421946603717356,-0.0023261366815593583,-0.0004228475342134675,,,,,,,,,-0.00042284753421346536,-0.00042284753421346693,,,-0.0004228475342134675,-0.00042284753421346693,-0.0004228475342134676,-0.0008308109670411423,-0.0010705935541568809,-0.000422847534213467,-0.0008026087729788239,,-0.0006375879512979783,-0.001119754132568594,-0.0010365356778714615,1.0,-0.001270062270873395,,0.40782093775866224,-0.0011197541325685875,-0.0008460745591655429,-0.0009460816689888679,0.28798416250195324,-0.0004228475342134669,-0.0015155007711666994,-0.0031772092037823906,,
This Year in Baseball Play of the Year,0.09152420877311786,0.09583107583249119,0.00868063469367525,0.019800683604059437,0.04104923368171374,0.033094035793424875,0.05167706567121145,,0.053033991603985184,0.05889658105910177,0.053831211551320424,0.060858964072828876,0.020530010776980294,0.05654483411892394,0.0466955797214383,0.04586363965284612,0.052943179341109904,0.04237734533163869,0.08633831893371575,0.018279394391112296,0.051355704196223415,-0.011770981255362904,0.05682420027174047,0.06174843103664206,,0.13667677176979043,0.1540423513688278,0.16142261090283785,0.15363213622029828,0.13279208478450422,0.13657330219132874,0.1061178652942813,0.11258505706095964,0.1234975100446598,0.0969035394774451,0.1326946784985755,0.1627884865397042,0.03848484255933356,0.06670269109823518,0.11984587900479195,0.09139817941063057,0.11220746635505863,-0.012367217222963838,-0.0168446920263571,-0.024152728164290867,-0.008348712558506388,-0.0169912643844358,-0.016354081382941418,-0.01541342887118424,-0.014593359102212876,-0.013258769722396606,-0.014334846446955311,-0.006374040161815073,-0.021314673143969193,-0.01424985531773919,-0.020891443029926085,-0.028566744416885247,-0.015872764246778262,-0.02481049763140868,-0.01383441104053553,-0.005326376454314203,-0.01498591516891452,-0.022689497143219627,-0.01498035972482803,-0.0030144842735677453,-0.00023185643391132737,0.011692543065466264,-0.0061682613264468205,-0.012019047775603616,-0.013853228282987748,-0.005857582562775867,-0.0035872357696050453,-0.008360155544088888,-0.0006811453851395898,-0.00851391471546052,-0.007143433072467599,-0.006609441977646217,-0.00693405694245575,-0.017754861681167584,-0.010348283362535562,-0.006404541445732731,-0.011652608460417015,-0.008446145616658721,-0.012651990144157537,-0.004843865873209848,-0.006151468489446153,-0.008549071003075932,-0.006486270148168031,-0.008090937101758157,-0.004836988715458177,-0.002984412940186541,-0.003930129023087877,0.05502456316380901,0.08009004472459127,0.07083722051924358,0.002841723804124697,0.0276891392018586,0.001029753558431493,0.016370378667384278,-0.012477226495068498,-0.006234936182332201,-0.013456991372339208,-0.012554707708503721,-0.005754109359292348,0.14518921008017976,0.15057990683116326,0.15520461300078053,0.057349097094690694,0.1710470702590526,0.10317752615086133,0.15118402437337977,-0.0008979353936248097,-0.0060956947802178595,,,0.005469058159692507,0.031217026215926966,-0.004695319159576216,,,0.08148708864872593,0.035287173586000926,-0.011147809457427587,-0.0028433487448013012,-0.0012700622708733953,-0.0008979353936248068,0.07286872500407048,-0.003622359788872481,-0.005916743105967478,0.07727382242547909,0.0925659740672938,-0.006063545574155281,0.08234732056925566,-0.005135297586866539,0.2682428053939805,-0.0037447765460722916,0.03276695860800655,0.14569307632073678,-0.002243136772983706,-0.0017966766525750045,,-0.00924217408050337,-0.005031399347140052,-0.0033049584701006513,0.009851832734058538,-0.0040354364024788435,-0.0008979353936248071,0.03396474870979129,0.0368932039795693,-0.00354358899084478,,-0.004821350529717863,0.09531263772996772,-0.004888633271269133,0.06226793310599042,,0.06043173896529621,0.0072928736136095434,-0.008301056956684344,-0.0053594603723839266,-0.003995859853354184,-0.006150755561699597,-0.007223398745379395,-0.0068840851286764366,-0.003175237736635345,-0.006651354849334062,0.0763077711266937,-0.004939653865231402,-0.0008979353936248087,,,,,,,,,-0.0008979353936248071,-0.0008979353936248098,,,-0.0008979353936248088,-0.0008979353936248084,-0.0008979353936248088,-0.001764263741316474,0.10337894381789625,-0.00089793539362481,0.1039037584148246,,0.3006663068189459,-0.002377847300590831,0.270575849995827,-0.001270062270873395,1.0,,-0.0015557348858554086,-0.0023778473005908398,0.1651944366673133,-0.0020090461622885307,-0.002201129240701209,-0.0008979353936248097,-0.0032182327467689203,0.034373774361113975,,
This Year in Baseball Player of the Year,,,,,,,,,,,,,,,,,,,,,,,,,,,,,,,,,,,,,,,,,,,,,,,,,,,,,,,,,,,,,,,,,,,,,,,,,,,,,,,,,,,,,,,,,,,,,,,,,,,,,,,,,,,,,,,,,,,,,,,,,,,,,,,,,,,,,,,,,,,,,,,,,,,,,,,,,,,,,,,,,,,,,,,,,,,,,,,,,,,,,,,,,,,,,,,,,,,,,,,,,,,,,
This Year in Baseball Postseason MVP,0.028007982017817245,0.08321643481398089,0.02699193581718211,0.04507946097890714,0.005487466016350816,0.0004688900896142985,0.01426861894581106,,0.01510863845582931,0.01680185868987656,0.015296956633742418,0.03040393131901143,-0.01503065942035266,0.04565817489398543,0.030406724461583202,-0.014900573549674204,-0.013225053615024178,0.02728091242445193,0.045747386305892895,0.047607655582014824,0.015890613970096282,-0.01022941632858827,0.029018492523644385,0.03646745874100823,,0.10198547086201983,0.09303784809655416,0.09844277250000587,0.102250355917999,0.14386427989656986,0.06620393134585165,0.1308922672374432,0.13660529040409705,-0.0080258045275281,0.018452365019325775,0.12109009384165215,0.12626847985383474,0.12425865673355924,0.07614749385561638,3.443289781551534e-06,0.10198813944550161,0.098982142898044,-0.0011753919015370419,-0.003192738647771989,-0.009574237672286023,0.0028476494641674318,-0.009953079240373265,-0.0056161998068696385,-0.008669441908929279,-0.002763885434529424,-0.004229404337235025,-0.0025045693346332615,-0.0004308611652218211,0.0004111132251726869,0.010208706682924283,-0.008028748063287117,-0.009603329095310796,-0.002320886986095212,0.016218270165496106,-0.0018910283291742702,0.00019386903533880536,-0.0028123363040043216,-0.013054608630118246,-0.003909144369941667,0.01275187440628325,0.003941576828624664,0.005081181231334085,0.03216040390147977,0.008934142495734173,0.012474965781453065,0.014734962303295431,0.006148750845755138,0.03890595802461124,-0.0035531583838269024,0.02069935931219182,0.010188714000332128,0.01121422224357383,0.006832494616669041,0.011951519299722456,0.038283944602474085,0.0015522643491049026,-0.0017307371128765855,-0.008740476642243322,-0.007298071814611731,0.006726317775557066,-0.0035483634028936166,0.019036078092868832,-0.006650181415318534,0.009767132188877458,0.0004469624936928428,0.046031072209129505,0.010291687902343935,-0.020340778702491572,-0.0006504026264424375,-0.006599517483256968,-0.011579323128773196,-0.00669720099337811,-0.011955921429685868,-0.005181502092456502,-0.0071972625626993665,-0.003596510232755274,-0.00770520551836229,-0.007241956200102655,-0.0033191539714119236,0.04601283503903045,0.04572460843802149,0.03671448525336854,0.014279190400901358,0.02705669982595367,0.03202494808723787,0.016251867372754396,-0.0005179578005426818,-0.0035161913469026174,,,0.027392885039214835,0.0028007679556010003,0.10145641536345447,,,-0.003461414814073607,0.21453026210861986,-0.006430412375359272,-0.0016401343264662918,-0.0007326124630395142,-0.0005179578005426824,-0.0022638249346807917,-0.0020894927656706186,0.07427264775854509,-0.006695179746612636,0.16359374430327916,-0.003497646658521242,-0.003943646058402065,-0.002962203586260382,-0.0016828750710589859,0.07814785869392718,0.06050815863919164,-0.0023229845131180365,-0.0012939129000816678,-0.001036380449931324,,-0.005331181054848037,0.09518865070886762,0.39368013572915606,0.011249251380025522,-0.002327768543369354,-0.0005179578005426817,0.055475802157888825,0.05432378618204399,-0.002044055254705909,,-0.0027811089013174578,0.08419807919156252,-0.002819919734564262,-0.005008845533175543,,0.080161690737785,0.0327523447763659,-0.004788314653804899,-0.003091507837072226,-0.0023049395264008597,-0.003547952163410041,0.06959910498372418,-0.003970960068300533,-0.001831578492110257,-0.003836713813543551,-0.004216440752438765,-0.0028493500419323544,-0.0005179578005426812,,,,,,,,,-0.0005179578005426817,0.5771776424047265,,,-0.0005179578005426817,-0.0005179578005426819,-0.0005179578005426818,-0.0010176836479744637,-0.001311400062005159,-0.0005179578005426818,0.36452571908052456,,-0.000780999358364703,-0.0013716182328758993,-0.0012696816144215349,0.40782093775866224,-0.0015557348858554086,,1.0,0.2171728868720168,-0.0010363804499313241,-0.0011588819627734665,0.2347500229330473,-0.0005179578005426816,-0.00185637938651894,0.1384266055403606,,
This Year in Baseball Postseason Moment of the Year,0.05600029204362327,0.0984331197484764,0.009835271047177557,0.000754760502162196,0.03260903282588763,0.025649049212294675,0.04188853761198852,,0.03896030453635435,0.04374743929340648,0.03809696042526394,0.047664740951912345,0.02133979613531011,0.047426689337364505,0.03920638636711262,0.021863062086382716,0.0197186658642021,0.03830482857069979,0.061471447169724976,0.025323667153503274,0.05835368181163492,-0.012744336333897013,0.04982559450997665,0.030260666582530266,,0.12168430127918023,0.11933257892050325,0.11555610344232017,0.11782204625414257,0.11942650601222118,0.04764306358804659,0.13159549857831046,0.12537752550230485,0.08119076483554637,0.040467322485518535,0.09827561058384549,0.13280806557692992,0.03393027451121031,0.12564051584842412,0.005036558503034075,0.02276085534395659,0.11158655612375365,-0.007213656826903478,-0.01718090656522113,-0.020979168889022664,-0.007049231824648815,-0.010865627371282724,-0.006083481142250788,-0.013444191803489353,-0.011640141229243318,-0.012044649780918628,-0.013406718215789816,-0.009189944396757452,-0.018393003071385368,-0.005375257790363588,-0.017422553871387726,-0.02252393155995543,-0.016710471791399575,-0.014731967572425586,-0.007782051111824245,-0.009117795772457315,-0.012279083977457122,-0.0200188552127033,-0.014067015769749546,-0.00596892202329796,-0.003216183190028575,0.006676643911562707,0.0023608072515446084,-0.002974594016905023,-0.011807492986897246,-0.00036170578898724233,-0.001368312214024959,0.02127331928996396,-0.005430789107045695,-0.0023589770706505062,-0.007056813900727911,-0.0066739620067193025,-0.0037482189350790665,-0.011162369535756373,0.001834566481996602,-0.014872729529369978,-0.01344248391248602,-0.005757219297706531,-0.001244014603967748,-0.01154629916062812,-0.0054234602667835785,-0.0033765248526773112,-0.010164402733798634,-0.007874974036212599,-0.007798617190010118,-0.011754584517790146,-0.008949363059488414,0.035731163887133745,0.05629630495875514,0.048457222675061355,0.0037414619754870524,0.0011134322204719236,-0.011582975451533995,0.00043713512833929867,-0.011000583397567936,-0.005497049803445315,-0.011826916425876109,-0.011068894937033471,-0.005073127422239198,0.11688839965273123,0.11708645203389124,0.11352092574055257,0.04675397825675968,0.04804037607587187,0.06368198981089958,0.03874037171624407,-0.0007916673779306474,-0.005374287212178864,,,0.010114178016748248,0.028471226852047355,-0.004139641931925437,,,0.0442955112276768,0.041710525117978695,-0.009828498960493934,-0.0025068467746353074,-0.0011197541325685902,-0.0007916673779306429,-0.003460120396401055,-0.003193664150381309,0.04567111186668261,-0.010233179979569443,-0.0026050100293248503,0.05143984932213858,-0.006027626056158667,-0.004527550205006074,-0.0025721734347745025,0.10190917813232858,-0.002907914509821801,-0.003550542257587089,-0.0019776681262547798,-0.0015840452493930614,,-0.008148389931656801,0.059818086891827944,-0.002913826345158528,0.03542503537229429,-0.003557854360389736,-0.0007916673779306439,0.031064432937359734,0.06860103138777916,-0.0031242156448709514,,-0.004250757859691975,-0.005285409174909477,0.040477253194560886,-0.00765571945350392,,0.022705206387010766,0.012662670262246049,-0.007318651254432164,-0.004725183983449522,-0.003522961579577796,-0.005422831711941251,0.04195143256191583,-0.006069373879194502,-0.0027994576793782854,-0.0058641865446488585,-0.006444576355806912,-0.00435506034302363,-0.0007916673779306436,,,,,,,,,-0.0007916673779306439,-0.000791667377930647,,,-0.0007916673779306448,-0.0007916673779306438,-0.000791667377930645,-0.0015554683109525803,-0.0020043962025824654,-0.000791667377930647,-0.0015026673479134186,,-0.0011937105948675777,0.1410601976639712,-0.0019406320619994538,-0.0011197541325685875,-0.0023778473005908398,,0.2171728868720168,1.0,-0.0015840452493930649,-0.0017712814515752954,0.1526630555439569,-0.0007916673779306467,-0.002837364356382248,0.04066408260711051,,
This Year in Baseball Rookie of the Year,0.013560639474575817,0.06844884077891927,-0.010374199488176144,-0.006244666453313098,0.0023593581257712846,0.003173444619717614,0.005278061193931324,,0.010097966673450831,0.01347812239326654,0.01252442858737185,0.017930519722796526,-0.004346462396962595,0.02152189133206788,0.01280710482183203,0.02413953624158184,0.031374309805378836,0.012880713836882331,0.029233332934565374,0.01436100402476216,0.009284219946617246,-0.015073907088334247,0.024829142736614806,0.02386919745358273,,0.02777768122983894,0.03175432175307563,0.022212373614012484,0.024999890064264993,0.029810988007423142,0.05467177898191632,0.02442108650572247,0.039425102218652676,0.022769809903157176,0.04968893440591044,0.030926290274427958,0.04905903320096586,0.007957515905687409,0.02676106483785698,0.01663595285319369,0.005767693396893672,0.03442534087274703,-0.005984451168297136,-0.004426544222296618,-0.009314004999060878,-0.00048038840396451944,-0.01285476688615398,-0.014000595009766791,-0.010076062529110086,-0.0067710297082748646,-0.007936205340936066,-0.004907932746938839,-0.001762739211519197,-0.001497891154453153,0.004621723421477269,-0.006552036245930832,-0.006739278277272468,-0.012981470145051334,0.007217230254561826,-0.0011887838343063036,-0.0020393985484298796,-0.006640388145032642,-0.013773899590415785,-0.0059926714535668574,-0.003467595715744397,0.0037374391993514598,0.010622781005387216,0.0038236507814089203,-0.0034255761353088067,0.004200731938020887,0.00020698541207020242,-0.007135065348104377,-0.005569266231061414,-0.004103447681969817,-0.00020176333349244044,-0.002752069395480433,0.001614923096084479,-0.0014917676027906876,0.00020597803903668388,0.00202858320591116,0.010940086480935522,0.035837383925339035,-0.010094142940595721,0.030885666108492457,0.016014198711058622,-0.004097910086605262,-3.5812956791479035e-05,0.0036570909271660063,0.0009837954949841051,-0.0106991081379235,-0.008881641625425528,0.0010078048597872015,0.007958308820766452,0.028371709654077103,0.022199046491057934,-0.011594693073586302,0.020197586552102288,-0.003693201364285437,0.007719004914711511,-0.008311926232691037,-0.004153513573995339,-0.00896461402259966,-0.008363541720375492,-0.0038332022383482604,0.032094560543549755,0.03415469798635772,0.03556654274659374,0.0049787753071487565,0.043034471854256844,0.004514407247618095,0.023363898502739643,-0.0005981756247257098,-0.004060755438734413,,,-0.010352690044033103,-0.00429171572128641,-0.0031278703250889463,,,-0.00399749548452392,-0.004523833251770388,-0.007426311440515731,-0.0018941473114993893,-0.0008460745591655406,-0.0005981756247257133,-0.0026144309307698844,0.2218710806601182,-0.003941543599775366,0.01891215240264657,-0.0019683184442704656,-0.004039338673611372,-0.004554411464042344,0.07606906404156914,-0.0019435074554555024,-0.002494649465661831,-0.0021971899146689218,0.10952338090625169,-0.0014943054367287747,-0.0011968880909634992,,-0.006156838558408427,-0.0033517561164067267,-0.0022016568358714473,0.008170095094672751,-0.0026882776959589044,-0.0005981756247257122,0.04630696429924462,0.0436570764362015,-0.002360624799310899,,-0.0032118283627214504,-0.003993600119530806,0.23362923605038885,-0.005784581876791274,,0.035501411944342594,0.0032099508761919736,0.043680300717474085,-0.0035702998001913926,-0.0026619130742219677,-0.0040974351571134325,-0.004811995481899487,-0.004585955684281235,-0.002115241063276443,-0.004430918271537952,0.05779668235561942,-0.0032906382327080527,-0.0005981756247257121,,,,,,,,,-0.0005981756247257122,-0.0005981756247257102,,,-0.0005981756247257114,-0.0005981756247257129,-0.0005981756247257115,-0.0011752956539363897,-0.0015145008928012717,-0.0005981756247257101,-0.0011353997962409157,,-0.0009019552917452191,-0.001584045249393069,-0.0014663213723465616,-0.0008460745591655429,0.1651944366673133,,-0.0010363804499313241,-0.0015840452493930649,1.0,-0.0013383618150727204,-0.0014663213723465596,-0.0005981756247257101,-0.002143882953583193,-0.004494596625452616,,
This Year in Baseball Setup Man of the Year,0.03496865906205293,0.020875439835570747,0.006982481082585988,0.017910813787225924,0.012054438785733276,0.01343714489700986,-0.020240127435993308,,-0.042771572323807364,-0.037020581816418735,-0.03957252392264696,-0.03770095299543172,-0.029315207651325288,-0.02502098777909509,-0.036211948618703464,-0.022157521113298165,-0.02505737561682808,-0.034158757814077165,-0.038175925450493586,-0.019106244014876195,-0.02788570289478799,-0.029451806529953474,-0.02531705036771727,-0.029954207156332836,,0.024478828976316258,-0.020783662911369457,-0.01739158183603627,-0.01926606144807267,-0.01748160906002858,-0.011947241019695192,-0.01318490090870776,-0.01733322452805778,-0.010364369875554039,-0.012437485477294428,-0.016210196526848873,-0.018962738298489077,-0.010871522223634716,-0.011122435108017283,-0.01487387136210734,-0.011444283898134025,-0.015103046085747559,0.0052480462997219176,0.008018021870430025,0.08269609338810927,-0.008235786895659462,-0.014227023298747735,-0.014243807902222983,0.07862773028394457,0.009374462868977754,0.006576096091766785,0.01043021049873665,0.02028671464281029,0.01650588392623223,0.028065390985690594,0.03538766734752557,0.042079830898061416,0.02941422437391091,0.03051873727999953,0.016429999697251292,0.018978403447244836,0.009510512717782148,0.07402579141485736,0.007795065709573215,0.024387930562447514,0.029501319797045143,0.0280861881354168,0.045789124349438035,0.016455096492496955,0.11606087103522288,-0.01104674627908118,-0.007978439322814442,-0.006227560720088964,0.03948727779809715,0.02893029913156858,0.019017904341483174,0.013355073769346188,0.025609670503781205,0.031371568925201314,0.04637424712309579,0.06546965664633633,0.05084109632188181,0.033673729774101054,0.09608176627643712,0.034504645990460006,-0.004582288371754804,0.02800095609975336,0.05902424561816571,0.014915688102201164,-0.004439183366715304,0.03169360045463947,0.042483030868825135,-0.016707156414131827,-0.030264901735029985,-0.030660846367224968,-0.028057637823945103,-0.02338420753865486,-0.025978987275154783,-0.022543263989828734,-0.009294406689751407,-0.004644464263443917,-0.010024243022632575,-0.009352123194999314,-0.004286291712641862,0.028978809146243158,-0.02116771039177275,-0.014117955261949531,-0.014513981947109995,-0.008744101511565856,-0.016737016198955873,-0.012410899146896363,-0.000668880759098953,-0.004540741996334864,,,-0.011576391429430604,0.007824787988711914,-0.003497588652777222,,,-0.004470004633520573,-0.0050585562072489485,-0.008304111080947368,-0.00211803797946782,-0.0009460816689888684,-0.00066888075909895,-0.0029234600563789494,-0.0026983308404066814,-0.0044074391634534955,-0.008646026580787367,-0.0022009762362948195,-0.004516793741807584,-0.0050927488038558745,-0.003825332838519939,-0.002173232556434646,-0.002789520266799258,-0.002456900611224683,-0.002999857600139501,-0.001670934276707029,-0.0013383618150727185,,-0.006884584858311971,-0.0037479380348952075,-0.002461895528304695,0.005901057132323915,-0.0030060356049551413,-0.0006688807590989508,-0.0077991273356409685,-0.01006801476886265,0.09830070420224174,,0.0681521756838415,-0.004465648831334976,-0.003641590204215944,-0.0064683269542993764,,-0.008168432755697782,-0.012999076476283395,-0.006183537610758949,-0.00399231386544362,-0.002976554650747345,-0.004581757304981284,-0.005380779586579685,-0.0051280215918238815,0.17350535007020576,-0.004954658555889394,-0.005445030634217853,-0.0036795959381044035,-0.0006688807590989517,,,,,,,,,-0.0006688807590989516,-0.0006688807590989527,,,-0.0006688807590989524,-0.0006688807590989517,-0.0006688807590989525,-0.0013142171239945621,-0.0016935168618705694,-0.0006688807590989529,-0.001269605524194769,,-0.0010085675766084588,-0.0017712814515753019,-0.0016396424596336876,-0.0009460816689888679,-0.0020090461622885307,,-0.0011588819627734665,-0.0017712814515752954,-0.0013383618150727204,1.0,-0.001639642459633685,-0.0006688807590989528,-0.002397292698226518,-0.00502586377379531,,
This Year in Baseball Starter of the Year,0.02318865464794648,0.04150597580006149,-0.004226375781273751,0.01832450455771021,0.001996811166194041,-0.0013744218551532093,-0.044845129969596866,,-0.04237733092192246,-0.0394673092729243,-0.0415040027777898,-0.03970702497445628,-0.03176155870669466,-0.027328495516622472,-0.03831877669860761,-0.024275981577436042,-0.027234547519060185,-0.036555174299516845,-0.030220907285889782,-0.0209329746476361,-0.029835145268122403,-0.003454751483945135,-0.027205675379568924,-0.030498292361430562,,0.0026762815758861695,-0.011826337737930159,-0.018026219404958427,-0.014988792772047534,-0.013442774512838934,-0.013089505879845137,-0.014445497306465915,-0.01570797082938871,-0.011355297863607977,-0.013626622164661753,-0.016563303362048587,0.0013827541382889165,-0.011910938586954573,-0.012185841024265374,0.05705774321778865,-0.012538461484814332,-0.00536190777787573,0.06745053898647999,0.04879371194145362,0.033079292073089316,0.07421532808013938,0.00010937478286933618,0.028878799537878943,-0.011795830062823871,0.06039291783496787,0.05650938147747939,0.06224919371157749,0.08816801953490679,0.051651335318868806,0.10166269601851166,0.036385566519749085,0.043021913301560105,0.02108603824154283,0.07098979501224814,0.07632384139409924,0.044638870537345214,0.059296616226367546,-0.013647639875143187,0.05442178107715738,0.07740293812515076,0.07543354751469859,0.10180105037055677,0.13879970553086451,0.08672401204764638,0.06634928402602029,0.12244559487681028,0.0435811548919662,0.17878405867303843,-0.005027180971894043,0.11716704871373418,0.10291705133368712,0.10125169334205542,0.10928617670604444,0.08583611508197406,0.1449352065901799,0.07205644809414734,0.04906997971796919,0.02868329529415635,0.07529931367398042,0.1206437609834418,-0.005020396800094072,0.1164062199440465,-0.0094089995039077,0.09490742871984484,0.09681227730392511,0.09046299454523672,0.10340455520110295,-0.04254255843147316,-0.014028378652877666,-0.024032385319048694,-0.02945661105308764,-0.020783690393237186,-0.02622966907838665,-0.02324167765322972,-0.010183036469643181,-0.005088517272302474,-0.010982651791274663,-0.010246271197523993,-0.004696100169308274,0.006406508208970311,0.005517541737253727,-0.0010321872804263535,-0.013369929618215915,-0.0033223962718492905,0.008182638861974147,-0.01359749393936723,-0.0007328318408164478,-0.004974878213463979,,,0.013036791931143613,0.0039626624687421974,0.0698567358997549,,,-0.004897377715653991,0.09748114300178082,-0.009098059597337947,-0.0023205416665049053,-0.0010365356778714594,-0.0007328318408164473,0.09080699257965875,-0.002956315800697885,0.2149979257463662,0.0014080549559924809,-0.0024114095747199984,-0.00494864028807769,-0.0055796618903689406,0.12565447068304036,-0.0023810133468327643,0.45143820817734587,-0.002691802646636587,-0.003286671259999899,-0.0018306907849046968,-0.0014663213723465586,,-0.007542813762157305,-0.0041062749855118805,-0.002697275123200858,0.1694904325105145,0.04918203641110156,-0.0007328318408164461,-0.008544794814906824,0.07685992987497448,-0.0028920286043905793,,-0.003934847884379992,-0.004892605459178555,-0.003989759335355491,-0.007086757818101054,,-0.00894940919067133,-0.0021256036202717847,0.07360923203542438,-0.004374015367210258,-0.0032611403367864564,-0.005019814958508812,0.2289314718421138,-0.005618307077550212,-0.0025914061658433712,-0.005428368959245598,-0.005965625066493369,-0.004031398762933861,-0.0007328318408164469,,,,,,,,,-0.0007328318408164453,-0.0007328318408164475,,,-0.0007328318408164474,0.40794305805448966,-0.0007328318408164475,-0.0014398682292892102,-0.0018554324705200606,-0.0007328318408164477,-0.0013909913549609877,,-0.0011049958063518118,-0.001940632061999455,-0.001796407185628746,0.28798416250195324,-0.002201129240701209,,0.2347500229330473,0.1526630555439569,-0.0014663213723465596,-0.001639642459633685,1.0,-0.0007328318408164474,-0.00262649567522881,0.044833383850206555,,
This Year in Baseball X-Factor Player of the Year,0.03494218598241186,-0.007255718273357485,0.0051971843551402,0.004826282629166342,-0.0031518785373993666,-0.004822509729370005,0.003859675742979396,,0.0037820196636194794,-8.497172509532551e-05,0.0031195486154700224,0.01073683292687417,-0.009806335199556208,0.0009487389265633741,0.001838069472612402,-0.00599439741169011,-0.0058501594541649875,0.006396541896495633,0.004380434942585201,0.021911727920879785,0.033145752251126974,-0.005342334335394469,0.004452662615243692,0.015719240067223958,,0.05545284281890053,0.04609730023800709,0.045074955084830844,0.04449259019055005,0.05508183565259998,0.027323628494830735,0.0393520766311461,0.04313725679098005,0.0228170223274175,-0.005558885916805173,0.06598489592631668,0.02406654398382608,0.048156763694679874,0.11733327132513979,0.013301600455063518,-0.005114978321413601,0.020627121149461716,-0.010461951874586296,-0.011238685982816087,-0.012134549459886164,-0.009658516825115999,-0.006621863521841756,-0.00744783117666664,-0.0051316620778546025,-0.010929519484344851,-0.010938082687856406,-0.01128515828768444,-0.010365337072330744,-0.011230230326184585,-0.010674327285218811,-0.007843361318797953,-0.008354326085232153,-0.0091507167229038,-0.00987853404277641,-0.009844536948526413,-0.007806074588276401,-0.010995430063513468,-0.00753482823164806,-0.011003198811545193,-0.008005812137990212,-0.008309833590487259,-0.007724439685154612,-0.005225302790287363,-0.005833184107904463,-0.006759942732763044,-0.004937300423739867,-0.003565932524757042,-0.002783384121022687,-0.0020508035790677962,-0.006111501297758339,-0.006153834981208104,-0.006117399376294154,-0.005434661633243738,-0.0062236291219932,-0.005728378639045261,-0.007259525760468059,-0.006140583823561287,-0.005044807701863602,-0.004212283884057988,-0.004360175137878829,-0.0020480360232773415,-0.006101216891160831,-0.0038383360308572837,-0.006124214158783575,-0.005347154627679817,-0.004438828966542714,-0.004932779331858469,0.0048962765898119725,0.01371743203386363,0.011877886440535793,0.02890338077386102,-0.004569794295032566,-0.005611964165913919,-0.0070651825767012325,0.0157113628723123,-0.0020758252970261657,0.05615213821916883,0.033827592861765836,-0.001915741463997812,0.055648529019546415,0.059375105669898086,0.059126576639884076,0.12836052605146253,0.01393336148502737,0.04444871257481132,0.00823196697531269,-0.0002989536621823621,0.07978495090269584,,,-0.0051740232703760755,-0.007787049410035372,-0.0015632336890117433,,,-0.001997851241771798,-0.0022609020859705622,-0.0037114902545000443,-0.000946648863776879,-0.00042284753421346574,-0.0002989536621823638,-0.001306629138616094,-0.0012060085083114987,-0.001969887847477263,-0.003864308061625758,-0.0009837177961331486,-0.002018763452330062,-0.0022761843344671993,-0.0017097176822405875,-0.0009713178659755138,-0.0012467652689172237,-0.0010981022033480948,-0.0013407747246241637,-0.0007468175971461998,-0.0005981756247257107,,-0.003077038512469934,-0.0016751263748023722,-0.001100334662172856,-0.0031455880648858263,-0.0013435359599258067,-0.0002989536621823632,-0.0034857897272412334,0.0046544381294859605,-0.0011797829928561524,,-0.0016051938789332092,-0.001995904432871384,-0.0016275946241663644,-0.002890993656007706,,-0.0036508493530234267,-0.005809886836644122,-0.0027637081629751127,-0.00178434920487708,-0.0013303595617335147,-0.0020477986650417443,-0.0024049185761764818,-0.0022919493703050064,-0.0010571461559554032,-0.0022144654334827108,-0.002433635332831818,-0.00164458113958833,-0.00029895366218236316,,,,,,,,,-0.0002989536621823632,-0.00029895366218236213,,,-0.0002989536621823628,-0.00029895366218236354,-0.0002989536621823629,-0.0005873842486517425,-0.0007569107960375519,-0.0002989536621823621,-0.0005674452670701413,,-0.00045077536838054454,-0.0007916673779306491,-0.0007328318408164487,-0.0004228475342134669,-0.0008979353936248097,,-0.0005179578005426816,-0.0007916673779306467,-0.0005981756247257101,-0.0006688807590989528,-0.0007328318408164474,1.0,-0.0010714606777197323,-0.002246290329579514,,
Triple Crown,-0.04060258784288441,-0.026004755257932912,0.07909202306150988,0.045780676333052536,0.08787547680942354,0.08172460689030843,0.1259007092217917,,0.12373253412073587,0.17539026475277283,0.15306769668684067,0.15958865535120176,0.16115671675029616,0.15933006384828738,0.18627960810687738,0.08102931312342398,0.052843096812198405,0.16822559518384564,0.058973462022251025,0.04706718566503843,0.0677127974481827,0.05342204014700009,0.006561247303523409,0.040408608812925365,,0.03829506913348988,0.05225669002316563,0.07586508691691021,0.05972553427552046,0.034612985068409124,0.09792886727366809,0.08833733336469429,0.07961737572987732,0.016190754000537037,0.023647461872432676,0.06720626029758521,0.040088834877665305,0.04592200706567787,0.026017631021805616,-0.005951163569751149,0.003165314200153419,0.01260242200504852,-0.03647993630466244,-0.039144733174033206,-0.04290929892989087,-0.033631921888487466,-0.022023553491422144,-0.026693294813112486,-0.018306142683035945,-0.03802609411036712,-0.038049058162404774,-0.03948687517465568,-0.03752743306988059,-0.039098842709832084,-0.03769185831901314,-0.036463065207845306,-0.044503881015858476,-0.03279649785846396,-0.02960510610835828,-0.03461475095316411,-0.027977252085252664,-0.03821207935569786,-0.027043980232938736,-0.03771913776111849,-0.028693118647381943,-0.02978274246786245,-0.027684669656303874,-0.018727673138711768,-0.020906341644702026,-0.024227877888897104,-0.01769546229843219,-0.012780430424526307,-0.009975748799645431,-0.007350153788574921,-0.021903840463364934,-0.02205556590746342,-0.021924979388973375,-0.019478022761871033,-0.022305710618321078,-0.020530715074775198,-0.026018401428680938,-0.022008073281853148,-0.018080772249938978,-0.015096976943562435,-0.01562702451645697,-0.007340234769081325,-0.021866980780220525,-0.013756734387918995,-0.021949403814522456,-0.0191643945065679,-0.015908922667328452,-0.017679258542519345,0.1298504986255838,0.013280754490212633,0.03628020662527667,0.0889611776570396,0.030996732074874182,0.0738062843953147,0.055395959563932146,-0.013868669749727306,-0.0074398325256931335,-0.01605754400399523,-0.014980894756385086,-0.00686608631038872,0.030720710369067664,0.04190412597526108,0.041488752624245305,0.03826417982921939,-0.005108972279639729,0.0022701352416549256,0.017157584491094915,-0.0010714606777197328,-0.007273682835932279,,,0.17888106271567142,0.11996199167809118,-0.005602685766201194,,,0.051561689062911246,0.020139714983226042,0.2623370026764395,-0.0033928235758699833,-0.0015155007711666964,-0.0010714606777197347,-0.004683005828294381,-0.0043223778702632665,-0.0070601488962605385,0.012995794448572922,-0.003525679962692137,0.06001296659548361,-0.0081579265221898,-0.006127689666519116,-0.003481238167019213,-0.004468451566171462,-0.00393563779221132,-0.004805384836660644,-0.0026766211289399513,-0.0021438829535831917,,0.27562753462499257,-0.006003713176515951,-0.0039436390049340415,-0.011273900761830198,-0.004815281203295006,-0.0010714606777197336,-0.01249319575573581,-0.01664030654338253,-0.00422838467961891,,-0.005753072596060704,-0.007153393274050898,-0.005833357672663322,0.013449926998671412,,-0.013084775391234222,0.20172228800590541,-0.009905229458318308,-0.0063951717279182195,0.27567189268260395,0.26978607445322655,-0.00861931467465683,0.16949341170700616,-0.003788849845290897,-0.00793672376121938,-0.008722236563364311,0.03519351245565089,-0.001071460677719733,,,,,,,,,-0.0010714606777197336,-0.0010714606777197325,,,-0.0010714606777197332,-0.0010714606777197345,-0.0010714606777197336,-0.0021052062736009675,-0.0027127955167883635,-0.001071460677719732,-0.0020337442464677057,,-0.0016155951333011495,-0.0028373643563822572,-0.002626495675228818,-0.0015155007711666994,-0.0032182327467689203,,-0.00185637938651894,-0.002837364356382248,-0.002143882953583193,-0.002397292698226518,-0.00262649567522881,-0.0010714606777197323,1.0,0.019549550451164806,,
World Series MVP,0.15549768288950605,0.07061637128665431,0.16437575553900202,0.18897542584698654,0.13272754436428455,0.1063673747198499,0.07253459629861345,,0.060211742672696016,0.059062519248495975,0.057516297185317825,0.06586372153776869,-0.012247146544642463,0.10464551113626577,0.07163485441707973,-0.004769992631983753,0.033331164643191025,0.07362490106532996,0.11235766165964747,0.12035632652396377,0.059983519313124296,0.001092764852929206,0.12059141217561385,0.09920049220158161,,0.2334277799847689,0.21321989956341597,0.21345176342749936,0.22277498877862034,0.21847243838168615,0.0846033005664319,0.23326565692861329,0.22516108866421983,0.047468095587197404,0.05706359473215256,0.19849086254649645,0.2126769620655565,0.1594011371593635,0.1313777144109073,0.12697667796397066,0.17041182401684693,0.17353646276610868,0.0675490244092753,0.04203236514106963,0.029558614725417518,0.06528310451978515,0.026223473500276453,0.07460461148016631,0.03703559808181512,0.05772446104576745,0.04749756547538684,0.04955611753204702,0.07941652133080801,0.05762628944986856,0.10042073343975769,0.016433786326028932,0.008577015936895735,0.0706686994601567,0.050225147247565265,0.03754826368078264,0.05587655992698899,0.05580117240763403,0.012557155465282046,0.04139889363639911,0.060309967593841975,0.05329983880319704,0.047368269890725255,0.21741454145100453,0.13485812483601053,0.11944601603770218,0.1715268981279661,0.167765068241511,0.2495592338609503,0.10996173075240773,0.19404124989345595,0.16460872289316586,0.13858089716954683,0.15670202879938588,0.15412098809072863,0.21385633995137643,0.09281160524483666,0.04478420529843248,0.10813533658011132,0.09097401578329022,0.12562309169660232,0.03525759280835253,0.1915846939984207,0.09399547949968771,0.13679968702327372,0.1255248876998007,0.10032507160339173,0.16650955394898967,0.06454263218135718,0.1216037145578215,0.09748813311567424,0.010626516557786278,0.03749005259091323,-0.003198889498326599,0.02629730737670285,-0.0051630737082129655,-0.0015476535281915107,0.015467207662143595,0.019847104586171085,0.009562275977114737,0.23306760427979395,0.22691625285488284,0.2215183819155903,0.10393579336968754,0.16772074887303373,0.14688213089611346,0.11362018901898543,-0.0022462903295795145,0.045217189754937694,,,0.13947670883702576,0.1207961720204195,0.12155568193061733,,,0.04957040126526579,0.6663589403517507,-0.027887548211155286,0.10993618609701103,-0.0031772092037823866,-0.0022462903295795184,0.04686963622527521,0.018552666937306804,0.18402988759239608,0.11858689878198697,0.09837595556868405,0.1327493293573088,0.14748227684731494,0.006727472286822171,0.03273479643917192,0.05914635405563221,0.031683071090618235,0.01755582541813997,-0.005611468794806046,-0.004494596625452611,,0.10585009120196275,0.11294205699925823,0.09719873970673007,0.11883295758466461,0.10065326919225874,-0.0022462903295795166,0.08533124234777364,0.15337129965261692,0.018921052471284342,,0.08668284805993977,0.11587402981473091,0.0023535007954172274,0.030652510327030688,,0.1122344484512854,0.19196578667355718,0.05194051128848445,0.05175686005143216,-0.009996110422499913,0.11355847755664052,0.1864618360293442,0.0913571666660617,0.06467437242207669,-0.016639141504765944,0.0434389297824368,0.03283077839695193,-0.002246290329579517,,,,,,,,,-0.0022462903295795166,0.12096825791260163,,,-0.002246290329579517,-0.002246290329579518,-0.0022462903295795175,0.10318292485891672,0.033308042624368144,-0.0022462903295795145,0.11267334561224725,,0.10808590681759343,-0.00594846292334229,0.09517314974376097,-0.0031772092037823906,0.034373774361113975,,0.1384266055403606,0.04066408260711051,-0.004494596625452616,-0.00502586377379531,0.044833383850206555,-0.002246290329579514,0.019549550451164806,1.0,,
retired_five,,,,,,,,,,,,,,,,,,,,,,,,,,,,,,,,,,,,,,,,,,,,,,,,,,,,,,,,,,,,,,,,,,,,,,,,,,,,,,,,,,,,,,,,,,,,,,,,,,,,,,,,,,,,,,,,,,,,,,,,,,,,,,,,,,,,,,,,,,,,,,,,,,,,,,,,,,,,,,,,,,,,,,,,,,,,,,,,,,,,,,,,,,,,,,,,,,,,,,,,,,,,,
hof_eligibility,,,,,,,,,,,,,,,,,,,,,,,,,,,,,,,,,,,,,,,,,,,,,,,,,,,,,,,,,,,,,,,,,,,,,,,,,,,,,,,,,,,,,,,,,,,,,,,,,,,,,,,,,,,,,,,,,,,,,,,,,,,,,,,,,,,,,,,,,,,,,,,,,,,,,,,,,,,,,,,,,,,,,,,,,,,,,,,,,,,,,,,,,,,,,,,,,,,,,,,,,,,,,
