,Player,Prediction,Truth
1743, Boland,Not Eligible,Not Eligible
1815, Booth,Not Eligible,Not Eligible
2977, Carroll,Not Eligible,Not Eligible
5406, Edwards,Not Eligible,Not Eligible
5669, Evans,Not Eligible,Not Eligible
6294, Franklin,Not Eligible,Not Eligible
8227, Hellings,Not Eligible,Not Eligible
8509, Higby,Not Eligible,Not Eligible
9559, Jones,Not Eligible,Not Eligible
9560, Jones,Not Eligible,Not Eligible
10949, Leonard,Not Eligible,Not Eligible
11002, Lewis,Not Eligible,Not Eligible
11513, Macey,Not Eligible,Not Eligible
12205, McBride,Not Eligible,Not Eligible
12377, McDoolan,Not Eligible,Not Eligible
12646, McRemer,Not Eligible,Not Eligible
13588, Murphy,Not Eligible,Not Eligible
14320, O'Rourke,Not Eligible,Not Eligible
15509, Quinlan,Not Eligible,Not Eligible
15992, Richardson,Not Eligible,Not Eligible
17208, Scott,Not Eligible,Not Eligible
17378, Shaffer,Not Eligible,Not Eligible
17492, Sheridan,Not Eligible,Not Eligible
17776, Smith,Not Eligible,Not Eligible
18132, Spencer,Not Eligible,Not Eligible
18207, Stafford,Not Eligible,Not Eligible
18443, Stoddard,Not Eligible,Not Eligible
18616, Sullivan,Not Eligible,Not Eligible
18755, Sweigert,Not Eligible,Not Eligible
20663, Wills,Not Eligible,Not Eligible
20881, Wood,Not Eligible,Not Eligible
51,A. J. Achter,Not Eligible,Not Eligible
217,A. J. Alexy,Not Eligible,Not Eligible
2524,A. J. Burnett,Not Inducted,Not Inducted
3598,A. J. Cole,Not Eligible,Not Eligible
5492,A. J. Ellis,Not Inducted,Not Inducted
7415,A. J. Griffin,Not Eligible,Not Eligible
8586,A. J. Hinch,Not Eligible,Not Eligible
9391,A. J. Jimenez,Not Eligible,Not Eligible
10556,A. J. Ladwig,Not Eligible,Not Eligible
13081,A. J. Minter,Not Eligible,Not Eligible
13390,A. J. Morris,Not Eligible,Not Eligible
13635,A. J. Murray,Not Eligible,Not Eligible
15133,A. J. Pierzynski,Not Inducted,Not Inducted
15454,A. J. Puk,Not Eligible,Not Eligible
15767,A. J. Reed,Not Eligible,Not Eligible
16746,A. J. Sager,Not Eligible,Not Eligible
17148,A. J. Schugel,Not Eligible,Not Eligible
15253,AJ Pollock,Not Eligible,Not Eligible
15637,AJ Ramos,Not Eligible,Not Eligible
17950,AJ Smith-Shawver,Not Eligible,Not Eligible
312,Aaron Altherr,Not Eligible,Not Eligible
574,Aaron Ashby,Not Eligible,Not Eligible
965,Aaron Barrett,Not Eligible,Not Eligible
1050,Aaron Bates,Not Eligible,Not Eligible
1596,Aaron Blair,Not Eligible,Not Eligible
1804,Aaron Boone,Not Inducted,Not Inducted
2206,Aaron Brooks,Not Eligible,Not Eligible
2454,Aaron Bummer,Not Eligible,Not Eligible
3389,Aaron Civale,Not Eligible,Not Eligible
3401,Aaron Clapp,Not Eligible,Not Eligible
3795,Aaron Cook,Not Inducted,Not Inducted
4153,Aaron Crow,Not Eligible,Not Eligible
4243,Aaron Cunningham,Not Eligible,Not Eligible
6076,Aaron Fletcher,Not Eligible,Not Eligible
6454,Aaron Fultz,Not Eligible,Not Eligible
7544,Aaron Guiel,Not Eligible,Not Eligible
7860,Aaron Harang,Not Inducted,Not Inducted
8195,Aaron Heilman,Not Eligible,Not Eligible
8496,Aaron Hicks,Not Eligible,Not Eligible
8535,Aaron Hill,Not Inducted,Not Inducted
8709,Aaron Holbert,Not Eligible,Not Eligible
9721,Aaron Judge,Not Eligible,Not Eligible
10559,Aaron Laffey,Not Eligible,Not Eligible
10828,Aaron Ledesma,Not Eligible,Not Eligible
11268,Aaron Looper,Not Eligible,Not Eligible
11328,Aaron Loup,Not Eligible,Not Eligible
12911,Aaron Miles,Not Eligible,Not Eligible
13705,Aaron Myette,Not Eligible,Not Eligible
13989,Aaron Nola,Not Eligible,Not Eligible
14027,Aaron Northcraft,Not Eligible,Not Eligible
15237,Aaron Pointer,Not Eligible,Not Eligible
15285,Aaron Poreda,Not Eligible,Not Eligible
15590,Aaron Rakers,Not Eligible,Not Eligible
16208,Aaron Robinson,Not Eligible,Not Eligible
16561,Aaron Rowand,Not Inducted,Not Inducted
16805,Aaron Sanchez,Not Eligible,Not Eligible
17030,Aaron Scheffer,Not Eligible,Not Eligible
17179,Aaron Schunk,Not Eligible,Not Eligible
17299,Aaron Sele,Not Inducted,Not Inducted
17751,Aaron Slegers,Not Eligible,Not Eligible
17761,Aaron Small,Not Eligible,Not Eligible
18869,Aaron Taylor,Not Eligible,Not Eligible
19084,Aaron Thompson,Not Eligible,Not Eligible
20056,Aaron Ward,Not Inducted,Not Inducted
20444,Aaron Whitefield,Not Eligible,Not Eligible
20531,Aaron Wilkerson,Not Eligible,Not Eligible
20969,Ab Wright,Not Eligible,Not Eligible
9424,Abbie Johnson,Not Eligible,Not Eligible
322,Abe Alvarez,Not Eligible,Not Eligible
1921,Abe Bowman,Not Eligible,Not Eligible
9425,Abe Johnson,Not Eligible,Not Eligible
10471,Abe Kruger,Not Eligible,Not Eligible
20396,Abe White,Not Eligible,Not Eligible
20868,Abe Wolstenholme,Not Eligible,Not Eligible
4574,Abel De Los Santos,Not Eligible,Not Eligible
11166,Abel Lizotte,Not Eligible,Not Eligible
639,Abiatal Avelino,Not Eligible,Not Eligible
8792,Abie Hood,Not Eligible,Not Eligible
4334,Abner Dalrymple,Not Inducted,Not Inducted
15332,Abner Powell,Not Eligible,Not Eligible
19539,Abner Uribe,Not Eligible,Not Eligible
285,Abraham Almonte,Not Eligible,Not Eligible
716,Abraham Bailey,Not Eligible,Not Eligible
14052,Abraham Nunez,Not Eligible,Not Eligible
14053,Abraham Nunez,Not Inducted,Not Inducted
19273,Abraham Toro,Not Eligible,Not Eligible
72,Ace Adams,Not Eligible,Not Eligible
14581,Ace Parker,Not Eligible,Not Eligible
18387,Ace Stewart,Not Eligible,Not Eligible
20552,Ace Williams,Not Eligible,Not Eligible
2086,Ad Brennan,Not Eligible,Not Eligible
7564,Ad Gumbert,Not Eligible,Not Eligible
11132,Ad Liska,Not Eligible,Not Eligible
18763,Ad Swigler,Not Eligible,Not Eligible
21041,Ad Yale,Not Eligible,Not Eligible
349,Adael Amador,Not Eligible,Not Eligible
12718,Adalberto Mejia,Not Eligible,Not Eligible
12756,Adalberto Mendez,Not Eligible,Not Eligible
13181,Adalberto Mondesi,Not Eligible,Not Eligible
1402,Adam Bernero,Not Eligible,Not Eligible
2623,Adam Butler,Not Eligible,Not Eligible
3372,Adam Cimber,Not Eligible,Not Eligible
3697,Adam Comorosky,Not Inducted,Not Inducted
3723,Adam Conley,Not Eligible,Not Eligible
4611,Adam DeBus,Not Eligible,Not Eligible
5246,Adam Dunn,Not Inducted,Not Inducted
5304,Adam Duvall,Not Eligible,Not Eligible
5359,Adam Eaton,Not Eligible,Not Eligible
5360,Adam Eaton,Not Inducted,Not Inducted
5542,Adam Engel,Not Eligible,Not Eligible
5691,Adam Everett,Not Inducted,Not Inducted
6310,Adam Frazier,Not Eligible,Not Eligible
7359,Adam Greenberg,Not Eligible,Not Eligible
8041,Adam Haseley,Not Eligible,Not Eligible
9135,Adam Hyzdu,Not Eligible,Not Eligible
9426,Adam Johnson,Not Eligible,Not Eligible
9561,Adam Jones,Not Inducted,Not Inducted
9981,Adam Kennedy,Not Inducted,Not Inducted
10236,Adam Kloffenstein,Not Eligible,Not Eligible
10331,Adam Kolarek,Not Eligible,Not Eligible
10702,Adam LaRoche,Not Inducted,Not Inducted
11036,Adam Liberatore,Not Eligible,Not Eligible
11073,Adam Lind,Not Inducted,Not Inducted
11206,Adam Loewen,Not Eligible,Not Eligible
12175,Adam Mazur,Not Eligible,Not Eligible
12327,Adam McCreery,Not Eligible,Not Eligible
12737,Adam Melhuse,Not Eligible,Not Eligible
13235,Adam Moore,Not Eligible,Not Eligible
13349,Adam Morgan,Not Eligible,Not Eligible
14235,Adam Oller,Not Eligible,Not Eligible
14420,Adam Ottavino,Not Eligible,Not Eligible
14974,Adam Peterson,Not Eligible,Not Eligible
14975,Adam Peterson,Not Eligible,Not Eligible
15014,Adam Pettyjohn,Not Eligible,Not Eligible
15086,Adam Piatt,Not Eligible,Not Eligible
15221,Adam Plutko,Not Eligible,Not Eligible
16056,Adam Riggs,Not Eligible,Not Eligible
16253,Adam Rocap,Not Eligible,Not Eligible
16475,Adam Rosales,Not Inducted,Not Inducted
16653,Adam Russell,Not Eligible,Not Eligible
17370,Adam Shabala,Not Eligible,Not Eligible
18371,Adam Stern,Not Eligible,Not Eligible
19898,Adam Wainwright,Not Eligible,Not Eligible
20096,Adam Warren,Not Eligible,Not Eligible
20529,Adam Wilk,Not Eligible,Not Eligible
348,Adbert Alzolay,Not Eligible,Not Eligible
9704,Addie Joss,Not Eligible,Not Eligible
884,Addison Barger,Not Eligible,Not Eligible
15768,Addison Reed,Not Eligible,Not Eligible
16654,Addison Russell,Not Eligible,Not Eligible
8173,Adeiny Hechavarria,Not Eligible,Not Eligible
16681,Adley Rutschman,Not Eligible,Not Eligible
17067,Admiral Schlei,Not Eligible,Not Eligible
15049,Adolfo Phillips,Not Eligible,Not Eligible
6583,Adolis Garcia,Not Eligible,Not Eligible
6584,Adonis Garcia,Not Eligible,Not Eligible
12685,Adonis Medina,Not Eligible,Not Eligible
16471,Adonis Rosa,Not Eligible,Not Eligible
18981,Adonis Terry,Not Inducted,Not Inducted
1296,Adrian Beltre,Inducted,Inducted
2232,Adrian Brown,Not Eligible,Not Eligible
2892,Adrian Cardenas,Not Eligible,Not Eligible
4655,Adrian Del Castillo,Not Eligible,Not Eligible
4779,Adrian Devine,Not Eligible,Not Eligible
6680,Adrian Garrett,Not Eligible,Not Eligible
7100,Adrian Gonzalez,Not Inducted,Not Inducted
8351,Adrian Hernandez,Not Eligible,Not Eligible
8880,Adrian Houser,Not Eligible,Not Eligible
11462,Adrian Lynch,Not Eligible,Not Eligible
11940,Adrian Martinez,Not Eligible,Not Eligible
13328,Adrian Morejon,Not Eligible,Not Eligible
13945,Adrian Nieto,Not Eligible,Not Eligible
16793,Adrian Sampson,Not Eligible,Not Eligible
16806,Adrian Sanchez,Not Eligible,Not Eligible
21168,Adrian Zabala,Not Eligible,Not Eligible
3205,Adron Chambers,Not Eligible,Not Eligible
13206,Agustin Montero,Not Eligible,Not Eligible
13391,Akeel Morris,Not Eligible,Not Eligible
1856,Akeem Bostick,Not Eligible,Not Eligible
686,Akil Baddoo,Not Eligible,Not Eligible
9198,Akinori Iwamura,Not Eligible,Not Eligible
14416,Akinori Otsuka,Not Eligible,Not Eligible
21,Al Aber,Not Eligible,Not Eligible
180,Al Alburquerque,Not Eligible,Not Eligible
603,Al Atkinson,Not Eligible,Not Eligible
635,Al Autry,Not Eligible,Not Eligible
740,Al Baird,Not Eligible,Not Eligible
746,Al Baker,Not Eligible,Not Eligible
887,Al Barker,Not Eligible,Not Eligible
900,Al Barlick,Not Eligible,Not Eligible
1027,Al Bashang,Not Eligible,Not Eligible
1080,Al Bauer,Not Eligible,Not Eligible
1345,Al Benton,Not Inducted,Not Inducted
1380,Al Bergman,Not Eligible,Not Eligible
1615,Al Blanche,Not Eligible,Not Eligible
1802,Al Bool,Not Eligible,Not Eligible
1875,Al Boucher,Not Eligible,Not Eligible
1976,Al Bradley,Not Eligible,Not Eligible
2019,Al Braithwood,Not Eligible,Not Eligible
2023,Al Brancato,Not Eligible,Not Eligible
2065,Al Brazle,Not Inducted,Not Inducted
2133,Al Bridwell,Not Inducted,Not Inducted
2407,Al Buckenberger,Not Eligible,Not Eligible
2452,Al Bumbry,Not Inducted,Not Inducted
2465,Al Burch,Not Eligible,Not Eligible
2565,Al Burris,Not Eligible,Not Eligible
2795,Al Campanis,Not Eligible,Not Eligible
2996,Al Carson,Not Eligible,Not Eligible
3206,Al Chambers,Not Eligible,Not Eligible
3367,Al Cicotte,Not Eligible,Not Eligible
3370,Al Cihocki,Not Eligible,Not Eligible
3395,Al Clancy,Not Eligible,Not Eligible
3480,Al Clauss,Not Eligible,Not Eligible
3533,Al Closter,Not Eligible,Not Eligible
3920,Al Corwin,Not Eligible,Not Eligible
3979,Al Cowens,Not Inducted,Not Inducted
4205,Al Cuccinello,Not Eligible,Not Eligible
4295,Al Cypert,Not Eligible,Not Eligible
4386,Al Dark,Inducted,Not Inducted
4792,Al DeVormer,Not Eligible,Not Eligible
4697,Al Demaree,Not Eligible,Not Eligible
5079,Al Downing,Inducted,Not Inducted
5307,Al Dwight,Not Eligible,Not Eligible
5376,Al Eckert,Not Eligible,Not Eligible
5570,Al Epperly,Not Eligible,Not Eligible
5670,Al Evans,Not Inducted,Not Inducted
5817,Al Federoff,Not Eligible,Not Eligible
5880,Al Ferrara,Not Eligible,Not Eligible
6041,Al Fitzmorris,Not Inducted,Not Inducted
6055,Al Flair,Not Eligible,Not Eligible
6404,Al Froehlich,Not Eligible,Not Eligible
6514,Al Gallagher,Not Eligible,Not Eligible
6637,Al Gardella,Not Eligible,Not Eligible
6798,Al Gerheauser,Not Eligible,Not Eligible
6818,Al Gettel,Not Eligible,Not Eligible
6958,Al Gionfriddo,Not Eligible,Not Eligible
7017,Al Glossop,Not Eligible,Not Eligible
7224,Al Gould,Not Eligible,Not Eligible
7234,Al Grabowski,Not Eligible,Not Eligible
7361,Al Greene,Not Eligible,Not Eligible
7508,Al Grunwald,Not Eligible,Not Eligible
7699,Al Hall,Not Eligible,Not Eligible
7744,Al Halt,Not Eligible,Not Eligible
8216,Al Heist,Not Eligible,Not Eligible
8342,Al Hermann,Not Eligible,Not Eligible
8725,Al Holland,Not Inducted,Not Inducted
8742,Al Hollingsworth,Not Inducted,Not Inducted
8945,Al Hrabosky,Not Inducted,Not Inducted
8951,Al Hubbard,Not Eligible,Not Eligible
8988,Al Huenke,Not Eligible,Not Eligible
9047,Al Humphrey,Not Eligible,Not Eligible
9205,Al Jackson,Not Inducted,Not Inducted
9326,Al Javery,Not Eligible,Not Eligible
9327,Al Javier,Not Eligible,Not Eligible
9562,Al Jones,Not Eligible,Not Eligible
9743,Al Jurisich,Not Eligible,Not Eligible
9765,Al Kaiser,Not Eligible,Not Eligible
9775,Al Kaline,Inducted,Inducted
9907,Al Kellett,Not Eligible,Not Eligible
9919,Al Kellogg,Not Eligible,Not Eligible
9976,Al Kenders,Not Eligible,Not Eligible
10202,Al Klawitter,Not Eligible,Not Eligible
10399,Al Kozar,Not Eligible,Not Eligible
10476,Al Krumm,Not Eligible,Not Eligible
10528,Al Kvasnak,Not Eligible,Not Eligible
10588,Al LaMacchia,Not Eligible,Not Eligible
10542,Al Lachowicz,Not Eligible,Not Eligible
10582,Al Lakeman,Not Eligible,Not Eligible
10716,Al Lary,Not Eligible,Not Eligible
10773,Al Lawson,Not Eligible,Not Eligible
10876,Al Lefevre,Not Eligible,Not Eligible
10906,Al Leiter,Not Inducted,Not Inducted
10993,Al Levine,Not Inducted,Not Inducted
11038,Al Libke,Not Eligible,Not Eligible
11278,Al Lopez,Not Inducted,Inducted
11417,Al Lukens,Not Eligible,Not Eligible
11438,Al Luplow,Not Eligible,Not Eligible
11481,Al Lyons,Not Eligible,Not Eligible
11643,Al Mahon,Not Eligible,Not Eligible
11723,Al Mamaux,Not Inducted,Not Inducted
11897,Al Martin,Not Eligible,Not Eligible
11896,Al Martin,Not Inducted,Not Inducted
12073,Al Mattern,Not Eligible,Not Eligible
12108,Al Maul,Not Inducted,Not Inducted
12164,Al Mays,Not Eligible,Not Eligible
12202,Al McBean,Not Inducted,Not Inducted
12266,Al McCauley,Not Eligible,Not Eligible
12565,Al McLean,Not Eligible,Not Eligible
13050,Al Milnar,Not Eligible,Not Eligible
13214,Al Montgomery,Not Eligible,Not Eligible
13224,Al Montreuil,Not Eligible,Not Eligible
13236,Al Moore,Not Eligible,Not Eligible
13306,Al Moran,Not Eligible,Not Eligible
13684,Al Myers,Not Eligible,Not Eligible
13732,Al Naples,Not Eligible,Not Eligible
13800,Al Neiger,Not Eligible,Not Eligible
13859,Al Nevin,Not Eligible,Not Eligible
13875,Al Newman,Not Eligible,Not Eligible
13898,Al Nichols,Not Eligible,Not Eligible
13928,Al Niehaus,Not Eligible,Not Eligible
13942,Al Niemiec,Not Eligible,Not Eligible
13960,Al Nipper,Not Eligible,Not Eligible
13972,Al Nixon,Not Eligible,Not Eligible
14220,Al Oliver,Not Inducted,Not Inducted
14241,Al Olmsted,Not Eligible,Not Eligible
14348,Al Orth,Not Inducted,Not Inducted
14398,Al Osuna,Not Eligible,Not Eligible
14553,Al Papai,Not Eligible,Not Eligible
14564,Al Pardo,Not Eligible,Not Eligible
14767,Al Pedrique,Not Eligible,Not Eligible
15110,Al Piechota,Not Eligible,Not Eligible
15125,Al Pierotti,Not Eligible,Not Eligible
15142,Al Pilarcik,Not Eligible,Not Eligible
15207,Al Platte,Not Eligible,Not Eligible
15302,Al Porto,Not Eligible,Not Eligible
15372,Al Pratt,Not Eligible,Not Eligible
15571,Al Raffo,Not Eligible,Not Eligible
15729,Al Reach,Not Eligible,Not Eligible
15853,Al Reiss,Not Eligible,Not Eligible
16019,Al Richter,Not Eligible,Not Eligible
16503,Al Rosen,Not Inducted,Not Inducted
16594,Al Rubeling,Not Eligible,Not Eligible
16905,Al Santorini,Not Eligible,Not Eligible
16945,Al Sauter,Not Eligible,Not Eligible
16994,Al Schacht,Not Eligible,Not Eligible
17026,Al Scheer,Not Eligible,Not Eligible
17041,Al Schellhase,Not Eligible,Not Eligible
17080,Al Schmelz,Not Eligible,Not Eligible
17141,Al Schroll,Not Eligible,Not Eligible
17171,Al Schulz,Not Eligible,Not Eligible
17193,Al Schweitzer,Not Eligible,Not Eligible
17350,Al Severinsen,Not Eligible,Not Eligible
17417,Al Shaw,Not Eligible,Not Eligible
17416,Al Shaw,Not Eligible,Not Eligible
17443,Al Shealy,Not Eligible,Not Eligible
17624,Al Silvera,Not Eligible,Not Eligible
17630,Al Sima,Not Eligible,Not Eligible
17632,Al Simmons,Not Inducted,Inducted
17779,Al Smith,Not Inducted,Not Inducted
17778,Al Smith,Not Eligible,Not Eligible
17777,Al Smith,Not Inducted,Not Inducted
18100,Al Spalding,Not Eligible,Not Eligible
18104,Al Spangler,Not Inducted,Not Inducted
18167,Al Spohrer,Not Eligible,Not Eligible
18235,Al Stanek,Not Eligible,Not Eligible
18446,Al Stokes,Not Eligible,Not Eligible
18554,Al Strueve,Not Eligible,Not Eligible
18838,Al Tate,Not Eligible,Not Eligible
18939,Al Tedrow,Not Eligible,Not Eligible
18992,Al Tesch,Not Eligible,Not Eligible
19006,Al Thake,Not Eligible,Not Eligible
19221,Al Todd,Not Inducted,Not Inducted
19515,Al Unser,Not Eligible,Not Eligible
19615,Al Van Camp,Not Eligible,Not Eligible
19698,Al Veach,Not Eligible,Not Eligible
19707,Al Veigel,Not Eligible,Not Eligible
19739,Al Verdel,Not Eligible,Not Eligible
20246,Al Weis,Not Inducted,Not Inducted
20346,Al Weston,Not Eligible,Not Eligible
20487,Al Wickland,Not Eligible,Not Eligible
20492,Al Widmar,Not Eligible,Not Eligible
20553,Al Williams,Not Eligible,Not Eligible
20638,Al Williamson,Not Eligible,Not Eligible
20777,Al Wingo,Not Eligible,Not Eligible
20925,Al Woods,Not Eligible,Not Eligible
20962,Al Worthington,Not Inducted,Not Inducted
20971,Al Wright,Not Eligible,Not Eligible
20970,Al Wright,Not Eligible,Not Eligible
21059,Al Yates,Not Eligible,Not Eligible
21068,Al Yeargin,Not Eligible,Not Eligible
21194,Al Zarilla,Not Inducted,Not Inducted
9363,Alamazoo Jennings,Not Eligible,Not Eligible
575,Alan Ashby,Not Inducted,Not Inducted
845,Alan Bannister,Not Inducted,Not Inducted
1309,Alan Benes,Not Eligible,Not Eligible
2121,Alan Brice,Not Eligible,Not Eligible
2596,Alan Busenitz,Not Eligible,Not Eligible
3562,Alan Cockrell,Not Eligible,Not Eligible
5522,Alan Embree,Not Inducted,Not Inducted
6213,Alan Foster,Not Inducted,Not Inducted
6247,Alan Fowlkes,Not Eligible,Not Eligible
7883,Alan Hargesheimer,Not Eligible,Not Eligible
9427,Alan Johnson,Not Eligible,Not Eligible
10262,Alan Knicely,Not Eligible,Not Eligible
10306,Alan Koch,Not Eligible,Not Eligible
13033,Alan Mills,Not Inducted,Not Inducted
13876,Alan Newman,Not Eligible,Not Eligible
18474,Alan Storke,Not Eligible,Not Eligible
18503,Alan Strange,Not Eligible,Not Eligible
19332,Alan Trammell,Inducted,Inducted
19355,Alan Trejo,Not Eligible,Not Eligible
20505,Alan Wiggins,Not Eligible,Not Eligible
20801,Alan Wirth,Not Eligible,Not Eligible
21247,Alan Zinter,Not Eligible,Not Eligible
18036,Alay Soler,Not Eligible,Not Eligible
36,Albert Abreu,Not Eligible,Not Eligible
292,Albert Almora,Not Eligible,Not Eligible
1279,Albert Belle,Not Inducted,Not Inducted
7700,Albert Hall,Not Eligible,Not Eligible
15452,Albert Pujols,Not Eligible,Not Eligible
18591,Albert Suarez,Not Eligible,Not Eligible
20554,Albert Williams,Not Eligible,Not Eligible
21155,Albert Youngblood,Not Eligible,Not Eligible
21171,Albert Zachary,Not Eligible,Not Eligible
512,Alberto Arias,Not Eligible,Not Eligible
789,Alberto Baldonado,Not Eligible,Not Eligible
2683,Alberto Cabrera,Not Eligible,Not Eligible
2757,Alberto Callaspo,Not Inducted,Not Inducted
3074,Alberto Castillo,Not Inducted,Not Inducted
3073,Alberto Castillo,Not Eligible,Not Eligible
7101,Alberto Gonzalez,Not Eligible,Not Eligible
11224,Alberto Lois,Not Eligible,Not Eligible
15906,Alberto Reyes,Not Inducted,Not Inducted
16478,Alberto Rosario,Not Eligible,Not Eligible
11279,Albie Lopez,Not Inducted,Not Inducted
14749,Albie Pearson,Not Eligible,Not Eligible
2927,Albin Carlstrom,Not Eligible,Not Eligible
5607,Alcides Escobar,Not Eligible,Not Eligible
20535,Aldon Wilkie,Not Eligible,Not Eligible
578,Alec Asher,Not Eligible,Not Eligible
1456,Alec Bettinger,Not Eligible,Not Eligible
1733,Alec Bohm,Not Eligible,Not Eligible
2521,Alec Burleson,Not Eligible,Not Eligible
4919,Alec Distaso,Not Eligible,Not Eligible
11857,Alec Marsh,Not Eligible,Not Eligible
13034,Alec Mills,Not Eligible,Not Eligible
17780,Aleck Smith,Not Eligible,Not Eligible
4803,Aledmys Diaz,Not Eligible,Not Eligible
3186,Alejandro Chacin,Not Eligible,Not Eligible
4545,Alejandro De Aza,Not Inducted,Not Inducted
6352,Alejandro Freire,Not Eligible,Not Eligible
10172,Alejandro Kirk,Not Eligible,Not Eligible
11519,Alejandro Machado,Not Eligible,Not Eligible
14271,Alejandro Oms,Not Eligible,Not Eligible
14798,Alejandro Peña,Not Inducted,Not Inducted
16807,Alejandro Sanchez,Not Eligible,Not Eligible
11280,Alejo Lopez,Not Eligible,Not Eligible
9248,Alek Jacob,Not Eligible,Not Eligible
11760,Alek Manoah,Not Eligible,Not Eligible
19034,Alek Thomas,Not Eligible,Not Eligible
7851,Alen Hanson,Not Eligible,Not Eligible
513,Alex Arias,Not Inducted,Not Inducted
645,Alex Avila,Not Eligible,Not Eligible
1130,Alex Beam,Not Eligible,Not Eligible
1627,Alex Blandino,Not Eligible,Not Eligible
2079,Alex Bregman,Not Eligible,Not Eligible
2525,Alex Burnett,Not Eligible,Not Eligible
2684,Alex Cabrera,Not Eligible,Not Eligible
2743,Alex Call,Not Eligible,Not Eligible
2965,Alex Carrasquel,Not Eligible,Not Eligible
3066,Alex Castellanos,Not Eligible,Not Eligible
3377,Alex Cintron,Not Eligible,Not Eligible
3478,Alex Claudio,Not Eligible,Not Eligible
3550,Alex Cobb,Not Eligible,Not Eligible
3599,Alex Cole,Not Eligible,Not Eligible
3675,Alex Colome,Not Eligible,Not Eligible
3851,Alex Cora,Not Inducted,Not Inducted
4549,Alex De Goti,Not Eligible,Not Eligible
4675,Alex Delgado,Not Eligible,Not Eligible
4804,Alex Diaz,Not Eligible,Not Eligible
4843,Alex Dickerson,Not Eligible,Not Eligible
5608,Alex Escobar,Not Eligible,Not Eligible
5720,Alex Faedo,Not Eligible,Not Eligible
5771,Alex Farmer,Not Eligible,Not Eligible
5850,Alex Ferguson,Not Inducted,Not Inducted
5864,Alex Fernandez,Not Inducted,Not Inducted
5897,Alex Ferson,Not Eligible,Not Eligible
6580,Alex Garbowski,Not Eligible,Not Eligible
6643,Alex Gardner,Not Eligible,Not Eligible
6714,Alex Gaston,Not Eligible,Not Eligible
6780,Alex George,Not Eligible,Not Eligible
7102,Alex Gonzalez,Not Inducted,Not Inducted
7103,Alex Gonzalez,Not Inducted,Not Inducted
7177,Alex Gordon,Not Eligible,Not Eligible
7274,Alex Graman,Not Eligible,Not Eligible
7276,Alex Grammas,Not Inducted,Not Inducted
7527,Alex Guerrero,Not Eligible,Not Eligible
7871,Alex Hardy,Not Eligible,Not Eligible
8048,Alex Hassan,Not Eligible,Not Eligible
8352,Alex Hernandez,Not Eligible,Not Eligible
8413,Alex Herrera,Not Eligible,Not Eligible
8600,Alex Hinshaw,Not Eligible,Not Eligible
8800,Alex Hooks,Not Eligible,Not Eligible
9206,Alex Jackson,Not Eligible,Not Eligible
9428,Alex Johnson,Not Inducted,Not Inducted
9563,Alex Jones,Not Eligible,Not Eligible
9783,Alex Kampouris,Not Eligible,Not Eligible
9917,Alex Kellner,Not Inducted,Not Inducted
10171,Alex Kirilloff,Not Eligible,Not Eligible
10350,Alex Konikowski,Not Eligible,Not Eligible
10651,Alex Lange,Not Eligible,Not Eligible
11042,Alex Liddi,Not Eligible,Not Eligible
11591,Alex Madrid,Not Eligible,Not Eligible
11658,Alex Main,Not Eligible,Not Eligible
11700,Alex Malloy,Not Eligible,Not Eligible
12240,Alex McCarthy,Not Eligible,Not Eligible
12293,Alex McColl,Not Eligible,Not Eligible
12397,Alex McFarlan,Not Eligible,Not Eligible
12538,Alex McKinnon,Not Eligible,Not Eligible
12642,Alex McRae,Not Eligible,Not Eligible
12719,Alex Mejia,Not Eligible,Not Eligible
12848,Alex Metzler,Not Eligible,Not Eligible
12852,Alex Meyer,Not Eligible,Not Eligible
13178,Alex Monchak,Not Eligible,Not Eligible
13677,Alex Mustaikis,Not Eligible,Not Eligible
14119,Alex Ochoa,Not Eligible,Not Eligible
14476,Alex Pacheco,Not Eligible,Not Eligible
14750,Alex Pearson,Not Eligible,Not Eligible
14784,Alex Pelaez,Not Eligible,Not Eligible
15184,Alex Pitko,Not Eligible,Not Eligible
15261,Alex Pompez,Not Eligible,Not Eligible
15387,Alex Presley,Not Eligible,Not Eligible
15409,Alex Prieto,Not Eligible,Not Eligible
15601,Alex Ramirez,Not Eligible,Not Eligible
15865,Alex Remneas,Not Eligible,Not Eligible
15907,Alex Reyes,Not Eligible,Not Eligible
16082,Alex Rios,Not Inducted,Not Inducted
16276,Alex Rodriguez,Inducted,Not Inducted
16425,Alex Romero,Not Eligible,Not Eligible
16721,Alex Sabo,Not Eligible,Not Eligible
16802,Alex Sanabia,Not Eligible,Not Eligible
16809,Alex Sanchez,Not Eligible,Not Eligible
16808,Alex Sanchez,Not Eligible,Not Eligible
17335,Alex Serrano,Not Eligible,Not Eligible
17711,Alex Skinner,Not Eligible,Not Eligible
18115,Alex Speas,Not Eligible,Not Eligible
18864,Alex Taveras,Not Eligible,Not Eligible
19281,Alex Torres,Not Eligible,Not Eligible
19365,Alex Trevino,Not Inducted,Not Inducted
19741,Alex Verdugo,Not Eligible,Not Eligible
19757,Alex Vesia,Not Eligible,Not Eligible
19842,Alex Voss,Not Eligible,Not Eligible
20275,Alex Wells,Not Eligible,Not Eligible
20397,Alex White,Not Eligible,Not Eligible
20674,Alex Wilson,Not Eligible,Not Eligible
20758,Alex Wimmers,Not Eligible,Not Eligible
20882,Alex Wood,Not Eligible,Not Eligible
21109,Alex Young,Not Eligible,Not Eligible
2835,Alexander Canario,Not Eligible,Not Eligible
3017,Alexander Cartwright,Not Eligible,Not Eligible
5006,Alexander Donoghue,Not Eligible,Not Eligible
15602,Alexei Ramirez,Not Eligible,Not Eligible
352,Alexi Amarista,Not Eligible,Not Eligible
3048,Alexi Casilla,Not Eligible,Not Eligible
14165,Alexi Ogando,Not Eligible,Not Eligible
4805,Alexis Diaz,Not Eligible,Not Eligible
7073,Alexis Gomez,Not Eligible,Not Eligible
9154,Alexis Infante,Not Eligible,Not Eligible
370,Alf Anderson,Not Eligible,Not Eligible
15456,Alfonso Pulido,Not Eligible,Not Eligible
16113,Alfonso Rivas,Not Eligible,Not Eligible
18060,Alfonso Soriano,Not Inducted,Not Inducted
12837,Alfred Metcalfe,Not Eligible,Not Eligible
50,Alfredo Aceves,Not Eligible,Not Eligible
364,Alfredo Amezaga,Not Eligible,Not Eligible
2685,Alfredo Cabrera,Not Eligible,Not Eligible
5932,Alfredo Figaro,Not Eligible,Not Eligible
7104,Alfredo Gonzalez,Not Eligible,Not Eligible
7416,Alfredo Griffin,Inducted,Not Inducted
11881,Alfredo Marte,Not Eligible,Not Eligible
17645,Alfredo Simon,Not Eligible,Not Eligible
12206,Algie McBride,Not Eligible,Not Eligible
16810,Ali Sanchez,Not Eligible,Not Eligible
18038,Ali Solis,Not Eligible,Not Eligible
20555,Alika Williams,Not Eligible,Not Eligible
371,Allan Anderson,Not Eligible,Not Eligible
3638,Allan Collamore,Not Eligible,Not Eligible
5323,Allan Dykstra,Not Eligible,Not Eligible
11003,Allan Lewis,Not Eligible,Not Eligible
15603,Allan Ramirez,Not Eligible,Not Eligible
17653,Allan Simpson,Not Eligible,Not Eligible
19337,Allan Travers,Not Eligible,Not Eligible
20759,Allan Winans,Not Eligible,Not Eligible
1074,Allen Battle,Not Eligible,Not Eligible
1338,Allen Benson,Not Eligible,Not Eligible
3721,Allen Conkwright,Not Eligible,Not Eligible
3879,Allen Cordoba,Not Eligible,Not Eligible
4018,Allen Craig,Not Eligible,Not Eligible
5480,Allen Elliott,Not Eligible,Not Eligible
10996,Allen Levrault,Not Eligible,Not Eligible
12355,Allen McDill,Not Eligible,Not Eligible
16091,Allen Ripley,Not Eligible,Not Eligible
16655,Allen Russell,Not Inducted,Not Inducted
18078,Allen Sothoron,Not Inducted,Not Inducted
20149,Allen Watson,Not Eligible,Not Eligible
20213,Allen Webster,Not Eligible,Not Eligible
3406,Allie Clark,Not Eligible,Not Eligible
13479,Allie Moulton,Not Eligible,Not Eligible
15924,Allie Reynolds,Not Inducted,Not Inducted
18542,Allie Strobel,Not Eligible,Not Eligible
20161,Allie Watt,Not Eligible,Not Eligible
18483,Allyn Stout,Not Eligible,Not Eligible
2081,Alonzo Breitenstein,Not Eligible,Not Eligible
7933,Alonzo Harris,Not Eligible,Not Eligible
15333,Alonzo Powell,Not Eligible,Not Eligible
3581,Alta Cohen,Not Eligible,Not Eligible
2233,Alton Brown,Not Eligible,Not Eligible
20556,Alva Williams,Not Eligible,Not Eligible
5629,Alvaro Espinoza,Not Inducted,Not Inducted
3636,Alvin Colina,Not Eligible,Not Eligible
4447,Alvin Davis,Not Eligible,Not Eligible
13380,Alvin Morman,Not Eligible,Not Eligible
16797,Amado Samuel,Not Eligible,Not Eligible
2967,Amalio Carreno,Not Eligible,Not Eligible
16876,Amauri Sanit,Not Eligible,Not Eligible
6585,Amaury Garcia,Not Eligible,Not Eligible
18951,Amaury Telemaco,Not Eligible,Not Eligible
2483,Ambiorix Burgos,Not Eligible,Not Eligible
12412,Ambrose McGann,Not Eligible,Not Eligible
15476,Ambrose Puttmann,Not Eligible,Not Eligible
12295,Amby McConnell,Not Eligible,Not Eligible
13636,Amby Murray,Not Eligible,Not Eligible
16479,Amed Rosario,Not Eligible,Not Eligible
6681,Amir Garrett,Not Eligible,Not Eligible
1816,Amos Booth,Not Eligible,Not Eligible
4133,Amos Cross,Not Eligible,Not Eligible
14410,Amos Otis,Not Inducted,Not Inducted
16649,Amos Rusie,Inducted,Inducted
18555,Amos Strunk,Not Inducted,Not Inducted
20647,Amos Willingham,Not Eligible,Not Eligible
11941,Anastacio Martinez,Not Eligible,Not Eligible
5630,Anderson Espinoza,Not Eligible,Not Eligible
6586,Anderson Garcia,Not Eligible,Not Eligible
8353,Anderson Hernandez,Not Eligible,Not Eligible
11520,Anderson Machado,Not Eligible,Not Eligible
17346,Anderson Severino,Not Eligible,Not Eligible
18946,Anderson Tejeda,Not Eligible,Not Eligible
4429,Andre David,Not Eligible,Not Eligible
4530,Andre Dawson,Inducted,Inducted
5660,Andre Ethier,Not Inducted,Not Inducted
9207,Andre Jackson,Not Eligible,Not Eligible
11117,Andre Lipcius,Not Eligible,Not Eligible
14531,Andre Pallante,Not Eligible,Not Eligible
16048,Andre Rienzo,Not Eligible,Not Eligible
16184,Andre Robertson,Not Eligible,Not Eligible
16267,Andre Rodgers,Not Inducted,Not Inducted
17242,Andre Scrubb,Not Eligible,Not Eligible
19144,Andre Thornton,Not Inducted,Not Inducted
17633,Andrelton Simmons,Not Eligible,Not Eligible
1438,Andres Berumen,Not Eligible,Not Eligible
1616,Andres Blanco,Not Inducted,Not Inducted
6505,Andres Galarraga,Inducted,Not Inducted
6945,Andres Gimenez,Not Eligible,Not Eligible
11521,Andres Machado,Not Eligible,Not Eligible
13294,Andres Mora,Not Eligible,Not Eligible
13561,Andres Munoz,Not Eligible,Not Eligible
16881,Andres Santana,Not Eligible,Not Eligible
19035,Andres Thomas,Not Eligible,Not Eligible
19282,Andres Torres,Not Eligible,Not Eligible
10,Andrew Abbott,Not Eligible,Not Eligible
170,Andrew Albers,Not Eligible,Not Eligible
717,Andrew Bailey,Not Eligible,Not Eligible
1278,Andrew Bellatti,Not Eligible,Not Eligible
1314,Andrew Benintendi,Not Eligible,Not Eligible
1964,Andrew Brackman,Not Eligible,Not Eligible
2234,Andrew Brown,Not Eligible,Not Eligible
2235,Andrew Brown,Not Eligible,Not Eligible
2910,Andrew Carignan,Not Eligible,Not Eligible
3046,Andrew Cashner,Not Inducted,Not Inducted
3194,Andrew Chafin,Not Eligible,Not Eligible
5806,Andrew Faulkner,Not Eligible,Not Eligible
7148,Andrew Good,Not Eligible,Not Eligible
8143,Andrew Heaney,Not Eligible,Not Eligible
10193,Andrew Kittredge,Not Eligible,Not Eligible
10250,Andrew Knapp,Not Eligible,Not Eligible
10274,Andrew Knizner,Not Eligible,Not Eligible
10608,Andrew Lambo,Not Eligible,Not Eligible
11318,Andrew Lorraine,Not Eligible,Not Eligible
12340,Andrew McCutchen,Not Eligible,Not Eligible
12540,Andrew McKirahan,Not Eligible,Not Eligible
12830,Andrew Messenger,Not Eligible,Not Eligible
12926,Andrew Miller,Not Eligible,Not Eligible
13237,Andrew Moore,Not Eligible,Not Eligible
13738,Andrew Nardi,Not Eligible,Not Eligible
16440,Andrew Romine,Not Eligible,Not Eligible
16716,Andrew Saalfrank,Not Eligible,Not Eligible
18384,Andrew Stevenson,Not Eligible,Not Eligible
18592,Andrew Suarez,Not Eligible,Not Eligible
18678,Andrew Susac,Not Eligible,Not Eligible
18870,Andrew Taylor,Not Eligible,Not Eligible
19085,Andrew Thompson,Not Eligible,Not Eligible
19233,Andrew Toles,Not Eligible,Not Eligible
19370,Andrew Triggs,Not Eligible,Not Eligible
19670,Andrew Vasquez,Not Eligible,Not Eligible
19683,Andrew Vaughn,Not Eligible,Not Eligible
19713,Andrew Velazquez,Not Eligible,Not Eligible
20029,Andrew Walters,Not Eligible,Not Eligible
20053,Andrew Wantz,Not Eligible,Not Eligible
20313,Andrew Werner,Not Eligible,Not Eligible
21110,Andrew Young,Not Eligible,Not Eligible
9564,Andruw Jones,Not Inducted,Not Inducted
13173,Andruw Monasterio,Not Eligible,Not Eligible
3226,Andrés Chaparro,Not Eligible,Not Eligible
3162,Andujar Cedeno,Not Eligible,Not Eligible
4,Andy Abad,Not Eligible,Not Eligible
225,Andy Allanson,Not Eligible,Not Eligible
271,Andy Allison,Not Eligible,Not Eligible
372,Andy Anderson,Not Eligible,Not Eligible
576,Andy Ashby,Not Inducted,Not Inducted
895,Andy Barkett,Not Eligible,Not Eligible
1205,Andy Bednar,Not Eligible,Not Eligible
1217,Andy Beene,Not Eligible,Not Eligible
1310,Andy Benes,Not Inducted,Not Inducted
1861,Andy Boswell,Not Eligible,Not Eligible
2347,Andy Bruckmiller,Not Eligible,Not Eligible
2532,Andy Burns,Not Eligible,Not Eligible
2852,Andy Cannizaro,Not Eligible,Not Eligible
2900,Andy Carey,Not Inducted,Not Inducted
3001,Andy Carter,Not Eligible,Not Eligible
3147,Andy Cavazos,Not Eligible,Not Eligible
3545,Andy Coakley,Not Eligible,Not Eligible
3582,Andy Cohen,Not Eligible,Not Eligible
3796,Andy Cook,Not Eligible,Not Eligible
3830,Andy Cooper,Not Eligible,Not Eligible
4286,Andy Cusick,Not Eligible,Not Eligible
4915,Andy Dirks,Not Eligible,Not Eligible
4979,Andy Dominique,Not Eligible,Not Eligible
5260,Andy Dunning,Not Eligible,Not Eligible
5656,Andy Etchebarren,Not Inducted,Not Inducted
6248,Andy Fox,Not Eligible,Not Eligible
6876,Andy Gilbert,Not Eligible,Not Eligible
7105,Andy Gonzalez,Not Eligible,Not Eligible
7333,Andy Green,Not Eligible,Not Eligible
7840,Andy Hansen,Not Eligible,Not Eligible
7927,Andy Harrington,Not Eligible,Not Eligible
7928,Andy Harrington,Not Eligible,Not Eligible
8051,Andy Hassler,Not Inducted,Not Inducted
8092,Andy Hawkins,Not Inducted,Not Inducted
8521,Andy High,Not Inducted,Not Inducted
9137,Andy Ibanez,Not Eligible,Not Eligible
9804,Andy Karl,Not Eligible,Not Eligible
10296,Andy Knox,Not Eligible,Not Eligible
10377,Andy Kosco,Not Inducted,Not Inducted
10530,Andy Kyle,Not Eligible,Not Eligible
10703,Andy LaRoche,Not Eligible,Not Eligible
10679,Andy Lapihuska,Not Eligible,Not Eligible
10689,Andy Larkin,Not Eligible,Not Eligible
10950,Andy Leonard,Not Eligible,Not Eligible
11882,Andy Marte,Not Eligible,Not Eligible
12408,Andy McGaffigan,Not Inducted,Not Inducted
12798,Andy Merchant,Not Eligible,Not Eligible
12833,Andy Messersmith,Not Inducted,Not Inducted
13466,Andy Mota,Not Eligible,Not Eligible
13808,Andy Nelson,Not Eligible,Not Eligible
14128,Andy O'Connor,Not Eligible,Not Eligible
14221,Andy Oliver,Not Eligible,Not Eligible
14466,Andy Oyler,Not Eligible,Not Eligible
14497,Andy Pafko,Not Inducted,Not Inducted
14510,Andy Pages,Not Eligible,Not Eligible
14620,Andy Parrino,Not Eligible,Not Eligible
15011,Andy Pettitte,Inducted,Not Inducted
15050,Andy Phillips,Not Eligible,Not Eligible
15122,Andy Piercy,Not Eligible,Not Eligible
15150,Andy Pilney,Not Eligible,Not Eligible
15373,Andy Pratt,Not Eligible,Not Eligible
15794,Andy Reese,Not Eligible,Not Eligible
15885,Andy Replogle,Not Eligible,Not Eligible
16074,Andy Rincon,Not Eligible,Not Eligible
16646,Andy Rush,Not Eligible,Not Eligible
17318,Andy Seminick,Not Inducted,Not Inducted
17460,Andy Sheets,Not Eligible,Not Eligible
17684,Andy Sisco,Not Eligible,Not Eligible
18050,Andy Sommers,Not Eligible,Not Eligible
18053,Andy Sommerville,Not Eligible,Not Eligible
18056,Andy Sonnanstine,Not Eligible,Not Eligible
18166,Andy Spognardi,Not Eligible,Not Eligible
18247,Andy Stankiewicz,Not Eligible,Not Eligible
18388,Andy Stewart,Not Eligible,Not Eligible
18617,Andy Sullivan,Not Eligible,Not Eligible
18712,Andy Swan,Not Eligible,Not Eligible
19086,Andy Thompson,Not Eligible,Not Eligible
19245,Andy Tomasic,Not Eligible,Not Eligible
19246,Andy Tomberlin,Not Eligible,Not Eligible
19323,Andy Tracy,Not Eligible,Not Eligible
19626,Andy Van Hekken,Not Eligible,Not Eligible
19630,Andy Van Slyke,Not Inducted,Not Inducted
19649,Andy Varga,Not Eligible,Not Eligible
20536,Andy Wilkins,Not Eligible,Not Eligible
20840,Andy Woehr,Not Eligible,Not Eligible
16277,Aneury Rodriguez,Not Eligible,Not Eligible
21169,Aneurys Zabala,Not Eligible,Not Eligible
487,Angel Aragon,Not Eligible,Not Eligible
1414,Angel Berroa,Not Eligible,Not Eligible
2057,Angel Bravo,Not Eligible,Not Eligible
3110,Angel Castro,Not Eligible,Not Eligible
3265,Angel Chavez,Not Eligible,Not Eligible
3317,Angel Chivilli,Not Eligible,Not Eligible
4550,Angel De Jesus,Not Eligible,Not Eligible
5372,Angel Echevarria,Not Eligible,Not Eligible
5609,Angel Escobar,Not Eligible,Not Eligible
5833,Angel Felipe,Not Eligible,Not Eligible
6069,Angel Fleitas,Not Eligible,Not Eligible
7597,Angel Guzman,Not Eligible,Not Eligible
11734,Angel Mangual,Not Eligible,Not Eligible
11989,Angel Martínez,Not Eligible,Not Eligible
13087,Angel Miranda,Not Eligible,Not Eligible
13337,Angel Moreno,Not Eligible,Not Eligible
13840,Angel Nesbitt,Not Eligible,Not Eligible
14498,Angel Pagan,Not Inducted,Not Inducted
14863,Angel Perdomo,Not Eligible,Not Eligible
14799,Angel Peña,Not Eligible,Not Eligible
16451,Angel Rondon,Not Eligible,Not Eligible
16760,Angel Salazar,Not Eligible,Not Eligible
16779,Angel Salome,Not Eligible,Not Eligible
16812,Angel Sanchez,Not Eligible,Not Eligible
16811,Angel Sanchez,Not Eligible,Not Eligible
16906,Angel Santos,Not Eligible,Not Eligible
19283,Angel Torres,Not Eligible,Not Eligible
21216,Angel Zerpa,Not Eligible,Not Eligible
4304,Angelo Dagres,Not Eligible,Not Eligible
5533,Angelo Encarnacion,Not Eligible,Not Eligible
11118,Angelo LiPetri,Not Eligible,Not Eligible
16813,Anibal Sanchez,Not Eligible,Not Eligible
13238,Anse Moore,Not Eligible,Not Eligible
223,Anthony Alford,Not Eligible,Not Eligible
827,Anthony Banda,Not Eligible,Not Eligible
1032,Anthony Bass,Not Eligible,Not Eligible
1300,Anthony Bemboom,Not Eligible,Not Eligible
1305,Anthony Bender,Not Eligible,Not Eligible
3111,Anthony Castro,Not Eligible,Not Eligible
3266,Anthony Chavez,Not Eligible,Not Eligible
3392,Anthony Claggett,Not Eligible,Not Eligible
4754,Anthony DeSclafani,Not Eligible,Not Eligible
5882,Anthony Ferrari,Not Eligible,Not Eligible
7208,Anthony Gose,Not Eligible,Not Eligible
9837,Anthony Kay,Not Eligible,Not Eligible
10971,Anthony Lerew,Not Eligible,Not Eligible
11682,Anthony Maldonado,Not Eligible,Not Eligible
13093,Anthony Misiewicz,Not Eligible,Not Eligible
13155,Anthony Molina,Not Eligible,Not Eligible
14341,Anthony Ortega,Not Eligible,Not Eligible
15661,Anthony Ranaudo,Not Eligible,Not Eligible
15746,Anthony Recker,Not Eligible,Not Eligible
15869,Anthony Rendon,Not Eligible,Not Eligible
15908,Anthony Reyes,Not Eligible,Not Eligible
16139,Anthony Rizzo,Not Eligible,Not Eligible
16842,Anthony Sanders,Not Eligible,Not Eligible
16893,Anthony Santander,Not Eligible,Not Eligible
17586,Anthony Shumaker,Not Eligible,Not Eligible
17731,Anthony Slama,Not Eligible,Not Eligible
18733,Anthony Swarzak,Not Eligible,Not Eligible
18952,Anthony Telford,Not Eligible,Not Eligible
19668,Anthony Varvaro,Not Eligible,Not Eligible
19671,Anthony Vasquez,Not Eligible,Not Eligible
19726,Anthony Veneziano,Not Eligible,Not Eligible
19829,Anthony Volpe,Not Eligible,Not Eligible
21111,Anthony Young,Not Eligible,Not Eligible
15993,Antoan Richardson,Not Eligible,Not Eligible
5741,Anton Falch,Not Eligible,Not Eligible
20639,Antone Williamson,Not Eligible,Not Eligible
220,Antonio Alfonseca,Not Inducted,Not Inducted
1044,Antonio Bastardo,Not Eligible,Not Eligible
14399,Antonio Osuna,Not Inducted,Not Inducted
14870,Antonio Perez,Not Eligible,Not Eligible
16907,Antonio Santos,Not Eligible,Not Eligible
17325,Antonio Senzatela,Not Eligible,Not Eligible
11281,Aquilino Lopez,Not Eligible,Not Eligible
6587,Aramis Garcia,Not Eligible,Not Eligible
15604,Aramis Ramirez,Inducted,Not Inducted
10940,Arcenio Leon,Not Eligible,Not Eligible
12241,Arch McCarthy,Not Eligible,Not Eligible
15827,Arch Reilly,Not Eligible,Not Eligible
3363,Archi Cianfrocco,Not Eligible,Not Eligible
1977,Archie Bradley,Not Eligible,Not Eligible
2798,Archie Campbell,Not Eligible,Not Eligible
3857,Archie Corbin,Not Eligible,Not Eligible
12505,Archie McKain,Not Eligible,Not Eligible
13239,Archie Moore,Not Eligible,Not Eligible
15925,Archie Reynolds,Not Eligible,Not Eligible
18424,Archie Stimmel,Not Eligible,Not Eligible
20675,Archie Wilson,Not Eligible,Not Eligible
20804,Archie Wise,Not Eligible,Not Eligible
21072,Archie Yelle,Not Eligible,Not Eligible
4806,Argenis Diaz,Not Eligible,Not Eligible
15909,Argenis Reyes,Not Eligible,Not Eligible
8354,Ariel Hernandez,Not Eligible,Not Eligible
9739,Ariel Jurado,Not Eligible,Not Eligible
13088,Ariel Miranda,Not Eligible,Not Eligible
14800,Ariel Peña,Not Eligible,Not Eligible
15410,Ariel Prieto,Not Eligible,Not Eligible
184,Arismendy Alcantara,Not Eligible,Not Eligible
483,Aristides Aquino,Not Eligible,Not Eligible
19679,Arky Vaughan,Not Inducted,Inducted
18871,Arlas Taylor,Not Eligible,Not Eligible
10724,Arlie Latham,Inducted,Not Inducted
15265,Arlie Pond,Not Eligible,Not Eligible
18828,Arlie Tarbert,Not Eligible,Not Eligible
2369,Arlo Brunsberg,Not Eligible,Not Eligible
281,Armando Almanza,Not Eligible,Not Eligible
323,Armando Alvarez,Not Eligible,Not Eligible
1316,Armando Benitez,Not Inducted,Not Inducted
6472,Armando Gabino,Not Eligible,Not Eligible
6506,Armando Galarraga,Not Eligible,Not Eligible
11856,Armando Marsans,Not Eligible,Not Eligible
15947,Armando Reynoso,Not Inducted,Not Inducted
16083,Armando Rios,Not Eligible,Not Eligible
16256,Armando Roche,Not Eligible,Not Eligible
9688,Arndt Jorgens,Not Inducted,Not Inducted
13445,Arnie Moser,Not Eligible,Not Eligible
13562,Arnie Munoz,Not Eligible,Not Eligible
15303,Arnie Portocarrero,Not Eligible,Not Eligible
18450,Arnie Stone,Not Eligible,Not Eligible
3002,Arnold Carter,Not Eligible,Not Eligible
5337,Arnold Earley,Not Eligible,Not Eligible
8079,Arnold Hauser,Not Eligible,Not Eligible
10941,Arnold Leon,Not Eligible,Not Eligible
18286,Arnold Statz,Not Eligible,Not Eligible
19504,Arnold Umbach,Not Eligible,Not Eligible
19815,Arodys Vizcaino,Not Eligible,Not Eligible
3230,Aroldis Chapman,Not Eligible,Not Eligible
2781,Arquimedes Caminero,Not Eligible,Not Eligible
15367,Arquimedez Pozo,Not Eligible,Not Eligible
272,Art Allison,Not Eligible,Not Eligible
688,Art Bader,Not Eligible,Not Eligible
811,Art Ball,Not Eligible,Not Eligible
1307,Art Benedict,Not Eligible,Not Eligible
2021,Art Bramhall,Not Eligible,Not Eligible
2224,Art Brouthers,Not Eligible,Not Eligible
2430,Art Bues,Not Eligible,Not Eligible
2624,Art Butler,Not Eligible,Not Eligible
3153,Art Ceccarelli,Not Eligible,Not Eligible
3862,Art Corcoran,Not Eligible,Not Eligible
4103,Art Croft,Not Eligible,Not Eligible
4356,Art Daney,Not Eligible,Not Eligible
4613,Art Decatur,Not Eligible,Not Eligible
4668,Art Delaney,Not Eligible,Not Eligible
4785,Art Devlin,Not Inducted,Not Inducted
4922,Art Ditmar,Not Eligible,Not Eligible
4971,Art Doll,Not Eligible,Not Eligible
5671,Art Evans,Not Eligible,Not Eligible
5708,Art Ewoldt,Not Eligible,Not Eligible
6077,Art Fletcher,Not Inducted,Not Inducted
6240,Art Fowler,Not Eligible,Not Eligible
6406,Art Fromme,Not Inducted,Not Inducted
6641,Art Gardiner,Not Eligible,Not Eligible
6644,Art Gardner,Not Eligible,Not Eligible
6663,Art Garibaldi,Not Eligible,Not Eligible
7163,Art Goodwin,Not Eligible,Not Eligible
7438,Art Griggs,Not Eligible,Not Eligible
7654,Art Hagan,Not Eligible,Not Eligible
8339,Art Herman,Not Eligible,Not Eligible
8433,Art Herring,Not Inducted,Not Inducted
8657,Art Hoelskoetter,Not Eligible,Not Eligible
8886,Art Houtteman,Not Inducted,Not Inducted
8916,Art Howe,Not Inducted,Not Inducted
9249,Art Jacobs,Not Eligible,Not Eligible
9274,Art Jahn,Not Eligible,Not Eligible
9279,Art James,Not Eligible,Not Eligible
9430,Art Johnson,Not Eligible,Not Eligible
9429,Art Johnson,Not Eligible,Not Eligible
9565,Art Jones,Not Eligible,Not Eligible
10005,Art Kenney,Not Eligible,Not Eligible
10373,Art Kores,Not Eligible,Not Eligible
10472,Art Kruger,Not Eligible,Not Eligible
10520,Art Kusnyer,Not Eligible,Not Eligible
10751,Art LaVigne,Not Eligible,Not Eligible
11273,Art Lopatka,Not Eligible,Not Eligible
11282,Art Lopez,Not Eligible,Not Eligible
11321,Art Loudell,Not Eligible,Not Eligible
11586,Art Madison,Not Eligible,Not Eligible
11627,Art Mahaffey,Not Eligible,Not Eligible
11630,Art Mahan,Not Eligible,Not Eligible
12315,Art McCoy,Not Eligible,Not Eligible
12453,Art McGovern,Not Eligible,Not Eligible
12549,Art McLarney,Not Eligible,Not Eligible
12802,Art Merewether,Not Eligible,Not Eligible
13035,Art Mills,Not Eligible,Not Eligible
13796,Art Nehf,Not Inducted,Not Inducted
13899,Art Nichols,Not Eligible,Not Eligible
14601,Art Parks,Not Eligible,Not Eligible
15033,Art Phelan,Not Eligible,Not Eligible
15537,Art Quirk,Not Eligible,Not Eligible
15741,Art Rebel,Not Eligible,Not Eligible
15840,Art Reinhart,Not Eligible,Not Eligible
15842,Art Reinholz,Not Eligible,Not Eligible
16030,Art Rico,Not Eligible,Not Eligible
16597,Art Ruble,Not Eligible,Not Eligible
17012,Art Schallock,Not Eligible,Not Eligible
17019,Art Scharein,Not Eligible,Not Eligible
17152,Art Schult,Not Eligible,Not Eligible
17199,Art Schwind,Not Eligible,Not Eligible
17383,Art Shamsky,Not Eligible,Not Eligible
17541,Art Shires,Not Eligible,Not Eligible
17726,Art Sladen,Not Eligible,Not Eligible
17781,Art Smith,Not Eligible,Not Eligible
18447,Art Stokes,Not Eligible,Not Eligible
18667,Art Sunday,Not Eligible,Not Eligible
19080,Art Thomason,Not Eligible,Not Eligible
19463,Art Twineham,Not Eligible,Not Eligible
20097,Art Warren,Not Eligible,Not Eligible
20150,Art Watson,Not Eligible,Not Eligible
20174,Art Weaver,Not Eligible,Not Eligible
20472,Art Whitney,Not Inducted,Not Inducted
20557,Art Williams,Not Eligible,Not Eligible
20676,Art Wilson,Not Inducted,Not Inducted
4207,Arthur Cuccurullo,Not Eligible,Not Eligible
8074,Arthur Hauger,Not Eligible,Not Eligible
9181,Arthur Irwin,Not Inducted,Not Inducted
15574,Arthur Ragan,Not Eligible,Not Eligible
15957,Arthur Rhodes,Not Inducted,Not Inducted
3449,Artie Clarke,Not Eligible,Not Eligible
4623,Artie Dede,Not Eligible,Not Eligible
11001,Artie Lewicki,Not Eligible,Not Eligible
20677,Artie Wilson,Not Eligible,Not Eligible
4637,Arturo DeFreites,Not Eligible,Not Eligible
11283,Arturo Lopez,Not Eligible,Not Eligible
2017,Asa Brainard,Not Eligible,Not Eligible
18508,Asa Stratton,Not Eligible,Not Eligible
2686,Asdrubal Cabrera,Not Eligible,Not Eligible
20844,Asher Wojciechowski,Not Eligible,Not Eligible
7222,Ashton Goudeau,Not Eligible,Not Eligible
19239,Ashur Tolliver,Not Eligible,Not Eligible
5060,Astyanax Douglass,Not Eligible,Not Eligible
17347,Atahualpa Severino,Not Eligible,Not Eligible
7775,Atlee Hammaker,Not Inducted,Not Inducted
4988,Atley Donald,Not Eligible,Not Eligible
5572,Aubrey Epps,Not Eligible,Not Eligible
6722,Aubrey Gatewood,Not Eligible,Not Eligible
8989,Aubrey Huff,Not Inducted,Not Inducted
14871,Audry Perez,Not Eligible,Not Eligible
1364,Augie Bergamo,Not Eligible,Not Eligible
6503,Augie Galan,Not Inducted,Not Inducted
9418,Augie Johns,Not Eligible,Not Eligible
14193,Augie Ojeda,Not Eligible,Not Eligible
15432,Augie Prudhomme,Not Eligible,Not Eligible
18756,Augie Swentor,Not Eligible,Not Eligible
20004,Augie Walsh,Not Eligible,Not Eligible
8437,August Herrmann,Not Eligible,Not Eligible
20558,August Williams,Not Eligible,Not Eligible
11284,Aurelio Lopez,Not Inducted,Not Inducted
13200,Aurelio Monteagudo,Not Eligible,Not Eligible
16278,Aurelio Rodriguez,Not Inducted,Not Inducted
20559,Austen Williams,Not Eligible,Not Eligible
74,Austin Adams,Not Eligible,Not Eligible
73,Austin Adams,Not Eligible,Not Eligible
229,Austin Allen,Not Eligible,Not Eligible
909,Austin Barnes,Not Eligible,Not Eligible
1479,Austin Bibens-Dirkx,Not Eligible,Not Eligible
2122,Austin Brice,Not Eligible,Not Eligible
3983,Austin Cox,Not Eligible,Not Eligible
4448,Austin Davis,Not Eligible,Not Eligible
4594,Austin Dean,Not Eligible,Not Eligible
7068,Austin Gomber,Not Eligible,Not Eligible
8122,Austin Hays,Not Eligible,Not Eligible
8176,Austin Hedges,Not Eligible,Not Eligible
9208,Austin Jackson,Not Eligible,Not Eligible
9848,Austin Kearns,Not Inducted,Not Inducted
10189,Austin Kitchen,Not Eligible,Not Eligible
10263,Austin Knickerbocker,Not Eligible,Not Eligible
11577,Austin Maddox,Not Eligible,Not Eligible
11898,Austin Martin,Not Eligible,Not Eligible
12491,Austin McHenry,Not Eligible,Not Eligible
12664,Austin Meadows,Not Eligible,Not Eligible
13990,Austin Nola,Not Eligible,Not Eligible
15437,Austin Pruitt,Not Eligible,Not Eligible
16067,Austin Riley,Not Eligible,Not Eligible
16441,Austin Romine,Not Eligible,Not Eligible
17480,Austin Shenton,Not Eligible,Not Eligible
17737,Austin Slater,Not Eligible,Not Eligible
19844,Austin Voth,Not Eligible,Not Eligible
20005,Austin Walsh,Not Eligible,Not Eligible
20098,Austin Warren,Not Eligible,Not Eligible
20276,Austin Wells,Not Eligible,Not Eligible
21032,Austin Wynns,Not Eligible,Not Eligible
6588,Avisail Garcia,Not Eligible,Not Eligible
11100,Axel Lindstrom,Not Eligible,Not Eligible
16505,B. J. Rosenberg,Not Eligible,Not Eligible
16684,B. J. Ryan,Not Inducted,Not Inducted
18674,B. J. Surhoff,Not Inducted,Not Inducted
19524,B. J. Upton,Not Inducted,Not Inducted
20128,B. J. Waszgis,Not Eligible,Not Eligible
75,Babe Adams,Not Inducted,Not Inducted
907,Babe Barna,Not Eligible,Not Eligible
1540,Babe Birrer,Not Eligible,Not Eligible
1843,Babe Borton,Not Eligible,Not Eligible
4308,Babe Dahlgren,Not Inducted,Not Inducted
4378,Babe Danzig,Not Eligible,Not Eligible
5050,Babe Doty,Not Eligible,Not Eligible
5505,Babe Ellison,Not Eligible,Not Eligible
6567,Babe Ganzel,Not Eligible,Not Eligible
8340,Babe Herman,Not Inducted,Not Inducted
11899,Babe Martin,Not Eligible,Not Eligible
15037,Babe Phelps,Not Inducted,Not Inducted
15160,Babe Pinelli,Not Eligible,Not Eligible
16673,Babe Ruth,Inducted,Inducted
19311,Babe Towne,Not Eligible,Not Eligible
19468,Babe Twombly,Not Eligible,Not Eligible
21112,Babe Young,Not Eligible,Not Eligible
9260,Baby Doll Jacobson,Not Inducted,Not Inducted
5753,Bailey Falter,Not Eligible,Not Eligible
8832,Bailey Horn,Not Eligible,Not Eligible
14084,Bailey Ober,Not Eligible,Not Eligible
12207,Bake McBride,Not Inducted,Not Inducted
13240,Balor Moore,Not Eligible,Not Eligible
6542,Balvino Galvez,Not Eligible,Not Eligible
16569,Bama Rowell,Not Eligible,Not Eligible
9431,Ban Johnson,Not Eligible,Not Eligible
2848,Barbaro Canizares,Not Eligible,Not Eligible
6579,Barbaro Garbey,Not Eligible,Not Eligible
5147,Barney Dreyfuss,Not Eligible,Not Eligible
6930,Barney Gilligan,Not Inducted,Not Inducted
7254,Barney Graham,Not Eligible,Not Eligible
10307,Barney Koch,Not Eligible,Not Eligible
11900,Barney Martin,Not Eligible,Not Eligible
12313,Barney McCosky,Not Inducted,Not Inducted
12394,Barney McFadden,Not Eligible,Not Eligible
12551,Barney McLaughlin,Not Eligible,Not Eligible
13675,Barney Mussill,Not Eligible,Not Eligible
14246,Barney Olsen,Not Eligible,Not Eligible
14791,Barney Pelty,Not Inducted,Not Inducted
15828,Barney Reilly,Not Eligible,Not Eligible
17130,Barney Schreiber,Not Eligible,Not Eligible
17159,Barney Schultz,Not Eligible,Not Eligible
17743,Barney Slaughter,Not Eligible,Not Eligible
20398,Barney White,Not Eligible,Not Eligible
20858,Barney Wolfe,Not Eligible,Not Eligible
2330,Barret Browning,Not Eligible,Not Eligible
590,Barrett Astin,Not Eligible,Not Eligible
1772,Barry Bonds,Inducted,Not Inducted
1790,Barry Bonnell,Not Inducted,Not Inducted
3914,Barry Cort,Not Eligible,Not Eligible
5558,Barry Enright,Not Eligible,Not Eligible
5672,Barry Evans,Not Eligible,Not Eligible
6164,Barry Foote,Not Inducted,Not Inducted
9566,Barry Jones,Not Eligible,Not Eligible
10690,Barry Larkin,Inducted,Inducted
10731,Barry Latman,Not Inducted,Not Inducted
10976,Barry Lersch,Not Eligible,Not Eligible
11482,Barry Lyons,Not Eligible,Not Eligible
11774,Barry Manuel,Not Eligible,Not Eligible
12302,Barry McCormick,Not Inducted,Not Inducted
13241,Barry Moore,Not Eligible,Not Eligible
15727,Barry Raziano,Not Eligible,Not Eligible
17510,Barry Shetrone,Not Eligible,Not Eligible
20325,Barry Wesson,Not Eligible,Not Eligible
21250,Barry Zito,Not Inducted,Not Inducted
2868,Bart Cantz,Not Eligible,Not Eligible
5673,Bart Evans,Not Eligible,Not Eligible
9432,Bart Johnson,Not Eligible,Not Eligible
12875,Bart Miadich,Not Eligible,Not Eligible
17543,Bart Shirley,Not Eligible,Not Eligible
21212,Bart Zeller,Not Eligible,Not Eligible
3677,Bartolo Colon,Not Inducted,Not Inducted
6204,Bartolome Fortunato,Not Eligible,Not Eligible
1182,Beals Becker,Not Eligible,Not Eligible
15736,Beans Reardon,Not Eligible,Not Eligible
9261,Beany Jacobson,Not Eligible,Not Eligible
279,Beau Allred,Not Eligible,Not Eligible
1245,Beau Bell,Not Eligible,Not Eligible
2136,Beau Brieske,Not Eligible,Not Eligible
2572,Beau Burrows,Not Eligible,Not Eligible
18659,Beau Sulser,Not Eligible,Not Eligible
18872,Beau Taylor,Not Eligible,Not Eligible
7298,Beiker Graterol,Not Eligible,Not Eligible
8536,Belden Hill,Not Eligible,Not Eligible
14872,Beltran Perez,Not Eligible,Not Eligible
1136,Belve Bean,Not Eligible,Not Eligible
1468,Ben Beville,Not Eligible,Not Eligible
1675,Ben Blomdahl,Not Eligible,Not Eligible
1895,Ben Bowden,Not Eligible,Not Eligible
2061,Ben Braymer,Not Eligible,Not Eligible
2223,Ben Broussard,Not Eligible,Not Eligible
2236,Ben Brown,Not Eligible,Not Eligible
2712,Ben Caffyn,Not Eligible,Not Eligible
2746,Ben Callahan,Not Eligible,Not Eligible
2865,Ben Cantwell,Not Inducted,Not Inducted
2896,Ben Cardoni,Not Eligible,Not Eligible
3053,Ben Casparius,Not Eligible,Not Eligible
3231,Ben Chapman,Not Inducted,Not Inducted
3762,Ben Conroy,Not Eligible,Not Eligible
4449,Ben Davis,Not Eligible,Not Eligible
4694,Ben DeLuzio,Not Eligible,Not Eligible
4713,Ben DeMott,Not Eligible,Not Eligible
4877,Ben Diggins,Not Eligible,Not Eligible
5316,Ben Dyer,Not Eligible,Not Eligible
5427,Ben Egan,Not Eligible,Not Eligible
5493,Ben Ellis,Not Eligible,Not Eligible
6116,Ben Flowers,Not Eligible,Not Eligible
6169,Ben Ford,Not Eligible,Not Eligible
6277,Ben Francisco,Not Eligible,Not Eligible
6553,Ben Gamel,Not Eligible,Not Eligible
6787,Ben Geraghty,Not Eligible,Not Eligible
7410,Ben Grieve,Not Eligible,Not Eligible
7552,Ben Guiney,Not Eligible,Not Eligible
7554,Ben Guintini,Not Eligible,Not Eligible
7934,Ben Harris,Not Eligible,Not Eligible
7972,Ben Harrison,Not Eligible,Not Eligible
8104,Ben Hayes,Not Eligible,Not Eligible
8224,Ben Heller,Not Eligible,Not Eligible
8269,Ben Hendrickson,Not Eligible,Not Eligible
8881,Ben Houser,Not Eligible,Not Eligible
8891,Ben Howard,Not Eligible,Not Eligible
8994,Ben Huffman,Not Eligible,Not Eligible
9060,Ben Hunt,Not Eligible,Not Eligible
9433,Ben Johnson,Not Eligible,Not Eligible
9434,Ben Johnson,Not Eligible,Not Eligible
9708,Ben Joyce,Not Eligible,Not Eligible
10315,Ben Koehler,Not Eligible,Not Eligible
10400,Ben Kozlowski,Not Eligible,Not Eligible
10740,Ben Laughlin,Not Eligible,Not Eligible
11156,Ben Lively,Not Eligible,Not Eligible
11696,Ben Mallonee,Not Eligible,Not Eligible
12356,Ben McDonald,Not Eligible,Not Eligible
12853,Ben Meyer,Not Eligible,Not Eligible
14172,Ben Oglivie,Not Inducted,Not Inducted
14640,Ben Paschal,Not Eligible,Not Eligible
14711,Ben Paulsen,Not Eligible,Not Eligible
14996,Ben Petrick,Not Eligible,Not Eligible
15902,Ben Revere,Not Eligible,Not Eligible
15969,Ben Rice,Not Eligible,Not Eligible
16117,Ben Rivera,Not Eligible,Not Eligible
16258,Ben Rochefort,Not Eligible,Not Eligible
16470,Ben Rortvedt,Not Eligible,Not Eligible
16570,Ben Rowen,Not Eligible,Not Eligible
16843,Ben Sanders,Not Eligible,Not Eligible
16877,Ben Sankey,Not Eligible,Not Eligible
17418,Ben Shaw,Not Eligible,Not Eligible
17461,Ben Sheets,Not Inducted,Not Inducted
17475,Ben Shelton,Not Eligible,Not Eligible
17515,Ben Shibe,Not Eligible,Not Eligible
17516,Ben Shields,Not Eligible,Not Eligible
18133,Ben Spencer,Not Eligible,Not Eligible
18329,Ben Steiner,Not Eligible,Not Eligible
18348,Ben Stephens,Not Eligible,Not Eligible
18876,Ben Taylor,Not Eligible,Not Eligible
18875,Ben Taylor,Not Eligible,Not Eligible
18874,Ben Taylor,Not Eligible,Not Eligible
18873,Ben Taylor,Not Eligible,Not Eligible
19195,Ben Tincup,Not Eligible,Not Eligible
19620,Ben Van Dyke,Not Eligible,Not Eligible
19648,Ben VanRyn,Not Eligible,Not Eligible
19861,Ben Wade,Not Eligible,Not Eligible
20206,Ben Weber,Not Eligible,Not Eligible
21253,Ben Zobrist,Not Inducted,Not Inducted
13156,Bengie Molina,Not Inducted,Not Inducted
697,Benito Baez,Not Eligible,Not Eligible
16895,Benito Santiago,Not Inducted,Not Inducted
16794,Benj Sampson,Not Eligible,Not Eligible
6871,Benji Gil,Not Eligible,Not Eligible
9813,Benn Karr,Not Eligible,Not Eligible
18088,Bennett Sousa,Not Eligible,Not Eligible
4361,Bennie Daniels,Not Eligible,Not Eligible
18839,Bennie Tate,Not Inducted,Not Inducted
20099,Bennie Warren,Not Eligible,Not Eligible
134,Benny Agbayani,Not Eligible,Not Eligible
655,Benny Ayala,Not Inducted,Not Inducted
1313,Benny Bengough,Not Inducted,Not Inducted
1894,Benny Bowcock,Not Eligible,Not Eligible
4230,Benny Culp,Not Eligible,Not Eligible
4920,Benny Distefano,Not Eligible,Not Eligible
6366,Benny Frey,Not Eligible,Not Eligible
9825,Benny Kauff,Not Eligible,Not Eligible
12316,Benny McCoy,Not Eligible,Not Eligible
12854,Benny Meyer,Not Eligible,Not Eligible
19598,Benny Valenzuela,Not Eligible,Not Eligible
21224,Benny Zientara,Not Eligible,Not Eligible
4228,Bernard Culloton,Not Eligible,Not Eligible
6906,Bernard Gilkey,Not Inducted,Not Inducted
2163,Bernardo Brito,Not Eligible,Not Eligible
6102,Bernardo Flores,Not Eligible,Not Eligible
230,Bernie Allen,Not Inducted,Not Inducted
1744,Bernie Boland,Not Eligible,Not Eligible
2889,Bernie Carbo,Not Inducted,Not Inducted
3112,Bernie Castro,Not Eligible,Not Eligible
4069,Bernie Creger,Not Eligible,Not Eligible
4784,Bernie DeViveiros,Not Eligible,Not Eligible
5191,Bernie Duffy,Not Eligible,Not Eligible
6374,Bernie Friberg,Not Inducted,Not Inducted
8249,Bernie Henderson,Not Eligible,Not Eligible
9058,Bernie Hungling,Not Eligible,Not Eligible
9280,Bernie James,Not Eligible,Not Eligible
13805,Bernie Neis,Not Eligible,Not Eligible
17782,Bernie Smith,Not Eligible,Not Eligible
17991,Bernie Snyder,Not Eligible,Not Eligible
20026,Bernie Walter,Not Eligible,Not Eligible
20560,Bernie Williams,Not Inducted,Not Inducted
20561,Bernie Williams,Not Eligible,Not Eligible
8,Bert Abbey,Not Eligible,Not Eligible
76,Bert Adams,Not Eligible,Not Eligible
1684,Bert Blue,Not Eligible,Not Eligible
1694,Bert Blyleven,Inducted,Inducted
1978,Bert Bradley,Not Eligible,Not Eligible
2094,Bert Brenner,Not Eligible,Not Eligible
2794,Bert Campaneris,Inducted,Inducted
3600,Bert Cole,Not Eligible,Not Eligible
3730,Bert Conn,Not Eligible,Not Eligible
4213,Bert Cueto,Not Eligible,Not Eligible
4244,Bert Cunningham,Not Inducted,Not Inducted
4340,Bert Daly,Not Eligible,Not Eligible
4362,Bert Daniels,Not Eligible,Not Eligible
4687,Bert Delmas,Not Eligible,Not Eligible
5037,Bert Dorr,Not Eligible,Not Eligible
6533,Bert Gallia,Not Eligible,Not Eligible
7255,Bert Graham,Not Eligible,Not Eligible
7430,Bert Griffith,Not Eligible,Not Eligible
7619,Bert Haas,Not Eligible,Not Eligible
7701,Bert Hall,Not Eligible,Not Eligible
7791,Bert Hamric,Not Eligible,Not Eligible
8180,Bert Heffernan,Not Eligible,Not Eligible
8645,Bert Hodges,Not Eligible,Not Eligible
8698,Bert Hogg,Not Eligible,Not Eligible
9052,Bert Humphries,Not Eligible,Not Eligible
9111,Bert Husting,Not Eligible,Not Eligible
9166,Bert Inks,Not Eligible,Not Eligible
9281,Bert James,Not Eligible,Not Eligible
10491,Bert Kuczynski,Not Eligible,Not Eligible
11004,Bert Lewis,Not Eligible,Not Eligible
12124,Bert Maxwell,Not Eligible,Not Eligible
12927,Bert Miller,Not Eligible,Not Eligible
13685,Bert Myers,Not Eligible,Not Eligible
13930,Bert Niehoff,Not Eligible,Not Eligible
14801,Bert Peña,Not Eligible,Not Eligible
16158,Bert Roberge,Not Eligible,Not Eligible
17481,Bert Shepard,Not Eligible,Not Eligible
17667,Bert Sincock,Not Eligible,Not Eligible
19022,Bert Thiel,Not Eligible,Not Eligible
19263,Bert Tooley,Not Eligible,Not Eligible
20220,Bert Weeden,Not Eligible,Not Eligible
20360,Bert Whaling,Not Eligible,Not Eligible
21064,Bert Yeabsley,Not Eligible,Not Eligible
16013,Beryl Richmond,Not Eligible,Not Eligible
10821,Bevo LeBourveau,Not Eligible,Not Eligible
5743,Bibb Falk,Not Inducted,Not Inducted
12629,Bid McPhee,Inducted,Inducted
4962,Biddy Dolan,Not Eligible,Not Eligible
5936,Bien Figueroa,Not Eligible,Not Eligible
15225,Biff Pocoroba,Not Inducted,Not Inducted
21035,Biff Wysong,Not Eligible,Not Eligible
15020,Big Jeff Pfeffer,Not Eligible,Not Eligible
20227,Biggs Wehde,Not Eligible,Not Eligible
24,Bill Abernathie,Not Eligible,Not Eligible
45,Bill Abstein,Not Eligible,Not Eligible
66,Bill Adair,Not Eligible,Not Eligible
149,Bill Ahearn,Not Eligible,Not Eligible
161,Bill Akers,Not Eligible,Not Eligible
273,Bill Allison,Not Eligible,Not Eligible
284,Bill Almon,Not Inducted,Not Inducted
374,Bill Anderson,Not Eligible,Not Eligible
373,Bill Anderson,Not Eligible,Not Eligible
449,Bill Andrus,Not Eligible,Not Eligible
462,Bill Annis,Not Eligible,Not Eligible
471,Bill Antonello,Not Eligible,Not Eligible
530,Bill Armour,Not Eligible,Not Eligible
604,Bill Atkinson,Not Eligible,Not Eligible
610,Bill Atwood,Not Eligible,Not Eligible
662,Bill Ayers,Not Eligible,Not Eligible
709,Bill Bagwell,Not Eligible,Not Eligible
719,Bill Bailey,Not Inducted,Not Inducted
718,Bill Bailey,Not Eligible,Not Eligible
747,Bill Baker,Not Eligible,Not Eligible
842,Bill Bankston,Not Eligible,Not Eligible
910,Bill Barnes,Not Eligible,Not Eligible
967,Bill Barrett,Not Eligible,Not Eligible
966,Bill Barrett,Not Eligible,Not Eligible
1010,Bill Bartley,Not Eligible,Not Eligible
1061,Bill Bathe,Not Eligible,Not Eligible
1067,Bill Batsch,Not Eligible,Not Eligible
1119,Bill Bayne,Not Eligible,Not Eligible
1137,Bill Bean,Not Eligible,Not Eligible
1196,Bill Beckmann,Not Eligible,Not Eligible
1246,Bill Bell,Not Eligible,Not Eligible
1365,Bill Bergen,Not Inducted,Not Inducted
1403,Bill Bernhard,Not Eligible,Not Eligible
1452,Bill Bethea,Not Eligible,Not Eligible
1464,Bill Bevens,Not Eligible,Not Eligible
1546,Bill Bishop,Not Eligible,Not Eligible
1545,Bill Bishop,Not Eligible,Not Eligible
1565,Bill Black,Not Eligible,Not Eligible
1597,Bill Blair,Not Eligible,Not Eligible
1748,Bill Bolden,Not Eligible,Not Eligible
1780,Bill Bonham,Not Inducted,Not Inducted
1793,Bill Bonness,Not Eligible,Not Eligible
1830,Bill Bordley,Not Eligible,Not Eligible
1922,Bill Bowman,Not Eligible,Not Eligible
1935,Bill Boyd,Not Eligible,Not Eligible
1968,Bill Bradford,Not Eligible,Not Eligible
1979,Bill Bradley,Not Inducted,Not Inducted
2001,Bill Brady,Not Eligible,Not Eligible
2031,Bill Brandt,Not Eligible,Not Eligible
2059,Bill Bray,Not Eligible,Not Eligible
2074,Bill Breckinridge,Not Eligible,Not Eligible
2098,Bill Brenzel,Not Eligible,Not Eligible
2152,Bill Brinker,Not Eligible,Not Eligible
2237,Bill Brown,Not Eligible,Not Eligible
2338,Bill Brubaker,Not Inducted,Not Inducted
2376,Bill Bruton,Not Inducted,Not Inducted
2414,Bill Buckner,Inducted,Not Inducted
2463,Bill Burbach,Not Eligible,Not Eligible
2474,Bill Burdick,Not Eligible,Not Eligible
2482,Bill Burgo,Not Eligible,Not Eligible
2488,Bill Burich,Not Eligible,Not Eligible
2533,Bill Burns,Not Eligible,Not Eligible
2583,Bill Burwell,Not Eligible,Not Eligible
2622,Bill Butland,Not Eligible,Not Eligible
2626,Bill Butler,Not Eligible,Not Eligible
2625,Bill Butler,Not Eligible,Not Eligible
2658,Bill Byers,Not Eligible,Not Eligible
2662,Bill Byrd,Not Eligible,Not Eligible
2734,Bill Calhoun,Not Eligible,Not Eligible
2799,Bill Campbell,Not Inducted,Not Inducted
2939,Bill Carney,Not Eligible,Not Eligible
2972,Bill Carrick,Not Eligible,Not Eligible
2973,Bill Carrigan,Not Inducted,Not Inducted
3113,Bill Castro,Not Inducted,Not Inducted
3139,Bill Caudill,Not Eligible,Not Eligible
3199,Bill Chamberlain,Not Eligible,Not Eligible
3207,Bill Chambers,Not Eligible,Not Eligible
3213,Bill Champion,Not Eligible,Not Eligible
3249,Bill Chappelle,Not Eligible,Not Eligible
3298,Bill Childress,Not Eligible,Not Eligible
3328,Bill Chouneau,Not Eligible,Not Eligible
3386,Bill Cissell,Not Eligible,Not Eligible
3396,Bill Clancy,Not Eligible,Not Eligible
3468,Bill Clarkson,Not Eligible,Not Eligible
3482,Bill Clay,Not Eligible,Not Eligible
3498,Bill Clemensen,Not Eligible,Not Eligible
3536,Bill Clowers,Not Eligible,Not Eligible
3542,Bill Clymer,Not Eligible,Not Eligible
3645,Bill Collins,Not Eligible,Not Eligible
3644,Bill Collins,Not Eligible,Not Eligible
3673,Bill Collver,Not Eligible,Not Eligible
3740,Bill Connelly,Not Eligible,Not Eligible
3755,Bill Connors,Not Eligible,Not Eligible
3764,Bill Conroy,Not Eligible,Not Eligible
3763,Bill Conroy,Not Eligible,Not Eligible
3781,Bill Conway,Not Eligible,Not Eligible
3822,Bill Cooney,Not Eligible,Not Eligible
3950,Bill Coughlin,Not Eligible,Not Eligible
3984,Bill Cox,Not Eligible,Not Eligible
4003,Bill Coyle,Not Eligible,Not Eligible
4026,Bill Cramer,Not Eligible,Not Eligible
4037,Bill Craver,Not Eligible,Not Eligible
4093,Bill Cristall,Not Eligible,Not Eligible
4116,Bill Cronin,Not Eligible,Not Eligible
4146,Bill Crouch,Not Eligible,Not Eligible
4145,Bill Crouch,Not Eligible,Not Eligible
4164,Bill Crowley,Not Eligible,Not Eligible
4231,Bill Culp,Not Eligible,Not Eligible
4246,Bill Cunningham,Not Eligible,Not Eligible
4245,Bill Cunningham,Not Eligible,Not Eligible
4258,Bill Currie,Not Eligible,Not Eligible
4307,Bill Dahlen,Inducted,Not Inducted
4311,Bill Dailey,Not Eligible,Not Eligible
4325,Bill Daley,Not Eligible,Not Eligible
4335,Bill Dalrymple,Not Eligible,Not Eligible
4346,Bill Dam,Not Eligible,Not Eligible
4350,Bill Dammann,Not Eligible,Not Eligible
4430,Bill Davidson,Not Eligible,Not Eligible
4450,Bill Davis,Not Eligible,Not Eligible
4528,Bill Dawley,Not Eligible,Not Eligible
4534,Bill Day,Not Eligible,Not Eligible
4654,Bill DeKoning,Not Eligible,Not Eligible
4667,Bill DeLancey,Not Eligible,Not Eligible
4630,Bill Deegan,Not Eligible,Not Eligible
4648,Bill Deitrick,Not Eligible,Not Eligible
4669,Bill Delaney,Not Eligible,Not Eligible
4719,Bill Denehy,Not Eligible,Not Eligible
4848,Bill Dickey,Not Inducted,Inducted
4868,Bill Dietrich,Not Inducted,Not Inducted
4890,Bill Dillman,Not Eligible,Not Eligible
4909,Bill Dinneen,Not Inducted,Not Inducted
4934,Bill Doak,Not Inducted,Not Inducted
5012,Bill Donovan,Inducted,Not Inducted
5011,Bill Donovan,Not Eligible,Not Eligible
5025,Bill Doran,Not Inducted,Not Inducted
5026,Bill Doran,Not Eligible,Not Eligible
5129,Bill Dreesen,Not Eligible,Not Eligible
5132,Bill Drescher,Not Eligible,Not Eligible
5199,Bill Dugan,Not Eligible,Not Eligible
5209,Bill Duggleby,Not Eligible,Not Eligible
5241,Bill Dunlap,Not Eligible,Not Eligible
5306,Bill Duzen,Not Eligible,Not Eligible
5330,Bill Eagan,Not Eligible,Not Eligible
5332,Bill Eagle,Not Eligible,Not Eligible
5338,Bill Earley,Not Eligible,Not Eligible
5393,Bill Edgerton,Not Eligible,Not Eligible
5541,Bill Endicott,Not Eligible,Not Eligible
5638,Bill Essick,Not Eligible,Not Eligible
5675,Bill Evans,Not Eligible,Not Eligible
5674,Bill Evans,Not Eligible,Not Eligible
5694,Bill Everitt,Not Eligible,Not Eligible
5696,Bill Evers,Not Eligible,Not Eligible
5723,Bill Fagan,Not Eligible,Not Eligible
5726,Bill Fahey,Not Inducted,Not Inducted
5772,Bill Farmer,Not Eligible,Not Eligible
5785,Bill Farrell,Not Eligible,Not Eligible
5805,Bill Faul,Not Eligible,Not Eligible
5884,Bill Ferrazzi,Not Eligible,Not Eligible
5955,Bill Fincher,Not Eligible,Not Eligible
5961,Bill Finley,Not Eligible,Not Eligible
5979,Bill Fischer,Not Eligible,Not Eligible
6070,Bill Fleming,Not Eligible,Not Eligible
6192,Bill Forman,Not Eligible,Not Eligible
6214,Bill Foster,Not Eligible,Not Eligible
6237,Bill Fouser,Not Eligible,Not Eligible
6249,Bill Fox,Not Eligible,Not Eligible
6264,Bill Foxen,Not Eligible,Not Eligible
6324,Bill Freehan,Inducted,Not Inducted
6357,Bill French,Not Eligible,Not Eligible
6384,Bill Friel,Not Eligible,Not Eligible
6401,Bill Froats,Not Eligible,Not Eligible
6453,Bill Fulton,Not Eligible,Not Eligible
6515,Bill Gallagher,Not Eligible,Not Eligible
6560,Bill Gannon,Not Eligible,Not Eligible
6645,Bill Gardner,Not Eligible,Not Eligible
6662,Bill Garfield,Not Eligible,Not Eligible
6763,Bill Geiss,Not Eligible,Not Eligible
6781,Bill George,Not Eligible,Not Eligible
6877,Bill Gilbert,Not Eligible,Not Eligible
6895,Bill Gilbreth,Not Eligible,Not Eligible
6993,Bill Gleason,Not Eligible,Not Eligible
6992,Bill Gleason,Not Eligible,Not Eligible
7020,Bill Glynn,Not Eligible,Not Eligible
7045,Bill Gogolewski,Not Eligible,Not Eligible
7155,Bill Goodenough,Not Eligible,Not Eligible
7256,Bill Graham,Not Eligible,Not Eligible
7272,Bill Grahame,Not Eligible,Not Eligible
7308,Bill Gray,Not Eligible,Not Eligible
7330,Bill Greason,Not Eligible,Not Eligible
7380,Bill Greenwood,Not Eligible,Not Eligible
7399,Bill Greif,Not Eligible,Not Eligible
7405,Bill Grevell,Not Eligible,Not Eligible
7562,Bill Gullickson,Not Inducted,Not Inducted
7644,Bill Haeffner,Not Eligible,Not Eligible
7661,Bill Hague,Not Eligible,Not Eligible
7702,Bill Hall,Not Inducted,Not Inducted
7704,Bill Hall,Not Eligible,Not Eligible
7703,Bill Hall,Not Eligible,Not Eligible
7731,Bill Hallahan,Not Inducted,Not Inducted
7739,Bill Hallman,Not Inducted,Not Inducted
7738,Bill Hallman,Not Eligible,Not Eligible
7810,Bill Hands,Not Inducted,Not Inducted
7825,Bill Hanlon,Not Eligible,Not Eligible
7861,Bill Harbridge,Not Eligible,Not Eligible
7897,Bill Harman,Not Eligible,Not Eligible
7903,Bill Harper,Not Eligible,Not Eligible
7922,Bill Harrelson,Not Eligible,Not Eligible
7929,Bill Harrington,Not Eligible,Not Eligible
7935,Bill Harris,Not Eligible,Not Eligible
7936,Bill Harris,Not Eligible,Not Eligible
7988,Bill Hart,Not Eligible,Not Eligible
7987,Bill Hart,Not Eligible,Not Eligible
8042,Bill Haselman,Not Inducted,Not Inducted
8047,Bill Hassamaer,Not Eligible,Not Eligible
8087,Bill Hawes,Not Eligible,Not Eligible
8090,Bill Hawke,Not Eligible,Not Eligible
8105,Bill Hayes,Not Eligible,Not Eligible
8124,Bill Haywood,Not Eligible,Not Eligible
8155,Bill Heath,Not Eligible,Not Eligible
8250,Bill Henderson,Not Eligible,Not Eligible
8251,Bill Henderson,Not Eligible,Not Eligible
8302,Bill Henry,Not Eligible,Not Eligible
8303,Bill Henry,Not Inducted,Not Inducted
8326,Bill Hepler,Not Eligible,Not Eligible
8434,Bill Herring,Not Eligible,Not Eligible
8510,Bill Higdon,Not Eligible,Not Eligible
8512,Bill Higgins,Not Eligible,Not Eligible
8537,Bill Hill,Not Eligible,Not Eligible
8588,Bill Hinchman,Not Inducted,Not Inducted
8627,Bill Hobbs,Not Eligible,Not Eligible
8666,Bill Hoffer,Not Eligible,Not Eligible
8668,Bill Hoffman,Not Eligible,Not Eligible
8699,Bill Hogg,Not Eligible,Not Eligible
8705,Bill Hohman,Not Eligible,Not Eligible
8710,Bill Holbert,Not Inducted,Not Inducted
8715,Bill Holden,Not Eligible,Not Eligible
8724,Bill Hollahan,Not Eligible,Not Eligible
8726,Bill Holland,Not Eligible,Not Eligible
8824,Bill Hopper,Not Eligible,Not Eligible
8932,Bill Howerton,Not Eligible,Not Eligible
8956,Bill Hubbell,Not Eligible,Not Eligible
8999,Bill Hughes,Not Eligible,Not Eligible
9000,Bill Hughes,Not Eligible,Not Eligible
9059,Bill Hunnefield,Not Eligible,Not Eligible
9068,Bill Hunter,Not Eligible,Not Eligible
9067,Bill Hunter,Not Eligible,Not Eligible
9095,Bill Hurst,Not Eligible,Not Eligible
9110,Bill Husted,Not Eligible,Not Eligible
9120,Bill Hutchison,Not Eligible,Not Eligible
9182,Bill Irwin,Not Eligible,Not Eligible
9209,Bill Jackson,Not Eligible,Not Eligible
9282,Bill James,Not Eligible,Not Eligible
9283,Bill James,Not Eligible,Not Eligible
9364,Bill Jennings,Not Eligible,Not Eligible
9436,Bill Johnson,Not Eligible,Not Eligible
9435,Bill Johnson,Not Eligible,Not Eligible
9567,Bill Jones,Not Eligible,Not Eligible
9568,Bill Jones,Not Eligible,Not Eligible
9709,Bill Joyce,Not Eligible,Not Eligible
9773,Bill Kalfass,Not Eligible,Not Eligible
9806,Bill Karlon,Not Eligible,Not Eligible
9807,Bill Karns,Not Eligible,Not Eligible
9838,Bill Kay,Not Eligible,Not Eligible
9869,Bill Keen,Not Eligible,Not Eligible
9885,Bill Keister,Not Eligible,Not Eligible
9920,Bill Kellogg,Not Eligible,Not Eligible
9924,Bill Kelly,Not Eligible,Not Eligible
9923,Bill Kelly,Not Eligible,Not Eligible
9963,Bill Kelso,Not Eligible,Not Eligible
9967,Bill Kemmer,Not Eligible,Not Eligible
9983,Bill Kennedy,Not Eligible,Not Eligible
9982,Bill Kennedy,Not Eligible,Not Eligible
10027,Bill Kern,Not Eligible,Not Eligible
10069,Bill Kienzle,Not Eligible,Not Eligible
10086,Bill Killefer,Not Inducted,Not Inducted
10173,Bill Kirk,Not Eligible,Not Eligible
10180,Bill Kirksieck,Not Eligible,Not Eligible
10188,Bill Kissinger,Not Eligible,Not Eligible
10213,Bill Klem,Not Eligible,Not Eligible
10226,Bill Kling,Not Eligible,Not Eligible
10264,Bill Knickerbocker,Not Inducted,Not Inducted
10295,Bill Knowlton,Not Eligible,Not Eligible
10380,Bill Koski,Not Eligible,Not Eligible
10445,Bill Krieg,Not Eligible,Not Eligible
10464,Bill Krueger,Not Inducted,Not Inducted
10493,Bill Kuehne,Not Inducted,Not Inducted
10507,Bill Kunkel,Not Eligible,Not Eligible
10592,Bill Lamar,Not Eligible,Not Eligible
10626,Bill Landis,Not Eligible,Not Eligible
10633,Bill Landrum,Not Eligible,Not Eligible
10652,Bill Lange,Not Eligible,Not Eligible
10720,Bill Laskey,Not Eligible,Not Eligible
10721,Bill Lasley,Not Eligible,Not Eligible
10725,Bill Latham,Not Eligible,Not Eligible
10729,Bill Lathrop,Not Eligible,Not Eligible
10733,Bill Lattimore,Not Eligible,Not Eligible
10742,Bill Lauterborn,Not Eligible,Not Eligible
10762,Bill Lawrence,Not Eligible,Not Eligible
10779,Bill Laxton,Not Eligible,Not Eligible
10873,Bill LeFebvre,Not Eligible,Not Eligible
10810,Bill Leard,Not Eligible,Not Eligible
10831,Bill Lee,Not Inducted,Not Inducted
10832,Bill Lee,Not Inducted,Not Inducted
10901,Bill Leinhauser,Not Eligible,Not Eligible
10910,Bill Leith,Not Eligible,Not Eligible
10917,Bill Lelivelt,Not Eligible,Not Eligible
10933,Bill Lennon,Not Eligible,Not Eligible
11005,Bill Lewis,Not Eligible,Not Eligible
11055,Bill Lillard,Not Eligible,Not Eligible
11092,Bill Lindsay,Not Eligible,Not Eligible
11095,Bill Lindsey,Not Eligible,Not Eligible
11222,Bill Lohrman,Not Eligible,Not Eligible
11244,Bill Long,Not Eligible,Not Eligible
11326,Bill Loughran,Not Eligible,Not Eligible
11398,Bill Ludwig,Not Eligible,Not Eligible
11483,Bill Lyons,Not Eligible,Not Eligible
11507,Bill Macdonald,Not Eligible,Not Eligible
11533,Bill Mack,Not Eligible,Not Eligible
11590,Bill Madlock,Inducted,Not Inducted
11603,Bill Magee,Not Eligible,Not Eligible
11676,Bill Malarkey,Not Eligible,Not Eligible
11861,Bill Marshall,Not Eligible,Not Eligible
12016,Bill Massey,Not Eligible,Not Eligible
12174,Bill Mazeroski,Inducted,Inducted
12182,Bill McAfee,Not Eligible,Not Eligible
12185,Bill McAllester,Not Eligible,Not Eligible
12216,Bill McCabe,Not Eligible,Not Eligible
12223,Bill McCaffrey,Not Eligible,Not Eligible
12225,Bill McCahan,Not Eligible,Not Eligible
12239,Bill McCarren,Not Eligible,Not Eligible
12242,Bill McCarthy,Not Eligible,Not Eligible
12267,Bill McCauley,Not Eligible,Not Eligible
12276,Bill McClellan,Not Eligible,Not Eligible
12284,Bill McCloskey,Not Eligible,Not Eligible
12312,Bill McCorry,Not Eligible,Not Eligible
12419,Bill McGee,Not Eligible,Not Eligible
12431,Bill McGhee,Not Eligible,Not Eligible
12434,Bill McGill,Not Eligible,Not Eligible
12437,Bill McGilvray,Not Eligible,Not Eligible
12455,Bill McGowan,Not Eligible,Not Eligible
12477,Bill McGuire,Not Eligible,Not Eligible
12485,Bill McGunnigle,Not Eligible,Not Eligible
12513,Bill McKechnie,Inducted,Inducted
12626,Bill McNulty,Not Eligible,Not Eligible
12653,Bill McTigue,Not Eligible,Not Eligible
12657,Bill McWilliams,Not Eligible,Not Eligible
12696,Bill Meehan,Not Eligible,Not Eligible
12742,Bill Mellor,Not Eligible,Not Eligible
12747,Bill Melton,Not Inducted,Not Inducted
12812,Bill Merritt,Not Eligible,Not Eligible
12930,Bill Miller,Not Eligible,Not Eligible
12928,Bill Miller,Not Eligible,Not Eligible
12929,Bill Miller,Not Eligible,Not Eligible
13036,Bill Mills,Not Eligible,Not Eligible
13127,Bill Mizeur,Not Eligible,Not Eligible
13151,Bill Moisan,Not Eligible,Not Eligible
13175,Bill Monbouquette,Not Inducted,Not Inducted
13234,Bill Mooneyham,Not Eligible,Not Eligible
13244,Bill Moore,Not Eligible,Not Eligible
13243,Bill Moore,Not Eligible,Not Eligible
13242,Bill Moore,Not Eligible,Not Eligible
13308,Bill Moran,Not Eligible,Not Eligible
13307,Bill Moran,Not Eligible,Not Eligible
13351,Bill Morgan,Not Eligible,Not Eligible
13350,Bill Morgan,Not Eligible,Not Eligible
13370,Bill Moriarty,Not Eligible,Not Eligible
13379,Bill Morley,Not Eligible,Not Eligible
13388,Bill Morrell,Not Eligible,Not Eligible
13408,Bill Morrisette,Not Eligible,Not Eligible
13483,Bill Mountjoy,Not Eligible,Not Eligible
13499,Bill Mueller,Not Eligible,Not Eligible
13500,Bill Mueller,Not Inducted,Not Inducted
13552,Bill Mundy,Not Eligible,Not Eligible
13589,Bill Murphy,Not Eligible,Not Eligible
13637,Bill Murray,Not Eligible,Not Eligible
13712,Bill Nagel,Not Eligible,Not Eligible
13722,Bill Nahorodny,Not Eligible,Not Eligible
13739,Bill Narleski,Not Eligible,Not Eligible
13809,Bill Nelson,Not Eligible,Not Eligible
13909,Bill Nicholson,Not Inducted,Not Inducted
13955,Bill Niles,Not Eligible,Not Eligible
14014,Bill Norman,Not Eligible,Not Eligible
14025,Bill North,Not Inducted,Not Inducted
14180,Bill O'Hara,Not Eligible,Not Eligible
14342,Bill Ortega,Not Eligible,Not Eligible
14389,Bill Oster,Not Eligible,Not Eligible
14409,Bill Otey,Not Eligible,Not Eligible
14411,Bill Otis,Not Eligible,Not Eligible
14428,Bill Outen,Not Eligible,Not Eligible
14602,Bill Parks,Not Eligible,Not Eligible
14629,Bill Parsons,Not Eligible,Not Eligible
14641,Bill Paschall,Not Eligible,Not Eligible
14692,Bill Patton,Not Eligible,Not Eligible
14762,Bill Pecota,Not Eligible,Not Eligible
14932,Bill Perrin,Not Eligible,Not Eligible
14952,Bill Pertica,Not Eligible,Not Eligible
14958,Bill Peterman,Not Eligible,Not Eligible
15019,Bill Pfann,Not Eligible,Not Eligible
15031,Bill Phebus,Not Eligible,Not Eligible
15052,Bill Phillips,Not Eligible,Not Eligible
15051,Bill Phillips,Not Inducted,Not Inducted
15085,Bill Phyle,Not Eligible,Not Eligible
15123,Bill Piercy,Not Eligible,Not Eligible
15127,Bill Pierro,Not Eligible,Not Eligible
15209,Bill Pleis,Not Eligible,Not Eligible
15218,Bill Plummer,Not Inducted,Not Inducted
15280,Bill Popp,Not Eligible,Not Eligible
15309,Bill Posedel,Not Eligible,Not Eligible
15329,Bill Pounds,Not Eligible,Not Eligible
15334,Bill Powell,Not Eligible,Not Eligible
15392,Bill Price,Not Eligible,Not Eligible
15431,Bill Prough,Not Eligible,Not Eligible
15459,Bill Pulsipher,Not Eligible,Not Eligible
15493,Bill Quarles,Not Eligible,Not Eligible
15654,Bill Ramsey,Not Eligible,Not Eligible
15680,Bill Rariden,Inducted,Not Inducted
15790,Bill Reeder,Not Eligible,Not Eligible
15804,Bill Regan,Not Eligible,Not Eligible
15824,Bill Reidy,Not Eligible,Not Eligible
15879,Bill Renna,Not Eligible,Not Eligible
15926,Bill Reynolds,Not Eligible,Not Eligible
15994,Bill Richardson,Not Eligible,Not Eligible
16061,Bill Rigney,Not Eligible,Not Eligible
16099,Bill Risley,Not Eligible,Not Eligible
16209,Bill Robinson,Not Inducted,Not Inducted
16268,Bill Rodgers,Not Eligible,Not Eligible
16269,Bill Rodgers,Not Eligible,Not Eligible
16410,Bill Rollinson,Not Eligible,Not Eligible
16414,Bill Roman,Not Eligible,Not Eligible
16543,Bill Rotes,Not Eligible,Not Eligible
16656,Bill Russell,Not Inducted,Not Inducted
16772,Bill Salkeld,Not Eligible,Not Eligible
16791,Bill Sampen,Not Eligible,Not Eligible
16924,Bill Sarni,Not Eligible,Not Eligible
16968,Bill Sayles,Not Eligible,Not Eligible
17018,Bill Schardt,Not Eligible,Not Eligible
17044,Bill Schenck,Not Eligible,Not Eligible
17052,Bill Scherrer,Not Eligible,Not Eligible
17063,Bill Schindler,Not Eligible,Not Eligible
17069,Bill Schlesinger,Not Eligible,Not Eligible
17140,Bill Schroeder,Not Eligible,Not Eligible
17182,Bill Schuster,Not Eligible,Not Eligible
17190,Bill Schwartz,Not Eligible,Not Eligible
17189,Bill Schwartz,Not Eligible,Not Eligible
17297,Bill Selby,Not Eligible,Not Eligible
17333,Bill Serena,Not Eligible,Not Eligible
17391,Bill Shanner,Not Eligible,Not Eligible
17404,Bill Sharp,Not Eligible,Not Eligible
17411,Bill Sharsig,Not Eligible,Not Eligible
17489,Bill Sherdel,Not Inducted,Not Inducted
17511,Bill Shettsline,Not Eligible,Not Eligible
17537,Bill Shipke,Not Eligible,Not Eligible
17563,Bill Shores,Not Eligible,Not Eligible
17564,Bill Short,Not Eligible,Not Eligible
17631,Bill Simas,Not Eligible,Not Eligible
17669,Bill Singer,Not Inducted,Not Inducted
17710,Bill Skiff,Not Eligible,Not Eligible
17721,Bill Skowron,Inducted,Not Inducted
17746,Bill Slayback,Not Eligible,Not Eligible
17774,Bill Smiley,Not Eligible,Not Eligible
17785,Bill Smith,Not Eligible,Not Eligible
17784,Bill Smith,Not Eligible,Not Eligible
17783,Bill Smith,Not Eligible,Not Eligible
17992,Bill Snyder,Not Eligible,Not Eligible
18020,Bill Sodd,Not Eligible,Not Eligible
18051,Bill Sommers,Not Eligible,Not Eligible
18090,Bill Southworth,Not Eligible,Not Eligible
18094,Bill Sowders,Not Eligible,Not Eligible
18105,Bill Spanswick,Not Eligible,Not Eligible
18152,Bill Spiers,Not Inducted,Not Inducted
18208,Bill Stafford,Not Eligible,Not Eligible
18293,Bill Stearns,Not Eligible,Not Eligible
18300,Bill Steele,Not Eligible,Not Eligible
18306,Bill Steen,Not Eligible,Not Eligible
18315,Bill Stein,Not Inducted,Not Inducted
18327,Bill Steinecke,Not Eligible,Not Eligible
18333,Bill Stellbauer,Not Eligible,Not Eligible
18334,Bill Stellberger,Not Eligible,Not Eligible
18339,Bill Stemmyer,Not Eligible,Not Eligible
18389,Bill Stewart,Not Eligible,Not Eligible
18467,Bill Stoneman,Not Eligible,Not Eligible
18527,Bill Strickland,Not Eligible,Not Eligible
18559,Bill Stuart,Not Eligible,Not Eligible
18575,Bill Stumpf,Not Eligible,Not Eligible
18604,Bill Sudakis,Not Eligible,Not Eligible
18619,Bill Sullivan,Not Eligible,Not Eligible
18618,Bill Sullivan,Not Eligible,Not Eligible
18662,Bill Summers,Not Eligible,Not Eligible
18709,Bill Swaggerty,Not Eligible,Not Eligible
18719,Bill Swanson,Not Eligible,Not Eligible
18726,Bill Swarback,Not Eligible,Not Eligible
18735,Bill Sweeney,Not Eligible,Not Eligible
18736,Bill Sweeney,Not Eligible,Not Eligible
18737,Bill Sweeney,Not Eligible,Not Eligible
18759,Bill Swift,Not Inducted,Not Inducted
18760,Bill Swift,Not Inducted,Not Inducted
18877,Bill Taylor,Not Eligible,Not Eligible
18982,Bill Terry,Not Inducted,Inducted
19036,Bill Thomas,Not Eligible,Not Eligible
19177,Bill Tierney,Not Eligible,Not Eligible
19212,Bill Tobin,Not Eligible,Not Eligible
19317,Bill Tozer,Not Eligible,Not Eligible
19327,Bill Traffley,Not Eligible,Not Eligible
19338,Bill Travers,Not Eligible,Not Eligible
19359,Bill Tremel,Not Eligible,Not Eligible
19388,Bill Trotter,Not Eligible,Not Eligible
19460,Bill Tuttle,Not Inducted,Not Inducted
19518,Bill Upham,Not Eligible,Not Eligible
19525,Bill Upton,Not Eligible,Not Eligible
19621,Bill Van Dyke,Not Eligible,Not Eligible
19659,Bill Vargus,Not Eligible,Not Eligible
19705,Bill Veeck,Not Eligible,Not Eligible
19801,Bill Vinton,Not Eligible,Not Eligible
19805,Bill Virdon,Not Inducted,Not Inducted
19826,Bill Voiselle,Not Eligible,Not Eligible
19843,Bill Voss,Not Eligible,Not Eligible
19875,Bill Wagner,Not Eligible,Not Eligible
19904,Bill Wakefield,Not Eligible,Not Eligible
19925,Bill Walker,Not Inducted,Not Inducted
20046,Bill Wambsganss,Not Inducted,Not Inducted
20100,Bill Warren,Not Eligible,Not Eligible
20106,Bill Warwick,Not Eligible,Not Eligible
20136,Bill Watkins,Not Eligible,Not Eligible
20191,Bill Webb,Not Eligible,Not Eligible
20192,Bill Webb,Not Eligible,Not Eligible
20226,Bill Wegman,Not Inducted,Not Inducted
20245,Bill Weir,Not Eligible,Not Eligible
20311,Bill Werle,Not Eligible,Not Eligible
20320,Bill Wertz,Not Eligible,Not Eligible
20359,Bill Whaley,Not Eligible,Not Eligible
20393,Bill Whitby,Not Eligible,Not Eligible
20400,Bill White,Not Inducted,Not Inducted
20401,Bill White,Not Eligible,Not Eligible
20402,Bill White,Not Eligible,Not Eligible
20399,Bill White,Not Eligible,Not Eligible
20476,Bill Whitrock,Not Eligible,Not Eligible
20509,Bill Wight,Not Inducted,Not Inducted
20542,Bill Wilkinson,Not Eligible,Not Eligible
20679,Bill Wilson,Not Eligible,Not Eligible
20678,Bill Wilson,Not Eligible,Not Eligible
20680,Bill Wilson,Not Eligible,Not Eligible
20766,Bill Windle,Not Eligible,Not Eligible
20805,Bill Wise,Not Eligible,Not Eligible
20865,Bill Wolff,Not Eligible,Not Eligible
21069,Bill Yeatman,Not Eligible,Not Eligible
21079,Bill Yerrick,Not Eligible,Not Eligible
21092,Bill Yohe,Not Eligible,Not Eligible
21213,Bill Zepp,Not Eligible,Not Eligible
21225,Bill Zies,Not Eligible,Not Eligible
21231,Bill Zimmerman,Not Eligible,Not Eligible
21246,Bill Zinser,Not Eligible,Not Eligible
21257,Bill Zuber,Not Inducted,Not Inducted
346,Billy Alvord,Not Eligible,Not Eligible
539,Billy Arnold,Not Eligible,Not Eligible
580,Billy Ashley,Not Eligible,Not Eligible
791,Billy Baldwin,Not Eligible,Not Eligible
945,Billy Barnie,Not Eligible,Not Eligible
1051,Billy Bates,Not Eligible,Not Eligible
1140,Billy Beane,Not Eligible,Not Eligible
1905,Billy Bowers,Not Eligible,Not Eligible
2109,Billy Brewer,Not Eligible,Not Eligible
2378,Billy Bryan,Not Eligible,Not Eligible
2415,Billy Buckner,Not Eligible,Not Eligible
2493,Billy Burke,Not Eligible,Not Eligible
2534,Billy Burns,Not Eligible,Not Eligible
2627,Billy Butler,Not Inducted,Not Inducted
2800,Billy Campbell,Not Eligible,Not Eligible
3526,Billy Clingman,Not Inducted,Not Inducted
3635,Billy Colgan,Not Eligible,Not Eligible
3717,Billy Conigliaro,Not Eligible,Not Eligible
3767,Billy Consolo,Not Inducted,Not Inducted
3797,Billy Cook,Not Eligible,Not Eligible
3977,Billy Cowan,Not Eligible,Not Eligible
3985,Billy Cox,Not Inducted,Not Inducted
4161,Billy Crowell,Not Eligible,Not Eligible
4700,Billy DeMars,Not Eligible,Not Eligible
5336,Billy Earle,Not Eligible,Not Eligible
5676,Billy Evans,Not Eligible,Not Eligible
6646,Billy Gardner,Not Inducted,Not Inducted
6752,Billy Geer,Not Eligible,Not Eligible
6878,Billy Gilbert,Not Eligible,Not Eligible
6949,Billy Ging,Not Eligible,Not Eligible
6994,Billy Gleason,Not Eligible,Not Eligible
7036,Billy Goeckel,Not Eligible,Not Eligible
7157,Billy Goodman,Not Inducted,Not Inducted
7231,Billy Grabarkewitz,Not Eligible,Not Eligible
7301,Billy Graulich,Not Eligible,Not Eligible
7565,Billy Gumbert,Not Eligible,Not Eligible
7758,Billy Hamilton,Not Inducted,Inducted
7757,Billy Hamilton,Not Eligible,Not Eligible
7917,Billy Harrell,Not Eligible,Not Eligible
7937,Billy Harris,Not Eligible,Not Eligible
7989,Billy Hart,Not Eligible,Not Eligible
8058,Billy Hatcher,Not Inducted,Not Inducted
8341,Billy Herman,Not Inducted,Inducted
8615,Billy Hitchcock,Not Eligible,Not Eligible
8655,Billy Hoeft,Not Inducted,Not Inducted
8757,Billy Holm,Not Eligible,Not Eligible
8938,Billy Hoy,Not Inducted,Not Inducted
9033,Billy Hulen,Not Eligible,Not Eligible
9069,Billy Hunter,Not Eligible,Not Eligible
16207,Billy Jo Robidoux,Not Eligible,Not Eligible
9437,Billy Johnson,Not Eligible,Not Eligible
9742,Billy Jurges,Not Inducted,Not Inducted
9925,Billy Kelly,Not Eligible,Not Eligible
9962,Billy Kelsey,Not Eligible,Not Eligible
10144,Billy Kinloch,Not Eligible,Not Eligible
10200,Billy Klaus,Not Inducted,Not Inducted
10242,Billy Klusman,Not Eligible,Not Eligible
10308,Billy Koch,Not Eligible,Not Eligible
10736,Billy Lauder,Not Eligible,Not Eligible
10833,Billy Lee,Not Eligible,Not Eligible
11205,Billy Loes,Not Inducted,Not Inducted
11442,Billy Lush,Not Eligible,Not Eligible
11555,Billy MacLeod,Not Eligible,Not Eligible
11633,Billy Maharg,Not Eligible,Not Eligible
11713,Billy Maloney,Not Eligible,Not Eligible
11902,Billy Martin,Not Eligible,Not Eligible
11901,Billy Martin,Not Inducted,Not Inducted
12299,Billy McCool,Not Eligible,Not Eligible
12535,Billy McKinney,Not Eligible,Not Eligible
12596,Billy McMillon,Not Eligible,Not Eligible
12855,Billy Meyer,Not Eligible,Not Eligible
13028,Billy Milligan,Not Eligible,Not Eligible
13309,Billy Moran,Not Eligible,Not Eligible
13509,Billy Muffett,Not Eligible,Not Eligible
13521,Billy Mullen,Not Eligible,Not Eligible
13590,Billy Murphy,Not Eligible,Not Eligible
13638,Billy Murray,Not Eligible,Not Eligible
13686,Billy Myers,Not Eligible,Not Eligible
13748,Billy Nash,Inducted,Not Inducted
14094,Billy O'Brien,Not Eligible,Not Eligible
14141,Billy O'Dell,Not Inducted,Not Inducted
14332,Billy Orr,Not Eligible,Not Eligible
14417,Billy Ott,Not Eligible,Not Eligible
14423,Billy Otterson,Not Eligible,Not Eligible
14535,Billy Palmer,Not Eligible,Not Eligible
14582,Billy Parker,Not Eligible,Not Eligible
14997,Billy Petrick,Not Eligible,Not Eligible
15113,Billy Pierce,Inducted,Not Inducted
15470,Billy Purtell,Not Eligible,Not Eligible
15495,Billy Queen,Not Eligible,Not Eligible
15759,Billy Redmond,Not Eligible,Not Eligible
15769,Billy Reed,Not Eligible,Not Eligible
15817,Billy Reid,Not Eligible,Not Eligible
15953,Billy Rhiel,Not Eligible,Not Eligible
15954,Billy Rhines,Not Eligible,Not Eligible
16068,Billy Riley,Not Eligible,Not Eligible
16088,Billy Ripken,Not Inducted,Not Inducted
16355,Billy Rogell,Not Inducted,Not Inducted
16386,Billy Rohr,Not Eligible,Not Eligible
16730,Billy Sadler,Not Eligible,Not Eligible
16792,Billy Sample,Not Eligible,Not Eligible
17331,Billy Serad,Not Eligible,Not Eligible
17400,Billy Shantz,Not Eligible,Not Eligible
17531,Billy Shindle,Not Inducted,Not Inducted
17786,Billy Smith,Not Eligible,Not Eligible
17788,Billy Smith,Not Eligible,Not Eligible
17787,Billy Smith,Not Eligible,Not Eligible
18065,Billy Sorrell,Not Eligible,Not Eligible
18091,Billy Southworth,Not Inducted,Inducted
18620,Billy Sullivan,Not Inducted,Not Inducted
18621,Billy Sullivan,Not Inducted,Not Inducted
18668,Billy Sunday,Not Eligible,Not Eligible
18880,Billy Taylor,Not Eligible,Not Eligible
18879,Billy Taylor,Not Eligible,Not Eligible
18878,Billy Taylor,Not Eligible,Not Eligible
19318,Billy Traber,Not Eligible,Not Eligible
19531,Billy Urbanski,Not Eligible,Not Eligible
19876,Billy Wagner,Not Inducted,Inducted
20308,Billy Werber,Not Inducted,Not Inducted
20326,Billy West,Not Eligible,Not Eligible
20563,Billy Williams,Not Eligible,Not Eligible
20562,Billy Williams,Inducted,Inducted
21028,Billy Wynne,Not Eligible,Not Eligible
21251,Billy Zitzmann,Not Eligible,Not Eligible
4780,Bing Devine,Not Eligible,Not Eligible
12931,Bing Miller,Not Inducted,Not Inducted
4712,Bingo DeMoss,Not Eligible,Not Eligible
9569,Binky Jones,Not Eligible,Not Eligible
16165,Bip Roberts,Not Inducted,Not Inducted
4060,Birdie Cree,Not Eligible,Not Eligible
18935,Birdie Tebbetts,Not Inducted,Not Inducted
13472,Bitsy Mott,Not Eligible,Not Eligible
11548,Biz Mackey,Not Eligible,Not Eligible
1157,Blaine Beatty,Not Eligible,Not Eligible
1944,Blaine Boyer,Not Inducted,Not Inducted
5280,Blaine Durbin,Not Eligible,Not Eligible
7872,Blaine Hardy,Not Eligible,Not Eligible
13779,Blaine Neal,Not Eligible,Not Eligible
19037,Blaine Thomas,Not Eligible,Not Eligible
2765,Blair Calvo,Not Eligible,Not Eligible
8281,Blair Henley,Not Eligible,Not Eligible
9148,Blaise Ilsley,Not Eligible,Not Eligible
1162,Blake Beavan,Not Eligible,Not Eligible
3168,Blake Cederlind,Not Eligible,Not Eligible
4451,Blake Davis,Not Eligible,Not Eligible
4797,Blake DeWitt,Not Eligible,Not Eligible
5247,Blake Dunn,Not Eligible,Not Eligible
8096,Blake Hawksworth,Not Eligible,Not Eligible
10585,Blake Lalli,Not Eligible,Not Eligible
14583,Blake Parker,Not Eligible,Not Eligible
14917,Blake Perkins,Not Eligible,Not Eligible
16674,Blake Rutherford,Not Eligible,Not Eligible
16723,Blake Sabol,Not Eligible,Not Eligible
17789,Blake Smith,Not Eligible,Not Eligible
17970,Blake Snell,Not Eligible,Not Eligible
18316,Blake Stein,Not Eligible,Not Eligible
18764,Blake Swihart,Not Eligible,Not Eligible
18881,Blake Taylor,Not Eligible,Not Eligible
18949,Blake Tekotte,Not Eligible,Not Eligible
19330,Blake Trahan,Not Eligible,Not Eligible
19354,Blake Treinen,Not Eligible,Not Eligible
20025,Blake Walston,Not Eligible,Not Eligible
20883,Blake Wood,Not Eligible,Not Eligible
13075,Blas Minor,Not Eligible,Not Eligible
13170,Blas Monaco,Not Eligible,Not Eligible
201,Blaze Alexander,Not Eligible,Not Eligible
11595,Bligh Madris,Not Eligible,Not Eligible
4996,Blix Donnelly,Not Eligible,Not Eligible
15462,Blondie Purcell,Not Inducted,Not Inducted
16685,Blondy Ryan,Not Eligible,Not Eligible
14143,Blue Moon Odom,Not Inducted,Not Inducted
1239,Bo Belinsky,Not Eligible,Not Eligible
1480,Bo Bichette,Not Eligible,Not Eligible
4807,Bo Diaz,Not Inducted,Not Inducted
7990,Bo Hart,Not Eligible,Not Eligible
9210,Bo Jackson,Not Eligible,Not Eligible
12552,Bo McLaughlin,Not Eligible,Not Eligible
13772,Bo Naylor,Not Eligible,Not Eligible
15287,Bo Porter,Not Eligible,Not Eligible
17160,Bo Schultz,Not Eligible,Not Eligible
79,Bob Adams,Not Eligible,Not Eligible
77,Bob Adams,Not Eligible,Not Eligible
78,Bob Adams,Not Eligible,Not Eligible
115,Bob Addis,Not Eligible,Not Eligible
118,Bob Addy,Not Eligible,Not Eligible
202,Bob Alexander,Not Eligible,Not Eligible
233,Bob Allen,Not Eligible,Not Eligible
231,Bob Allen,Not Eligible,Not Eligible
232,Bob Allen,Not Eligible,Not Eligible
270,Bob Allietta,Not Eligible,Not Eligible
274,Bob Allison,Not Inducted,Not Inducted
375,Bob Anderson,Not Eligible,Not Eligible
474,Bob Apodaca,Not Eligible,Not Eligible
583,Bob Aspromonte,Not Inducted,Not Inducted
665,Bob Ayrault,Not Eligible,Not Eligible
671,Bob Babcock,Not Eligible,Not Eligible
720,Bob Bailey,Not Inducted,Not Inducted
736,Bob Bailor,Not Inducted,Not Inducted
741,Bob Baird,Not Eligible,Not Eligible
911,Bob Barnes,Not Eligible,Not Eligible
953,Bob Barr,Not Eligible,Not Eligible
952,Bob Barr,Not Eligible,Not Eligible
968,Bob Barrett,Not Eligible,Not Eligible
1004,Bob Barthelson,Not Eligible,Not Eligible
1013,Bob Barton,Not Inducted,Not Inducted
1126,Bob Beall,Not Eligible,Not Eligible
1183,Bob Becker,Not Eligible,Not Eligible
1392,Bob Berman,Not Eligible,Not Eligible
1440,Bob Bescher,Not Inducted,Not Inducted
1566,Bob Black,Not Eligible,Not Eligible
1611,Bob Blakiston,Not Eligible,Not Eligible
1650,Bob Blaylock,Not Eligible,Not Eligible
1663,Bob Blewett,Not Eligible,Not Eligible
1741,Bob Boken,Not Eligible,Not Eligible
1805,Bob Boone,Not Inducted,Not Inducted
1834,Bob Borkowski,Not Eligible,Not Eligible
1872,Bob Botz,Not Eligible,Not Eligible
1924,Bob Bowman,Not Eligible,Not Eligible
1923,Bob Bowman,Not Eligible,Not Eligible
1936,Bob Boyd,Not Eligible,Not Eligible
2002,Bob Brady,Not Eligible,Not Eligible
2085,Bob Brenly,Not Eligible,Not Eligible
2228,Bob Brower,Not Eligible,Not Eligible
2238,Bob Brown,Not Eligible,Not Eligible
2341,Bob Bruce,Not Eligible,Not Eligible
2372,Bob Brush,Not Eligible,Not Eligible
2394,Bob Buchanan,Not Eligible,Not Eligible
2434,Bob Buhl,Not Inducted,Not Inducted
2469,Bob Burda,Not Eligible,Not Eligible
2717,Bob Cain,Not Eligible,Not Eligible
2943,Bob Carpenter,Not Eligible,Not Eligible
3021,Bob Caruthers,Not Inducted,Not Inducted
3033,Bob Casey,Not Eligible,Not Eligible
3179,Bob Cerv,Not Inducted,Not Inducted
3196,Bob Chakales,Not Eligible,Not Eligible
3215,Bob Chance,Not Eligible,Not Eligible
3287,Bob Chesnes,Not Eligible,Not Eligible
3307,Bob Chipman,Not Inducted,Not Inducted
3318,Bob Chlupsa,Not Eligible,Not Eligible
3341,Bob Christian,Not Eligible,Not Eligible
3408,Bob Clark,Not Eligible,Not Eligible
3407,Bob Clark,Not Eligible,Not Eligible
3491,Bob Clemens,Not Eligible,Not Eligible
3610,Bob Coleman,Not Eligible,Not Eligible
3646,Bob Collins,Not Eligible,Not Eligible
3685,Bob Coluccio,Not Eligible,Not Eligible
3710,Bob Cone,Not Eligible,Not Eligible
3724,Bob Conley,Not Eligible,Not Eligible
3823,Bob Cooney,Not Eligible,Not Eligible
3956,Bob Coulson,Not Eligible,Not Eligible
4070,Bob Cremins,Not Eligible,Not Eligible
4391,Bob Darnell,Not Eligible,Not Eligible
4414,Bob Daughters,Not Eligible,Not Eligible
4431,Bob Davidson,Not Eligible,Not Eligible
4452,Bob Davis,Not Eligible,Not Eligible
4453,Bob Davis,Not Eligible,Not Eligible
4742,Bob Dernier,Not Inducted,Not Inducted
4765,Bob Detherage,Not Eligible,Not Eligible
4911,Bob DiPietro,Not Eligible,Not Eligible
4861,Bob Didier,Not Eligible,Not Eligible
4888,Bob Dillinger,Not Eligible,Not Eligible
5137,Bob Dresser,Not Eligible,Not Eligible
5215,Bob Duliba,Not Eligible,Not Eligible
5303,Bob Dustal,Not Eligible,Not Eligible
5400,Bob Edmondson,Not Eligible,Not Eligible
5481,Bob Elliott,Not Inducted,Not Inducted
5530,Bob Emmerich,Not Eligible,Not Eligible
5532,Bob Emslie,Not Eligible,Not Eligible
5703,Bob Ewing,Not Inducted,Not Inducted
5748,Bob Fallon,Not Eligible,Not Eligible
5769,Bob Farley,Not Eligible,Not Eligible
5840,Bob Feller,Inducted,Inducted
5851,Bob Ferguson,Not Eligible,Not Eligible
5852,Bob Ferguson,Not Inducted,Not Inducted
5892,Bob Ferris,Not Eligible,Not Eligible
5944,Bob File,Not Eligible,Not Eligible
5962,Bob Finley,Not Eligible,Not Eligible
5991,Bob Fisher,Not Eligible,Not Eligible
6195,Bob Forsch,Not Inducted,Not Inducted
6232,Bob Fothergill,Not Inducted,Not Inducted
6383,Bob Friedrichs,Not Eligible,Not Eligible
6386,Bob Friend,Not Inducted,Not Inducted
6507,Bob Galasso,Not Eligible,Not Eligible
6516,Bob Gallagher,Not Eligible,Not Eligible
6548,Bob Gamble,Not Eligible,Not Eligible
6558,Bob Gandy,Not Eligible,Not Eligible
6559,Bob Ganley,Not Eligible,Not Eligible
6575,Bob Garbark,Not Eligible,Not Eligible
6577,Bob Garber,Not Eligible,Not Eligible
6664,Bob Garibaldi,Not Eligible,Not Eligible
6740,Bob Geary,Not Eligible,Not Eligible
6743,Bob Gebhard,Not Eligible,Not Eligible
6794,Bob Geren,Not Eligible,Not Eligible
6830,Bob Giallombardo,Not Eligible,Not Eligible
6845,Bob Gibson,Inducted,Inducted
6846,Bob Gibson,Not Eligible,Not Eligible
6869,Bob Giggie,Not Eligible,Not Eligible
6907,Bob Gilks,Not Eligible,Not Eligible
6921,Bob Gillespie,Not Eligible,Not Eligible
7003,Bob Glenalvin,Not Eligible,Not Eligible
7005,Bob Glenn,Not Eligible,Not Eligible
7193,Bob Gorinski,Not Eligible,Not Eligible
7381,Bob Greenwood,Not Eligible,Not Eligible
7444,Bob Grim,Not Eligible,Not Eligible
7471,Bob Groom,Not Inducted,Not Inducted
7626,Bob Habenicht,Not Eligible,Not Eligible
7686,Bob Hale,Not Eligible,Not Eligible
7705,Bob Hall,Not Eligible,Not Eligible
7706,Bob Hall,Not Eligible,Not Eligible
7754,Bob Hamelin,Not Eligible,Not Eligible
7841,Bob Hansen,Not Eligible,Not Eligible
7899,Bob Harmon,Not Eligible,Not Eligible
7938,Bob Harris,Not Eligible,Not Eligible
7973,Bob Harrison,Not Eligible,Not Eligible
8014,Bob Hartman,Not Eligible,Not Eligible
8056,Bob Hasty,Not Eligible,Not Eligible
8130,Bob Hazle,Not Eligible,Not Eligible
8181,Bob Heffner,Not Eligible,Not Eligible
8188,Bob Hegman,Not Eligible,Not Eligible
8209,Bob Heise,Not Inducted,Not Inducted
8262,Bob Hendley,Not Eligible,Not Eligible
8282,Bob Henley,Not Eligible,Not Eligible
8513,Bob Higgins,Not Eligible,Not Eligible
8690,Bob Hogan,Not Eligible,Not Eligible
8801,Bob Hooper,Not Eligible,Not Eligible
8835,Bob Horner,Not Inducted,Not Inducted
8935,Bob Howry,Not Inducted,Not Inducted
8936,Bob Howsam,Not Eligible,Not Eligible
9050,Bob Humphreys,Not Eligible,Not Eligible
9158,Bob Ingersoll,Not Eligible,Not Eligible
9284,Bob James,Not Eligible,Not Eligible
9440,Bob Johnson,Not Inducted,Not Inducted
9438,Bob Johnson,Not Eligible,Not Eligible
9441,Bob Johnson,Not Inducted,Not Inducted
9439,Bob Johnson,Not Eligible,Not Eligible
9570,Bob Jones,Not Eligible,Not Eligible
9571,Bob Jones,Not Eligible,Not Eligible
9710,Bob Joyce,Not Eligible,Not Eligible
9759,Bob Kahle,Not Eligible,Not Eligible
9766,Bob Kaiser,Not Eligible,Not Eligible
9781,Bob Kammeyer,Not Eligible,Not Eligible
9824,Bob Katz,Not Eligible,Not Eligible
9847,Bob Kearney,Not Eligible,Not Eligible
9853,Bob Keating,Not Eligible,Not Eligible
9864,Bob Keegan,Not Eligible,Not Eligible
9868,Bob Keely,Not Eligible,Not Eligible
9926,Bob Kelly,Not Eligible,Not Eligible
9984,Bob Kennedy,Not Inducted,Not Inducted
10150,Bob Kinsella,Not Eligible,Not Eligible
10161,Bob Kipper,Not Eligible,Not Eligible
10220,Bob Kline,Not Eligible,Not Eligible
10230,Bob Klinger,Not Eligible,Not Eligible
10258,Bob Knepper,Not Inducted,Not Inducted
10527,Bob Kuzava,Not Inducted,Not Inducted
10538,Bob Lacey,Not Eligible,Not Eligible
10661,Bob Langsford,Not Eligible,Not Eligible
10699,Bob Larmore,Not Eligible,Not Eligible
10763,Bob Lawrence,Not Eligible,Not Eligible
10774,Bob Lawson,Not Eligible,Not Eligible
10801,Bob Leadley,Not Eligible,Not Eligible
10834,Bob Lee,Not Eligible,Not Eligible
10927,Bob Lemon,Not Inducted,Inducted
10934,Bob Lennon,Not Eligible,Not Eligible
11060,Bob Lillis,Not Inducted,Not Inducted
11084,Bob Lindemann,Not Eligible,Not Eligible
11112,Bob Linton,Not Eligible,Not Eligible
11123,Bob Lipski,Not Eligible,Not Eligible
11178,Bob Loane,Not Eligible,Not Eligible
11191,Bob Locker,Not Inducted,Not Inducted
11214,Bob Logan,Not Eligible,Not Eligible
11245,Bob Long,Not Eligible,Not Eligible
11502,Bob Mabe,Not Eligible,Not Eligible
11508,Bob Macdonald,Not Eligible,Not Eligible
11644,Bob Mahoney,Not Eligible,Not Eligible
11653,Bob Maier,Not Eligible,Not Eligible
11701,Bob Malloy,Not Eligible,Not Eligible
11702,Bob Malloy,Not Eligible,Not Eligible
11843,Bob Marquis,Not Eligible,Not Eligible
11995,Bob Martyn,Not Eligible,Not Eligible
12120,Bob Mavis,Not Eligible,Not Eligible
12289,Bob McClure,Not Inducted,Not Inducted
12330,Bob McCrory,Not Eligible,Not Eligible
12463,Bob McGraw,Not Eligible,Not Eligible
12487,Bob McHale,Not Eligible,Not Eligible
12536,Bob McKinney,Not Eligible,Not Eligible
12609,Bob McNamara,Not Eligible,Not Eligible
12659,Bob Meacham,Not Eligible,Not Eligible
12711,Bob Meinke,Not Eligible,Not Eligible
12753,Bob Melvin,Not Inducted,Not Inducted
12850,Bob Meusel,Not Inducted,Not Inducted
12856,Bob Meyer,Not Eligible,Not Eligible
12906,Bob Milacki,Not Eligible,Not Eligible
12935,Bob Miller,Not Eligible,Not Eligible
12932,Bob Miller,Not Eligible,Not Eligible
12933,Bob Miller,Not Inducted,Not Inducted
12934,Bob Miller,Not Inducted,Not Inducted
13032,Bob Milliken,Not Eligible,Not Eligible
13162,Bob Molinaro,Not Eligible,Not Eligible
13215,Bob Montgomery,Not Inducted,Not Inducted
13291,Bob Moorhead,Not Eligible,Not Eligible
13292,Bob Moose,Not Inducted,Not Inducted
13549,Bob Muncrief,Not Inducted,Not Inducted
13591,Bob Murphy,Not Eligible,Not Eligible
13706,Bob Myrick,Not Eligible,Not Eligible
13754,Bob Natal,Not Eligible,Not Eligible
13801,Bob Neighbors,Not Eligible,Not Eligible
13937,Bob Nieman,Not Inducted,Not Inducted
14095,Bob O'Brien,Not Eligible,Not Eligible
14161,Bob O'Farrell,Not Inducted,Not Inducted
14194,Bob Ojeda,Not Inducted,Not Inducted
14206,Bob Oldis,Not Eligible,Not Eligible
14222,Bob Oliver,Not Eligible,Not Eligible
14370,Bob Osborn,Not Eligible,Not Eligible
14442,Bob Owchinko,Not Inducted,Not Inducted
14657,Bob Pate,Not Eligible,Not Eligible
14662,Bob Patrick,Not Eligible,Not Eligible
14666,Bob Patterson,Not Inducted,Not Inducted
14844,Bob Pepper,Not Eligible,Not Eligible
14937,Bob Perry,Not Eligible,Not Eligible
14976,Bob Peterson,Not Eligible,Not Eligible
15007,Bob Pettit,Not Eligible,Not Eligible
15288,Bob Porter,Not Eligible,Not Eligible
15301,Bob Porterfield,Not Inducted,Not Inducted
15310,Bob Poser,Not Eligible,Not Eligible
15335,Bob Powell,Not Eligible,Not Eligible
15401,Bob Prichard,Not Eligible,Not Eligible
15402,Bob Priddy,Not Eligible,Not Eligible
15467,Bob Purkey,Not Inducted,Not Inducted
15598,Bob Ramazzotti,Not Eligible,Not Eligible
15664,Bob Randall,Not Eligible,Not Eligible
15700,Bob Rauch,Not Eligible,Not Eligible
15702,Bob Raudman,Not Eligible,Not Eligible
15730,Bob Reach,Not Eligible,Not Eligible
15766,Bob Reece,Not Eligible,Not Eligible
15770,Bob Reed,Not Eligible,Not Eligible
15883,Bob Repass,Not Eligible,Not Eligible
15927,Bob Reynolds,Not Eligible,Not Eligible
15955,Bob Rhoads,Not Eligible,Not Eligible
15970,Bob Rice,Not Eligible,Not Eligible
16081,Bob Rinker,Not Eligible,Not Eligible
16185,Bob Robertson,Not Inducted,Not Inducted
16500,Bob Roselli,Not Eligible,Not Eligible
16519,Bob Ross,Not Eligible,Not Eligible
16547,Bob Rothel,Not Eligible,Not Eligible
16647,Bob Rush,Not Inducted,Not Inducted
16736,Bob Sadowski,Not Eligible,Not Eligible
16735,Bob Sadowski,Not Eligible,Not Eligible
16947,Bob Savage,Not Eligible,Not Eligible
16952,Bob Saverine,Not Eligible,Not Eligible
16978,Bob Scanlan,Not Eligible,Not Eligible
16997,Bob Schaefer,Not Eligible,Not Eligible
17031,Bob Scheffing,Not Eligible,Not Eligible
17049,Bob Scherbarth,Not Eligible,Not Eligible
17082,Bob Schmidt,Not Eligible,Not Eligible
17138,Bob Schroder,Not Eligible,Not Eligible
17161,Bob Schultz,Not Eligible,Not Eligible
17265,Bob Sebra,Not Eligible,Not Eligible
17276,Bob Seeds,Not Eligible,Not Eligible
17419,Bob Shaw,Not Inducted,Not Inducted
17430,Bob Shawkey,Not Inducted,Not Inducted
17468,Bob Sheldon,Not Eligible,Not Eligible
17544,Bob Shirley,Not Inducted,Not Inducted
17712,Bob Skinner,Not Inducted,Not Inducted
17724,Bob Skube,Not Eligible,Not Eligible
17790,Bob Smith,Not Eligible,Not Eligible
17791,Bob Smith,Not Inducted,Not Inducted
17793,Bob Smith,Not Eligible,Not Eligible
17792,Bob Smith,Not Eligible,Not Eligible
17794,Bob Smith,Not Eligible,Not Eligible
18098,Bob Spade,Not Eligible,Not Eligible
18112,Bob Speake,Not Eligible,Not Eligible
18127,Bob Spence,Not Eligible,Not Eligible
18151,Bob Spicer,Not Eligible,Not Eligible
18190,Bob Sprout,Not Eligible,Not Eligible
18249,Bob Stanley,Not Inducted,Not Inducted
18301,Bob Steele,Not Eligible,Not Eligible
18357,Bob Stephenson,Not Eligible,Not Eligible
18428,Bob Stinson,Not Inducted,Not Inducted
18444,Bob Stoddard,Not Eligible,Not Eligible
18499,Bob Strampe,Not Eligible,Not Eligible
18761,Bob Swift,Not Inducted,Not Inducted
18775,Bob Sykes,Not Eligible,Not Eligible
18801,Bob Talbot,Not Eligible,Not Eligible
18882,Bob Taylor,Not Eligible,Not Eligible
18974,Bob Terlecki,Not Eligible,Not Eligible
19001,Bob Tewksbury,Not Inducted,Not Inducted
19152,Bob Thorpe,Not Eligible,Not Eligible
19151,Bob Thorpe,Not Eligible,Not Eligible
19162,Bob Thurman,Not Eligible,Not Eligible
19184,Bob Tillman,Not Eligible,Not Eligible
19369,Bob Trice,Not Eligible,Not Eligible
19393,Bob Trowbridge,Not Eligible,Not Eligible
19394,Bob Troy,Not Eligible,Not Eligible
19425,Bob Tufts,Not Eligible,Not Eligible
19439,Bob Turley,Not Inducted,Not Inducted
19487,Bob Uecker,Not Eligible,Not Eligible
19493,Bob Uhl,Not Eligible,Not Eligible
19513,Bob Unglaub,Not Eligible,Not Eligible
19548,Bob Usher,Not Eligible,Not Eligible
19555,Bob Vail,Not Eligible,Not Eligible
19590,Bob Valentine,Not Eligible,Not Eligible
19703,Bob Veale,Not Inducted,Not Inducted
19756,Bob Veselic,Not Eligible,Not Eligible
19795,Bob Vines,Not Eligible,Not Eligible
19924,Bob Walk,Not Inducted,Not Inducted
20137,Bob Watkins,Not Eligible,Not Eligible
20151,Bob Watson,Not Inducted,Not Inducted
20166,Bob Way,Not Eligible,Not Eligible
20236,Bob Weiland,Not Inducted,Not Inducted
20256,Bob Welch,Not Inducted,Not Inducted
20273,Bob Wellman,Not Eligible,Not Eligible
20277,Bob Wells,Not Eligible,Not Eligible
20394,Bob Whitcher,Not Eligible,Not Eligible
20483,Bob Wicker,Not Eligible,Not Eligible
20488,Bob Wickman,Not Inducted,Not Inducted
20502,Bob Wiesler,Not Eligible,Not Eligible
20547,Bob Will,Not Eligible,Not Eligible
20564,Bob Williams,Not Eligible,Not Eligible
20681,Bob Wilson,Not Eligible,Not Eligible
20849,Bob Wolcott,Not Eligible,Not Eligible
20884,Bob Wood,Not Eligible,Not Eligible
20972,Bob Wright,Not Eligible,Not Eligible
21219,Bob Zick,Not Eligible,Not Eligible
21265,Bob Zupcic,Not Eligible,Not Eligible
37,Bobby Abreu,Not Inducted,Not Inducted
80,Bobby Adams,Not Inducted,Not Inducted
646,Bobby Avila,Not Inducted,Not Inducted
656,Bobby Ayala,Not Eligible,Not Eligible
787,Bobby Balcena,Not Eligible,Not Eligible
1755,Bobby Bolin,Not Inducted,Not Inducted
1773,Bobby Bonds,Not Inducted,Not Inducted
1785,Bobby Bonilla,Not Inducted,Not Inducted
1791,Bobby Bonner,Not Eligible,Not Eligible
1980,Bobby Bradley,Not Eligible,Not Eligible
2012,Bobby Bragan,Not Eligible,Not Eligible
2207,Bobby Brooks,Not Eligible,Not Eligible
2239,Bobby Brown,Not Eligible,Not Eligible
2240,Bobby Brown,Not Eligible,Not Eligible
2494,Bobby Burke,Not Inducted,Not Inducted
2670,Bobby Byrne,Not Inducted,Not Inducted
2908,Bobby Cargo,Not Eligible,Not Eligible
3056,Bobby Cassevah,Not Eligible,Not Eligible
3075,Bobby Castillo,Not Eligible,Not Eligible
3326,Bobby Chouinard,Not Eligible,Not Eligible
3391,Bobby Clack,Not Eligible,Not Eligible
3409,Bobby Clark,Not Eligible,Not Eligible
3816,Bobby Coombs,Not Eligible,Not Eligible
3986,Bobby Cox,Not Eligible,Not Eligible
4027,Bobby Cramer,Not Eligible,Not Eligible
4126,Bobby Crosby,Not Eligible,Not Eligible
4210,Bobby Cuellar,Not Eligible,Not Eligible
4320,Bobby Dalbec,Not Eligible,Not Eligible
4399,Bobby Darwin,Not Eligible,Not Eligible
4656,Bobby Del Greco,Not Eligible,Not Eligible
4956,Bobby Doerr,Not Inducted,Inducted
5291,Bobby Durnbaugh,Not Eligible,Not Eligible
5640,Bobby Estalella,Not Eligible,Not Eligible
5639,Bobby Estalella,Not Eligible,Not Eligible
5658,Bobby Etheridge,Not Eligible,Not Eligible
5848,Bobby Fenwick,Not Eligible,Not Eligible
6121,Bobby Floyd,Not Eligible,Not Eligible
7407,Bobby Grich,Not Inducted,Not Inducted
7551,Bobby Guindon,Not Eligible,Not Eligible
8295,Bobby Henrich,Not Eligible,Not Eligible
8414,Bobby Herrera,Not Eligible,Not Eligible
8520,Bobby Higginson,Not Inducted,Not Inducted
8538,Bobby Hill,Not Eligible,Not Eligible
8687,Bobby Hofman,Not Eligible,Not Eligible
8703,Bobby Hogue,Not Eligible,Not Eligible
9001,Bobby Hughes,Not Eligible,Not Eligible
9362,Bobby Jenks,Not Eligible,Not Eligible
9573,Bobby Jones,Not Eligible,Not Eligible
9572,Bobby Jones,Not Inducted,Not Inducted
9859,Bobby Keefe,Not Eligible,Not Eligible
10019,Bobby Keppel,Not Eligible,Not Eligible
10066,Bobby Kielty,Not Eligible,Not Eligible
10201,Bobby Klaus,Not Eligible,Not Eligible
10221,Bobby Kline,Not Eligible,Not Eligible
10282,Bobby Knoop,Not Eligible,Not Eligible
10372,Bobby Korecky,Not Eligible,Not Eligible
10564,Bobby LaFromboise,Not Eligible,Not Eligible
10613,Bobby LaMotte,Not Eligible,Not Eligible
11160,Bobby Livingston,Not Eligible,Not Eligible
11186,Bobby Locke,Not Eligible,Not Eligible
11348,Bobby Lowe,Inducted,Not Inducted
11596,Bobby Madritsch,Not Eligible,Not Eligible
11690,Bobby Malkmus,Not Eligible,Not Eligible
12041,Bobby Mathews,Not Inducted,Not Inducted
12088,Bobby Mattick,Not Eligible,Not Eligible
12831,Bobby Messenger,Not Eligible,Not Eligible
12936,Bobby Miller,Not Eligible,Not Eligible
13097,Bobby Mitchell,Not Eligible,Not Eligible
13098,Bobby Mitchell,Not Eligible,Not Eligible
13099,Bobby Mitchell,Not Eligible,Not Eligible
13245,Bobby Moore,Not Eligible,Not Eligible
13246,Bobby Moore,Not Eligible,Not Eligible
13352,Bobby Morgan,Not Eligible,Not Eligible
13563,Bobby Munoz,Not Eligible,Not Eligible
13581,Bobby Murcer,Not Inducted,Not Inducted
13639,Bobby Murray,Not Eligible,Not Eligible
14608,Bobby Parnell,Not Eligible,Not Eligible
15024,Bobby Pfeil,Not Eligible,Not Eligible
15366,Bobby Poyner,Not Eligible,Not Eligible
15385,Bobby Prescott,Not Eligible,Not Eligible
15638,Bobby Ramos,Not Eligible,Not Eligible
15801,Bobby Reeves,Not Eligible,Not Eligible
15845,Bobby Reis,Not Eligible,Not Eligible
15949,Bobby Rhawn,Not Eligible,Not Eligible
15995,Bobby Richardson,Not Inducted,Not Inducted
16491,Bobby Rose,Not Eligible,Not Eligible
16548,Bobby Rothermel,Not Eligible,Not Eligible
16974,Bobby Scales,Not Eligible,Not Eligible
17013,Bobby Schang,Not Eligible,Not Eligible
17264,Bobby Seay,Not Eligible,Not Eligible
17401,Bobby Shantz,Not Inducted,Not Inducted
17795,Bobby Smith,Not Eligible,Not Eligible
18191,Bobby Sprowl,Not Eligible,Not Eligible
18375,Bobby Stevens,Not Eligible,Not Eligible
18582,Bobby Sturgeon,Not Eligible,Not Eligible
19028,Bobby Thigpen,Not Eligible,Not Eligible
19087,Bobby Thompson,Not Eligible,Not Eligible
19135,Bobby Thomson,Not Inducted,Not Inducted
19173,Bobby Tiefenauer,Not Inducted,Not Inducted
19229,Bobby Tolan,Not Inducted,Not Inducted
19366,Bobby Trevino,Not Eligible,Not Eligible
19591,Bobby Valentine,Not Inducted,Not Inducted
19684,Bobby Vaughn,Not Eligible,Not Eligible
19699,Bobby Veach,Not Inducted,Not Inducted
19895,Bobby Wahl,Not Eligible,Not Eligible
19980,Bobby Wallace,Inducted,Inducted
20379,Bobby Wheelock,Not Eligible,Not Eligible
20537,Bobby Wilkins,Not Eligible,Not Eligible
20682,Bobby Wilson,Not Inducted,Not Inducted
20768,Bobby Wine,Not Inducted,Not Inducted
20786,Bobby Winkles,Not Eligible,Not Eligible
20831,Bobby Witt,Not Eligible,Not Eligible
20830,Bobby Witt,Not Inducted,Not Inducted
21113,Bobby Young,Not Eligible,Not Eligible
8750,Bobo Holloman,Not Eligible,Not Eligible
13884,Bobo Newsom,Not Inducted,Not Inducted
14373,Bobo Osborne,Not Eligible,Not Eligible
748,Bock Baker,Not Eligible,Not Eligible
16118,Bombo Rivera,Not Eligible,Not Eligible
5517,Bones Ely,Not Inducted,Not Inducted
8743,Bonnie Hollingsworth,Not Eligible,Not Eligible
6241,Boob Fowler,Not Eligible,Not Eligible
1795,Boof Bonser,Not Eligible,Not Eligible
15337,Boog Powell,Not Inducted,Not Inducted
15336,Boog Powell,Not Eligible,Not Eligible
1168,Boom-Boom Beck,Not Inducted,Not Inducted
11215,Boone Logan,Not Inducted,Not Inducted
4535,Boots Day,Not Eligible,Not Eligible
15234,Boots Poffenberger,Not Eligible,Not Eligible
17083,Boss Schmidt,Not Eligible,Not Eligible
13807,Bots Nekola,Not Eligible,Not Eligible
6273,Bowden Francis,Not Eligible,Not Eligible
10498,Bowie Kuhn,Not Eligible,Not Eligible
1011,Boyd Bartley,Not Eligible,Not Eligible
14938,Boyd Perry,Not Eligible,Not Eligible
1368,Boze Berger,Not Eligible,Not Eligible
545,Brad Arnsberg,Not Eligible,Not Eligible
627,Brad Ausmus,Not Inducted,Not Inducted
1377,Brad Bergesen,Not Eligible,Not Eligible
1934,Brad Boxberger,Not Eligible,Not Eligible
1959,Brad Brach,Not Eligible,Not Eligible
2151,Brad Brink,Not Eligible,Not Eligible
3531,Brad Clontz,Not Eligible,Not Eligible
3899,Brad Cornett,Not Eligible,Not Eligible
4454,Brad Davis,Not Eligible,Not Eligible
5466,Brad Eldred,Not Eligible,Not Eligible
5521,Brad Emaus,Not Eligible,Not Eligible
6447,Brad Fullmer,Not Eligible,Not Eligible
7006,Brad Glenn,Not Eligible,Not Eligible
7049,Brad Goldberg,Not Eligible,Not Eligible
7558,Brad Gulden,Not Eligible,Not Eligible
7743,Brad Halsey,Not Eligible,Not Eligible
7802,Brad Hand,Not Eligible,Not Eligible
7898,Brad Harman,Not Eligible,Not Eligible
8085,Brad Havens,Not Eligible,Not Eligible
8100,Brad Hawpe,Not Eligible,Not Eligible
8288,Brad Hennessey,Not Eligible,Not Eligible
8700,Brad Hogg,Not Eligible,Not Eligible
8760,Brad Holman,Not Eligible,Not Eligible
9899,Brad Keller,Not Eligible,Not Eligible
10075,Brad Kilby,Not Eligible,Not Eligible
10312,Brad Kocher,Not Eligible,Not Eligible
10346,Brad Komminsk,Not Eligible,Not Eligible
10981,Brad Lesley,Not Eligible,Not Eligible
11044,Brad Lidge,Not Inducted,Not Inducted
11070,Brad Lincoln,Not Eligible,Not Eligible
12937,Brad Miller,Not Eligible,Not Eligible
13038,Brad Mills,Not Eligible,Not Eligible
13037,Brad Mills,Not Eligible,Not Eligible
13247,Brad Moore,Not Eligible,Not Eligible
13810,Brad Nelson,Not Eligible,Not Eligible
14736,Brad Peacock,Not Eligible,Not Eligible
14829,Brad Pennington,Not Eligible,Not Eligible
14834,Brad Penny,Not Inducted,Not Inducted
15564,Brad Radke,Not Inducted,Not Inducted
16050,Brad Rigby,Not Eligible,Not Eligible
16775,Brad Salmon,Not Eligible,Not Eligible
17993,Brad Snyder,Not Eligible,Not Eligible
18181,Brad Springer,Not Eligible,Not Eligible
19038,Brad Thomas,Not Eligible,Not Eligible
19088,Brad Thompson,Not Eligible,Not Eligible
19847,Brad Voyles,Not Eligible,Not Eligible
20274,Brad Wellman,Not Eligible,Not Eligible
20495,Brad Wieck,Not Eligible,Not Eligible
20532,Brad Wilkerson,Not Eligible,Not Eligible
20909,Brad Woodall,Not Eligible,Not Eligible
21220,Brad Ziegler,Not Inducted,Not Inducted
1547,Braden Bishop,Not Eligible,Not Eligible
2160,Braden Bristo,Not Eligible,Not Eligible
11269,Braden Looper,Not Inducted,Not Inducted
17514,Braden Shewmake,Not Eligible,Not Eligible
17538,Braden Shipley,Not Eligible,Not Eligible
7657,Bradin Hagens,Not Eligible,Not Eligible
1612,Bradley Blalock,Not Eligible,Not Eligible
21227,Bradley Zimmer,Not Eligible,Not Eligible
376,Brady Anderson,Not Inducted,Not Inducted
1043,Brady Basso,Not Eligible,Not Eligible
3410,Brady Clark,Not Eligible,Not Eligible
5824,Brady Feigl,Not Eligible,Not Eligible
10572,Brady Lail,Not Eligible,Not Eligible
15577,Brady Raggio,Not Eligible,Not Eligible
16270,Brady Rodgers,Not Eligible,Not Eligible
17670,Brady Singer,Not Eligible,Not Eligible
16544,Braggo Roth,Not Eligible,Not Eligible
11837,Brailyn Marquez,Not Eligible,Not Eligible
16027,Branch Rickey,Not Eligible,Not Eligible
10222,Branden Kline,Not Eligible,Not Eligible
15154,Branden Pinder,Not Eligible,Not Eligible
234,Brandon Allen,Not Eligible,Not Eligible
678,Brandon Backe,Not Eligible,Not Eligible
721,Brandon Bailey,Not Eligible,Not Eligible
852,Brandon Bantz,Not Eligible,Not Eligible
912,Brandon Barnes,Not Eligible,Not Eligible
1124,Brandon Beachy,Not Eligible,Not Eligible
1292,Brandon Belt,Not Eligible,Not Eligible
1369,Brandon Berger,Not Eligible,Not Eligible
1492,Brandon Bielak,Not Eligible,Not Eligible
1724,Brandon Boggs,Not Eligible,Not Eligible
2087,Brandon Brennan,Not Eligible,Not Eligible
3481,Brandon Claussen,Not Eligible,Not Eligible
4039,Brandon Crawford,Not Eligible,Not Eligible
4240,Brandon Cumpton,Not Eligible,Not Eligible
4242,Brandon Cunniff,Not Eligible,Not Eligible
4853,Brandon Dickson,Not Eligible,Not Eligible
4926,Brandon Dixon,Not Eligible,Not Eligible
5165,Brandon Drury,Not Eligible,Not Eligible
5177,Brandon Duckworth,Not Eligible,Not Eligible
5456,Brandon Eisert,Not Eligible,Not Eligible
5727,Brandon Fahey,Not Eligible,Not Eligible
5967,Brandon Finnegan,Not Eligible,Not Eligible
7069,Brandon Gomes,Not Eligible,Not Eligible
7596,Brandon Guyer,Not Eligible,Not Eligible
7904,Brandon Harper,Not Eligible,Not Eligible
8497,Brandon Hicks,Not Eligible,Not Eligible
9002,Brandon Hughes,Not Eligible,Not Eligible
9129,Brandon Hyde,Not Eligible,Not Eligible
9157,Brandon Inge,Not Inducted,Not Inducted
9574,Brandon Jones,Not Eligible,Not Eligible
10155,Brandon Kintzler,Not Eligible,Not Eligible
10265,Brandon Knight,Not Eligible,Not Eligible
10332,Brandon Kolb,Not Eligible,Not Eligible
10573,Brandon Laird,Not Eligible,Not Eligible
10712,Brandon Larson,Not Eligible,Not Eligible
10802,Brandon League,Not Inducted,Not Inducted
10895,Brandon Leibrandt,Not Eligible,Not Eligible
11198,Brandon Lockridge,Not Eligible,Not Eligible
11349,Brandon Lowe,Not Eligible,Not Eligible
11479,Brandon Lyon,Not Inducted,Not Inducted
11742,Brandon Mann,Not Eligible,Not Eligible
11858,Brandon Marsh,Not Eligible,Not Eligible
12113,Brandon Maurer,Not Eligible,Not Eligible
12243,Brandon McCarthy,Not Inducted,Not Inducted
12680,Brandon Medders,Not Eligible,Not Eligible
13423,Brandon Morrow,Not Inducted,Not Inducted
13456,Brandon Moss,Not Inducted,Not Inducted
13959,Brandon Nimmo,Not Eligible,Not Eligible
15018,Brandon Pfaadt,Not Eligible,Not Eligible
15053,Brandon Phillips,Not Inducted,Not Inducted
15446,Brandon Puffer,Not Eligible,Not Eligible
17994,Brandon Snyder,Not Eligible,Not Eligible
19777,Brandon Villafuerte,Not Eligible,Not Eligible
19856,Brandon Waddell,Not Eligible,Not Eligible
20027,Brandon Walter,Not Eligible,Not Eligible
20152,Brandon Watson,Not Eligible,Not Eligible
20193,Brandon Webb,Not Eligible,Not Eligible
20640,Brandon Williamson,Not Eligible,Not Eligible
20885,Brandon Wood,Not Eligible,Not Eligible
20922,Brandon Woodruff,Not Eligible,Not Eligible
20950,Brandon Workman,Not Eligible,Not Eligible
4455,Brandy Davis,Not Eligible,Not Eligible
17693,Brandyn Sittinger,Not Eligible,Not Eligible
347,Brant Alyea,Not Eligible,Not Eligible
2241,Brant Brown,Not Eligible,Not Eligible
9105,Brant Hurter,Not Eligible,Not Eligible
3076,Braulio Castillo,Not Eligible,Not Eligible
6682,Braxton Garrett,Not Eligible,Not Eligible
10835,Braxton Lee,Not Eligible,Not Eligible
1286,Brayan Bello,Not Eligible,Not Eligible
14802,Brayan Peña,Not Inducted,Not Inducted
16254,Brayan Rocchio,Not Eligible,Not Eligible
19786,Brayan Villarreal,Not Eligible,Not Eligible
7818,Brenan Hanifee,Not Eligible,Not Eligible
4997,Brendan Donnelly,Not Eligible,Not Eligible
5013,Brendan Donovan,Not Eligible,Not Eligible
7939,Brendan Harris,Not Eligible,Not Eligible
12507,Brendan McKay,Not Eligible,Not Eligible
16271,Brendan Rodgers,Not Eligible,Not Eligible
16686,Brendan Ryan,Not Inducted,Not Inducted
20403,Brendan White,Not Eligible,Not Eligible
4456,Brendon Davis,Not Eligible,Not Eligible
11138,Brendon Little,Not Eligible,Not Eligible
1400,Brennan Bernardino,Not Eligible,Not Eligible
1718,Brennan Boesch,Not Eligible,Not Eligible
25,Brent Abernathy,Not Eligible,Not Eligible
1522,Brent Billingsley,Not Eligible,Not Eligible
1906,Brent Bowers,Not Eligible,Not Eligible
2075,Brent Brede,Not Eligible,Not Eligible
2628,Brent Butler,Not Eligible,Not Eligible
3518,Brent Clevlen,Not Eligible,Not Eligible
3812,Brent Cookson,Not Eligible,Not Eligible
4933,Brent Dlugach,Not Eligible,Not Eligible
6483,Brent Gaff,Not Eligible,Not Eligible
6719,Brent Gates,Not Eligible,Not Eligible
8136,Brent Headrick,Not Eligible,Not Eligible
8791,Brent Honeywell,Not Eligible,Not Eligible
10249,Brent Knackert,Not Eligible,Not Eligible
10795,Brent Leach,Not Eligible,Not Eligible
11057,Brent Lillibridge,Not Eligible,Not Eligible
12160,Brent Mayne,Not Inducted,Not Inducted
13330,Brent Morel,Not Eligible,Not Eligible
16460,Brent Rooker,Not Eligible,Not Eligible
18544,Brent Strom,Not Eligible,Not Eligible
18686,Brent Suter,Not Eligible,Not Eligible
5089,Brenton Doyle,Not Eligible,Not Eligible
869,Bret Barberie,Not Eligible,Not Eligible
1806,Bret Boone,Not Inducted,Not Inducted
8244,Bret Hemphill,Not Eligible,Not Eligible
15417,Bret Prinz,Not Eligible,Not Eligible
16720,Bret Saberhagen,Not Inducted,Not Inducted
377,Brett Anderson,Not Eligible,Not Eligible
1079,Brett Baty,Not Eligible,Not Eligible
1705,Brett Bochy,Not Eligible,Not Eligible
2629,Brett Butler,Not Inducted,Not Inducted
2801,Brett Campbell,Not Eligible,Not Eligible
2978,Brett Carroll,Not Eligible,Not Eligible
3158,Brett Cecil,Not Inducted,Not Inducted
5444,Brett Eibner,Not Eligible,Not Eligible
6647,Brett Gardner,Not Eligible,Not Eligible
6862,Brett Gideon,Not Eligible,Not Eligible
7303,Brett Graves,Not Eligible,Not Eligible
7940,Brett Harris,Not Eligible,Not Eligible
8106,Brett Hayes,Not Eligible,Not Eligible
8587,Brett Hinchliffe,Not Eligible,Not Eligible
9211,Brett Jackson,Not Eligible,Not Eligible
9414,Brett Jodie,Not Eligible,Not Eligible
9985,Brett Kennedy,Not Eligible,Not Eligible
10771,Brett Lawrie,Not Eligible,Not Eligible
10780,Brett Laxton,Not Eligible,Not Eligible
11862,Brett Marshall,Not Eligible,Not Eligible
11903,Brett Martin,Not Eligible,Not Eligible
12810,Brett Merriman,Not Eligible,Not Eligible
13687,Brett Myers,Not Inducted,Not Inducted
13894,Brett Nicholas,Not Eligible,Not Eligible
14087,Brett Oberholtzer,Not Eligible,Not Eligible
15054,Brett Phillips,Not Eligible,Not Eligible
15144,Brett Pill,Not Eligible,Not Eligible
17678,Brett Sinkbeil,Not Eligible,Not Eligible
18622,Brett Sullivan,Not Eligible,Not Eligible
19248,Brett Tomko,Not Inducted,Not Inducted
19981,Brett Wallace,Not Eligible,Not Eligible
20814,Brett Wisely,Not Eligible,Not Eligible
4548,Brett de Geus,Not Eligible,Not Eligible
8490,Brewer Hicklen,Not Eligible,Not Eligible
19600,Breyvic Valera,Not Eligible,Not Eligible
226,Brian Allard,Not Eligible,Not Eligible
380,Brian Anderson,Not Eligible,Not Eligible
378,Brian Anderson,Not Inducted,Not Inducted
379,Brian Anderson,Not Eligible,Not Eligible
586,Brian Asselstine,Not Eligible,Not Eligible
836,Brian Banks,Not Eligible,Not Eligible
846,Brian Bannister,Not Eligible,Not Eligible
863,Brian Barber,Not Eligible,Not Eligible
877,Brian Barden,Not Eligible,Not Eligible
886,Brian Bark,Not Eligible,Not Eligible
896,Brian Barkley,Not Eligible,Not Eligible
913,Brian Barnes,Not Eligible,Not Eligible
1014,Brian Barton,Not Eligible,Not Eligible
1033,Brian Bass,Not Eligible,Not Eligible
1466,Brian Bevil,Not Eligible,Not Eligible
1562,Brian Bixler,Not Eligible,Not Eligible
1709,Brian Bocock,Not Eligible,Not Eligible
1716,Brian Boehringer,Not Inducted,Not Inducted
1730,Brian Bogusevic,Not Eligible,Not Eligible
1731,Brian Bohanon,Not Inducted,Not Inducted
1916,Brian Bowles,Not Eligible,Not Eligible
2003,Brian Brady,Not Eligible,Not Eligible
2190,Brian Broderick,Not Eligible,Not Eligible
2367,Brian Bruney,Not Eligible,Not Eligible
2395,Brian Buchanan,Not Eligible,Not Eligible
2563,Brian Burres,Not Eligible,Not Eligible
2593,Brian Buscher,Not Eligible,Not Eligible
2648,Brian Butterfield,Not Eligible,Not Eligible
3831,Brian Cooper,Not Eligible,Not Eligible
4333,Brian Dallimore,Not Eligible,Not Eligible
4408,Brian Daubach,Not Eligible,Not Eligible
4541,Brian Dayett,Not Eligible,Not Eligible
4721,Brian Denman,Not Eligible,Not Eligible
4908,Brian Dinkelman,Not Eligible,Not Eligible
5038,Brian Dorsett,Not Eligible,Not Eligible
5080,Brian Downing,Not Inducted,Not Inducted
5090,Brian Doyle,Not Eligible,Not Eligible
5106,Brian Dozier,Not Eligible,Not Eligible
5115,Brian Drahman,Not Eligible,Not Eligible
5170,Brian Dubois,Not Eligible,Not Eligible
5182,Brian Duensing,Not Inducted,Not Inducted
5401,Brian Edmondson,Not Eligible,Not Eligible
5478,Brian Ellington,Not Eligible,Not Eligible
5631,Brian Esposito,Not Eligible,Not Eligible
5746,Brian Falkenborg,Not Eligible,Not Eligible
5992,Brian Fisher,Not Eligible,Not Eligible
6025,Brian Fitzgerald,Not Eligible,Not Eligible
6126,Brian Flynn,Not Eligible,Not Eligible
6421,Brian Fuentes,Not Inducted,Not Inducted
6898,Brian Giles,Not Inducted,Not Inducted
6897,Brian Giles,Not Eligible,Not Eligible
6970,Brian Givens,Not Eligible,Not Eligible
7164,Brian Goodwin,Not Eligible,Not Eligible
7178,Brian Gordon,Not Eligible,Not Eligible
7383,Brian Greer,Not Eligible,Not Eligible
7905,Brian Harper,Not Inducted,Not Inducted
8761,Brian Holman,Not Eligible,Not Eligible
8784,Brian Holton,Not Eligible,Not Eligible
8847,Brian Horwitz,Not Eligible,Not Eligible
9071,Brian Hunter,Not Eligible,Not Eligible
9070,Brian Hunter,Not Inducted,Not Inducted
9443,Brian Johnson,Not Eligible,Not Eligible
9442,Brian Johnson,Not Eligible,Not Eligible
9668,Brian Jordan,Not Inducted,Not Inducted
10053,Brian Keyser,Not Eligible,Not Eligible
10138,Brian Kingman,Not Eligible,Not Eligible
10318,Brian Koelling,Not Eligible,Not Eligible
10397,Brian Kowitz,Not Eligible,Not Eligible
10764,Brian Lawrence,Not Eligible,Not Eligible
10978,Brian Lesher,Not Eligible,Not Eligible
11267,Brian Looney,Not Eligible,Not Eligible
11692,Brian Mallette,Not Eligible,Not Eligible
12099,Brian Matusz,Not Eligible,Not Eligible
12121,Brian Maxcy,Not Eligible,Not Eligible
12226,Brian McCall,Not Eligible,Not Eligible
12233,Brian McCann,Not Inducted,Not Inducted
12624,Brian McNichol,Not Eligible,Not Eligible
12643,Brian McRae,Not Inducted,Not Inducted
12665,Brian Meadows,Not Eligible,Not Eligible
12857,Brian Meyer,Not Eligible,Not Eligible
12938,Brian Miller,Not Eligible,Not Eligible
13052,Brian Milner,Not Eligible,Not Eligible
13134,Brian Moehler,Not Inducted,Not Inducted
13310,Brian Moran,Not Eligible,Not Eligible
13707,Brian Myrow,Not Eligible,Not Eligible
13762,Brian Navarreto,Not Eligible,Not Eligible
14129,Brian O'Connor,Not Eligible,Not Eligible
14173,Brian O'Grady,Not Eligible,Not Eligible
14197,Brian O'Keefe,Not Eligible,Not Eligible
14270,Brian Omogrosso,Not Eligible,Not Eligible
14394,Brian Ostrosser,Not Eligible,Not Eligible
15338,Brian Powell,Not Eligible,Not Eligible
15542,Brian Raabe,Not Eligible,Not Eligible
15854,Brian Reith,Not Eligible,Not Eligible
16166,Brian Roberts,Not Inducted,Not Inducted
16356,Brian Rogers,Not Eligible,Not Eligible
16492,Brian Rose,Not Eligible,Not Eligible
16727,Brian Sackinsky,Not Eligible,Not Eligible
16804,Brian Sanches,Not Eligible,Not Eligible
17072,Brian Schlitter,Not Eligible,Not Eligible
17077,Brian Schmack,Not Eligible,Not Eligible
17107,Brian Schneider,Not Inducted,Not Inducted
17340,Brian Serven,Not Eligible,Not Eligible
17371,Brian Shackelford,Not Eligible,Not Eligible
17573,Brian Shouse,Not Inducted,Not Inducted
17616,Brian Sikorski,Not Eligible,Not Eligible
17634,Brian Simmons,Not Eligible,Not Eligible
17755,Brian Slocum,Not Eligible,Not Eligible
17796,Brian Smith,Not Eligible,Not Eligible
17982,Brian Snitker,Not Eligible,Not Eligible
17995,Brian Snyder,Not Eligible,Not Eligible
18448,Brian Stokes,Not Eligible,Not Eligible
18738,Brian Sweeney,Not Eligible,Not Eligible
18805,Brian Tallet,Not Eligible,Not Eligible
19235,Brian Tollberg,Not Eligible,Not Eligible
19342,Brian Traxler,Not Eligible,Not Eligible
19432,Brian Turang,Not Eligible,Not Eligible
20565,Brian Williams,Not Eligible,Not Eligible
20683,Brian Wilson,Not Eligible,Not Eligible
20859,Brian Wolfe,Not Eligible,Not Eligible
19433,Brice Turang,Not Eligible,Not Eligible
17797,Brick Smith,Not Eligible,Not Eligible
9986,Brickyard Kennedy,Not Inducted,Not Inducted
11312,Bris Lord,Not Eligible,Not Eligible
2535,Britt Burns,Not Eligible,Not Eligible
15734,Britt Reames,Not Eligible,Not Eligible
9575,Broadway Jones,Not Eligible,Not Eligible
2495,Brock Burke,Not Eligible,Not Eligible
4457,Brock Davis,Not Eligible,Not Eligible
8777,Brock Holt,Not Eligible,Not Eligible
14794,Brock Pemberton,Not Eligible,Not Eligible
14977,Brock Peterson,Not Eligible,Not Eligible
18282,Brock Stassi,Not Eligible,Not Eligible
18390,Brock Stewart,Not Eligible,Not Eligible
14918,Broderick Perkins,Not Eligible,Not Eligible
10323,Brody Koerner,Not Eligible,Not Eligible
556,Bronson Arroyo,Not Inducted,Not Inducted
8183,Bronson Heflin,Not Eligible,Not Eligible
16919,Bronson Sardinha,Not Eligible,Not Eligible
14663,Bronswell Patrick,Not Eligible,Not Eligible
6188,Brook Fordyce,Not Inducted,Not Inducted
9264,Brook Jacoby,Not Inducted,Not Inducted
792,Brooks Baldwin,Not Eligible,Not Eligible
2242,Brooks Brown,Not Eligible,Not Eligible
3761,Brooks Conrad,Not Eligible,Not Eligible
10071,Brooks Kieschnick,Not Eligible,Not Eligible
10447,Brooks Kriske,Not Eligible,Not Eligible
10765,Brooks Lawrence,Not Eligible,Not Eligible
10836,Brooks Lee,Not Eligible,Not Eligible
15328,Brooks Pounders,Not Eligible,Not Eligible
15595,Brooks Raley,Not Eligible,Not Eligible
16210,Brooks Robinson,Inducted,Inducted
640,Bruce Aven,Not Eligible,Not Eligible
905,Bruce Barmes,Not Eligible,Not Eligible
1308,Bruce Benedict,Not Inducted,Not Inducted
1359,Bruce Berenyi,Not Eligible,Not Eligible
1518,Bruce Billings,Not Eligible,Not Eligible
1703,Bruce Bochte,Not Inducted,Not Inducted
1706,Bruce Bochy,Not Eligible,Not Eligible
1738,Bruce Boisclair,Not Eligible,Not Eligible
2339,Bruce Brubaker,Not Eligible,Not Eligible
2727,Bruce Caldwell,Not Eligible,Not Eligible
2802,Bruce Campbell,Not Inducted,Not Inducted
3279,Bruce Chen,Not Inducted,Not Inducted
3334,Bruce Christensen,Not Eligible,Not Eligible
3734,Bruce Connatser,Not Eligible,Not Eligible
4247,Bruce Cunningham,Not Eligible,Not Eligible
4319,Bruce Dal Canton,Not Inducted,Not Inducted
5407,Bruce Edwards,Not Inducted,Not Inducted
5438,Bruce Egloff,Not Eligible,Not Eligible
5477,Bruce Ellingsen,Not Eligible,Not Eligible
5920,Bruce Fields,Not Eligible,Not Eligible
8006,Bruce Hartford,Not Eligible,Not Eligible
8618,Bruce Hitt,Not Eligible,Not Eligible
8892,Bruce Howard,Not Eligible,Not Eligible
9096,Bruce Hurst,Not Inducted,Not Inducted
10107,Bruce Kimm,Not Eligible,Not Eligible
10187,Bruce Kison,Not Inducted,Not Inducted
10352,Bruce Konopka,Not Eligible,Not Eligible
11265,Bruce Look,Not Eligible,Not Eligible
12125,Bruce Maxwell,Not Eligible,Not Eligible
12939,Bruce Miller,Not Eligible,Not Eligible
14175,Bruce Ogrodowski,Not Eligible,Not Eligible
16155,Bruce Robbins,Not Eligible,Not Eligible
16211,Bruce Robinson,Not Eligible,Not Eligible
16452,Bruce Rondon,Not Eligible,Not Eligible
16617,Bruce Ruffin,Not Inducted,Not Inducted
17752,Bruce Sloan,Not Eligible,Not Eligible
18694,Bruce Sutter,Inducted,Inducted
18819,Bruce Tanner,Not Eligible,Not Eligible
18883,Bruce Taylor,Not Eligible,Not Eligible
19835,Bruce Von Hoff,Not Eligible,Not Eligible
20040,Bruce Walton,Not Eligible,Not Eligible
21239,Bruce Zimmermann,Not Eligible,Not Eligible
1461,Bruno Betzel,Not Eligible,Not Eligible
1670,Bruno Block,Not Eligible,Not Eligible
7620,Bruno Haas,Not Eligible,Not Eligible
7299,Brusdar Graterol,Not Eligible,Not Eligible
13811,Bry Nelson,Not Eligible,Not Eligible
38,Bryan Abreu,Not Eligible,Not Eligible
381,Bryan Anderson,Not Eligible,Not Eligible
617,Bryan Augenstein,Not Eligible,Not Eligible
749,Bryan Baker,Not Eligible,Not Eligible
2449,Bryan Bullington,Not Eligible,Not Eligible
3411,Bryan Clark,Not Eligible,Not Eligible
3538,Bryan Clutterbuck,Not Eligible,Not Eligible
3882,Bryan Corey,Not Eligible,Not Eligible
4557,Bryan De La Cruz,Not Eligible,Not Eligible
5701,Bryan Eversgerd,Not Eligible,Not Eligible
6589,Bryan Garcia,Not Eligible,Not Eligible
8031,Bryan Harvey,Not Eligible,Not Eligible
8172,Bryan Hebson,Not Eligible,Not Eligible
8484,Bryan Hickerson,Not Eligible,Not Eligible
8656,Bryan Hoeing,Not Eligible,Not Eligible
8708,Bryan Holaday,Not Eligible,Not Eligible
8970,Bryan Hudson,Not Eligible,Not Eligible
9927,Bryan Kelly,Not Eligible,Not Eligible
10114,Bryan King,Not Eligible,Not Eligible
10569,Bryan LaHair,Not Eligible,Not Eligible
10748,Bryan Lavastida,Not Eligible,Not Eligible
11139,Bryan Little,Not Eligible,Not Eligible
13100,Bryan Mitchell,Not Eligible,Not Eligible
13392,Bryan Morris,Not Eligible,Not Eligible
14156,Bryan Oelkers,Not Eligible,Not Eligible
14971,Bryan Petersen,Not Eligible,Not Eligible
15393,Bryan Price,Not Eligible,Not Eligible
15394,Bryan Price,Not Eligible,Not Eligible
15639,Bryan Ramos,Not Eligible,Not Eligible
15858,Bryan Rekar,Not Eligible,Not Eligible
15928,Bryan Reynolds,Not Eligible,Not Eligible
16789,Bryan Sammons,Not Eligible,Not Eligible
17420,Bryan Shaw,Not Eligible,Not Eligible
18349,Bryan Stephens,Not Eligible,Not Eligible
20057,Bryan Ward,Not Eligible,Not Eligible
20880,Bryan Woo,Not Eligible,Not Eligible
2096,Bryce Brentz,Not Eligible,Not Eligible
5462,Bryce Elder,Not Eligible,Not Eligible
6113,Bryce Florie,Not Eligible,Not Eligible
7906,Bryce Harper,Not Eligible,Not Eligible
9316,Bryce Jarvis,Not Eligible,Not Eligible
9444,Bryce Johnson,Not Eligible,Not Eligible
12940,Bryce Miller,Not Eligible,Not Eligible
13213,Bryce Montes de Oca,Not Eligible,Not Eligible
18968,Bryce Teodosio,Not Eligible,Not Eligible
17798,Bryn Smith,Not Inducted,Not Inducted
20684,Bryse Wilson,Not Eligible,Not Eligible
18477,Bryson Stott,Not Eligible,Not Eligible
10499,Bub Kuhn,Not Eligible,Not Eligible
2944,Bubba Carpenter,Not Eligible,Not Eligible
3354,Bubba Church,Not Eligible,Not Eligible
4127,Bubba Crosby,Not Eligible,Not Eligible
6122,Bubba Floyd,Not Eligible,Not Eligible
7941,Bubba Harris,Not Eligible,Not Eligible
13428,Bubba Morton,Not Eligible,Not Eligible
15055,Bubba Phillips,Not Inducted,Not Inducted
18273,Bubba Starling,Not Eligible,Not Eligible
19089,Bubba Thompson,Not Eligible,Not Eligible
19333,Bubba Trammell,Not Eligible,Not Eligible
9665,Bubber Jonnard,Not Eligible,Not Eligible
7885,Bubbles Hargrave,Not Inducted,Not Inducted
16537,Bubby Rossman,Not Eligible,Not Eligible
1165,Buck Becannon,Not Eligible,Not Eligible
3548,Buck Coats,Not Eligible,Not Eligible
4150,Buck Crouse,Not Eligible,Not Eligible
4372,Buck Danner,Not Eligible,Not Eligible
5657,Buck Etchison,Not Eligible,Not Eligible
5704,Buck Ewing,Inducted,Inducted
5773,Buck Farmer,Not Eligible,Not Eligible
5808,Buck Fausett,Not Eligible,Not Eligible
6327,Buck Freeman,Not Eligible,Not Eligible
6328,Buck Freeman,Not Inducted,Not Inducted
6390,Buck Frierson,Not Eligible,Not Eligible
6976,Buck Gladmon,Not Eligible,Not Eligible
8453,Buck Herzog,Not Inducted,Not Inducted
8799,Buck Hooker,Not Eligible,Not Eligible
8816,Buck Hopkins,Not Eligible,Not Eligible
9669,Buck Jordan,Not Inducted,Not Inducted
10951,Buck Leonard,Not Eligible,Not Eligible
11854,Buck Marrow,Not Eligible,Not Eligible
11942,Buck Martinez,Not Inducted,Not Inducted
14096,Buck O'Brien,Not Eligible,Not Eligible
14276,Buck O'Neil,Not Eligible,Not Eligible
15752,Buck Redfern,Not Eligible,Not Eligible
16272,Buck Rodgers,Not Eligible,Not Eligible
16357,Buck Rogers,Not Eligible,Not Eligible
16520,Buck Ross,Not Inducted,Not Inducted
17576,Buck Showalter,Not Eligible,Not Eligible
18250,Buck Stanley,Not Eligible,Not Eligible
18260,Buck Stanton,Not Eligible,Not Eligible
18739,Buck Sweeney,Not Eligible,Not Eligible
19156,Buck Thrasher,Not Eligible,Not Eligible
19663,Buck Varner,Not Eligible,Not Eligible
20116,Buck Washer,Not Eligible,Not Eligible
20175,Buck Weaver,Not Eligible,Not Eligible
20327,Buck West,Not Eligible,Not Eligible
12129,Buckshot May,Not Eligible,Not Eligible
4731,Bucky Dent,Not Inducted,Not Inducted
7583,Bucky Guth,Not Eligible,Not Eligible
7942,Bucky Harris,Not Inducted,Inducted
9250,Bucky Jacobs,Not Eligible,Not Eligible
9259,Bucky Jacobsen,Not Eligible,Not Eligible
19708,Bucky Veil,Not Eligible,Not Eligible
20030,Bucky Walters,Not Inducted,Not Inducted
382,Bud Anderson,Not Eligible,Not Eligible
1567,Bud Black,Not Eligible,Not Eligible
1678,Bud Bloomfield,Not Eligible,Not Eligible
2657,Bud Byerly,Not Inducted,Not Inducted
3397,Bud Clancy,Not Eligible,Not Eligible
3743,Bud Connolly,Not Eligible,Not Eligible
4326,Bud Daley,Not Inducted,Not Inducted
4458,Bud Davis,Not Eligible,Not Eligible
6242,Bud Fowler,Not Eligible,Not Eligible
7647,Bud Hafey,Not Eligible,Not Eligible
7867,Bud Hardin,Not Eligible,Not Eligible
7923,Bud Harrelson,Not Inducted,Not Inducted
8201,Bud Heine,Not Eligible,Not Eligible
12840,Bud Metheny,Not Eligible,Not Eligible
13424,Bud Morse,Not Eligible,Not Eligible
14019,Bud Norris,Not Inducted,Not Inducted
15226,Bud Podbielan,Not Eligible,Not Eligible
17302,Bud Selig,Not Eligible,Not Eligible
17406,Bud Sharpe,Not Eligible,Not Eligible
17457,Bud Sheely,Not Eligible,Not Eligible
17799,Bud Smith,Not Eligible,Not Eligible
18087,Bud Souchock,Not Eligible,Not Eligible
18391,Bud Stewart,Not Eligible,Not Eligible
18729,Bud Swartz,Not Eligible,Not Eligible
18931,Bud Teachout,Not Eligible,Not Eligible
19039,Bud Thomas,Not Eligible,Not Eligible
19040,Bud Thomas,Not Eligible,Not Eligible
19200,Bud Tinning,Not Eligible,Not Eligible
20248,Bud Weiser,Not Eligible,Not Eligible
21248,Bud Zipfel,Not Eligible,Not Eligible
1088,Buddy Baumann,Not Eligible,Not Eligible
1247,Buddy Bell,Inducted,Not Inducted
1473,Buddy Biancalana,Not Eligible,Not Eligible
1568,Buddy Black,Not Inducted,Not Inducted
1598,Buddy Blair,Not Eligible,Not Eligible
1647,Buddy Blattner,Not Eligible,Not Eligible
1798,Buddy Booker,Not Eligible,Not Eligible
1849,Buddy Boshers,Not Eligible,Not Eligible
1969,Buddy Bradford,Not Inducted,Not Inducted
2930,Buddy Carlyle,Not Eligible,Not Eligible
4175,Buddy Crump,Not Eligible,Not Eligible
4604,Buddy Dear,Not Eligible,Not Eligible
6879,Buddy Gilbert,Not Eligible,Not Eligible
7404,Buddy Gremp,Not Eligible,Not Eligible
7472,Buddy Groom,Not Inducted,Not Inducted
7794,Buddy Hancken,Not Eligible,Not Eligible
7943,Buddy Harris,Not Eligible,Not Eligible
8049,Buddy Hassett,Not Eligible,Not Eligible
8498,Buddy Hicks,Not Eligible,Not Eligible
9072,Buddy Hunter,Not Eligible,Not Eligible
9987,Buddy Kennedy,Not Eligible,Not Eligible
10032,Buddy Kerr,Not Eligible,Not Eligible
11006,Buddy Lewis,Not Inducted,Not Inducted
11157,Buddy Lively,Not Eligible,Not Eligible
13683,Buddy Myer,Not Inducted,Not Inducted
13731,Buddy Napier,Not Eligible,Not Eligible
14978,Buddy Peterson,Not Eligible,Not Eligible
15419,Buddy Pritchard,Not Eligible,Not Eligible
16477,Buddy Rosar,Not Inducted,Not Inducted
16687,Buddy Ryan,Not Eligible,Not Eligible
17162,Buddy Schultz,Not Eligible,Not Eligible
8736,Bug Holliday,Not Inducted,Not Inducted
1323,Bugs Bennett,Not Eligible,Not Eligible
15722,Bugs Raymond,Not Eligible,Not Eligible
15850,Bugs Reisigl,Not Eligible,Not Eligible
5284,Bull Durham,Not Eligible,Not Eligible
17800,Bull Smith,Not Eligible,Not Eligible
19877,Bull Wagner,Not Eligible,Not Eligible
2597,Bullet Joe Bush,Not Inducted,Not Inducted
16354,Bullet Rogan,Not Eligible,Not Eligible
7642,Bump Hadley,Not Inducted,Not Inducted
20664,Bump Wills,Not Eligible,Not Eligible
9576,Bumpus Jones,Not Eligible,Not Eligible
3714,Bunk Congalton,Not Eligible,Not Eligible
18392,Bunky Stewart,Not Eligible,Not Eligible
2135,Bunny Brief,Not Eligible,Not Eligible
5718,Bunny Fabrique,Not Eligible,Not Eligible
8146,Bunny Hearn,Not Eligible,Not Eligible
8147,Bunny Hearn,Not Eligible,Not Eligible
11566,Bunny Madden,Not Eligible,Not Eligible
14740,Bunny Pearce,Not Eligible,Not Eligible
16515,Bunny Roser,Not Eligible,Not Eligible
17801,Burch Smith,Not Eligible,Not Eligible
20445,Burgess Whitehead,Not Eligible,Not Eligible
687,Burke Badenhop,Not Eligible,Not Eligible
7446,Burleigh Grimes,Not Inducted,Inducted
1115,Burley Bayer,Not Eligible,Not Eligible
8806,Burt Hooton,Not Inducted,Not Inducted
9867,Burt Keeley,Not Eligible,Not Eligible
17570,Burt Shotton,Not Inducted,Not Inducted
81,Buster Adams,Not Eligible,Not Eligible
2060,Buster Bray,Not Eligible,Not Eligible
2243,Buster Brown,Not Eligible,Not Eligible
3261,Buster Chatham,Not Eligible,Not Eligible
12158,Buster Maynard,Not Eligible,Not Eligible
13039,Buster Mills,Not Eligible,Not Eligible
13744,Buster Narum,Not Eligible,Not Eligible
15311,Buster Posey,Not Eligible,Not Eligible
16521,Buster Ross,Not Eligible,Not Eligible
173,Butch Alberts,Not Eligible,Not Eligible
1346,Butch Benton,Not Eligible,Not Eligible
4459,Butch Davis,Not Eligible,Not Eligible
5392,Butch Edge,Not Eligible,Not Eligible
8285,Butch Henline,Not Inducted,Not Inducted
8304,Butch Henry,Not Eligible,Not Eligible
8630,Butch Hobson,Not Eligible,Not Eligible
9107,Butch Huskey,Not Eligible,Not Eligible
12845,Butch Metzger,Not Eligible,Not Eligible
13938,Butch Nieman,Not Eligible,Not Eligible
15861,Butch Rementer,Not Eligible,Not Eligible
18683,Butch Sutcliffe,Not Eligible,Not Eligible
20247,Butch Weis,Not Eligible,Not Eligible
21025,Butch Wynegar,Not Inducted,Not Inducted
4844,Buttercup Dickerson,Not Eligible,Not Eligible
2137,Buttons Briggs,Not Eligible,Not Eligible
19878,Butts Wagner,Not Eligible,Not Eligible
15056,Buz Phillips,Not Eligible,Not Eligible
519,Buzz Arlett,Not Eligible,Not Eligible
1949,Buzz Boyle,Not Eligible,Not Eligible
2878,Buzz Capra,Not Eligible,Not Eligible
3469,Buzz Clarkson,Not Eligible,Not Eligible
5107,Buzz Dozier,Not Eligible,Not Eligible
13592,Buzz Murphy,Not Eligible,Not Eligible
18347,Buzz Stephen,Not Eligible,Not Eligible
20351,Buzz Wetzel,Not Eligible,Not Eligible
1108,Buzzie Bavasi,Not Eligible,Not Eligible
18117,By Speece,Not Eligible,Not Eligible
11474,Byrd Lynn,Not Eligible,Not Eligible
2325,Byron Browne,Not Eligible,Not Eligible
2653,Byron Buxton,Not Eligible,Not Eligible
6821,Byron Gettis,Not Eligible,Not Eligible
8861,Byron Houck,Not Eligible,Not Eligible
9048,Byron Humphrey,Not Eligible,Not Eligible
12553,Byron McLaughlin,Not Eligible,Not Eligible
14577,Byung Ho Park,Not Eligible,Not Eligible
10094,Byung-Hyun Kim,Not Eligible,Not Eligible
18884,C L Taylor,Not Eligible,Not Eligible
2536,C. B. Burns,Not Eligible,Not Eligible
10837,C. C. Lee,Not Eligible,Not Eligible
18885,C. I. Taylor,Not Eligible,Not Eligible
4111,C. J. Cron,Not Eligible,Not Eligible
5908,C. J. Fick,Not Eligible,Not Eligible
13966,C. J. Nitkowski,Not Inducted,Not Inducted
16046,C. J. Riefenhauser,Not Eligible,Not Eligible
20685,C. J. Wilson,Not Inducted,Not Inducted
12075,C. V. Matteson,Not Eligible,Not Eligible
16718,CC Sabathia,Inducted,Inducted
14786,CD Pelham,Not Eligible,Not Eligible
33,CJ Abrams,Not Eligible,Not Eligible
203,CJ Alexander,Not Eligible,Not Eligible
9857,Cactus Keck,Not Eligible,Not Eligible
3631,Cad Coles,Not Eligible,Not Eligible
3143,Cade Cavalli,Not Eligible,Not Eligible
11825,Cade Marlowe,Not Eligible,Not Eligible
15330,Cade Povich,Not Eligible,Not Eligible
17802,Cade Smith,Not Eligible,Not Eligible
4353,Caden Dana,Not Eligible,Not Eligible
32,Cal Abrams,Not Eligible,Not Eligible
2221,Cal Broughton,Not Eligible,Not Eligible
2331,Cal Browning,Not Eligible,Not Eligible
3832,Cal Cooper,Not Eligible,Not Eligible
4173,Cal Crum,Not Eligible,Not Eligible
5039,Cal Dorsett,Not Eligible,Not Eligible
5467,Cal Eldred,Not Inducted,Not Inducted
5526,Cal Emery,Not Eligible,Not Eligible
5591,Cal Ermer,Not Eligible,Not Eligible
8704,Cal Hogue,Not Eligible,Not Eligible
8917,Cal Howe,Not Eligible,Not Eligible
8952,Cal Hubbard,Not Eligible,Not Eligible
10358,Cal Koonce,Not Inducted,Not Inducted
12573,Cal McLish,Not Inducted,Not Inducted
12654,Cal McVey,Not Eligible,Not Eligible
13101,Cal Mitchell,Not Eligible,Not Eligible
13791,Cal Neeman,Not Eligible,Not Eligible
15491,Cal Quantrill,Not Eligible,Not Eligible
15593,Cal Raleigh,Not Eligible,Not Eligible
16090,Cal Ripken,Not Eligible,Not Eligible
16089,Cal Ripken,Inducted,Inducted
18385,Cal Stevenson,Not Eligible,Not Eligible
19669,Cal Vasbinder,Not Eligible,Not Eligible
856,Caleb Baragar,Not Eligible,Not Eligible
1890,Caleb Boushley,Not Eligible,Not Eligible
3937,Caleb Cotham,Not Eligible,Not Eligible
5853,Caleb Ferguson,Not Eligible,Not Eligible
6304,Caleb Frare,Not Eligible,Not Eligible
6948,Caleb Gindl,Not Eligible,Not Eligible
7759,Caleb Hamilton,Not Eligible,Not Eligible
9696,Caleb Joseph,Not Eligible,Not Eligible
10081,Caleb Kilian,Not Eligible,Not Eligible
17803,Caleb Smith,Not Eligible,Not Eligible
19023,Caleb Thielbar,Not Eligible,Not Eligible
4009,Callix Crabbe,Not Eligible,Not Eligible
3232,Calvin Chapman,Not Eligible,Not Eligible
5804,Calvin Faucher,Not Eligible,Not Eligible
7431,Calvin Griffith,Not Eligible,Not Eligible
9577,Calvin Jones,Not Eligible,Not Eligible
11598,Calvin Maduro,Not Eligible,Not Eligible
13640,Calvin Murray,Not Eligible,Not Eligible
15097,Calvin Pickering,Not Eligible,Not Eligible
17064,Calvin Schiraldi,Not Eligible,Not Eligible
228,Cam Alldred,Not Eligible,Not Eligible
1207,Cam Bedrosian,Not Eligible,Not Eligible
1813,Cam Booser,Not Eligible,Not Eligible
2969,Cam Carreon,Not Eligible,Not Eligible
5386,Cam Eden,Not Eligible,Not Eligible
6517,Cam Gallagher,Not Eligible,Not Eligible
8539,Cam Hill,Not Eligible,Not Eligible
19770,Cam Vieaux,Not Eligible,Not Eligible
2722,Cameron Cairncross,Not Eligible,Not Eligible
5139,Cameron Drew,Not Eligible,Not Eligible
12148,Cameron Maybin,Not Eligible,Not Eligible
14919,Cameron Perkins,Not Eligible,Not Eligible
16643,Cameron Rupp,Not Eligible,Not Eligible
5065,Camilo Doval,Not Eligible,Not Eligible
14642,Camilo Pascual,Not Inducted,Not Inducted
17713,Camp Skinner,Not Eligible,Not Eligible
17949,Canaan Smith-Njigba,Not Eligible,Not Eligible
4235,Candy Cummings,Not Eligible,Not Eligible
18886,Candy Jim Taylor,Not Eligible,Not Eligible
11683,Candy Maldonado,Not Inducted,Not Inducted
13812,Candy Nelson,Not Inducted,Not Inducted
17604,Candy Sierra,Not Eligible,Not Eligible
463,Cap Anson,Inducted,Inducted
3412,Cap Clark,Not Eligible,Not Eligible
4162,Cap Crowell,Not Eligible,Not Eligible
14979,Cap Peterson,Not Eligible,Not Eligible
2824,Cardell Camper,Not Eligible,Not Eligible
6918,Carden Gillenwater,Not Eligible,Not Eligible
17312,Carey Selph,Not Eligible,Not Eligible
1750,Carl Boles,Not Eligible,Not Eligible
1879,Carl Bouldin,Not Eligible,Not Eligible
3045,Carl Cashion,Not Eligible,Not Eligible
4040,Carl Crawford,Not Inducted,Not Inducted
4321,Carl Dale,Not Eligible,Not Eligible
5091,Carl Doyle,Not Eligible,Not Eligible
5162,Carl Druhot,Not Eligible,Not Eligible
5302,Carl Duser,Not Eligible,Not Eligible
5347,Carl East,Not Eligible,Not Eligible
5408,Carl Edwards,Not Eligible,Not Eligible
5594,Carl Erskine,Not Inducted,Not Inducted
5692,Carl Everett,Not Inducted,Not Inducted
5980,Carl Fischer,Not Eligible,Not Eligible
6464,Carl Furillo,Not Inducted,Not Inducted
8740,Carl Holling,Not Eligible,Not Eligible
8957,Carl Hubbell,Not Inducted,Inducted
9109,Carl Husta,Not Eligible,Not Eligible
11074,Carl Lind,Not Eligible,Not Eligible
11091,Carl Lindquist,Not Eligible,Not Eligible
11106,Carl Linhart,Not Eligible,Not Eligible
11430,Carl Lundgren,Not Eligible,Not Eligible
11728,Carl Manda,Not Eligible,Not Eligible
12049,Carl Mathias,Not Eligible,Not Eligible
12165,Carl Mays,Not Inducted,Not Inducted
12604,Carl McNabb,Not Eligible,Not Eligible
12912,Carl Miles,Not Eligible,Not Eligible
13429,Carl Morton,Not Eligible,Not Eligible
13900,Carl Nichols,Not Eligible,Not Eligible
14714,Carl Pavano,Not Inducted,Not Inducted
15365,Carl Powis,Not Eligible,Not Eligible
15708,Carl Ray,Not Eligible,Not Eligible
15929,Carl Reynolds,Not Inducted,Not Inducted
16731,Carl Sadler,Not Eligible,Not Eligible
16958,Carl Sawatski,Not Inducted,Not Inducted
16959,Carl Sawyer,Not Eligible,Not Eligible
17034,Carl Scheib,Not Inducted,Not Inducted
17184,Carl Schutz,Not Eligible,Not Eligible
17694,Carl Sitton,Not Eligible,Not Eligible
18169,Carl Spongberg,Not Eligible,Not Eligible
18425,Carl Stimson,Not Eligible,Not Eligible
18666,Carl Sumner,Not Eligible,Not Eligible
18887,Carl Taylor,Not Eligible,Not Eligible
19041,Carl Thomas,Not Eligible,Not Eligible
19639,Carl Vandagrift,Not Eligible,Not Eligible
20107,Carl Warwick,Not Eligible,Not Eligible
20239,Carl Weilman,Not Eligible,Not Eligible
20550,Carl Willey,Not Eligible,Not Eligible
20650,Carl Willis,Not Eligible,Not Eligible
21057,Carl Yastrzemski,Inducted,Inducted
21164,Carl Yowell,Not Eligible,Not Eligible
21187,Carl Zamloch,Not Eligible,Not Eligible
11149,Carlisle Littlejohn,Not Eligible,Not Eligible
282,Carlos Almanzar,Not Eligible,Not Eligible
593,Carlos Asuaje,Not Eligible,Not Eligible
695,Carlos Baerga,Not Inducted,Not Inducted
1293,Carlos Beltran,Not Inducted,Not Inducted
1406,Carlos Bernier,Not Eligible,Not Eligible
2962,Carlos Carrasco,Not Eligible,Not Eligible
3050,Carlos Casimiro,Not Eligible,Not Eligible
3077,Carlos Castillo,Not Eligible,Not Eligible
3772,Carlos Contreras,Not Eligible,Not Eligible
3902,Carlos Corporan,Not Eligible,Not Eligible
3904,Carlos Correa,Not Eligible,Not Eligible
4041,Carlos Crawford,Not Eligible,Not Eligible
4676,Carlos Delgado,Inducted,Not Inducted
4808,Carlos Diaz,Not Eligible,Not Eligible
4809,Carlos Diaz,Not Eligible,Not Eligible
5645,Carlos Estevez,Not Eligible,Not Eligible
5815,Carlos Febles,Not Eligible,Not Eligible
5993,Carlos Fisher,Not Eligible,Not Eligible
6370,Carlos Frias,Not Eligible,Not Eligible
6590,Carlos Garcia,Not Inducted,Not Inducted
7074,Carlos Gomez,Not Inducted,Not Inducted
7106,Carlos Gonzalez,Not Inducted,Not Inducted
7541,Carlos Guevara,Not Eligible,Not Eligible
7546,Carlos Guillen,Not Inducted,Not Inducted
8357,Carlos Hernandez,Not Eligible,Not Eligible
8358,Carlos Hernandez,Not Eligible,Not Eligible
8356,Carlos Hernandez,Not Eligible,Not Eligible
8355,Carlos Hernandez,Not Inducted,Not Inducted
10838,Carlos Lee,Not Inducted,Not Inducted
11032,Carlos Lezcano,Not Eligible,Not Eligible
11285,Carlos Lopez,Not Eligible,Not Eligible
11684,Carlos Maldonado,Not Eligible,Not Eligible
11685,Carlos Maldonado,Not Eligible,Not Eligible
11827,Carlos Marmol,Not Eligible,Not Eligible
11944,Carlos Martinez,Not Eligible,Not Eligible
11943,Carlos Martinez,Not Eligible,Not Eligible
11945,Carlos Martinez,Not Eligible,Not Eligible
12130,Carlos May,Not Inducted,Not Inducted
12757,Carlos Mendez,Not Eligible,Not Eligible
12763,Carlos Mendoza,Not Eligible,Not Eligible
12764,Carlos Mendoza,Not Eligible,Not Eligible
13174,Carlos Monasterios,Not Eligible,Not Eligible
13179,Carlos Moncrief,Not Eligible,Not Eligible
13248,Carlos Moore,Not Eligible,Not Eligible
13555,Carlos Muniz,Not Eligible,Not Eligible
13746,Carlos Narváez,Not Eligible,Not Eligible
14643,Carlos Pascual,Not Eligible,Not Eligible
14704,Carlos Paula,Not Eligible,Not Eligible
14775,Carlos Peguero,Not Eligible,Not Eligible
14875,Carlos Perez,Not Eligible,Not Eligible
14874,Carlos Perez,Not Eligible,Not Eligible
14873,Carlos Perez,Not Eligible,Not Eligible
14803,Carlos Peña,Not Inducted,Not Inducted
15262,Carlos Ponce,Not Eligible,Not Eligible
15457,Carlos Pulido,Not Eligible,Not Eligible
15499,Carlos Quentin,Not Eligible,Not Eligible
15530,Carlos Quintana,Not Eligible,Not Eligible
15605,Carlos Ramirez,Not Eligible,Not Eligible
15910,Carlos Reyes,Not Eligible,Not Eligible
16119,Carlos Rivera,Not Eligible,Not Eligible
16134,Carlos Rivero,Not Eligible,Not Eligible
16275,Carlos Rodon,Not Eligible,Not Eligible
16279,Carlos Rodriguez,Not Eligible,Not Eligible
16280,Carlos Rodriguez,Not Eligible,Not Eligible
16472,Carlos Rosa,Not Eligible,Not Eligible
16623,Carlos Ruiz,Not Inducted,Not Inducted
16803,Carlos Sanabria,Not Eligible,Not Eligible
16814,Carlos Sanchez,Not Eligible,Not Eligible
16882,Carlos Santana,Not Eligible,Not Eligible
17620,Carlos Silva,Not Eligible,Not Eligible
19220,Carlos Tocci,Not Eligible,Not Eligible
19284,Carlos Torres,Not Inducted,Not Inducted
19300,Carlos Tosca,Not Eligible,Not Eligible
19376,Carlos Triunfel,Not Eligible,Not Eligible
19560,Carlos Valderrama,Not Eligible,Not Eligible
19568,Carlos Valdez,Not Eligible,Not Eligible
19650,Carlos Vargas,Not Eligible,Not Eligible
19714,Carlos Velazquez,Not Eligible,Not Eligible
19779,Carlos Villanueva,Not Inducted,Not Inducted
21184,Carlos Zambrano,Not Inducted,Not Inducted
6018,Carlton Fisk,Inducted,Inducted
11207,Carlton Loewer,Not Eligible,Not Eligible
11313,Carlton Lord,Not Eligible,Not Eligible
13154,Carlton Molesworth,Not Eligible,Not Eligible
3078,Carmelo Castillo,Not Inducted,Not Inducted
11946,Carmelo Martinez,Not Eligible,Not Eligible
2739,Carmen Cali,Not Eligible,Not Eligible
5764,Carmen Fanzone,Not Eligible,Not Eligible
8540,Carmen Hill,Not Inducted,Not Inducted
12118,Carmen Mauro,Not Eligible,Not Eligible
13129,Carmen Mlodzinski,Not Eligible,Not Eligible
15137,Carmen Pignatiello,Not Eligible,Not Eligible
6127,Carney Flynn,Not Eligible,Not Eligible
10673,Carney Lansford,Not Inducted,Not Inducted
17804,Carr Smith,Not Eligible,Not Eligible
2244,Carroll Brown,Not Eligible,Not Eligible
7873,Carroll Hardy,Not Eligible,Not Eligible
9578,Carroll Jones,Not Eligible,Not Eligible
17315,Carroll Sembera,Not Eligible,Not Eligible
21076,Carroll Yerkes,Not Eligible,Not Eligible
1501,Carson Bigbee,Not Inducted,Not Inducted
1599,Carson Blair,Not Eligible,Not Eligible
6448,Carson Fulmer,Not Eligible,Not Eligible
9928,Carson Kelly,Not Eligible,Not Eligible
17805,Carson Smith,Not Eligible,Not Eligible
18153,Carson Spiers,Not Eligible,Not Eligible
2875,Carter Capps,Not Eligible,Not Eligible
5482,Carter Elliott,Not Eligible,Not Eligible
10059,Carter Kieboom,Not Eligible,Not Eligible
1606,Casey Blake,Not Inducted,Not Inducted
2840,Casey Candaele,Not Eligible,Not Eligible
3611,Casey Coleman,Not Eligible,Not Eligible
3987,Casey Cox,Not Eligible,Not Eligible
4128,Casey Crosby,Not Eligible,Not Eligible
4310,Casey Daigle,Not Eligible,Not Eligible
5926,Casey Fien,Not Eligible,Not Eligible
6212,Casey Fossum,Not Eligible,Not Eligible
7655,Casey Hageman,Not Eligible,Not Eligible
9311,Casey Janssen,Not Eligible,Not Eligible
9929,Casey Kelly,Not Eligible,Not Eligible
10388,Casey Kotchman,Not Inducted,Not Inducted
10766,Casey Lawrence,Not Eligible,Not Eligible
10883,Casey Legumina,Not Eligible,Not Eligible
12428,Casey McGehee,Not Eligible,Not Eligible
13123,Casey Mize,Not Eligible,Not Eligible
14630,Casey Parsons,Not Eligible,Not Eligible
14665,Casey Patten,Not Eligible,Not Eligible
16732,Casey Sadler,Not Eligible,Not Eligible
17099,Casey Schmitt,Not Eligible,Not Eligible
18340,Casey Stengel,Not Inducted,Inducted
20806,Casey Wise,Not Eligible,Not Eligible
567,Casper Asbjornson,Not Eligible,Not Eligible
20278,Casper Wells,Not Eligible,Not Eligible
12879,Cass Michaels,Not Inducted,Not Inducted
9073,Catfish Hunter,Not Inducted,Inducted
1506,Cavan Biggio,Not Eligible,Not Eligible
1763,Cecil Bolton,Not Eligible,Not Eligible
2630,Cecil Butler,Not Eligible,Not Eligible
3817,Cecil Coombs,Not Eligible,Not Eligible
3833,Cecil Cooper,Not Inducted,Not Inducted
5184,Cecil Duff,Not Eligible,Not Eligible
5634,Cecil Espy,Not Eligible,Not Eligible
5854,Cecil Ferguson,Not Eligible,Not Eligible
5918,Cecil Fielder,Not Inducted,Not Inducted
6689,Cecil Garriott,Not Eligible,Not Eligible
13802,Cecil Neighbors,Not Eligible,Not Eligible
14920,Cecil Perkins,Not Eligible,Not Eligible
19339,Cecil Travis,Not Inducted,Not Inducted
19482,Cecil Tyson,Not Eligible,Not Eligible
19522,Cecil Upshaw,Not Eligible,Not Eligible
7515,Cecilio Guante,Not Eligible,Not Eligible
10634,Ced Landrum,Not Eligible,Not Eligible
15569,Ceddanne Rafaela,Not Eligible,Not Eligible
5299,Cedric Durst,Not Eligible,Not Eligible
9074,Cedric Hunter,Not Eligible,Not Eligible
13539,Cedric Mullins,Not Eligible,Not Eligible
18806,Cedric Tallis,Not Eligible,Not Eligible
1907,Cedrick Bowers,Not Eligible,Not Eligible
16815,Celerino Sanchez,Not Eligible,Not Eligible
2682,Cesar Cabral,Not Eligible,Not Eligible
2974,Cesar Carrillo,Not Eligible,Not Eligible
3163,Cesar Cedeno,Not Inducted,Not Inducted
4072,Cesar Crespo,Not Eligible,Not Eligible
4773,Cesar Devarez,Not Eligible,Not Eligible
6811,Cesar Geronimo,Not Inducted,Not Inducted
7588,Cesar Gutierrez,Not Eligible,Not Eligible
8359,Cesar Hernandez,Not Eligible,Not Eligible
8360,Cesar Hernandez,Not Eligible,Not Eligible
9201,Cesar Izturis,Not Inducted,Not Inducted
9392,Cesar Jimenez,Not Eligible,Not Eligible
15444,Cesar Puello,Not Eligible,Not Eligible
15640,Cesar Ramos,Not Eligible,Not Eligible
19306,Cesar Tovar,Not Inducted,Not Inducted
19569,Cesar Valdez,Not Eligible,Not Eligible
19651,Cesar Vargas,Not Eligible,Not Eligible
20973,Ceylon Wright,Not Eligible,Not Eligible
694,Cha-Seung Baek,Not Eligible,Not Eligible
235,Chad Allen,Not Eligible,Not Eligible
1169,Chad Beck,Not Eligible,Not Eligible
1248,Chad Bell,Not Eligible,Not Eligible
1351,Chad Bentz,Not Eligible,Not Eligible
1457,Chad Bettis,Not Eligible,Not Eligible
1523,Chad Billingsley,Not Eligible,Not Eligible
1970,Chad Bradford,Not Inducted,Not Inducted
3873,Chad Cordero,Not Eligible,Not Eligible
4268,Chad Curtis,Not Inducted,Not Inducted
5281,Chad Durbin,Not Inducted,Not Inducted
6162,Chad Fonville,Not Eligible,Not Eligible
6250,Chad Fox,Not Inducted,Not Inducted
6728,Chad Gaudin,Not Inducted,Not Inducted
6965,Chad Girodo,Not Eligible,Not Eligible
7334,Chad Green,Not Eligible,Not Eligible
8038,Chad Harville,Not Eligible,Not Eligible
8343,Chad Hermansen,Not Eligible,Not Eligible
8995,Chad Huffman,Not Eligible,Not Eligible
9116,Chad Hutchinson,Not Eligible,Not Eligible
9353,Chad Jenkins,Not Eligible,Not Eligible
10109,Chad Kimsey,Not Eligible,Not Eligible
10442,Chad Kreuter,Not Inducted,Not Inducted
10497,Chad Kuhl,Not Eligible,Not Eligible
12870,Chad Meyers,Not Eligible,Not Eligible
13135,Chad Moeller,Not Inducted,Not Inducted
13475,Chad Mottola,Not Eligible,Not Eligible
14170,Chad Ogea,Not Eligible,Not Eligible
14367,Chad Orvella,Not Eligible,Not Eligible
14612,Chad Paronto,Not Eligible,Not Eligible
15155,Chad Pinder,Not Eligible,Not Eligible
15488,Chad Qualls,Not Inducted,Not Inducted
15839,Chad Reineke,Not Eligible,Not Eligible
16908,Chad Santos,Not Eligible,Not Eligible
17807,Chad Smith,Not Eligible,Not Eligible
17806,Chad Smith,Not Eligible,Not Eligible
18017,Chad Sobotka,Not Eligible,Not Eligible
19324,Chad Tracy,Not Eligible,Not Eligible
19992,Chad Wallach,Not Eligible,Not Eligible
21214,Chad Zerbe,Not Eligible,Not Eligible
19381,Chadwick Tromp,Not Eligible,Not Eligible
14385,Champ Osteen,Not Eligible,Not Eligible
18663,Champ Summers,Not Inducted,Not Inducted
14578,Chan Ho Park,Not Inducted,Not Inducted
14939,Chan Perry,Not Eligible,Not Eligible
82,Chance Adams,Not Eligible,Not Eligible
16618,Chance Ruffin,Not Eligible,Not Eligible
16869,Chance Sanford,Not Eligible,Not Eligible
17685,Chance Sisco,Not Eligible,Not Eligible
17252,Chandler Seagle,Not Eligible,Not Eligible
17485,Chandler Shepherd,Not Eligible,Not Eligible
11062,Chang-Yong Lim,Not Eligible,Not Eligible
6827,Chappie Geygan,Not Eligible,Not Eligible
12399,Chappie McFarland,Not Eligible,Not Eligible
17983,Chappie Snodgrass,Not Eligible,Not Eligible
10639,Chappy Lane,Not Eligible,Not Eligible
1306,Charles Bender,Inducted,Inducted
1499,Charles Bierman,Not Eligible,Not Eligible
2110,Charles Brewer,Not Eligible,Not Eligible
2200,Charles Bronfman,Not Eligible,Not Eligible
3782,Charles Conway,Not Eligible,Not Eligible
6437,Charles Fuller,Not Eligible,Not Eligible
6449,Charles Fulmer,Not Inducted,Not Inducted
6782,Charles George,Not Eligible,Not Eligible
6961,Charles Gipson,Not Eligible,Not Eligible
8971,Charles Hudson,Not Eligible,Not Eligible
9278,Charles Jamerson,Not Eligible,Not Eligible
9445,Charles Johnson,Not Inducted,Not Inducted
10819,Charles Leblanc,Not Eligible,Not Eligible
10871,Charles Leesman,Not Eligible,Not Eligible
12078,Charles Matthews,Not Eligible,Not Eligible
13311,Charles Moran,Not Eligible,Not Eligible
13718,Charles Nagy,Not Inducted,Not Inducted
17084,Charles Schmidt,Not Eligible,Not Eligible
17996,Charles Snyder,Not Eligible,Not Eligible
18047,Charles Somers,Not Eligible,Not Eligible
18373,Charles Sterrett,Not Eligible,Not Eligible
18525,Charles Strick,Not Eligible,Not Eligible
19042,Charles Thomas,Not Eligible,Not Eligible
19241,Charles Tolson,Not Eligible,Not Eligible
20302,Charles Wensloff,Not Eligible,Not Eligible
20824,Charles Witherow,Not Eligible,Not Eligible
21083,Charles Yingling,Not Eligible,Not Eligible
21228,Charles Zimmer,Not Inducted,Not Inducted
1040,Charley Bassett,Not Eligible,Not Eligible
7707,Charley Hall,Not Eligible,Not Eligible
9579,Charley Jones,Not Inducted,Not Inducted
13249,Charley Moore,Not Eligible,Not Eligible
14208,Charley O'Leary,Not Inducted,Not Inducted
17016,Charley Schanz,Not Eligible,Not Eligible
17808,Charley Smith,Not Inducted,Not Inducted
18231,Charley Stanceu,Not Eligible,Not Eligible
18600,Charley Suche,Not Eligible,Not Eligible
9,Charlie Abbey,Not Eligible,Not Eligible
527,Charlie Armbruster,Not Eligible,Not Eligible
596,Charlie Atherton,Not Eligible,Not Eligible
670,Charlie Babb,Not Eligible,Not Eligible
674,Charlie Babington,Not Eligible,Not Eligible
750,Charlie Baker,Not Eligible,Not Eligible
864,Charlie Barber,Not Eligible,Not Eligible
908,Charlie Barnabe,Not Eligible,Not Eligible
914,Charlie Barnes,Not Eligible,Not Eligible
1021,Charlie Bartson,Not Eligible,Not Eligible
1045,Charlie Bastian,Not Eligible,Not Eligible
1052,Charlie Bates,Not Eligible,Not Eligible
1133,Charlie Beamon,Not Eligible,Not Eligible
1134,Charlie Beamon,Not Eligible,Not Eligible
1184,Charlie Becker,Not Eligible,Not Eligible
1249,Charlie Bell,Not Eligible,Not Eligible
1324,Charlie Bennett,Inducted,Not Inducted
1418,Charlie Berry,Not Inducted,Not Inducted
1419,Charlie Berry,Not Eligible,Not Eligible
1486,Charlie Bicknell,Not Eligible,Not Eligible
1508,Charlie Biggs,Not Eligible,Not Eligible
1548,Charlie Bishop,Not Eligible,Not Eligible
1578,Charlie Blackburn,Not Eligible,Not Eligible
1588,Charlie Blackmon,Not Eligible,Not Eligible
1697,Charlie Boardman,Not Eligible,Not Eligible
1734,Charlie Bohn,Not Eligible,Not Eligible
1747,Charlie Bold,Not Eligible,Not Eligible
1917,Charlie Bowles,Not Eligible,Not Eligible
2120,Charlie Brewster,Not Eligible,Not Eligible
2138,Charlie Briggs,Not Eligible,Not Eligible
2245,Charlie Brown,Not Eligible,Not Eligible
2426,Charlie Buelow,Not Eligible,Not Eligible
2431,Charlie Buffinton,Not Inducted,Not Inducted
2631,Charlie Butler,Not Eligible,Not Eligible
2671,Charlie Byrne,Not Eligible,Not Eligible
2708,Charlie Cady,Not Eligible,Not Eligible
2728,Charlie Caldwell,Not Eligible,Not Eligible
2958,Charlie Carr,Not Eligible,Not Eligible
3031,Charlie Case,Not Eligible,Not Eligible
3225,Charlie Chant,Not Eligible,Not Eligible
3274,Charlie Chech,Not Eligible,Not Eligible
3695,Charlie Comiskey,Inducted,Inducted
4005,Charlie Cozart,Not Eligible,Not Eligible
4211,Charlie Cuellar,Not Eligible,Not Eligible
4219,Charlie Culberson,Not Eligible,Not Eligible
4283,Charlie Cushman,Not Eligible,Not Eligible
4363,Charlie Daniels,Not Eligible,Not Eligible
4605,Charlie DeArmond,Not Eligible,Not Eligible
4589,Charlie Deal,Not Inducted,Not Inducted
4633,Charlie Dees,Not Eligible,Not Eligible
4774,Charlie Devens,Not Eligible,Not Eligible
4794,Charlie Dewald,Not Eligible,Not Eligible
4799,Charlie Dexter,Not Eligible,Not Eligible
5032,Charlie Dorman,Not Eligible,Not Eligible
5052,Charlie Dougherty,Not Eligible,Not Eligible
5188,Charlie Duffee,Not Eligible,Not Eligible
5333,Charlie Eakle,Not Eligible,Not Eligible
5367,Charlie Ebbets,Not Eligible,Not Eligible
5377,Charlie Eckert,Not Eligible,Not Eligible
5387,Charlie Eden,Not Eligible,Not Eligible
5528,Charlie Emig,Not Eligible,Not Eligible
5545,Charlie Engle,Not Eligible,Not Eligible
5550,Charlie English,Not Eligible,Not Eligible
5564,Charlie Enwright,Not Eligible,Not Eligible
5749,Charlie Fallon,Not Eligible,Not Eligible
5809,Charlie Faust,Not Eligible,Not Eligible
5856,Charlie Ferguson,Not Eligible,Not Eligible
5855,Charlie Ferguson,Not Eligible,Not Eligible
5963,Charlie Finley,Not Eligible,Not Eligible
5994,Charlie Fisher,Not Eligible,Not Eligible
6024,Charlie Fitzberger,Not Eligible,Not Eligible
6056,Charlie Flanagan,Not Eligible,Not Eligible
6251,Charlie Fox,Not Eligible,Not Eligible
6290,Charlie Frank,Not Eligible,Not Eligible
6358,Charlie French,Not Eligible,Not Eligible
6394,Charlie Frisbee,Not Eligible,Not Eligible
6398,Charlie Fritz,Not Eligible,Not Eligible
6414,Charlie Frye,Not Eligible,Not Eligible
6419,Charlie Fuchs,Not Eligible,Not Eligible
6462,Charlie Furbush,Not Eligible,Not Eligible
6568,Charlie Ganzel,Not Inducted,Not Inducted
6708,Charlie Gassaway,Not Eligible,Not Eligible
6754,Charlie Geggus,Not Eligible,Not Eligible
6757,Charlie Gehringer,Not Inducted,Inducted
6765,Charlie Gelbert,Not Eligible,Not Eligible
6817,Charlie Gessner,Not Eligible,Not Eligible
6819,Charlie Gettig,Not Eligible,Not Eligible
6847,Charlie Gibson,Not Eligible,Not Eligible
6848,Charlie Gibson,Not Eligible,Not Eligible
6880,Charlie Gilbert,Not Eligible,Not Eligible
6963,Charlie Girard,Not Eligible,Not Eligible
7145,Charlie Gooch,Not Eligible,Not Eligible
7192,Charlie Gorin,Not Eligible,Not Eligible
7225,Charlie Gould,Not Eligible,Not Eligible
7257,Charlie Graham,Not Eligible,Not Eligible
7309,Charlie Gray,Not Eligible,Not Eligible
7362,Charlie Greene,Not Eligible,Not Eligible
7452,Charlie Grimm,Not Inducted,Not Inducted
7496,Charlie Grover,Not Eligible,Not Eligible
7584,Charlie Guth,Not Eligible,Not Eligible
7634,Charlie Hackett,Not Eligible,Not Eligible
7646,Charlie Haeger,Not Eligible,Not Eligible
7708,Charlie Hall,Not Eligible,Not Eligible
7740,Charlie Hallstrom,Not Eligible,Not Eligible
7751,Charlie Hamburg,Not Eligible,Not Eligible
7816,Charlie Hanford,Not Eligible,Not Eligible
7869,Charlie Harding,Not Eligible,Not Eligible
7887,Charlie Hargreaves,Not Eligible,Not Eligible
7944,Charlie Harris,Not Eligible,Not Eligible
8015,Charlie Hartman,Not Eligible,Not Eligible
8054,Charlie Hastings,Not Eligible,Not Eligible
8084,Charlie Hautz,Not Eligible,Not Eligible
8107,Charlie Hayes,Not Inducted,Not Inducted
8144,Charlie Heard,Not Eligible,Not Eligible
8245,Charlie Hemphill,Not Inducted,Not Inducted
8491,Charlie Hickman,Not Inducted,Not Inducted
8522,Charlie High,Not Eligible,Not Eligible
8581,Charlie Hilsey,Not Eligible,Not Eligible
8640,Charlie Hodes,Not Eligible,Not Eligible
8653,Charlie Hodnett,Not Eligible,Not Eligible
8749,Charlie Hollocher,Not Eligible,Not Eligible
8807,Charlie Hoover,Not Eligible,Not Eligible
8864,Charlie Hough,Inducted,Not Inducted
8875,Charlie Householder,Not Eligible,Not Eligible
8874,Charlie Householder,Not Eligible,Not Eligible
8972,Charlie Hudson,Not Eligible,Not Eligible
9161,Charlie Ingraham,Not Eligible,Not Eligible
9183,Charlie Irwin,Not Inducted,Not Inducted
9212,Charlie Jackson,Not Eligible,Not Eligible
9271,Charlie Jaeger,Not Eligible,Not Eligible
9285,Charlie James,Not Eligible,Not Eligible
9300,Charlie Jamieson,Not Inducted,Not Inducted
9446,Charlie Johnson,Not Eligible,Not Eligible
9580,Charlie Jones,Not Eligible,Not Eligible
9581,Charlie Jones,Not Eligible,Not Eligible
9670,Charlie Jordan,Not Eligible,Not Eligible
9772,Charlie Kalbfus,Not Eligible,Not Eligible
9832,Charlie Kavanagh,Not Eligible,Not Eligible
9900,Charlie Keller,Not Inducted,Not Inducted
9930,Charlie Kelly,Not Eligible,Not Eligible
10022,Charlie Kerfeld,Not Eligible,Not Eligible
10259,Charlie Knepper,Not Eligible,Not Eligible
10417,Charlie Krause,Not Eligible,Not Eligible
10429,Charlie Krehmeyer,Not Eligible,Not Eligible
10503,Charlie Kuhns,Not Eligible,Not Eligible
10735,Charlie Lau,Not Inducted,Not Inducted
10794,Charlie Lea,Not Eligible,Not Eligible
10896,Charlie Leibrandt,Not Inducted,Not Inducted
10986,Charlie Letchas,Not Eligible,Not Eligible
10994,Charlie Levis,Not Eligible,Not Eligible
11101,Charlie Lindstrom,Not Eligible,Not Eligible
11323,Charlie Loudenslager,Not Eligible,Not Eligible
11350,Charlie Lowe,Not Eligible,Not Eligible
11445,Charlie Luskey,Not Eligible,Not Eligible
11665,Charlie Maisel,Not Eligible,Not Eligible
11680,Charlie Malay,Not Eligible,Not Eligible
11714,Charlie Maloney,Not Eligible,Not Eligible
11741,Charlie Manlove,Not Eligible,Not Eligible
11749,Charlie Manning,Not Eligible,Not Eligible
11775,Charlie Manuel,Not Eligible,Not Eligible
12006,Charlie Mason,Not Eligible,Not Eligible
12126,Charlie Maxwell,Not Inducted,Not Inducted
12334,Charlie McCullough,Not Eligible,Not Eligible
12661,Charlie Mead,Not Eligible,Not Eligible
12673,Charlie Meara,Not Eligible,Not Eligible
12843,Charlie Metro,Not Eligible,Not Eligible
12941,Charlie Miller,Not Eligible,Not Eligible
12942,Charlie Miller,Not Eligible,Not Eligible
13040,Charlie Mills,Not Eligible,Not Eligible
13102,Charlie Mitchell,Not Eligible,Not Eligible
13223,Charlie Montoyo,Not Eligible,Not Eligible
13250,Charlie Moore,Not Inducted,Not Inducted
13312,Charlie Moran,Not Eligible,Not Eligible
13430,Charlie Morton,Not Eligible,Not Eligible
13431,Charlie Morton,Not Eligible,Not Eligible
13457,Charlie Moss,Not Eligible,Not Eligible
13522,Charlie Mullen,Not Eligible,Not Eligible
13780,Charlie Neal,Not Eligible,Not Eligible
13877,Charlie Newman,Not Eligible,Not Eligible
13925,Charlie Niebergall,Not Eligible,Not Eligible
14073,Charlie Nyce,Not Eligible,Not Eligible
14097,Charlie O'Brien,Not Inducted,Not Inducted
14379,Charlie Osgood,Not Eligible,Not Eligible
14391,Charlie Osterhout,Not Eligible,Not Eligible
14472,Charlie Pabor,Not Eligible,Not Eligible
14631,Charlie Parsons,Not Eligible,Not Eligible
14759,Charlie Pechous,Not Eligible,Not Eligible
14774,Charlie Peete,Not Eligible,Not Eligible
14921,Charlie Perkins,Not Eligible,Not Eligible
15012,Charlie Petty,Not Eligible,Not Eligible
15095,Charlie Pick,Not Eligible,Not Eligible
15100,Charlie Pickett,Not Eligible,Not Eligible
15455,Charlie Puleo,Not Eligible,Not Eligible
15545,Charlie Rabe,Not Eligible,Not Eligible
15825,Charlie Reilley,Not Eligible,Not Eligible
15829,Charlie Reilly,Not Eligible,Not Eligible
15844,Charlie Reipschlager,Not Eligible,Not Eligible
15851,Charlie Reising,Not Eligible,Not Eligible
15930,Charlie Reynolds,Not Eligible,Not Eligible
15958,Charlie Rhodes,Not Eligible,Not Eligible
16094,Charlie Ripple,Not Eligible,Not Eligible
16104,Charlie Ritter,Not Eligible,Not Eligible
16186,Charlie Robertson,Not Eligible,Not Eligible
16212,Charlie Robinson,Not Eligible,Not Eligible
16466,Charlie Root,Not Inducted,Not Inducted
16580,Charlie Roy,Not Eligible,Not Eligible
16864,Charlie Sands,Not Eligible,Not Eligible
17103,Charlie Schmutz,Not Eligible,Not Eligible
17274,Charlie See,Not Eligible,Not Eligible
17517,Charlie Shields,Not Eligible,Not Eligible
17552,Charlie Shoemaker,Not Eligible,Not Eligible
17625,Charlie Silvera,Not Inducted,Not Inducted
17762,Charlie Small,Not Eligible,Not Eligible
17810,Charlie Smith,Not Eligible,Not Eligible
17809,Charlie Smith,Not Inducted,Not Inducted
17971,Charlie Snell,Not Eligible,Not Eligible
17989,Charlie Snow,Not Eligible,Not Eligible
18157,Charlie Spikes,Not Eligible,Not Eligible
18175,Charlie Sprague,Not Eligible,Not Eligible
18189,Charlie Sproull,Not Eligible,Not Eligible
18275,Charlie Starr,Not Eligible,Not Eligible
18623,Charlie Sullivan,Not Eligible,Not Eligible
18734,Charlie Sweasy,Not Eligible,Not Eligible
18740,Charlie Sweeney,Not Eligible,Not Eligible
18767,Charlie Swindells,Not Eligible,Not Eligible
19189,Charlie Tilson,Not Eligible,Not Eligible
19497,Charlie Uhlir,Not Eligible,Not Eligible
19680,Charlie Vaughan,Not Eligible,Not Eligible
19799,Charlie Vinson,Not Eligible,Not Eligible
19879,Charlie Wagner,Not Eligible,Not Eligible
19902,Charlie Waitt,Not Eligible,Not Eligible
20031,Charlie Walters,Not Eligible,Not Eligible
20207,Charlie Weber,Not Eligible,Not Eligible
20364,Charlie Wheatley,Not Eligible,Not Eligible
20404,Charlie White,Not Eligible,Not Eligible
20449,Charlie Whitehouse,Not Eligible,Not Eligible
20496,Charlie Wiedemeyer,Not Eligible,Not Eligible
20566,Charlie Williams,Not Eligible,Not Eligible
20686,Charlie Wilson,Not Eligible,Not Eligible
21114,Charlie Young,Not Eligible,Not Eligible
21221,Charlie Ziegler,Not Eligible,Not Eligible
21241,Charlie Zink,Not Eligible,Not Eligible
9411,Charlton Jimerson,Not Eligible,Not Eligible
12303,Chas McCormick,Not Eligible,Not Eligible
383,Chase Anderson,Not Eligible,Not Eligible
1971,Chase Bradford,Not Eligible,Not Eligible
4555,Chase De Jong,Not Eligible,Not Eligible
8135,Chase Headley,Not Inducted,Not Inducted
17583,Chase Shugart,Not Eligible,Not Eligible
17619,Chase Silseth,Not Eligible,Not Eligible
19550,Chase Utley,Inducted,Not Inducted
20464,Chase Whitley,Not Eligible,Not Eligible
20974,Chase Wright,Not Eligible,Not Eligible
4389,Chase d'Arnaud,Not Eligible,Not Eligible
17577,Chasen Shreve,Not Eligible,Not Eligible
2491,Chauncey Burkam,Not Eligible,Not Eligible
5995,Chauncey Fisher,Not Eligible,Not Eligible
12346,Chayce McDermott,Not Eligible,Not Eligible
16342,Chaz Roe,Not Eligible,Not Eligible
11065,Che-Hsuan Lin,Not Eligible,Not Eligible
5996,Cherokee Fisher,Not Eligible,Not Eligible
4092,Ches Crist,Not Eligible,Not Eligible
4289,Cheslor Cuthbert,Not Eligible,Not Eligible
5525,Chester Emerson,Not Eligible,Not Eligible
1696,Chet Boak,Not Eligible,Not Eligible
2111,Chet Brewer,Not Eligible,Not Eligible
2936,Chet Carmichael,Not Eligible,Not Eligible
3191,Chet Chadbourne,Not Eligible,Not Eligible
3492,Chet Clemens,Not Eligible,Not Eligible
3973,Chet Covington,Not Eligible,Not Eligible
5744,Chet Falk,Not Eligible,Not Eligible
7680,Chet Hajduk,Not Eligible,Not Eligible
9447,Chet Johnson,Not Eligible,Not Eligible
9881,Chet Kehn,Not Eligible,Not Eligible
10533,Chet Laabs,Not Inducted,Not Inducted
10928,Chet Lemon,Inducted,Not Inducted
13353,Chet Morgan,Not Eligible,Not Eligible
13901,Chet Nichols,Not Eligible,Not Eligible
13902,Chet Nichols,Not Eligible,Not Eligible
14044,Chet Nourse,Not Eligible,Not Eligible
16522,Chet Ross,Not Eligible,Not Eligible
18134,Chet Spencer,Not Eligible,Not Eligible
7107,Chi Chi Gonzalez,Not Eligible,Not Eligible
14232,Chi-Chi Olivo,Not Eligible,Not Eligible
11173,Chia-Jen Lo,Not Eligible,Not Eligible
636,Chick Autry,Not Eligible,Not Eligible
1898,Chick Bowen,Not Eligible,Not Eligible
2029,Chick Brandom,Not Eligible,Not Eligible
4443,Chick Davies,Not Eligible,Not Eligible
5677,Chick Evans,Not Eligible,Not Eligible
5905,Chick Fewster,Not Inducted,Not Inducted
6306,Chick Fraser,Not Inducted,Not Inducted
6446,Chick Fullis,Not Eligible,Not Eligible
6492,Chick Gagnon,Not Eligible,Not Eligible
6539,Chick Galloway,Not Inducted,Not Inducted
6557,Chick Gandil,Not Eligible,Not Eligible
7648,Chick Hafey,Not Inducted,Inducted
8010,Chick Hartley,Not Eligible,Not Eligible
8767,Chick Holmes,Not Eligible,Not Eligible
10115,Chick King,Not Eligible,Not Eligible
10728,Chick Lathers,Not Eligible,Not Eligible
12159,Chick Maynard,Not Eligible,Not Eligible
14768,Chick Pedroes,Not Eligible,Not Eligible
16244,Chick Robitaille,Not Eligible,Not Eligible
17569,Chick Shorten,Not Eligible,Not Eligible
17811,Chick Smith,Not Eligible,Not Eligible
18067,Chick Sorrells,Not Eligible,Not Eligible
18213,Chick Stahl,Not Inducted,Not Inducted
8095,Chicken Hawks,Not Eligible,Not Eligible
20850,Chicken Wolf,Not Inducted,Not Inducted
2966,Chico Carrasquel,Not Inducted,Not Inducted
5603,Chico Escarrega,Not Eligible,Not Eligible
5865,Chico Fernandez,Not Eligible,Not Eligible
6591,Chico Garcia,Not Eligible,Not Eligible
8361,Chico Hernandez,Not Eligible,Not Eligible
16624,Chico Ruiz,Not Eligible,Not Eligible
16625,Chico Ruiz,Not Eligible,Not Eligible
16776,Chico Salmon,Not Eligible,Not Eligible
19926,Chico Walker,Not Inducted,Not Inducted
18018,Chief Sockalexis,Not Eligible,Not Eligible
20049,Chien-Ming Wang,Not Eligible,Not Eligible
8948,Chih-Wei Hu,Not Eligible,Not Eligible
7075,Chile Gomez,Not Eligible,Not Eligible
4460,Chili Davis,Not Inducted,Not Inducted
3280,Chin-Feng Chen,Not Eligible,Not Eligible
19406,Chin-hui Tsao,Not Eligible,Not Eligible
8949,Chin-lung Hu,Not Eligible,Not Eligible
2705,Chino Cadahia,Not Eligible,Not Eligible
17812,Chino Smith,Not Eligible,Not Eligible
358,Chip Ambres,Not Eligible,Not Eligible
3957,Chip Coulter,Not Eligible,Not Eligible
7687,Chip Hale,Not Eligible,Not Eligible
10648,Chip Lang,Not Eligible,Not Eligible
11863,Chip Marshall,Not Eligible,Not Eligible
9582,Chipper Jones,Inducted,Inducted
12414,Chippy McGarr,Not Inducted,Not Inducted
11947,Chito Martinez,Not Eligible,Not Eligible
13737,Cholly Naranjo,Not Eligible,Not Eligible
5935,Chone Figgins,Not Inducted,Not Inducted
6329,Choo Freeman,Not Eligible,Not Eligible
3612,Choo-Choo Coleman,Not Eligible,Not Eligible
143,Chris Aguila,Not Eligible,Not Eligible
495,Chris Archer,Not Eligible,Not Eligible
540,Chris Arnold,Not Eligible,Not Eligible
828,Chris Bando,Not Eligible,Not Eligible
947,Chris Barnwell,Not Eligible,Not Eligible
1025,Chris Basak,Not Eligible,Not Eligible
1041,Chris Bassitt,Not Eligible,Not Eligible
1077,Chris Batton,Not Eligible,Not Eligible
1150,Chris Beasley,Not Eligible,Not Eligible
1170,Chris Beck,Not Eligible,Not Eligible
1799,Chris Booker,Not Eligible,Not Eligible
1814,Chris Bootcheck,Not Eligible,Not Eligible
1850,Chris Bosio,Not Inducted,Not Inducted
1884,Chris Bourjos,Not Eligible,Not Eligible
2173,Chris Britton,Not Eligible,Not Eligible
2184,Chris Brock,Not Eligible,Not Eligible
2246,Chris Brown,Not Eligible,Not Eligible
2496,Chris Burke,Not Eligible,Not Eligible
2608,Chris Bushing,Not Eligible,Not Eligible
2853,Chris Cannizzaro,Not Inducted,Not Inducted
2883,Chris Capuano,Not Inducted,Not Inducted
2946,Chris Carpenter,Not Eligible,Not Eligible
2945,Chris Carpenter,Not Inducted,Not Inducted
3003,Chris Carter,Not Eligible,Not Eligible
3004,Chris Carter,Not Eligible,Not Eligible
3212,Chris Chambliss,Not Inducted,Not Inducted
3400,Chris Clapinski,Not Eligible,Not Eligible
3508,Chris Clemons,Not Eligible,Not Eligible
3565,Chris Codiroli,Not Eligible,Not Eligible
3579,Chris Coghlan,Not Eligible,Not Eligible
3587,Chris Colabello,Not Eligible,Not Eligible
3634,Chris Coletta,Not Eligible,Not Eligible
3930,Chris Coste,Not Eligible,Not Eligible
4112,Chris Cron,Not Eligible,Not Eligible
4461,Chris Davis,Not Eligible,Not Eligible
4699,Chris Demaria,Not Eligible,Not Eligible
4729,Chris Denorfia,Not Inducted,Not Inducted
4775,Chris Devenski,Not Eligible,Not Eligible
4845,Chris Dickerson,Not Eligible,Not Eligible
4973,Chris Dominguez,Not Eligible,Not Eligible
5005,Chris Donnels,Not Eligible,Not Eligible
5192,Chris Duffy,Not Eligible,Not Eligible
5224,Chris Duncan,Not Eligible,Not Eligible
5308,Chris Dwyer,Not Eligible,Not Eligible
5380,Chris Eddy,Not Eligible,Not Eligible
5494,Chris Ellis,Not Eligible,Not Eligible
6089,Chris Flexen,Not Eligible,Not Eligible
6450,Chris Fulmer,Not Eligible,Not Eligible
6467,Chris Fussell,Not Eligible,Not Eligible
6648,Chris Gardner,Not Eligible,Not Eligible
6784,Chris George,Not Eligible,Not Eligible
6783,Chris George,Not Eligible,Not Eligible
6823,Chris Getz,Not Eligible,Not Eligible
6946,Chris Gimenez,Not Inducted,Not Inducted
6966,Chris Gissell,Not Eligible,Not Eligible
6967,Chris Gittens,Not Eligible,Not Eligible
7076,Chris Gomez,Not Inducted,Not Inducted
7335,Chris Green,Not Eligible,Not Eligible
7613,Chris Gwynn,Not Inducted,Not Inducted
7779,Chris Hammond,Not Inducted,Not Inducted
7812,Chris Haney,Not Inducted,Not Inducted
8009,Chris Hartje,Not Eligible,Not Eligible
8059,Chris Hatcher,Not Eligible,Not Eligible
8060,Chris Hatcher,Not Eligible,Not Eligible
8075,Chris Haughey,Not Eligible,Not Eligible
8205,Chris Heintz,Not Eligible,Not Eligible
8214,Chris Heisey,Not Eligible,Not Eligible
8438,Chris Herrmann,Not Eligible,Not Eligible
8464,Chris Heston,Not Eligible,Not Eligible
8707,Chris Hoiles,Not Inducted,Not Inducted
8778,Chris Holt,Not Eligible,Not Eligible
8797,Chris Hook,Not Eligible,Not Eligible
8893,Chris Howard,Not Eligible,Not Eligible
8894,Chris Howard,Not Eligible,Not Eligible
9136,Chris Iannetta,Not Inducted,Not Inducted
9276,Chris Jakubauskas,Not Eligible,Not Eligible
9286,Chris James,Not Inducted,Not Inducted
9349,Chris Jelic,Not Eligible,Not Eligible
9448,Chris Johnson,Not Eligible,Not Eligible
9583,Chris Jones,Not Eligible,Not Eligible
9584,Chris Jones,Not Eligible,Not Eligible
10191,Chris Kitsos,Not Eligible,Not Eligible
10251,Chris Knapp,Not Eligible,Not Eligible
10467,Chris Krug,Not Eligible,Not Eligible
10602,Chris Lambert,Not Eligible,Not Eligible
10726,Chris Latham,Not Eligible,Not Eligible
10973,Chris Leroux,Not Eligible,Not Eligible
11093,Chris Lindsay,Not Eligible,Not Eligible
11503,Chris Mabeus,Not Eligible,Not Eligible
11622,Chris Magruder,Not Eligible,Not Eligible
11645,Chris Mahoney,Not Eligible,Not Eligible
11848,Chris Marrero,Not Eligible,Not Eligible
11904,Chris Martin,Not Eligible,Not Eligible
12176,Chris Mazza,Not Eligible,Not Eligible
12400,Chris McFarland,Not Eligible,Not Eligible
12475,Chris McGuiness,Not Eligible,Not Eligible
12675,Chris Mears,Not Eligible,Not Eligible
12884,Chris Michalak,Not Eligible,Not Eligible
13593,Chris Murphy,Not Eligible,Not Eligible
13708,Chris Nabholz,Not Eligible,Not Eligible
13747,Chris Narveson,Not Eligible,Not Eligible
13813,Chris Nelson,Not Eligible,Not Eligible
13916,Chris Nichting,Not Eligible,Not Eligible
14076,Chris Nyman,Not Eligible,Not Eligible
14174,Chris O'Grady,Not Eligible,Not Eligible
14199,Chris Okey,Not Eligible,Not Eligible
14461,Chris Owings,Not Eligible,Not Eligible
14465,Chris Oxspring,Not Eligible,Not Eligible
14485,Chris Paddack,Not Eligible,Not Eligible
14605,Chris Parmelee,Not Eligible,Not Eligible
14876,Chris Perez,Not Eligible,Not Eligible
14959,Chris Peters,Not Eligible,Not Eligible
14972,Chris Petersen,Not Eligible,Not Eligible
15008,Chris Pettit,Not Eligible,Not Eligible
15129,Chris Piersoll,Not Eligible,Not Eligible
15187,Chris Pittaro,Not Eligible,Not Eligible
15411,Chris Prieto,Not Eligible,Not Eligible
15420,Chris Pritchett,Not Eligible,Not Eligible
15709,Chris Ray,Not Eligible,Not Eligible
15740,Chris Rearick,Not Eligible,Not Eligible
15771,Chris Reed,Not Eligible,Not Eligible
15855,Chris Reitsma,Not Eligible,Not Eligible
15889,Chris Resop,Not Eligible,Not Eligible
15981,Chris Richard,Not Eligible,Not Eligible
16028,Chris Rickley,Not Eligible,Not Eligible
16160,Chris Roberson,Not Eligible,Not Eligible
16213,Chris Robinson,Not Eligible,Not Eligible
16281,Chris Rodriguez,Not Eligible,Not Eligible
16404,Chris Roller,Not Eligible,Not Eligible
16577,Chris Rowley,Not Eligible,Not Eligible
16585,Chris Roycroft,Not Eligible,Not Eligible
16650,Chris Rusin,Not Eligible,Not Eligible
16722,Chris Sabo,Not Eligible,Not Eligible
16742,Chris Saenz,Not Eligible,Not Eligible
16767,Chris Sale,Not Eligible,Not Eligible
16795,Chris Sampson,Not Eligible,Not Eligible
17139,Chris Schroder,Not Eligible,Not Eligible
17201,Chris Schwinden,Not Eligible,Not Eligible
17270,Chris Seddon,Not Eligible,Not Eligible
17277,Chris Seelbach,Not Eligible,Not Eligible
17362,Chris Sexton,Not Eligible,Not Eligible
17421,Chris Shaw,Not Eligible,Not Eligible
17476,Chris Shelton,Not Eligible,Not Eligible
17565,Chris Short,Not Inducted,Not Inducted
17671,Chris Singleton,Not Eligible,Not Eligible
17815,Chris Smith,Not Eligible,Not Eligible
17813,Chris Smith,Not Eligible,Not Eligible
17814,Chris Smith,Not Eligible,Not Eligible
17975,Chris Snelling,Not Eligible,Not Eligible
17987,Chris Snopek,Not Eligible,Not Eligible
17997,Chris Snyder,Not Inducted,Not Inducted
18122,Chris Speier,Not Inducted,Not Inducted
18195,Chris Spurling,Not Eligible,Not Eligible
18393,Chris Stewart,Not Inducted,Not Inducted
18491,Chris Stowers,Not Eligible,Not Eligible
18509,Chris Stratton,Not Eligible,Not Eligible
18589,Chris Stynes,Not Inducted,Not Inducted
18888,Chris Taylor,Not Eligible,Not Eligible
19185,Chris Tillman,Not Inducted,Not Inducted
19360,Chris Tremie,Not Eligible,Not Eligible
19397,Chris Truby,Not Eligible,Not Eligible
19443,Chris Turner,Not Eligible,Not Eligible
19557,Chris Valaika,Not Eligible,Not Eligible
19605,Chris Vallimont,Not Eligible,Not Eligible
19616,Chris Van Cuyk,Not Eligible,Not Eligible
19831,Chris Volstad,Not Eligible,Not Eligible
19833,Chris Von Der Ahe,Not Eligible,Not Eligible
19908,Chris Wakeland,Not Eligible,Not Eligible
20058,Chris Ward,Not Eligible,Not Eligible
20131,Chris Waters,Not Eligible,Not Eligible
20292,Chris Welsh,Not Eligible,Not Eligible
20491,Chris Widger,Not Inducted,Not Inducted
20826,Chris Withrow,Not Eligible,Not Eligible
20939,Chris Woodward,Not Inducted,Not Inducted
21116,Chris Young,Not Inducted,Not Inducted
21115,Chris Young,Not Inducted,Not Inducted
21172,Chris Zachary,Not Eligible,Not Eligible
557,Christian Arroyo,Not Eligible,Not Eligible
1381,Christian Bergman,Not Eligible,Not Eligible
1451,Christian Bethancourt,Not Eligible,Not Eligible
3678,Christian Colon,Not Eligible,Not Eligible
5539,Christian Encarnacion-Strand,Not Eligible,Not Eligible
6382,Christian Friedrich,Not Eligible,Not Eligible
6592,Christian Garcia,Not Eligible,Not Eligible
11275,Christian Lopes,Not Eligible,Not Eligible
14584,Christian Parker,Not Eligible,Not Eligible
17209,Christian Scott,Not Eligible,Not Eligible
19693,Christian Vazquez,Not Eligible,Not Eligible
19780,Christian Villanueva,Not Eligible,Not Eligible
19927,Christian Walker,Not Eligible,Not Eligible
21071,Christian Yelich,Not Eligible,Not Eligible
18394,Christin Stewart,Not Eligible,Not Eligible
1857,Christopher Bostick,Not Eligible,Not Eligible
13331,Christopher Morel,Not Eligible,Not Eligible
12047,Christy Mathewson,Inducted,Inducted
3647,Chub Collins,Not Eligible,Not Eligible
5821,Chub Feeney,Not Eligible,Not Eligible
18624,Chub Sullivan,Not Eligible,Not Eligible
4595,Chubby Dean,Not Eligible,Not Eligible
17998,Chubby Snyder,Not Eligible,Not Eligible
15641,Chucho Ramos,Not Eligible,Not Eligible
200,Chuck Aleno,Not Eligible,Not Eligible
751,Chuck Baker,Not Eligible,Not Eligible
2153,Chuck Brinkman,Not Eligible,Not Eligible
2959,Chuck Carr,Not Eligible,Not Eligible
3023,Chuck Cary,Not Eligible,Not Eligible
3359,Chuck Churn,Not Eligible,Not Eligible
3632,Chuck Coles,Not Eligible,Not Eligible
3756,Chuck Connors,Not Eligible,Not Eligible
3887,Chuck Corgan,Not Eligible,Not Eligible
3943,Chuck Cottier,Not Eligible,Not Eligible
4082,Chuck Crim,Not Eligible,Not Eligible
4358,Chuck Daniel,Not Eligible,Not Eligible
4866,Chuck Diering,Not Eligible,Not Eligible
4943,Chuck Dobson,Not Eligible,Not Eligible
5134,Chuck Dressen,Not Eligible,Not Eligible
5635,Chuck Essegian,Not Eligible,Not Eligible
5647,Chuck Estrada,Not Eligible,Not Eligible
5964,Chuck Finley,Not Inducted,Not Inducted
7044,Chuck Goggin,Not Eligible,Not Eligible
7900,Chuck Harmon,Not Eligible,Not Eligible
7974,Chuck Harrison,Not Eligible,Not Eligible
8004,Chuck Hartenstein,Not Eligible,Not Eligible
8319,Chuck Hensley,Not Eligible,Not Eligible
8570,Chuck Hiller,Not Eligible,Not Eligible
8605,Chuck Hinton,Not Inducted,Not Inducted
8634,Chuck Hockenbery,Not Eligible,Not Eligible
8856,Chuck Hostetler,Not Eligible,Not Eligible
9213,Chuck Jackson,Not Eligible,Not Eligible
9287,Chuck James,Not Eligible,Not Eligible
10205,Chuck Klein,Not Inducted,Inducted
10275,Chuck Knoblauch,Not Inducted,Not Inducted
10438,Chuck Kress,Not Eligible,Not Eligible
10738,Chuck Lauer,Not Eligible,Not Eligible
11187,Chuck Locke,Not Eligible,Not Eligible
11526,Chuck Machemehl,Not Eligible,Not Eligible
11707,Chuck Malone,Not Eligible,Not Eligible
12386,Chuck McElroy,Not Inducted,Not Inducted
12943,Chuck Miller,Not Eligible,Not Eligible
13944,Chuck Nieson,Not Eligible,Not Eligible
14158,Chuck Oertel,Not Eligible,Not Eligible
15289,Chuck Porter,Not Eligible,Not Eligible
15585,Chuck Rainey,Not Eligible,Not Eligible
15968,Chuck Ricci,Not Eligible,Not Eligible
16493,Chuck Rose,Not Eligible,Not Eligible
16572,Chuck Rowland,Not Eligible,Not Eligible
17059,Chuck Schilling,Not Eligible,Not Eligible
17241,Chuck Scrivener,Not Eligible,Not Eligible
17278,Chuck Seelbach,Not Eligible,Not Eligible
17459,Chuck Sheerin,Not Eligible,Not Eligible
17816,Chuck Smith,Not Eligible,Not Eligible
18376,Chuck Stevens,Not Eligible,Not Eligible
18434,Chuck Stobbs,Not Inducted,Not Inducted
18820,Chuck Tanner,Not Eligible,Not Eligible
18889,Chuck Taylor,Not Eligible,Not Eligible
18958,Chuck Templeton,Not Eligible,Not Eligible
19254,Chuck Tompkins,Not Eligible,Not Eligible
20059,Chuck Ward,Not Eligible,Not Eligible
20860,Chuck Wolfe,Not Eligible,Not Eligible
20951,Chuck Workman,Not Eligible,Not Eligible
20965,Chuck Wortman,Not Eligible,Not Eligible
16214,Chuckie Robinson,Not Eligible,Not Eligible
7310,Chummy Gray,Not Eligible,Not Eligible
14098,Cinders O'Brien,Not Eligible,Not Eligible
14877,Cionel Perez,Not Eligible,Not Eligible
2920,Cisco Carlos,Not Eligible,Not Eligible
6715,Cito Gaston,Not Inducted,Not Inducted
12800,Cla Meredith,Not Eligible,Not Eligible
17961,Clancy Smyres,Not Eligible,Not Eligible
6919,Claral Gillenwater,Not Eligible,Not Eligible
14667,Clare Patterson,Not Eligible,Not Eligible
1220,Clarence Beers,Not Eligible,Not Eligible
1370,Clarence Berger,Not Eligible,Not Eligible
1600,Clarence Blair,Not Eligible,Not Eligible
1661,Clarence Blethen,Not Eligible,Not Eligible
4134,Clarence Cross,Not Eligible,Not Eligible
4259,Clarence Currie,Not Eligible,Not Eligible
5067,Clarence Dow,Not Eligible,Not Eligible
5912,Clarence Fieber,Not Eligible,Not Eligible
5997,Clarence Fisher,Not Eligible,Not Eligible
6215,Clarence Foster,Not Eligible,Not Eligible
6683,Clarence Garrett,Not Eligible,Not Eligible
8210,Clarence Heise,Not Eligible,Not Eligible
8669,Clarence Hoffman,Not Eligible,Not Eligible
8959,Clarence Huber,Not Eligible,Not Eligible
9585,Clarence Jones,Not Eligible,Not Eligible
10404,Clarence Kraft,Not Eligible,Not Eligible
10890,Clarence Lehr,Not Eligible,Not Eligible
11575,Clarence Maddern,Not Eligible,Not Eligible
13103,Clarence Mitchell,Not Inducted,Not Inducted
13594,Clarence Murphy,Not Eligible,Not Eligible
15105,Clarence Pickrel,Not Eligible,Not Eligible
18350,Clarence Stephens,Not Eligible,Not Eligible
18556,Clarence Struss,Not Eligible,Not Eligible
20798,Clarence Winters,Not Eligible,Not Eligible
20926,Clarence Woods,Not Eligible,Not Eligible
7432,Clark Griffith,Inducted,Inducted
15188,Clarke Pittenger,Not Eligible,Not Eligible
17085,Clarke Schmidt,Not Eligible,Not Eligible
4744,Claud Derrick,Not Eligible,Not Eligible
1420,Claude Berry,Not Eligible,Not Eligible
3834,Claude Cooper,Not Eligible,Not Eligible
3860,Claude Corbitt,Not Eligible,Not Eligible
4100,Claude Crocker,Not Eligible,Not Eligible
4421,Claude Davenport,Not Eligible,Not Eligible
4432,Claude Davidson,Not Eligible,Not Eligible
5483,Claude Elliott,Not Eligible,Not Eligible
7227,Claude Gouzzie,Not Eligible,Not Eligible
8273,Claude Hendrix,Not Inducted,Not Inducted
9666,Claude Jonnard,Not Eligible,Not Eligible
14386,Claude Osteen,Inducted,Not Inducted
14652,Claude Passeau,Not Inducted,Not Inducted
15723,Claude Raymond,Not Inducted,Not Inducted
16100,Claude Ritchey,Not Inducted,Not Inducted
16538,Claude Rossman,Not Eligible,Not Eligible
16550,Claude Rothgeb,Not Eligible,Not Eligible
19043,Claude Thomas,Not Eligible,Not Eligible
20513,Claude Wilborn,Not Eligible,Not Eligible
20661,Claude Willoughby,Not Eligible,Not Eligible
20117,Claudell Washington,Not Inducted,Not Inducted
19652,Claudio Vargas,Not Eligible,Not Eligible
1283,Clay Bellinger,Not Eligible,Not Eligible
2379,Clay Bryant,Not Eligible,Not Eligible
2401,Clay Buchholz,Not Inducted,Not Inducted
2979,Clay Carroll,Not Inducted,Not Inducted
3344,Clay Christiansen,Not Eligible,Not Eligible
3709,Clay Condrey,Not Eligible,Not Eligible
4336,Clay Dalrymple,Not Inducted,Not Inducted
5811,Clay Fauver,Not Eligible,Not Eligible
8320,Clay Hensley,Not Eligible,Not Eligible
8768,Clay Holmes,Not Eligible,Not Eligible
10164,Clay Kirby,Not Eligible,Not Eligible
14585,Clay Parker,Not Eligible,Not Eligible
14940,Clay Perry,Not Eligible,Not Eligible
15675,Clay Rapada,Not Eligible,Not Eligible
16343,Clay Roe,Not Eligible,Not Eligible
17817,Clay Smith,Not Eligible,Not Eligible
19194,Clay Timpner,Not Eligible,Not Eligible
19304,Clay Touchstone,Not Eligible,Not Eligible
19608,Clay Van Alstyne,Not Eligible,Not Eligible
21199,Clay Zavada,Not Eligible,Not Eligible
434,Clayton Andrews,Not Eligible,Not Eligible
433,Clayton Andrews,Not Eligible,Not Eligible
1221,Clayton Beeter,Not Eligible,Not Eligible
10039,Clayton Kershaw,Not Eligible,Not Eligible
10603,Clayton Lambert,Not Eligible,Not Eligible
13427,Clayton Mortensen,Not Eligible,Not Eligible
15982,Clayton Richard,Not Inducted,Not Inducted
4433,Cleatus Davidson,Not Eligible,Not Eligible
3493,Clem Clemens,Not Eligible,Not Eligible
5131,Clem Dreisewerd,Not Eligible,Not Eligible
8082,Clem Hausmann,Not Eligible,Not Eligible
10379,Clem Koshorek,Not Eligible,Not Eligible
10535,Clem Labine,Not Inducted,Not Inducted
11168,Clem Llewellyn,Not Eligible,Not Eligible
324,Clemente Alvarez,Not Eligible,Not Eligible
2931,Cleo Carlyle,Not Eligible,Not Eligible
9288,Cleo James,Not Eligible,Not Eligible
9586,Cleon Jones,Not Inducted,Not Inducted
20194,Cleon Webb,Not Eligible,Not Eligible
1945,Clete Boyer,Not Inducted,Not Inducted
19044,Clete Thomas,Not Eligible,Not Eligible
29,Cliff Aberson,Not Eligible,Not Eligible
1020,Cliff Bartosh,Not Eligible,Not Eligible
1632,Cliff Blankenship,Not Eligible,Not Eligible
1764,Cliff Bolton,Not Eligible,Not Eligible
2004,Cliff Brady,Not Eligible,Not Eligible
2040,Cliff Brantley,Not Eligible,Not Eligible
2354,Cliff Brumbaugh,Not Eligible,Not Eligible
2980,Cliff Carroll,Not Inducted,Not Inducted
3208,Cliff Chambers,Not Eligible,Not Eligible
3798,Cliff Cook,Not Eligible,Not Eligible
4269,Cliff Curtis,Not Eligible,Not Eligible
4379,Cliff Dapper,Not Eligible,Not Eligible
4384,Cliff Daringer,Not Eligible,Not Eligible
5757,Cliff Fannin,Not Eligible,Not Eligible
6123,Cliff Floyd,Not Inducted,Not Inducted
6690,Cliff Garrison,Not Eligible,Not Eligible
8165,Cliff Heathcote,Not Inducted,Not Inducted
8541,Cliff Hill,Not Eligible,Not Eligible
9449,Cliff Johnson,Not Inducted,Not Inducted
10297,Cliff Knox,Not Eligible,Not Eligible
10840,Cliff Lee,Not Inducted,Not Inducted
10839,Cliff Lee,Not Eligible,Not Eligible
11788,Cliff Mapes,Not Eligible,Not Eligible
11822,Cliff Markle,Not Eligible,Not Eligible
12748,Cliff Melton,Not Eligible,Not Eligible
14655,Cliff Pastornicky,Not Eligible,Not Eligible
14830,Cliff Pennington,Not Inducted,Not Inducted
15248,Cliff Politte,Not Eligible,Not Eligible
16523,Cliff Ross,Not Eligible,Not Eligible
18116,Cliff Speck,Not Eligible,Not Eligible
21117,Cliff Young,Not Eligible,Not Eligible
906,Clint Barmes,Not Inducted,Not Inducted
1693,Clint Blume,Not Eligible,Not Eligible
2247,Clint Brown,Not Inducted,Not Inducted
3698,Clint Compton,Not Eligible,Not Eligible
3704,Clint Conatser,Not Eligible,Not Eligible
3961,Clint Courtney,Not Inducted,Not Inducted
8026,Clint Hartung,Not Eligible,Not Eligible
9089,Clint Hurdle,Not Inducted,Not Inducted
13715,Clint Nageotte,Not Eligible,Not Eligible
16215,Clint Robinson,Not Eligible,Not Eligible
16378,Clint Rogge,Not Eligible,Not Eligible
16790,Clint Sammons,Not Eligible,Not Eligible
18024,Clint Sodowsky,Not Eligible,Not Eligible
21201,Clint Zavaras,Not Eligible,Not Eligible
19045,Clinton Thomas,Not Eligible,Not Eligible
6128,Clipper Flynn,Not Eligible,Not Eligible
5180,Clise Dudley,Not Eligible,Not Eligible
12095,Cloy Mattox,Not Eligible,Not Eligible
1946,Cloyd Boyer,Not Eligible,Not Eligible
882,Clyde Barfoot,Not Eligible,Not Eligible
939,Clyde Barnhart,Not Eligible,Not Eligible
1171,Clyde Beck,Not Eligible,Not Eligible
5546,Clyde Engle,Not Eligible,Not Eligible
7165,Clyde Goodwin,Not Eligible,Not Eligible
8071,Clyde Hatter,Not Eligible,Not Eligible
10116,Clyde King,Not Eligible,Not Eligible
10245,Clyde Kluttz,Not Eligible,Not Eligible
11738,Clyde Manion,Not Inducted,Not Inducted
12001,Clyde Mashore,Not Eligible,Not Eligible
12335,Clyde McCullough,Not Inducted,Not Inducted
12907,Clyde Milan,Not Inducted,Not Inducted
17571,Clyde Shoun,Not Inducted,Not Inducted
17955,Clyde Smoll,Not Eligible,Not Eligible
18089,Clyde Southwick,Not Eligible,Not Eligible
18612,Clyde Sukeforth,Not Inducted,Not Inducted
19828,Clyde Vollmer,Not Inducted,Not Inducted
20084,Clyde Wares,Not Eligible,Not Eligible
20975,Clyde Wright,Not Inducted,Not Inducted
19375,Coaker Triplett,Not Eligible,Not Eligible
9587,Cobe Jones,Not Eligible,Not Eligible
12161,Coby Mayo,Not Eligible,Not Eligible
4089,Coco Crisp,Not Inducted,Not Inducted
10537,Coco Laboy,Not Eligible,Not Eligible
13212,Coco Montes,Not Eligible,Not Eligible
8469,Codi Heuer,Not Eligible,Not Eligible
236,Cody Allen,Not Eligible,Not Eligible
384,Cody Anderson,Not Eligible,Not Eligible
569,Cody Asche,Not Eligible,Not Eligible
1284,Cody Bellinger,Not Eligible,Not Eligible
1765,Cody Bolton,Not Eligible,Not Eligible
1972,Cody Bradford,Not Eligible,Not Eligible
2981,Cody Carroll,Not Eligible,Not Eligible
3413,Cody Clark,Not Eligible,Not Eligible
4615,Cody Decker,Not Eligible,Not Eligible
5435,Cody Ege,Not Eligible,Not Eligible
5571,Cody Eppley,Not Eligible,Not Eligible
7709,Cody Hall,Not Eligible,Not Eligible
11905,Cody Martin,Not Eligible,Not Eligible
12508,Cody McKay,Not Eligible,Not Eligible
13393,Cody Morris,Not Eligible,Not Eligible
15263,Cody Ponce,Not Eligible,Not Eligible
15318,Cody Poteet,Not Eligible,Not Eligible
15673,Cody Ransom,Not Inducted,Not Inducted
15772,Cody Reed,Not Eligible,Not Eligible
16524,Cody Ross,Not Inducted,Not Inducted
17273,Cody Sedlock,Not Eligible,Not Eligible
18251,Cody Stanley,Not Eligible,Not Eligible
18281,Cody Stashak,Not Eligible,Not Eligible
19046,Cody Thomas,Not Eligible,Not Eligible
20687,Cody Wilson,Not Eligible,Not Eligible
11007,Colby Lewis,Not Inducted,Not Inducted
15682,Colby Rasmus,Not Inducted,Not Inducted
20060,Colby Ward,Not Eligible,Not Eligible
4586,Cole De Vries,Not Eligible,Not Eligible
5937,Cole Figueroa,Not Eligible,Not Eligible
6674,Cole Garner,Not Eligible,Not Eligible
6922,Cole Gillespie,Not Eligible,Not Eligible
7755,Cole Hamels,Not Eligible,Not Eligible
9177,Cole Irvin,Not Eligible,Not Eligible
10099,Cole Kimball,Not Eligible,Not Eligible
11107,Cole Liniak,Not Eligible,Not Eligible
15576,Cole Ragans,Not Eligible,Not Eligible
16865,Cole Sands,Not Eligible,Not Eligible
18660,Cole Sulser,Not Eligible,Not Eligible
19412,Cole Tucker,Not Eligible,Not Eligible
19899,Cole Waites,Not Eligible,Not Eligible
20787,Cole Winn,Not Eligible,Not Eligible
4270,Colin Curtis,Not Eligible,Not Eligible
8718,Colin Holderman,Not Eligible,Not Eligible
13313,Colin Moran,Not Eligible,Not Eligible
15224,Colin Poche,Not Eligible,Not Eligible
15290,Colin Porter,Not Eligible,Not Eligible
15728,Colin Rea,Not Eligible,Not Eligible
17298,Colin Selby,Not Eligible,Not Eligible
20006,Colin Walsh,Not Eligible,Not Eligible
20061,Colin Ward,Not Eligible,Not Eligible
809,Collin Balester,Not Eligible,Not Eligible
3980,Collin Cowgill,Not Eligible,Not Eligible
12493,Collin McHugh,Not Eligible,Not Eligible
17977,Collin Snider,Not Eligible,Not Eligible
20516,Collin Wiles,Not Eligible,Not Eligible
17988,Colonel Snover,Not Eligible,Not Eligible
9133,Colt Hynes,Not Eligible,Not Eligible
9886,Colt Keith,Not Eligible,Not Eligible
13432,Colt Morton,Not Eligible,Not Eligible
2112,Colten Brewer,Not Eligible,Not Eligible
1138,Colter Bean,Not Eligible,Not Eligible
3982,Colton Cowser,Not Eligible,Not Eligible
13641,Colton Murray,Not Eligible,Not Eligible
20270,Colton Welker,Not Eligible,Not Eligible
4315,Con Daily,Not Inducted,Not Inducted
4714,Con Dempsey,Not Eligible,Not Eligible
11390,Con Lucid,Not Eligible,Not Eligible
13595,Con Murphy,Not Eligible,Not Eligible
18272,Con Starkel,Not Eligible,Not Eligible
2871,Conner Capel,Not Eligible,Not Eligible
7363,Conner Greene,Not Eligible,Not Eligible
12774,Conner Menez,Not Eligible,Not Eligible
4061,Connie Creeden,Not Eligible,Not Eligible
7465,Connie Grob,Not Eligible,Not Eligible
9450,Connie Johnson,Not Eligible,Not Eligible
11534,Connie Mack,Not Inducted,Inducted
11849,Connie Marrero,Not Eligible,Not Eligible
12426,Connie McGeehan,Not Eligible,Not Eligible
13596,Connie Murphy,Not Eligible,Not Eligible
16688,Connie Ryan,Not Inducted,Not Inducted
20007,Connie Walsh,Not Eligible,Not Eligible
2194,Connor Brogdon,Not Eligible,Not Eligible
6933,Connor Gillispie,Not Eligible,Not Eligible
9415,Connor Joe,Not Eligible,Not Eligible
9767,Connor Kaiser,Not Eligible,Not Eligible
14008,Connor Norby,Not Eligible,Not Eligible
14435,Connor Overton,Not Eligible,Not Eligible
15057,Connor Phillips,Not Eligible,Not Eligible
16187,Connor Robertson,Not Eligible,Not Eligible
16741,Connor Sadzeck,Not Eligible,Not Eligible
17249,Connor Seabold,Not Eligible,Not Eligible
20876,Connor Wong,Not Eligible,Not Eligible
5092,Conny Doyle,Not Eligible,Not Eligible
6914,Conor Gillaspie,Not Eligible,Not Eligible
9214,Conor Jackson,Not Eligible,Not Eligible
13520,Conor Mullee,Not Eligible,Not Eligible
2894,Conrad Cardinal,Not Eligible,Not Eligible
10744,Cookie Lavagetto,Not Inducted,Not Inducted
16391,Cookie Rojas,Not Inducted,Not Inducted
1250,Cool Papa Bell,Not Eligible,Not Eligible
17999,Cooney Snyder,Not Eligible,Not Eligible
1628,Coonie Blank,Not Eligible,Not Eligible
4095,Cooper Criswell,Not Eligible,Not Eligible
9044,Cooper Hummel,Not Eligible,Not Eligible
19701,Coot Veal,Not Eligible,Not Eligible
9697,Corban Joseph,Not Eligible,Not Eligible
2523,Corbin Burnes,Not Eligible,Not Eligible
2982,Corbin Carroll,Not Eligible,Not Eligible
11906,Corbin Martin,Not Eligible,Not Eligible
15038,Cord Phelps,Not Eligible,Not Eligible
2248,Corey Brown,Not Eligible,Not Eligible
4846,Corey Dickerson,Not Eligible,Not Eligible
7991,Corey Hart,Not Inducted,Not Inducted
9730,Corey Julks,Not Eligible,Not Eligible
10239,Corey Kluber,Not Eligible,Not Eligible
10254,Corey Knebel,Not Eligible,Not Eligible
10381,Corey Koskie,Not Eligible,Not Eligible
10841,Corey Lee,Not Eligible,Not Eligible
14402,Corey Oswalt,Not Eligible,Not Eligible
14668,Corey Patterson,Not Inducted,Not Inducted
15710,Corey Ray,Not Eligible,Not Eligible
17250,Corey Seager,Not Eligible,Not Eligible
19163,Corey Thurman,Not Eligible,Not Eligible
12944,Corky Miller,Not Inducted,Not Inducted
19592,Corky Valentine,Not Eligible,Not Eligible
20827,Corky Withrow,Not Eligible,Not Eligible
11,Cory Abbott,Not Eligible,Not Eligible
198,Cory Aldridge,Not Eligible,Not Eligible
722,Cory Bailey,Not Eligible,Not Eligible
2537,Cory Burns,Not Eligible,Not Eligible
5105,Cory Doyne,Not Eligible,Not Eligible
6739,Cory Gearrin,Not Eligible,Not Eligible
11045,Cory Lidle,Not Eligible,Not Eligible
11402,Cory Luebke,Not Eligible,Not Eligible
12180,Cory Mazzoni,Not Eligible,Not Eligible
15683,Cory Rasmus,Not Eligible,Not Eligible
18000,Cory Snyder,Not Eligible,Not Eligible
18103,Cory Spangenberg,Not Eligible,Not Eligible
18625,Cory Sullivan,Not Eligible,Not Eligible
19635,Cory Vance,Not Eligible,Not Eligible
19862,Cory Wade,Not Eligible,Not Eligible
17551,Costen Shockley,Not Eligible,Not Eligible
4590,Cot Deal,Not Eligible,Not Eligible
10252,Cotton Knaupp,Not Eligible,Not Eligible
13062,Cotton Minahan,Not Eligible,Not Eligible
13749,Cotton Nash,Not Eligible,Not Eligible
15176,Cotton Pippen,Not Eligible,Not Eligible
19178,Cotton Tierney,Not Eligible,Not Eligible
2797,Count Campau,Not Eligible,Not Eligible
6749,Count Gedney,Not Eligible,Not Eligible
17322,Count Sensenderfer,Not Eligible,Not Eligible
5225,Courtney Duncan,Not Eligible,Not Eligible
9588,Cowboy Jones,Not Eligible,Not Eligible
4963,Cozy Dolan,Not Eligible,Not Eligible
4964,Cozy Dolan,Not Eligible,Not Eligible
385,Craig Anderson,Not Eligible,Not Eligible
1507,Craig Biggio,Inducted,Inducted
2062,Craig Brazell,Not Eligible,Not Eligible
2099,Craig Breslow,Not Inducted,Not Inducted
2702,Craig Cacek,Not Eligible,Not Eligible
3051,Craig Caskey,Not Eligible,Not Eligible
3200,Craig Chamberlain,Not Eligible,Not Eligible
3592,Craig Colbert,Not Eligible,Not Eligible
3959,Craig Counsell,Not Inducted,Not Inducted
4906,Craig Dingman,Not Eligible,Not Eligible
5361,Craig Eaton,Not Eligible,Not Eligible
6775,Craig Gentry,Not Inducted,Not Inducted
6789,Craig Gerber,Not Eligible,Not Eligible
7332,Craig Grebeck,Not Inducted,Not Inducted
7842,Craig Hansen,Not Eligible,Not Eligible
8867,Craig House,Not Eligible,Not Eligible
10105,Craig Kimbrel,Not Eligible,Not Eligible
10519,Craig Kusick,Not Eligible,Not Eligible
10877,Craig Lefferts,Not Inducted,Not Inducted
12603,Craig McMurtry,Not Eligible,Not Eligible
13070,Craig Minetto,Not Eligible,Not Eligible
13104,Craig Mitchell,Not Eligible,Not Eligible
13188,Craig Monroe,Not Eligible,Not Eligible
14563,Craig Paquette,Not Inducted,Not Inducted
15931,Craig Reynolds,Not Inducted,Not Inducted
16216,Craig Robinson,Not Eligible,Not Eligible
17539,Craig Shipley,Not Inducted,Not Inducted
17718,Craig Skok,Not Eligible,Not Eligible
17760,Craig Smajstrla,Not Eligible,Not Eligible
18229,Craig Stammen,Not Eligible,Not Eligible
18258,Craig Stansberry,Not Eligible,Not Eligible
18423,Craig Stimac,Not Eligible,Not Eligible
18713,Craig Swan,Not Inducted,Not Inducted
18850,Craig Tatum,Not Eligible,Not Eligible
20690,Craig Wilson,Not Eligible,Not Eligible
20689,Craig Wilson,Not Eligible,Not Eligible
20688,Craig Wilson,Not Eligible,Not Eligible
20963,Craig Worthington,Not Eligible,Not Eligible
4462,Crash Davis,Not Eligible,Not Eligible
17098,Crazy Schmit,Not Eligible,Not Eligible
7517,Creighton Gubanich,Not Eligible,Not Eligible
8215,Crese Heismann,Not Eligible,Not Eligible
2947,Cris Carpenter,Not Eligible,Not Eligible
3679,Cris Colon,Not Eligible,Not Eligible
70,Cristhian Adames,Not Eligible,Not Eligible
11948,Cristhian Martinez,Not Eligible,Not Eligible
7598,Cristian Guzman,Not Inducted,Not Inducted
9328,Cristian Javier,Not Eligible,Not Eligible
12754,Cristian Mena,Not Eligible,Not Eligible
14475,Cristian Pache,Not Eligible,Not Eligible
19298,Cristobal Torriente,Not Eligible,Not Eligible
14166,Cristofer Ogando,Not Eligible,Not Eligible
16816,Cristopher Sanchez,Not Eligible,Not Eligible
18526,Cub Stricker,Not Inducted,Not Inducted
11864,Cuddles Marshall,Not Eligible,Not Eligible
991,Cuke Barrows,Not Eligible,Not Eligible
16065,Culley Rikard,Not Eligible,Not Eligible
15312,Cum Posey,Not Eligible,Not Eligible
958,Cuno Barragan,Not Eligible,Not Eligible
3300,Cupid Childs,Not Inducted,Not Inducted
2249,Curly Brown,Not Eligible,Not Eligible
14168,Curly Ogden,Not Eligible,Not Eligible
6144,Curry Foley,Not Eligible,Not Eligible
872,Curt Barclay,Not Eligible,Not Eligible
1396,Curt Bernard,Not Eligible,Not Eligible
1656,Curt Blefary,Not Eligible,Not Eligible
2250,Curt Brown,Not Eligible,Not Eligible
3026,Curt Casali,Not Eligible,Not Eligible
3613,Curt Coleman,Not Eligible,Not Eligible
4463,Curt Davis,Not Inducted,Not Inducted
6097,Curt Flood,Not Inducted,Not Inducted
6170,Curt Ford,Not Eligible,Not Eligible
6445,Curt Fullerton,Not Eligible,Not Eligible
9829,Curt Kaufman,Not Eligible,Not Eligible
10980,Curt Leskanic,Not Inducted,Not Inducted
11484,Curt Lyons,Not Eligible,Not Eligible
13476,Curt Motton,Not Eligible,Not Eligible
15719,Curt Raydon,Not Eligible,Not Eligible
16167,Curt Roberts,Not Eligible,Not Eligible
17060,Curt Schilling,Inducted,Not Inducted
17086,Curt Schmidt,Not Eligible,Not Eligible
17635,Curt Simmons,Inducted,Not Inducted
19928,Curt Walker,Not Inducted,Not Inducted
20082,Curt Wardle,Not Eligible,Not Eligible
20257,Curt Welch,Not Inducted,Not Inducted
20533,Curt Wilkerson,Not Inducted,Not Inducted
21118,Curt Young,Not Inducted,Not Inducted
2251,Curtis Brown,Not Eligible,Not Eligible
7166,Curtis Goodwin,Not Eligible,Not Eligible
7279,Curtis Granderson,Not Inducted,Not Inducted
10117,Curtis King,Not Eligible,Not Eligible
12662,Curtis Mead,Not Eligible,Not Eligible
14635,Curtis Partch,Not Eligible,Not Eligible
15404,Curtis Pride,Not Inducted,Not Inducted
18983,Curtis Terry,Not Eligible,Not Eligible
19029,Curtis Thigpen,Not Eligible,Not Eligible
56,Cy Acosta,Not Eligible,Not Eligible
174,Cy Alberts,Not Eligible,Not Eligible
885,Cy Barger,Not Eligible,Not Eligible
1343,Cy Bentley,Not Eligible,Not Eligible
1639,Cy Blanton,Not Eligible,Not Eligible
1671,Cy Block,Not Eligible,Not Eligible
1899,Cy Bowen,Not Eligible,Not Eligible
2438,Cy Buker,Not Eligible,Not Eligible
5745,Cy Falkenberg,Not Inducted,Not Inducted
5895,Cy Ferry,Not Eligible,Not Eligible
6379,Cy Fried,Not Eligible,Not Eligible
11689,Cy Malis,Not Eligible,Not Eligible
13251,Cy Moore,Not Eligible,Not Eligible
13355,Cy Morgan,Not Inducted,Not Inducted
13354,Cy Morgan,Not Eligible,Not Eligible
14922,Cy Perkins,Not Inducted,Not Inducted
15112,Cy Pieh,Not Eligible,Not Eligible
15950,Cy Rheam,Not Eligible,Not Eligible
16060,Cy Rigler,Not Eligible,Not Eligible
17368,Cy Seymour,Not Inducted,Not Inducted
17733,Cy Slapnicka,Not Eligible,Not Eligible
17968,Cy Sneed,Not Eligible,Not Eligible
18711,Cy Swaim,Not Eligible,Not Eligible
19469,Cy Twombly,Not Eligible,Not Eligible
19838,Cy Vorhees,Not Eligible,Not Eligible
20086,Cy Warmoth,Not Eligible,Not Eligible
20567,Cy Williams,Not Inducted,Not Inducted
21119,Cy Young,Inducted,Inducted
12945,Cyclone Miller,Not Eligible,Not Eligible
16689,Cyclone Ryan,Not Eligible,Not Eligible
16761,César Salazar,Not Eligible,Not Eligible
9393,D'Angelo Jimenez,Not Eligible,Not Eligible
2963,D. J. Carrasco,Not Eligible,Not Eligible
5108,D. J. Dozier,Not Eligible,Not Eligible
8866,D. J. Houlton,Not Eligible,Not Eligible
13105,D. J. Mitchell,Not Eligible,Not Eligible
17976,D. J. Snelten,Not Eligible,Not Eligible
4107,D. T. Cromer,Not Eligible,Not Eligible
8452,DJ Herz,Not Eligible,Not Eligible
9459,DJ Johnson,Not Eligible,Not Eligible
10919,DJ LeMahieu,Not Eligible,Not Eligible
14961,DJ Peters,Not Eligible,Not Eligible
18396,DJ Stewart,Not Eligible,Not Eligible
7713,DL Hall,Not Eligible,Not Eligible
18485,DaRond Stovall,Not Eligible,Not Eligible
9883,DaShawn Keirsey,Not Eligible,Not Eligible
3414,Dad Clark,Not Eligible,Not Eligible
3450,Dad Clarke,Not Eligible,Not Eligible
3470,Dad Clarkson,Not Eligible,Not Eligible
11498,Dad Lytle,Not Eligible,Not Eligible
12697,Dad Meek,Not Eligible,Not Eligible
10356,Dae-Sung Koo,Not Eligible,Not Eligible
10842,Dae-ho Lee,Not Eligible,Not Eligible
6555,Daff Gammons,Not Eligible,Not Eligible
3483,Dain Clay,Not Eligible,Not Eligible
1617,Dairon Blanco,Not Eligible,Not Eligible
12072,Daisuke Matsuzaka,Not Eligible,Not Eligible
4464,Daisy Davis,Not Eligible,Not Eligible
684,Dakota Bacus,Not Eligible,Not Eligible
8973,Dakota Hudson,Not Eligible,Not Eligible
12123,Dal Maxvill,Not Inducted,Not Inducted
194,Dale Alderson,Not Eligible,Not Eligible
204,Dale Alexander,Not Eligible,Not Eligible
1409,Dale Berra,Not Inducted,Not Inducted
3793,Dale Coogan,Not Eligible,Not Eligible
6736,Dale Gear,Not Eligible,Not Eligible
9589,Dale Jones,Not Eligible,Not Eligible
11246,Dale Long,Not Inducted,Not Inducted
12086,Dale Matthewson,Not Eligible,Not Eligible
13106,Dale Mitchell,Not Inducted,Not Inducted
13149,Dale Mohorcic,Not Eligible,Not Eligible
13597,Dale Murphy,Not Inducted,Not Inducted
13642,Dale Murray,Not Inducted,Not Inducted
15251,Dale Polley,Not Eligible,Not Eligible
16168,Dale Roberts,Not Eligible,Not Eligible
18707,Dale Sveum,Not Inducted,Not Inducted
19011,Dale Thayer,Not Eligible,Not Eligible
20568,Dale Williams,Not Eligible,Not Eligible
20651,Dale Willis,Not Eligible,Not Eligible
8597,Dalier Hinojosa,Not Eligible,Not Eligible
1215,Dallas Beeler,Not Eligible,Not Eligible
1966,Dallas Braden,Not Eligible,Not Eligible
1997,Dallas Bradshaw,Not Eligible,Not Eligible
7336,Dallas Green,Not Eligible,Not Eligible
10050,Dallas Keuchel,Not Eligible,Not Eligible
12630,Dallas McPherson,Not Eligible,Not Eligible
20569,Dallas Williams,Not Eligible,Not Eligible
7585,Dalton Guthrie,Not Eligible,Not Eligible
9590,Dalton Jones,Not Eligible,Not Eligible
15260,Dalton Pompey,Not Eligible,Not Eligible
1618,Damaso Blanco,Not Eligible,Not Eligible
6593,Damaso Garcia,Not Inducted,Not Inducted
11883,Damaso Marte,Not Inducted,Not Inducted
9215,Damian Jackson,Not Inducted,Not Inducted
12946,Damian Miller,Not Inducted,Not Inducted
13458,Damian Moss,Not Eligible,Not Eligible
16411,Damian Rolls,Not Eligible,Not Eligible
11615,Damien Magnifico,Not Eligible,Not Eligible
5343,Damion Easley,Not Inducted,Not Inducted
1429,Damon Berryhill,Not Inducted,Not Inducted
2432,Damon Buford,Not Eligible,Not Eligible
8744,Damon Hollins,Not Eligible,Not Eligible
9591,Damon Jones,Not Eligible,Not Eligible
12002,Damon Mashore,Not Eligible,Not Eligible
13076,Damon Minor,Not Eligible,Not Eligible
12,Dan Abbott,Not Eligible,Not Eligible
83,Dan Adams,Not Eligible,Not Eligible
309,Dan Altavilla,Not Eligible,Not Eligible
504,Dan Ardell,Not Eligible,Not Eligible
834,Dan Bankhead,Not Eligible,Not Eligible
1485,Dan Bickham,Not Eligible,Not Eligible
1739,Dan Boitano,Not Eligible,Not Eligible
1807,Dan Boone,Not Eligible,Not Eligible
2139,Dan Briggs,Not Eligible,Not Eligible
2225,Dan Brouthers,Inducted,Inducted
2497,Dan Burke,Not Eligible,Not Eligible
2632,Dan Butler,Not Eligible,Not Eligible
2769,Dan Camarena,Not Eligible,Not Eligible
2922,Dan Carlson,Not Eligible,Not Eligible
3034,Dan Casey,Not Eligible,Not Eligible
3648,Dan Collins,Not Eligible,Not Eligible
3794,Dan Coogan,Not Eligible,Not Eligible
3916,Dan Cortes,Not Eligible,Not Eligible
3931,Dan Costello,Not Eligible,Not Eligible
3938,Dan Cotter,Not Eligible,Not Eligible
4117,Dan Cronin,Not Eligible,Not Eligible
4407,Dan Daub,Not Eligible,Not Eligible
4937,Dan Dobbek,Not Eligible,Not Eligible
5148,Dan Driessen,Not Inducted,Not Inducted
5200,Dan Dugan,Not Eligible,Not Eligible
5204,Dan Dugdale,Not Eligible,Not Eligible
5219,Dan Dumoulin,Not Eligible,Not Eligible
5270,Dan Duran,Not Eligible,Not Eligible
5977,Dan Firova,Not Eligible,Not Eligible
6171,Dan Ford,Not Inducted,Not Inducted
6502,Dan Gakeler,Not Eligible,Not Eligible
6867,Dan Giese,Not Eligible,Not Eligible
6973,Dan Gladden,Not Inducted,Not Inducted
7093,Dan Gonzales,Not Eligible,Not Eligible
7258,Dan Graham,Not Eligible,Not Eligible
7458,Dan Griner,Not Eligible,Not Eligible
7881,Dan Haren,Not Inducted,Not Inducted
8934,Dan Howley,Not Eligible,Not Eligible
9365,Dan Jennings,Not Eligible,Not Eligible
9366,Dan Jennings,Not Eligible,Not Eligible
9381,Dan Jessee,Not Eligible,Not Eligible
9451,Dan Johnson,Not Inducted,Not Inducted
10041,Dan Kerwin,Not Eligible,Not Eligible
10586,Dan Lally,Not Eligible,Not Eligible
10713,Dan Larson,Not Eligible,Not Eligible
10803,Dan Leahy,Not Eligible,Not Eligible
11000,Dan Lewandowski,Not Eligible,Not Eligible
11247,Dan Long,Not Eligible,Not Eligible
11646,Dan Mahoney,Not Eligible,Not Eligible
11811,Dan Marion,Not Eligible,Not Eligible
12020,Dan Masteller,Not Eligible,Not Eligible
12398,Dan McFarlan,Not Eligible,Not Eligible
12413,Dan McGann,Not Inducted,Not Inducted
12416,Dan McGarvey,Not Eligible,Not Eligible
12420,Dan McGee,Not Eligible,Not Eligible
12427,Dan McGeehan,Not Eligible,Not Eligible
12440,Dan McGinn,Not Eligible,Not Eligible
12858,Dan Meyer,Not Eligible,Not Eligible
12859,Dan Meyer,Not Inducted,Not Inducted
12876,Dan Miceli,Not Inducted,Not Inducted
13072,Dan Minnehan,Not Eligible,Not Eligible
13227,Dan Monzon,Not Eligible,Not Eligible
13384,Dan Morogiello,Not Eligible,Not Eligible
13598,Dan Murphy,Not Eligible,Not Eligible
13643,Dan Murray,Not Eligible,Not Eligible
13759,Dan Naulty,Not Eligible,Not Eligible
13853,Dan Neumeier,Not Eligible,Not Eligible
14015,Dan Norman,Not Eligible,Not Eligible
14099,Dan O'Brien,Not Eligible,Not Eligible
14130,Dan O'Connor,Not Eligible,Not Eligible
14209,Dan O'Leary,Not Eligible,Not Eligible
14382,Dan Osinski,Not Eligible,Not Eligible
14406,Dan Otero,Not Eligible,Not Eligible
14649,Dan Pasqua,Not Inducted,Not Inducted
14790,Dan Peltier,Not Eligible,Not Eligible
14923,Dan Perkins,Not Eligible,Not Eligible
15000,Dan Petry,Not Inducted,Not Inducted
15026,Dan Pfister,Not Eligible,Not Eligible
15034,Dan Phelan,Not Eligible,Not Eligible
15210,Dan Plesac,Not Inducted,Not Inducted
15291,Dan Porter,Not Eligible,Not Eligible
15541,Dan Quisenberry,Not Inducted,Not Inducted
15815,Dan Reichert,Not Eligible,Not Eligible
16188,Dan Robertson,Not Eligible,Not Eligible
16385,Dan Rohn,Not Eligible,Not Eligible
16388,Dan Rohrmeier,Not Eligible,Not Eligible
16640,Dan Runzler,Not Eligible,Not Eligible
17023,Dan Schatzeder,Not Inducted,Not Inducted
17108,Dan Schneider,Not Eligible,Not Eligible
17332,Dan Serafini,Not Eligible,Not Eligible
17392,Dan Shannon,Not Eligible,Not Eligible
17442,Dan Sheahan,Not Eligible,Not Eligible
17500,Dan Sherman,Not Eligible,Not Eligible
17732,Dan Slania,Not Eligible,Not Eligible
17818,Dan Smith,Not Eligible,Not Eligible
17819,Dan Smith,Not Eligible,Not Eligible
18159,Dan Spillner,Not Inducted,Not Inducted
18294,Dan Stearns,Not Eligible,Not Eligible
18496,Dan Straily,Not Eligible,Not Eligible
18626,Dan Sullivan,Not Eligible,Not Eligible
18741,Dan Sweeney,Not Eligible,Not Eligible
19047,Dan Thomas,Not Eligible,Not Eligible
19204,Dan Tipple,Not Eligible,Not Eligible
19490,Dan Uggla,Not Inducted,Not Inducted
19821,Dan Vogelbach,Not Eligible,Not Eligible
20032,Dan Walters,Not Eligible,Not Eligible
20105,Dan Warthen,Not Eligible,Not Eligible
20366,Dan Wheeler,Not Inducted,Not Inducted
20470,Dan Whitmer,Not Eligible,Not Eligible
20691,Dan Wilson,Not Inducted,Not Inducted
20785,Dan Winkler,Not Eligible,Not Eligible
20921,Dan Woodman,Not Eligible,Not Eligible
20976,Dan Wright,Not Eligible,Not Eligible
275,Dana Allison,Not Eligible,Not Eligible
5690,Dana Eveland,Not Inducted,Not Inducted
5950,Dana Fillingim,Not Eligible,Not Eligible
10061,Dana Kiecker,Not Eligible,Not Eligible
20570,Dana Williams,Not Eligible,Not Eligible
4564,Dane De La Rosa,Not Eligible,Not Eligible
5261,Dane Dunning,Not Eligible,Not Eligible
9168,Dane Iorg,Not Inducted,Not Inducted
9452,Dane Johnson,Not Eligible,Not Eligible
13688,Dane Myers,Not Eligible,Not Eligible
16920,Dane Sardinha,Not Eligible,Not Eligible
874,Daniel Bard,Not Eligible,Not Eligible
950,Daniel Barone,Not Eligible,Not Eligible
2687,Daniel Cabrera,Not Eligible,Not Eligible
3063,Daniel Castano,Not Eligible,Not Eligible
3114,Daniel Castro,Not Eligible,Not Eligible
3861,Daniel Corcino,Not Eligible,Not Eligible
4434,Daniel Davidson,Not Eligible,Not Eligible
4753,Daniel Descalso,Not Inducted,Not Inducted
5167,Daniel Duarte,Not Eligible,Not Eligible
5921,Daniel Fields,Not Eligible,Not Eligible
6594,Daniel Garcia,Not Eligible,Not Eligible
6665,Daniel Garibay,Not Eligible,Not Eligible
7216,Daniel Gossett,Not Eligible,Not Eligible
8974,Daniel Hudson,Not Eligible,Not Eligible
9453,Daniel Johnson,Not Eligible,Not Eligible
11463,Daniel Lynch,Not Eligible,Not Eligible
12341,Daniel McCutchen,Not Eligible,Not Eligible
12775,Daniel Mengden,Not Eligible,Not Eligible
13453,Daniel Moskos,Not Eligible,Not Eligible
13560,Daniel Muno,Not Eligible,Not Eligible
13599,Daniel Murphy,Not Eligible,Not Eligible
13760,Daniel Nava,Not Eligible,Not Eligible
14020,Daniel Norris,Not Eligible,Not Eligible
14365,Daniel Ortmeier,Not Eligible,Not Eligible
14526,Daniel Palencia,Not Eligible,Not Eligible
14529,Daniel Palka,Not Eligible,Not Eligible
15264,Daniel Ponce de Leon,Not Eligible,Not Eligible
16163,Daniel Robert,Not Eligible,Not Eligible
16189,Daniel Robertson,Not Eligible,Not Eligible
17068,Daniel Schlereth,Not Eligible,Not Eligible
17105,Daniel Schneemann,Not Eligible,Not Eligible
18239,Daniel Stange,Not Eligible,Not Eligible
18576,Daniel Stumpf,Not Eligible,Not Eligible
20195,Daniel Webb,Not Eligible,Not Eligible
20977,Daniel Wright,Not Eligible,Not Eligible
21188,Daniel Zamora,Not Eligible,Not Eligible
1512,Dann Bilardello,Not Eligible,Not Eligible
8933,Dann Howitt,Not Eligible,Not Eligible
153,Danny Ainge,Not Eligible,Not Eligible
507,Danny Ardoin,Not Eligible,Not Eligible
915,Danny Barnes,Not Eligible,Not Eligible
1101,Danny Bautista,Not Inducted,Not Inducted
1808,Danny Boone,Not Eligible,Not Eligible
2076,Danny Breeden,Not Eligible,Not Eligible
2461,Danny Burawa,Not Eligible,Not Eligible
3130,Danny Cater,Not Inducted,Not Inducted
3415,Danny Clark,Not Eligible,Not Eligible
3484,Danny Clay,Not Eligible,Not Eligible
3539,Danny Clyburn,Not Eligible,Not Eligible
3818,Danny Coombs,Not Eligible,Not Eligible
3955,Danny Coulombe,Not Eligible,Not Eligible
3988,Danny Cox,Not Inducted,Not Inducted
4400,Danny Darwin,Not Inducted,Not Inducted
5034,Danny Dorn,Not Eligible,Not Eligible
5093,Danny Doyle,Not Eligible,Not Eligible
5193,Danny Duffy,Not Eligible,Not Eligible
5627,Danny Espinosa,Not Eligible,Not Eligible
5781,Danny Farquhar,Not Eligible,Not Eligible
5929,Danny Fife,Not Eligible,Not Eligible
6387,Danny Friend,Not Eligible,Not Eligible
6396,Danny Frisella,Not Inducted,Not Inducted
6595,Danny Garcia,Not Eligible,Not Eligible
6638,Danny Gardella,Not Eligible,Not Eligible
7027,Danny Godby,Not Eligible,Not Eligible
7167,Danny Goodwin,Not Eligible,Not Eligible
7304,Danny Graves,Not Inducted,Not Inducted
7337,Danny Green,Not Eligible,Not Eligible
8179,Danny Heep,Not Inducted,Not Inducted
8415,Danny Herrera,Not Eligible,Not Eligible
8670,Danny Hoffman,Not Eligible,Not Eligible
9040,Danny Hultzen,Not Eligible,Not Eligible
9216,Danny Jackson,Not Inducted,Not Inducted
9307,Danny Jansen,Not Eligible,Not Eligible
10199,Danny Klassen,Not Eligible,Not Eligible
10333,Danny Kolb,Not Eligible,Not Eligible
10424,Danny Kravitz,Not Eligible,Not Eligible
10788,Danny Lazar,Not Eligible,Not Eligible
10942,Danny Leon,Not Eligible,Not Eligible
11155,Danny Litwhiler,Not Inducted,Not Inducted
11464,Danny Lynch,Not Eligible,Not Eligible
11515,Danny MacFayden,Not Inducted,Not Inducted
11647,Danny Mahoney,Not Eligible,Not Eligible
12354,Danny McDevitt,Not Eligible,Not Eligible
12762,Danny Mendick,Not Eligible,Not Eligible
13136,Danny Moeller,Not Eligible,Not Eligible
13329,Danny Morejon,Not Eligible,Not Eligible
13394,Danny Morris,Not Eligible,Not Eligible
13467,Danny Mota,Not Eligible,Not Eligible
13601,Danny Murphy,Not Eligible,Not Eligible
13602,Danny Murphy,Not Eligible,Not Eligible
13600,Danny Murphy,Inducted,Not Inducted
13662,Danny Murtaugh,Not Eligible,Not Eligible
13672,Danny Musser,Not Eligible,Not Eligible
13733,Danny Napoleon,Not Eligible,Not Eligible
14123,Danny O'Connell,Not Inducted,Not Inducted
14349,Danny Ortiz,Not Eligible,Not Eligible
14468,Danny Ozark,Not Eligible,Not Eligible
14669,Danny Patterson,Not Eligible,Not Eligible
14878,Danny Perez,Not Eligible,Not Eligible
15473,Danny Putnam,Not Eligible,Not Eligible
15932,Danny Reynolds,Not Eligible,Not Eligible
15980,Danny Richar,Not Eligible,Not Eligible
15996,Danny Richardson,Not Inducted,Not Inducted
16084,Danny Rios,Not Eligible,Not Eligible
16762,Danny Salazar,Not Eligible,Not Eligible
16860,Danny Sandoval,Not Eligible,Not Eligible
16883,Danny Santana,Not Eligible,Not Eligible
17039,Danny Schell,Not Eligible,Not Eligible
17431,Danny Shay,Not Eligible,Not Eligible
17441,Danny Sheaffer,Not Eligible,Not Eligible
17621,Danny Silva,Not Eligible,Not Eligible
18831,Danny Tartabull,Not Inducted,Not Inducted
18890,Danny Taylor,Not Eligible,Not Eligible
19090,Danny Thompson,Not Eligible,Not Eligible
19584,Danny Valencia,Not Eligible,Not Eligible
20041,Danny Walton,Not Eligible,Not Eligible
20959,Danny Worth,Not Eligible,Not Eligible
21121,Danny Young,Not Eligible,Not Eligible
21120,Danny Young,Not Eligible,Not Eligible
18720,Dansby Swanson,Not Eligible,Not Eligible
1481,Dante Bichette,Not Inducted,Not Inducted
15339,Dante Powell,Not Eligible,Not Eligible
9394,Dany Jimenez,Not Eligible,Not Eligible
698,Danys Baez,Not Inducted,Not Inducted
17820,Dar Smith,Not Eligible,Not Eligible
14100,Darby O'Brien,Not Eligible,Not Eligible
5802,Darcy Fast,Not Eligible,Not Eligible
8349,Darell Hernaiz,Not Eligible,Not Eligible
2252,Daren Brown,Not Eligible,Not Eligible
1015,Daric Barton,Not Eligible,Not Eligible
7710,Darick Hall,Not Eligible,Not Eligible
325,Dariel Alvarez,Not Eligible,Not Eligible
14054,Darien Nunez,Not Eligible,Not Eligible
5081,Darin Downs,Not Eligible,Not Eligible
5595,Darin Erstad,Not Inducted,Not Inducted
12027,Darin Mastroianni,Not Eligible,Not Eligible
16614,Darin Ruf,Not Eligible,Not Eligible
140,Dario Agrazal,Not Eligible,Not Eligible
326,Dario Alvarez,Not Eligible,Not Eligible
11201,Dario Lodigiani,Not Eligible,Not Eligible
19732,Dario Veras,Not Eligible,Not Eligible
19796,Darius Vines,Not Eligible,Not Eligible
3633,Darnell Coles,Not Inducted,Not Inducted
12357,Darnell McDonald,Not Eligible,Not Eligible
18742,Darnell Sweeney,Not Eligible,Not Eligible
10292,Darold Knowles,Not Inducted,Not Inducted
160,Darrel Akerfelds,Not Eligible,Not Eligible
3221,Darrel Chaney,Not Inducted,Not Inducted
2030,Darrell Brandon,Not Eligible,Not Eligible
2253,Darrell Brown,Not Eligible,Not Eligible
3160,Darrell Ceciliani,Not Eligible,Not Eligible
5451,Darrell Einertson,Not Eligible,Not Eligible
5678,Darrell Evans,Inducted,Not Inducted
9217,Darrell Jackson,Not Eligible,Not Eligible
9454,Darrell Johnson,Not Eligible,Not Eligible
12131,Darrell May,Not Eligible,Not Eligible
12947,Darrell Miller,Not Eligible,Not Eligible
14387,Darrell Osteen,Not Eligible,Not Eligible
15292,Darrell Porter,Not Inducted,Not Inducted
15689,Darrell Rasner,Not Eligible,Not Eligible
17501,Darrell Sherman,Not Eligible,Not Eligible
18688,Darrell Sutherland,Not Eligible,Not Eligible
20471,Darrell Whitmore,Not Eligible,Not Eligible
20911,Darrell Woodard,Not Eligible,Not Eligible
752,Darren Baker,Not Eligible,Not Eligible
2013,Darren Bragg,Not Inducted,Not Inducted
3451,Darren Clarke,Not Eligible,Not Eligible
4415,Darren Daulton,Not Inducted,Not Inducted
5130,Darren Dreifort,Not Eligible,Not Eligible
6172,Darren Ford,Not Eligible,Not Eligible
7711,Darren Hall,Not Eligible,Not Eligible
8769,Darren Holmes,Not Inducted,Not Inducted
11008,Darren Lewis,Not Inducted,Not Inducted
12265,Darren McCaughan,Not Eligible,Not Eligible
14137,Darren O'Day,Not Eligible,Not Eligible
14223,Darren Oliver,Not Inducted,Not Inducted
15773,Darren Reed,Not Eligible,Not Eligible
3227,Darrin Chapin,Not Eligible,Not Eligible
6078,Darrin Fletcher,Not Inducted,Not Inducted
9218,Darrin Jackson,Not Inducted,Not Inducted
20795,Darrin Winston,Not Eligible,Not Eligible
3989,Darron Cox,Not Eligible,Not Eligible
3365,Darryl Cias,Not Eligible,Not Eligible
7760,Darryl Hamilton,Not Inducted,Not Inducted
9592,Darryl Jones,Not Eligible,Not Eligible
10077,Darryl Kile,Not Inducted,Not Inducted
13471,Darryl Motley,Not Eligible,Not Eligible
17210,Darryl Scott,Not Eligible,Not Eligible
18518,Darryl Strawberry,Not Inducted,Not Inducted
936,Darwin Barney,Not Eligible,Not Eligible
4204,Darwin Cubillan,Not Eligible,Not Eligible
8362,Darwinzon Hernandez,Not Eligible,Not Eligible
1860,Daryl Boston,Not Inducted,Not Inducted
9180,Daryl Irvine,Not Eligible,Not Eligible
14670,Daryl Patterson,Not Eligible,Not Eligible
16190,Daryl Robertson,Not Eligible,Not Eligible
17206,Daryl Sconiers,Not Eligible,Not Eligible
18135,Daryl Spencer,Not Inducted,Not Inducted
19091,Daryl Thompson,Not Eligible,Not Eligible
20062,Daryle Ward,Not Inducted,Not Inducted
19395,Dasher Troy,Not Eligible,Not Eligible
9341,Daulton Jefferies,Not Eligible,Not Eligible
19666,Daulton Varsho,Not Eligible,Not Eligible
13347,Dauri Moreta,Not Eligible,Not Eligible
129,Dave Adlesh,Not Eligible,Not Eligible
313,Dave Altizer,Not Eligible,Not Eligible
387,Dave Anderson,Not Eligible,Not Eligible
386,Dave Anderson,Not Inducted,Not Inducted
619,Dave Augustine,Not Eligible,Not Eligible
745,Dave Bakenhaster,Not Eligible,Not Eligible
753,Dave Baker,Not Eligible,Not Eligible
793,Dave Baldwin,Not Eligible,Not Eligible
825,Dave Bancroft,Not Inducted,Inducted
862,Dave Barbee,Not Eligible,Not Eligible
1019,Dave Bartosch,Not Eligible,Not Eligible
1125,Dave Beadle,Not Eligible,Not Eligible
1141,Dave Beard,Not Eligible,Not Eligible
1325,Dave Bennett,Not Eligible,Not Eligible
1361,Dave Berg,Not Eligible,Not Eligible
1382,Dave Bergman,Not Inducted,Not Inducted
1534,Dave Birdsall,Not Eligible,Not Eligible
1569,Dave Black,Not Eligible,Not Eligible
1835,Dave Borkowski,Not Eligible,Not Eligible
1862,Dave Boswell,Not Eligible,Not Eligible
2016,Dave Brain,Not Eligible,Not Eligible
2161,Dave Bristol,Not Eligible,Not Eligible
2462,Dave Burba,Not Inducted,Not Inducted
2598,Dave Bush,Not Eligible,Not Eligible
2747,Dave Callahan,Not Eligible,Not Eligible
2803,Dave Campbell,Not Eligible,Not Eligible
2804,Dave Campbell,Not Eligible,Not Eligible
3041,Dave Cash,Not Inducted,Not Inducted
3197,Dave Chalk,Not Eligible,Not Eligible
3273,Dave Cheadle,Not Eligible,Not Eligible
3416,Dave Clark,Not Inducted,Not Inducted
3555,Dave Coble,Not Eligible,Not Eligible
3559,Dave Cochrane,Not Eligible,Not Eligible
3576,Dave Coggin,Not Eligible,Not Eligible
3601,Dave Cole,Not Eligible,Not Eligible
3614,Dave Coleman,Not Eligible,Not Eligible
3649,Dave Collins,Not Inducted,Not Inducted
3705,Dave Concepcion,Inducted,Not Inducted
4084,Dave Cripe,Not Eligible,Not Eligible
4085,Dave Criscione,Not Eligible,Not Eligible
4357,Dave Danforth,Not Inducted,Not Inducted
4422,Dave Davenport,Not Eligible,Not Eligible
4435,Dave Davidson,Not Eligible,Not Eligible
4612,Dave DeBusschere,Not Eligible,Not Eligible
5075,Dave Dowling,Not Eligible,Not Eligible
5082,Dave Downs,Not Eligible,Not Eligible
5127,Dave Dravecky,Not Eligible,Not Eligible
5226,Dave Duncan,Not Inducted,Not Inducted
5397,Dave Edler,Not Eligible,Not Eligible
5409,Dave Edwards,Not Eligible,Not Eligible
5437,Dave Eggler,Not Inducted,Not Inducted
5449,Dave Eiland,Not Inducted,Not Inducted
5450,Dave Eilers,Not Eligible,Not Eligible
5463,Dave Elder,Not Eligible,Not Eligible
5547,Dave Engle,Not Eligible,Not Eligible
5894,Dave Ferriss,Not Eligible,Not Eligible
6071,Dave Fleming,Not Eligible,Not Eligible
6173,Dave Ford,Not Eligible,Not Eligible
6238,Dave Foutz,Inducted,Not Inducted
6353,Dave Freisleben,Not Eligible,Not Eligible
6407,Dave Frost,Not Eligible,Not Eligible
6455,Dave Fultz,Not Eligible,Not Eligible
6518,Dave Gallagher,Not Eligible,Not Eligible
6596,Dave Garcia,Not Eligible,Not Eligible
6710,Dave Gassner,Not Eligible,Not Eligible
6761,Dave Geisel,Not Eligible,Not Eligible
6788,Dave Gerard,Not Eligible,Not Eligible
6969,Dave Giusti,Not Inducted,Not Inducted
7066,Dave Goltz,Not Inducted,Not Inducted
7311,Dave Gray,Not Eligible,Not Eligible
7388,Dave Gregg,Not Eligible,Not Eligible
7567,Dave Gumpert,Not Eligible,Not Eligible
7621,Dave Haas,Not Eligible,Not Eligible
7681,Dave Hajek,Not Eligible,Not Eligible
7761,Dave Hamilton,Not Eligible,Not Eligible
7843,Dave Hansen,Not Inducted,Not Inducted
7945,Dave Harris,Not Eligible,Not Eligible
8169,Dave Heaverlo,Not Eligible,Not Eligible
8252,Dave Henderson,Not Inducted,Not Inducted
8276,Dave Hengel,Not Eligible,Not Eligible
8542,Dave Hill,Not Eligible,Not Eligible
8577,Dave Hillman,Not Eligible,Not Eligible
8582,Dave Hilton,Not Eligible,Not Eligible
8745,Dave Hollins,Not Inducted,Not Inducted
8851,Dave Hoskins,Not Eligible,Not Eligible
8857,Dave Hostetler,Not Eligible,Not Eligible
8895,Dave Howard,Not Eligible,Not Eligible
8966,Dave Hudgens,Not Eligible,Not Eligible
9087,Dave Huppert,Not Eligible,Not Eligible
9325,Dave Jauss,Not Eligible,Not Eligible
9456,Dave Johnson,Not Eligible,Not Eligible
9455,Dave Johnson,Not Eligible,Not Eligible
9558,Dave Jolly,Not Eligible,Not Eligible
9860,Dave Keefe,Not Eligible,Not Eligible
10139,Dave Kingman,Not Inducted,Not Inducted
10382,Dave Koslo,Not Inducted,Not Inducted
10478,Dave Krynzel,Not Eligible,Not Eligible
10680,Dave LaPoint,Not Inducted,Not Inducted
10704,Dave LaRoche,Not Inducted,Not Inducted
10869,Dave Leeper,Not Eligible,Not Eligible
10903,Dave Leiper,Not Eligible,Not Eligible
10920,Dave Lemanczyk,Not Eligible,Not Eligible
10930,Dave Lemonds,Not Eligible,Not Eligible
10961,Dave Leonhard,Not Eligible,Not Eligible
11041,Dave Liddell,Not Eligible,Not Eligible
11527,Dave Machemer,Not Eligible,Not Eligible
11587,Dave Madison,Not Eligible,Not Eligible
11601,Dave Magadan,Not Inducted,Not Inducted
11675,Dave Malarcher,Not Eligible,Not Eligible
11865,Dave Marshall,Not Eligible,Not Eligible
11949,Dave Martinez,Not Inducted,Not Inducted
12068,Dave Matranga,Not Eligible,Not Eligible
12114,Dave Maurer,Not Eligible,Not Eligible
12132,Dave May,Not Inducted,Not Inducted
12258,Dave McCarty,Not Inducted,Not Inducted
12358,Dave McDonald,Not Eligible,Not Eligible
12509,Dave McKay,Not Eligible,Not Eligible
12534,Dave McKeough,Not Eligible,Not Eligible
12607,Dave McNally,Not Inducted,Not Inducted
12670,Dave Meads,Not Eligible,Not Eligible
12707,Dave Meier,Not Eligible,Not Eligible
12749,Dave Melton,Not Eligible,Not Eligible
12916,Dave Miley,Not Eligible,Not Eligible
13128,Dave Mlicki,Not Inducted,Not Inducted
13131,Dave Moates,Not Eligible,Not Eligible
13326,Dave Morehead,Not Eligible,Not Eligible
13348,Dave Morey,Not Eligible,Not Eligible
13603,Dave Murphy,Not Eligible,Not Eligible
13814,Dave Nelson,Not Inducted,Not Inducted
13910,Dave Nicholson,Not Eligible,Not Eligible
13958,Dave Nilsson,Not Eligible,Not Eligible
14144,Dave Odom,Not Eligible,Not Eligible
14203,Dave Oldfield,Not Eligible,Not Eligible
14224,Dave Oliver,Not Eligible,Not Eligible
14333,Dave Orr,Not Eligible,Not Eligible
14424,Dave Otto,Not Eligible,Not Eligible
14443,Dave Owen,Not Eligible,Not Eligible
14499,Dave Pagan,Not Eligible,Not Eligible
14586,Dave Parker,Inducted,Inducted
14671,Dave Patterson,Not Eligible,Not Eligible
14715,Dave Pavlas,Not Eligible,Not Eligible
14793,Dave Pember,Not Eligible,Not Eligible
15047,Dave Philley,Not Inducted,Not Inducted
15101,Dave Pickett,Not Eligible,Not Eligible
15130,Dave Pierson,Not Eligible,Not Eligible
15277,Dave Pope,Not Eligible,Not Eligible
15558,Dave Rader,Not Inducted,Not Inducted
15588,Dave Rajsich,Not Eligible,Not Eligible
15903,Dave Revering,Not Eligible,Not Eligible
16025,Dave Ricketts,Not Eligible,Not Eligible
16058,Dave Righetti,Not Inducted,Not Inducted
16170,Dave Roberts,Not Eligible,Not Eligible
16172,Dave Roberts,Not Inducted,Not Inducted
16169,Dave Roberts,Not Inducted,Not Inducted
16171,Dave Roberts,Not Inducted,Not Inducted
16191,Dave Robertson,Not Eligible,Not Eligible
16217,Dave Robinson,Not Eligible,Not Eligible
16382,Dave Rohde,Not Eligible,Not Eligible
16501,Dave Rosello,Not Eligible,Not Eligible
16559,Dave Rowan,Not Eligible,Not Eligible
16563,Dave Rowe,Not Eligible,Not Eligible
16590,Dave Rozema,Not Inducted,Not Inducted
16599,Dave Rucker,Not Eligible,Not Eligible
16917,Dave Sappelt,Not Eligible,Not Eligible
16963,Dave Sax,Not Eligible,Not Eligible
17087,Dave Schmidt,Not Eligible,Not Eligible
17088,Dave Schmidt,Not Inducted,Not Inducted
17104,Dave Schneck,Not Eligible,Not Eligible
17149,Dave Schuler,Not Eligible,Not Eligible
17309,Dave Sells,Not Eligible,Not Eligible
17445,Dave Shean,Not Eligible,Not Eligible
17536,Dave Shipanoff,Not Eligible,Not Eligible
17566,Dave Short,Not Eligible,Not Eligible
17628,Dave Silvestri,Not Eligible,Not Eligible
17689,Dave Sisler,Not Eligible,Not Eligible
17702,Dave Skaggs,Not Eligible,Not Eligible
17705,Dave Skaugstad,Not Eligible,Not Eligible
17706,Dave Skeels,Not Eligible,Not Eligible
17823,Dave Smith,Not Eligible,Not Eligible
17821,Dave Smith,Not Eligible,Not Eligible
17822,Dave Smith,Not Inducted,Not Inducted
18267,Dave Stapleton,Not Eligible,Not Eligible
18266,Dave Stapleton,Not Eligible,Not Eligible
18284,Dave Staton,Not Eligible,Not Eligible
18314,Dave Stegman,Not Eligible,Not Eligible
18341,Dave Stenhouse,Not Eligible,Not Eligible
18377,Dave Stevens,Not Eligible,Not Eligible
18395,Dave Stewart,Not Inducted,Not Inducted
18415,Dave Stieb,Not Inducted,Not Inducted
18731,Dave Swartzbaugh,Not Eligible,Not Eligible
18953,Dave Telgheder,Not Eligible,Not Eligible
19026,Dave Thies,Not Eligible,Not Eligible
19211,Dave Tobik,Not Eligible,Not Eligible
19249,Dave Tomlin,Not Inducted,Not Inducted
19358,Dave Trembley,Not Eligible,Not Eligible
19479,Dave Tyriver,Not Eligible,Not Eligible
19603,Dave Valle,Not Inducted,Not Inducted
19624,Dave Van Gorder,Not Eligible,Not Eligible
19744,Dave Veres,Not Inducted,Not Inducted
19797,Dave Vineyard,Not Eligible,Not Eligible
19837,Dave Von Ohlen,Not Eligible,Not Eligible
19897,Dave Wainhouse,Not Eligible,Not Eligible
19982,Dave Wallace,Not Eligible,Not Eligible
20008,Dave Walsh,Not Eligible,Not Eligible
20138,Dave Watkins,Not Eligible,Not Eligible
20230,Dave Wehrmeister,Not Eligible,Not Eligible
20486,Dave Wickersham,Not Inducted,Not Inducted
20571,Dave Williams,Not Eligible,Not Eligible
20665,Dave Wills,Not Eligible,Not Eligible
20772,Dave Winfield,Inducted,Inducted
20818,Dave Wissman,Not Eligible,Not Eligible
20978,Dave Wright,Not Eligible,Not Eligible
21205,Dave Zearfoss,Not Eligible,Not Eligible
3394,Davey Claire,Not Eligible,Not Eligible
4101,Davey Crockett,Not Eligible,Not Eligible
9457,Davey Johnson,Not Inducted,Not Inducted
11276,Davey Lopes,Not Inducted,Not Inducted
20572,Davey Williams,Not Eligible,Not Eligible
0,David Aardsma,Not Eligible,Not Eligible
84,David Adams,Not Eligible,Not Eligible
854,David Bañuelos,Not Eligible,Not Eligible
1206,David Bednar,Not Eligible,Not Eligible
1251,David Bell,Not Inducted,Not Inducted
1864,David Bote,Not Eligible,Not Eligible
2396,David Buchanan,Not Eligible,Not Eligible
2949,David Carpenter,Not Eligible,Not Eligible
2948,David Carpenter,Not Eligible,Not Eligible
3540,David Clyde,Not Eligible,Not Eligible
3711,David Cone,Not Inducted,Not Inducted
3835,David Cooper,Not Eligible,Not Eligible
3917,David Cortes,Not Eligible,Not Eligible
4305,David Dahl,Not Eligible,Not Eligible
4651,David DeJesus,Not Inducted,Not Inducted
4686,David Dellucci,Not Inducted,Not Inducted
5045,David Doster,Not Eligible,Not Eligible
5379,David Eckstein,Not Inducted,Not Inducted
5899,David Festa,Not Eligible,Not Eligible
6079,David Fletcher,Not Eligible,Not Eligible
6344,David Freese,Not Inducted,Not Inducted
6354,David Freitas,Not Eligible,Not Eligible
6409,David Fry,Not Eligible,Not Eligible
7043,David Goforth,Not Eligible,Not Eligible
7338,David Green,Not Eligible,Not Eligible
7688,David Hale,Not Eligible,Not Eligible
7762,David Hamilton,Not Eligible,Not Eligible
8321,David Hensley,Not Eligible,Not Eligible
8363,David Hernandez,Not Inducted,Not Inducted
8406,David Herndon,Not Eligible,Not Eligible
8456,David Hess,Not Eligible,Not Eligible
8719,David Holdridge,Not Eligible,Not Eligible
8766,David Holmberg,Not Eligible,Not Eligible
8896,David Howard,Not Eligible,Not Eligible
8990,David Huff,Not Eligible,Not Eligible
9038,David Hulse,Not Eligible,Not Eligible
9593,David Jones,Not Eligible,Not Eligible
9746,David Justice,Not Inducted,Not Inducted
9965,David Kelton,Not Eligible,Not Eligible
10595,David Lamb,Not Eligible,Not Eligible
10843,David Lee,Not Eligible,Not Eligible
10939,David Lenz,Not Eligible,Not Eligible
11324,David Lough,Not Eligible,Not Eligible
11432,David Lundquist,Not Eligible,Not Eligible
11550,David MacKinnon,Not Eligible,Not Eligible
11750,David Manning,Not Eligible,Not Eligible
11950,David Martinez,Not Eligible,Not Eligible
12510,David McKay,Not Eligible,Not Eligible
13296,David Moraga,Not Eligible,Not Eligible
13604,David Murphy,Not Inducted,Not Inducted
13869,David Newhan,Not Eligible,Not Eligible
13926,David Nied,Not Eligible,Not Eligible
14350,David Ortiz,Inducted,Inducted
14536,David Palmer,Not Inducted,Not Inducted
14693,David Patton,Not Eligible,Not Eligible
14706,David Pauley,Not Eligible,Not Eligible
14708,David Paulino,Not Eligible,Not Eligible
14849,David Peralta,Not Eligible,Not Eligible
14980,David Peterson,Not Eligible,Not Eligible
15039,David Phelps,Not Eligible,Not Eligible
15395,David Price,Not Eligible,Not Eligible
15463,David Purcey,Not Eligible,Not Eligible
16098,David Riske,Not Inducted,Not Inducted
16192,David Robertson,Not Eligible,Not Eligible
16407,David Rollins,Not Eligible,Not Eligible
16525,David Ross,Not Inducted,Not Inducted
16844,David Sanders,Not Eligible,Not Eligible
17286,David Segui,Not Inducted,Not Inducted
19783,David Villar,Not Eligible,Not Eligible
20118,David Washington,Not Eligible,Not Eligible
20172,David Weathers,Not Inducted,Not Inducted
20279,David Wells,Not Inducted,Not Inducted
20328,David West,Not Inducted,Not Inducted
20573,David Williams,Not Eligible,Not Eligible
20979,David Wright,Not Inducted,Not Inducted
4359,Davis Daniel,Not Eligible,Not Eligible
11907,Davis Martin,Not Eligible,Not Eligible
16426,Davis Romero,Not Eligible,Not Eligible
17109,Davis Schneider,Not Eligible,Not Eligible
20300,Davis Wendzel,Not Eligible,Not Eligible
5240,Davy Dunkle,Not Eligible,Not Eligible
6168,Davy Force,Not Inducted,Not Inducted
9594,Davy Jones,Not Inducted,Not Inducted
11408,Dawel Lugo,Not Eligible,Not Eligible
9595,Dax Jones,Not Eligible,Not Eligible
4810,Dayan Diaz,Not Eligible,Not Eligible
19761,Dayan Viciedo,Not Eligible,Not Eligible
8405,Daysbel Hernández,Not Eligible,Not Eligible
2774,Daz Cameron,Not Eligible,Not Eligible
19636,Dazzy Vance,Not Inducted,Inducted
7689,DeMarlo Hale,Not Eligible,Not Eligible
2436,DeWayne Buice,Not Eligible,Not Eligible
19685,DeWayne Vaughn,Not Eligible,Not Eligible
4980,Deacon Donahue,Not Eligible,Not Eligible
9596,Deacon Jones,Not Eligible,Not Eligible
12478,Deacon McGuire,Not Inducted,Not Inducted
15048,Deacon Phillippe,Inducted,Not Inducted
19612,Deacon Van Buren,Not Eligible,Not Eligible
20405,Deacon White,Inducted,Inducted
461,Dean Anna,Not Eligible,Not Eligible
3216,Dean Chance,Not Inducted,Not Inducted
4154,Dean Crow,Not Eligible,Not Eligible
4634,Dean Deetz,Not Eligible,Not Eligible
8007,Dean Hartgraves,Not Eligible,Not Eligible
10065,Dean Kiekhefer,Not Eligible,Not Eligible
10433,Dean Kremer,Not Eligible,Not Eligible
11266,Dean Look,Not Eligible,Not Eligible
14537,Dean Palmer,Not Inducted,Not Inducted
18451,Dean Stone,Not Eligible,Not Eligible
18583,Dean Sturgis,Not Eligible,Not Eligible
20538,Dean Wilkins,Not Eligible,Not Eligible
6672,Debs Garms,Not Inducted,Not Inducted
12479,Deck McGuire,Not Eligible,Not Eligible
4118,Declan Cronin,Not Eligible,Not Eligible
14065,Dedniel Núñez,Not Eligible,Not Eligible
2254,Dee Brown,Not Eligible,Not Eligible
3965,Dee Cousineau,Not Eligible,Not Eligible
6155,Dee Fondy,Not Eligible,Not Eligible
12913,Dee Miles,Not Eligible,Not Eligible
13252,Dee Moore,Not Eligible,Not Eligible
15058,Dee Phillips,Not Eligible,Not Eligible
16845,Dee Sanders,Not Eligible,Not Eligible
18506,Dee Strange-Gordon,Not Eligible,Not Eligible
20009,Dee Walsh,Not Eligible,Not Eligible
16846,Deion Sanders,Not Eligible,Not Eligible
4179,Deivi Cruz,Not Eligible,Not Eligible
6597,Deivi Garcia,Not Eligible,Not Eligible
7506,Deivy Grullon,Not Eligible,Not Eligible
20406,Deke White,Not Eligible,Not Eligible
754,Del Baker,Not Eligible,Not Eligible
1053,Del Bates,Not Eligible,Not Eligible
1555,Del Bissonette,Not Eligible,Not Eligible
4030,Del Crandall,Not Inducted,Not Inducted
5554,Del Ennis,Not Inducted,Not Inducted
6495,Del Gainer,Not Inducted,Not Inducted
8897,Del Howard,Not Eligible,Not Eligible
11431,Del Lundgren,Not Eligible,Not Eligible
12007,Del Mason,Not Eligible,Not Eligible
14488,Del Paddock,Not Eligible,Not Eligible
15374,Del Pratt,Not Inducted,Not Inducted
15971,Del Rice,Not Inducted,Not Inducted
19516,Del Unser,Not Inducted,Not Inducted
20512,Del Wilber,Not Eligible,Not Eligible
21123,Del Young,Not Eligible,Not Eligible
21122,Del Young,Not Eligible,Not Eligible
4756,Delino DeShields,Not Eligible,Not Eligible
4757,Delino DeShields,Not Inducted,Not Inducted
304,Dell Alston,Not Eligible,Not Eligible
4387,Dell Darling,Not Eligible,Not Eligible
1446,Dellin Betances,Not Eligible,Not Eligible
21124,Delmon Young,Not Inducted,Not Inducted
2255,Delos Brown,Not Eligible,Not Eligible
5116,Delos Drake,Not Eligible,Not Eligible
9289,Delvin James,Not Eligible,Not Eligible
21125,Delwyn Young,Not Eligible,Not Eligible
5679,Demarcus Evans,Not Eligible,Not Eligible
18102,Denard Span,Not Inducted,Not Inducted
1876,Denis Boucher,Not Eligible,Not Eligible
12777,Denis Menke,Not Inducted,Not Inducted
15082,Denis Phipps,Not Eligible,Not Eligible
20528,Denney Wilie,Not Eligible,Not Eligible
628,Dennis Aust,Not Eligible,Not Eligible
1326,Dennis Bennett,Not Eligible,Not Eligible
1411,Dennis Berran,Not Eligible,Not Eligible
1601,Dennis Blair,Not Eligible,Not Eligible
2538,Dennis Burns,Not Eligible,Not Eligible
2582,Dennis Burtt,Not Eligible,Not Eligible
3035,Dennis Casey,Not Eligible,Not Eligible
3799,Dennis Cook,Not Inducted,Not Inducted
3951,Dennis Coughlin,Not Eligible,Not Eligible
4608,Dennis DeBarr,Not Eligible,Not Eligible
5066,Dennis Dove,Not Eligible,Not Eligible
5150,Dennis Driscoll,Not Eligible,Not Eligible
5375,Dennis Eckersley,Not Inducted,Inducted
6026,Dennis Fitzgerald,Not Eligible,Not Eligible
8514,Dennis Higgins,Not Eligible,Not Eligible
10145,Dennis Kinney,Not Eligible,Not Eligible
10355,Dennis Konuszewski,Not Eligible,Not Eligible
10614,Dennis Lamp,Not Inducted,Not Inducted
10952,Dennis Leonard,Not Inducted,Not Inducted
10999,Dennis Lewallyn,Not Eligible,Not Eligible
11150,Dennis Littlejohn,Not Eligible,Not Eligible
11951,Dennis Martinez,Inducted,Not Inducted
13137,Dennis Moeller,Not Eligible,Not Eligible
13666,Dennis Musgraves,Not Eligible,Not Eligible
14282,Dennis O'Neill,Not Eligible,Not Eligible
14496,Dennis Paepke,Not Eligible,Not Eligible
15340,Dennis Powell,Not Eligible,Not Eligible
15684,Dennis Rasmussen,Not Inducted,Not Inducted
15966,Dennis Ribant,Not Eligible,Not Eligible
16884,Dennis Santana,Not Eligible,Not Eligible
16921,Dennis Sarfate,Not Eligible,Not Eligible
16938,Dennis Saunders,Not Eligible,Not Eligible
17504,Dennis Sherrill,Not Eligible,Not Eligible
18182,Dennis Springer,Not Eligible,Not Eligible
18814,Dennis Tankersley,Not Eligible,Not Eligible
20317,Dennis Werth,Not Eligible,Not Eligible
1102,Denny Bautista,Not Eligible,Not Eligible
3404,Denny Clare,Not Eligible,Not Eligible
5094,Denny Doyle,Not Eligible,Not Eligible
5151,Denny Driscoll,Not Eligible,Not Eligible
6512,Denny Galehouse,Not Inducted,Not Inducted
7108,Denny Gonzalez,Not Eligible,Not Eligible
7926,Denny Harriger,Not Eligible,Not Eligible
8637,Denny Hocking,Not Inducted,Not Inducted
10921,Denny Lemaster,Not Inducted,Not Inducted
11485,Denny Lyons,Not Inducted,Not Inducted
11535,Denny Mack,Not Eligible,Not Eligible
12541,Denny McKnight,Not Eligible,Not Eligible
12545,Denny McLain,Not Inducted,Not Inducted
13777,Denny Neagle,Not Inducted,Not Inducted
14413,Denny O'Toole,Not Eligible,Not Eligible
16037,Denny Riddleberger,Not Eligible,Not Eligible
18077,Denny Sothern,Not Eligible,Not Eligible
18269,Denny Stark,Not Eligible,Not Eligible
18628,Denny Sullivan,Not Eligible,Not Eligible
18627,Denny Sullivan,Not Eligible,Not Eligible
19998,Denny Walling,Not Inducted,Not Inducted
20574,Denny Williams,Not Eligible,Not Eligible
15911,Dennys Reyes,Not Inducted,Not Inducted
7440,Denver Grigsby,Not Eligible,Not Eligible
15912,Denyi Reyes,Not Eligible,Not Eligible
7522,Deolis Guerra,Not Eligible,Not Eligible
16282,Dereck Rodriguez,Not Eligible,Not Eligible
614,Derek Aucoin,Not Eligible,Not Eligible
1252,Derek Bell,Not Inducted,Not Inducted
1865,Derek Botelho,Not Eligible,Not Eligible
2380,Derek Bryant,Not Eligible,Not Eligible
4869,Derek Dietrich,Not Eligible,Not Eligible
5998,Derek Fisher,Not Eligible,Not Eligible
8543,Derek Hill,Not Eligible,Not Eligible
8727,Derek Holland,Not Eligible,Not Eligible
9384,Derek Jeter,Inducted,Inducted
10753,Derek Law,Not Eligible,Not Eligible
10844,Derek Lee,Not Eligible,Not Eligible
11059,Derek Lilliquist,Not Eligible,Not Eligible
11351,Derek Lowe,Not Inducted,Not Inducted
14021,Derek Norris,Not Eligible,Not Eligible
14603,Derek Parks,Not Eligible,Not Eligible
17477,Derek Shelton,Not Eligible,Not Eligible
19092,Derek Thompson,Not Eligible,Not Eligible
19983,Derek Wallace,Not Eligible,Not Eligible
6598,Dermis Garcia,Not Eligible,Not Eligible
18344,Dernell Stenson,Not Eligible,Not Eligible
9458,Deron Johnson,Not Inducted,Not Inducted
10845,Derrek Lee,Not Inducted,Not Inducted
19048,Derrel Thomas,Not Inducted,Not Inducted
7433,Derrell Griffith,Not Eligible,Not Eligible
6849,Derrick Gibson,Not Eligible,Not Eligible
12133,Derrick May,Not Inducted,Not Inducted
16218,Derrick Robinson,Not Eligible,Not Eligible
19441,Derrick Turnbow,Not Eligible,Not Eligible
20407,Derrick White,Not Eligible,Not Eligible
5369,Derrin Ebert,Not Eligible,Not Eligible
15860,Desi Relaford,Not Inducted,Not Inducted
20692,Desi Wilson,Not Eligible,Not Eligible
1158,Desmond Beatty,Not Eligible,Not Eligible
9367,Desmond Jennings,Not Eligible,Not Eligible
8793,Destin Hood,Not Eligible,Not Eligible
8156,Deunte Heath,Not Eligible,Not Eligible
11850,Deven Marrero,Not Eligible,Not Eligible
7838,Devern Hansack,Not Eligible,Not Eligible
12829,Devin Mesoraco,Not Eligible,Not Eligible
17773,Devin Smeltzer,Not Eligible,Not Eligible
18752,Devin Sweet,Not Eligible,Not Eligible
20575,Devin Williams,Not Eligible,Not Eligible
11360,Devon Lowery,Not Eligible,Not Eligible
19340,Devon Travis,Not Eligible,Not Eligible
20408,Devon White,Not Inducted,Not Inducted
20807,Dewayne Wise,Not Inducted,Not Inducted
122,Dewey Adkins,Not Eligible,Not Eligible
12378,Dewey McDougal,Not Eligible,Not Eligible
12841,Dewey Metivier,Not Eligible,Not Eligible
16219,Dewey Robinson,Not Eligible,Not Eligible
20576,Dewey Williams,Not Eligible,Not Eligible
2063,Dewon Brazelton,Not Eligible,Not Eligible
4536,Dewon Day,Not Eligible,Not Eligible
6243,Dexter Fowler,Not Eligible,Not Eligible
20577,Dib Williams,Not Eligible,Not Eligible
85,Dick Adams,Not Eligible,Not Eligible
123,Dick Adkins,Not Eligible,Not Eligible
237,Dick Allen,Inducted,Inducted
608,Dick Attreau,Not Eligible,Not Eligible
664,Dick Aylward,Not Eligible,Not Eligible
832,Dick Baney,Not Eligible,Not Eligible
951,Dick Barone,Not Eligible,Not Eligible
969,Dick Barrett,Not Eligible,Not Eligible
1003,Dick Bartell,Not Inducted,Not Inducted
1034,Dick Bass,Not Eligible,Not Eligible
1054,Dick Bates,Not Eligible,Not Eligible
1116,Dick Bayless,Not Eligible,Not Eligible
1432,Dick Bertell,Not Eligible,Not Eligible
1519,Dick Billings,Not Eligible,Not Eligible
1605,Dick Blaisdell,Not Eligible,Not Eligible
1740,Dick Bokelmann,Not Eligible,Not Eligible
1853,Dick Bosman,Not Inducted,Not Inducted
2014,Dick Braggins,Not Eligible,Not Eligible
2193,Dick Brodowski,Not Eligible,Not Eligible
2256,Dick Brown,Not Eligible,Not Eligible
2411,Dick Buckley,Not Eligible,Not Eligible
2539,Dick Burns,Not Eligible,Not Eligible
2576,Dick Burrus,Not Eligible,Not Eligible
2584,Dick Burwell,Not Eligible,Not Eligible
2633,Dick Butler,Not Eligible,Not Eligible
2762,Dick Calmus,Not Eligible,Not Eligible
2983,Dick Carroll,Not Eligible,Not Eligible
3571,Dick Coffman,Not Inducted,Not Inducted
3574,Dick Cogan,Not Eligible,Not Eligible
3602,Dick Cole,Not Eligible,Not Eligible
3682,Dick Colpaert,Not Eligible,Not Eligible
3715,Dick Conger,Not Eligible,Not Eligible
3783,Dick Conway,Not Eligible,Not Eligible
3939,Dick Cotter,Not Eligible,Not Eligible
3990,Dick Cox,Not Eligible,Not Eligible
4177,Dick Crutcher,Not Eligible,Not Eligible
4225,Dick Culler,Not Eligible,Not Eligible
4465,Dick Davis,Not Eligible,Not Eligible
4870,Dick Dietz,Not Eligible,Not Eligible
5014,Dick Donovan,Not Inducted,Not Inducted
5114,Dick Drago,Not Inducted,Not Inducted
5160,Dick Drott,Not Eligible,Not Eligible
5428,Dick Egan,Not Eligible,Not Eligible
5429,Dick Egan,Not Eligible,Not Eligible
5509,Dick Ellsworth,Not Inducted,Not Inducted
5593,Dick Errickson,Not Eligible,Not Eligible
5641,Dick Estelle,Not Eligible,Not Eligible
6244,Dick Fowler,Not Inducted,Not Inducted
6810,Dick Gernert,Not Inducted,Not Inducted
7217,Dick Gossett,Not Eligible,Not Eligible
7312,Dick Gray,Not Eligible,Not Eligible
7339,Dick Green,Not Inducted,Not Inducted
7464,Dick Groat,Not Inducted,Not Inducted
7617,Dick Gyselman,Not Eligible,Not Eligible
7664,Dick Hahn,Not Eligible,Not Eligible
7712,Dick Hall,Not Inducted,Not Inducted
7894,Dick Harley,Not Eligible,Not Eligible
7895,Dick Harley,Not Eligible,Not Eligible
8525,Dick Higham,Not Eligible,Not Eligible
8629,Dick Hoblitzell,Not Inducted,Not Inducted
8808,Dick Hoover,Not Eligible,Not Eligible
8937,Dick Howser,Not Eligible,Not Eligible
9003,Dick Hughes,Not Eligible,Not Eligible
9061,Dick Hunt,Not Eligible,Not Eligible
9090,Dick Hurley,Not Eligible,Not Eligible
9130,Dick Hyde,Not Eligible,Not Eligible
9543,Dick Johnston,Not Eligible,Not Eligible
9597,Dick Jones,Not Eligible,Not Eligible
9711,Dick Joyce,Not Eligible,Not Eligible
9826,Dick Kauffman,Not Eligible,Not Eligible
9909,Dick Kelley,Not Eligible,Not Eligible
10013,Dick Kenworthy,Not Eligible,Not Eligible
10104,Dick Kimble,Not Eligible,Not Eligible
10313,Dick Koecher,Not Eligible,Not Eligible
10330,Dick Kokos,Not Eligible,Not Eligible
10477,Dick Kryhoski,Not Eligible,Not Eligible
10575,Dick Lajeskie,Not Eligible,Not Eligible
10618,Dick Lanahan,Not Eligible,Not Eligible
10640,Dick Lane,Not Eligible,Not Eligible
10653,Dick Lange,Not Eligible,Not Eligible
10923,Dick LeMay,Not Eligible,Not Eligible
11105,Dick Lines,Not Eligible,Not Eligible
11147,Dick Littlefield,Not Eligible,Not Eligible
11211,Dick Loftus,Not Eligible,Not Eligible
11352,Dick Lowe,Not Eligible,Not Eligible
11403,Dick Luebke,Not Eligible,Not Eligible
11434,Dick Lundy,Not Eligible,Not Eligible
11781,Dick Manville,Not Eligible,Not Eligible
11826,Dick Marlowe,Not Eligible,Not Eligible
12111,Dick Mauney,Not Eligible,Not Eligible
12197,Dick McAuliffe,Not Inducted,Not Inducted
12208,Dick McBride,Not Eligible,Not Eligible
12217,Dick McCabe,Not Eligible,Not Eligible
12893,Dick Midkiff,Not Eligible,Not Eligible
13041,Dick Mills,Not Eligible,Not Eligible
13529,Dick Mulligan,Not Eligible,Not Eligible
13605,Dick Murphy,Not Eligible,Not Eligible
13837,Dick Nen,Not Eligible,Not Eligible
13885,Dick Newsome,Not Eligible,Not Eligible
13929,Dick Niehaus,Not Eligible,Not Eligible
13995,Dick Nold,Not Eligible,Not Eligible
14486,Dick Padden,Not Eligible,Not Eligible
15035,Dick Phelan,Not Eligible,Not Eligible
15059,Dick Phillips,Not Eligible,Not Eligible
15131,Dick Pierson,Not Eligible,Not Eligible
15244,Dick Pole,Not Eligible,Not Eligible
15293,Dick Porter,Not Eligible,Not Eligible
15552,Dick Radatz,Not Eligible,Not Eligible
15662,Dick Rand,Not Eligible,Not Eligible
15748,Dick Redding,Not Eligible,Not Eligible
15816,Dick Reichle,Not Eligible,Not Eligible
16026,Dick Ricketts,Not Eligible,Not Eligible
16193,Dick Robertson,Not Eligible,Not Eligible
16589,Dick Rozek,Not Eligible,Not Eligible
16605,Dick Rudolph,Not Inducted,Not Inducted
16671,Dick Rusteck,Not Eligible,Not Eligible
16677,Dick Ruthven,Not Inducted,Not Inducted
17119,Dick Schofield,Not Inducted,Not Inducted
17118,Dick Schofield,Not Inducted,Not Inducted
17212,Dick Scott,Not Eligible,Not Eligible
17213,Dick Scott,Not Eligible,Not Eligible
17211,Dick Scott,Not Eligible,Not Eligible
17310,Dick Selma,Not Inducted,Not Inducted
17403,Dick Sharon,Not Eligible,Not Eligible
17595,Dick Siebert,Not Inducted,Not Inducted
17654,Dick Simpson,Not Eligible,Not Eligible
17679,Dick Sipek,Not Eligible,Not Eligible
17690,Dick Sisler,Not Eligible,Not Eligible
17826,Dick Smith,Not Eligible,Not Eligible
17825,Dick Smith,Not Eligible,Not Eligible
17824,Dick Smith,Not Eligible,Not Eligible
18101,Dick Spalding,Not Eligible,Not Eligible
18276,Dick Starr,Not Eligible,Not Eligible
18418,Dick Stigman,Not Eligible,Not Eligible
18452,Dick Stone,Not Eligible,Not Eligible
18495,Dick Strahs,Not Eligible,Not Eligible
18560,Dick Stuart,Not Inducted,Not Inducted
18599,Dick Such,Not Eligible,Not Eligible
18940,Dick Teed,Not Eligible,Not Eligible
18990,Dick Terwilliger,Not Eligible,Not Eligible
18997,Dick Tettelbach,Not Eligible,Not Eligible
19032,Dick Thoenen,Not Eligible,Not Eligible
19172,Dick Tidrow,Not Inducted,Not Inducted
19243,Dick Tomanek,Not Eligible,Not Eligible
19320,Dick Tracewski,Not Eligible,Not Eligible
19633,Dick Van Zant,Not Eligible,Not Eligible
19905,Dick Wakefield,Not Eligible,Not Eligible
20054,Dick Wantz,Not Eligible,Not Eligible
20063,Dick Ward,Not Eligible,Not Eligible
20235,Dick Weik,Not Eligible,Not Eligible
20294,Dick Welteroth,Not Eligible,Not Eligible
20329,Dick West,Not Eligible,Not Eligible
20367,Dick Wheeler,Not Eligible,Not Eligible
20468,Dick Whitman,Not Eligible,Not Eligible
20578,Dick Williams,Inducted,Inducted
20936,Dick Woodson,Not Eligible,Not Eligible
20980,Dick Wright,Not Eligible,Not Eligible
21126,Dick Young,Not Eligible,Not Eligible
10033,Dickey Kerr,Not Eligible,Not Eligible
14741,Dickey Pearce,Not Eligible,Not Eligible
6117,Dickie Flowers,Not Eligible,Not Eligible
13996,Dickie Noles,Not Inducted,Not Inducted
19138,Dickie Thon,Not Inducted,Not Inducted
7109,Dicky Gonzalez,Not Eligible,Not Eligible
7394,Didi Gregorius,Not Eligible,Not Eligible
3079,Diego Castillo,Not Eligible,Not Eligible
3080,Diego Castillo,Not Eligible,Not Eligible
13338,Diego Moreno,Not Eligible,Not Eligible
17287,Diego Segui,Not Inducted,Not Inducted
5557,Dietrich Enns,Not Eligible,Not Eligible
19664,Dike Varney,Not Eligible,Not Eligible
4905,Dillon Dingler,Not Eligible,Not Eligible
6750,Dillon Gee,Not Eligible,Not Eligible
11790,Dillon Maples,Not Eligible,Not Eligible
14436,Dillon Overton,Not Eligible,Not Eligible
14960,Dillon Peters,Not Eligible,Not Eligible
18840,Dillon Tate,Not Eligible,Not Eligible
19049,Dillon Thomas,Not Eligible,Not Eligible
8416,Dilson Herrera,Not Eligible,Not Eligible
19285,Dilson Torres,Not Eligible,Not Eligible
10610,Dinelson Lamet,Not Eligible,Not Eligible
14101,Dink O'Brien,Not Eligible,Not Eligible
12610,Dinny McNamara,Not Eligible,Not Eligible
3305,Dino Chiozza,Not Eligible,Not Eligible
5368,Dino Ebel,Not Eligible,Not Eligible
15891,Dino Restelli,Not Eligible,Not Eligible
6738,Dinty Gearin,Not Eligible,Not Eligible
14233,Diomedes Olivo,Not Eligible,Not Eligible
9290,Dion James,Not Inducted,Not Inducted
13763,Dioner Navarro,Not Inducted,Not Inducted
8364,Diory Hernandez,Not Eligible,Not Eligible
8116,Dirk Hayhurst,Not Eligible,Not Eligible
2984,Dixie Carroll,Not Eligible,Not Eligible
4466,Dixie Davis,Not Inducted,Not Inducted
8922,Dixie Howell,Not Eligible,Not Eligible
8921,Dixie Howell,Not Eligible,Not Eligible
12193,Dixie McArthur,Not Eligible,Not Eligible
14587,Dixie Parker,Not Eligible,Not Eligible
14632,Dixie Parsons,Not Eligible,Not Eligible
19521,Dixie Upright,Not Eligible,Not Eligible
19930,Dixie Walker,Not Inducted,Not Inducted
19929,Dixie Walker,Not Eligible,Not Eligible
11522,Dixon Machado,Not Eligible,Not Eligible
4596,Dizzy Dean,Not Inducted,Inducted
18689,Dizzy Sutherland,Not Eligible,Not Eligible
19390,Dizzy Trout,Not Inducted,Not Inducted
21127,Dmitri Young,Not Inducted,Not Inducted
13253,Dobie Moore,Not Eligible,Not Eligible
86,Doc Adams,Not Eligible,Not Eligible
365,Doc Amole,Not Eligible,Not Eligible
663,Doc Ayers,Not Eligible,Not Eligible
1035,Doc Bass,Not Eligible,Not Eligible
2609,Doc Bushong,Not Inducted,Not Inducted
3800,Doc Cook,Not Eligible,Not Eligible
4028,Doc Cramer,Not Inducted,Not Inducted
4031,Doc Crandall,Not Inducted,Not Inducted
5410,Doc Edwards,Not Eligible,Not Eligible
5786,Doc Farrell,Not Eligible,Not Eligible
6731,Doc Gautreau,Not Eligible,Not Eligible
6816,Doc Gessler,Not Eligible,Not Eligible
7749,Doc Hamann,Not Eligible,Not Eligible
8128,Doc Hazelton,Not Eligible,Not Eligible
9544,Doc Johnston,Not Inducted,Not Inducted
9988,Doc Kennedy,Not Eligible,Not Eligible
10034,Doc Kerr,Not Eligible,Not Eligible
10622,Doc Land,Not Eligible,Not Eligible
10627,Doc Landis,Not Eligible,Not Eligible
10746,Doc Lavan,Not Inducted,Not Inducted
10911,Doc Leitner,Not Eligible,Not Eligible
11866,Doc Marshall,Not Eligible,Not Eligible
11867,Doc Marshall,Not Eligible,Not Eligible
11894,Doc Martell,Not Eligible,Not Eligible
11908,Doc Martin,Not Eligible,Not Eligible
12577,Doc McMahon,Not Eligible,Not Eligible
12684,Doc Medich,Not Inducted,Not Inducted
12948,Doc Miller,Not Eligible,Not Eligible
13452,Doc Moskiman,Not Eligible,Not Eligible
13889,Doc Newton,Not Eligible,Not Eligible
14089,Doc Oberlander,Not Eligible,Not Eligible
15357,Doc Powers,Not Inducted,Not Inducted
15430,Doc Prothro,Not Eligible,Not Eligible
15597,Doc Ralston,Not Eligible,Not Eligible
15852,Doc Reisling,Not Eligible,Not Eligible
16979,Doc Scanlan,Not Eligible,Not Eligible
17267,Doc Sechrist,Not Eligible,Not Eligible
19259,Doc Tonkin,Not Eligible,Not Eligible
19912,Doc Waldbauer,Not Eligible,Not Eligible
19984,Doc Wallace,Not Eligible,Not Eligible
20153,Doc Watson,Not Eligible,Not Eligible
20409,Doc White,Not Inducted,Not Inducted
20886,Doc Wood,Not Eligible,Not Eligible
5495,Dock Ellis,Not Inducted,Not Inducted
4091,Dode Criss,Not Eligible,Not Eligible
14647,Dode Paskert,Not Inducted,Not Inducted
1948,Doe Boyland,Not Eligible,Not Eligible
13903,Dolan Nichols,Not Eligible,Not Eligible
11440,Dolf Luque,Not Inducted,Not Inducted
7313,Dolly Gray,Not Eligible,Not Eligible
18270,Dolly Stark,Not Eligible,Not Eligible
2778,Dolph Camilli,Not Inducted,Not Inducted
4332,Dom Dallessandro,Not Eligible,Not Eligible
4897,Dom DiMaggio,Not Inducted,Not Inducted
14055,Dom Nunez,Not Eligible,Not Eligible
21190,Dom Zanni,Not Eligible,Not Eligible
47,Domingo Acevedo,Not Eligible,Not Eligible
3164,Domingo Cedeno,Not Eligible,Not Eligible
6802,Domingo German,Not Eligible,Not Eligible
7599,Domingo Guzman,Not Eligible,Not Eligible
9336,Domingo Jean,Not Eligible,Not Eligible
11027,Domingo Leyba,Not Eligible,Not Eligible
11952,Domingo Martinez,Not Eligible,Not Eligible
15642,Domingo Ramos,Not Inducted,Not Inducted
16885,Domingo Santana,Not Eligible,Not Eligible
18822,Domingo Tapia,Not Eligible,Not Eligible
2870,Dominic Canzone,Not Eligible,Not Eligible
6080,Dominic Fletcher,Not Eligible,Not Eligible
10959,Dominic Leone,Not Eligible,Not Eligible
13542,Dominic Mulrenan,Not Eligible,Not Eligible
17827,Dominic Smith,Not Eligible,Not Eligible
2257,Domonic Brown,Not Eligible,Not Eligible
3,Don Aase,Not Inducted,Not Inducted
520,Don Arlich,Not Eligible,Not Eligible
618,Don August,Not Eligible,Not Eligible
1118,Don Baylor,Not Inducted,Not Inducted
1442,Don Bessent,Not Eligible,Not Eligible
1570,Don Black,Not Eligible,Not Eligible
1642,Don Blasingame,Not Inducted,Not Inducted
1760,Don Bollweg,Not Eligible,Not Eligible
1847,Don Bosch,Not Eligible,Not Eligible
1967,Don Bradey,Not Eligible,Not Eligible
2088,Don Brennan,Not Eligible,Not Eligible
2381,Don Bryant,Not Eligible,Not Eligible
2420,Don Buddin,Not Eligible,Not Eligible
2433,Don Buford,Not Inducted,Not Inducted
2594,Don Buschhorn,Not Eligible,Not Eligible
2898,Don Cardwell,Not Inducted,Not Inducted
2921,Don Carlsen,Not Eligible,Not Eligible
2933,Don Carman,Not Inducted,Not Inducted
2976,Don Carrithers,Not Eligible,Not Eligible
3103,Don Castle,Not Eligible,Not Eligible
3320,Don Choate,Not Eligible,Not Eligible
3650,Don Collins,Not Eligible,Not Eligible
3836,Don Cooper,Not Eligible,Not Eligible
4155,Don Crow,Not Eligible,Not Eligible
4709,Don DeMola,Not Eligible,Not Eligible
4705,Don Demeter,Not Inducted,Not Inducted
4726,Don Dennis,Not Eligible,Not Eligible
4882,Don Dillard,Not Eligible,Not Eligible
5166,Don Drysdale,Inducted,Inducted
5285,Don Durham,Not Eligible,Not Eligible
5328,Don Eaddy,Not Eligible,Not Eligible
5381,Don Eddy,Not Eligible,Not Eligible
5515,Don Elston,Not Eligible,Not Eligible
5581,Don Erickson,Not Eligible,Not Eligible
5881,Don Ferrarese,Not Eligible,Not Eligible
5999,Don Fisher,Not Eligible,Not Eligible
6092,Don Flinn,Not Eligible,Not Eligible
6100,Don Florence,Not Eligible,Not Eligible
6896,Don Gile,Not Eligible,Not Eligible
7179,Don Gordon,Not Eligible,Not Eligible
7296,Don Grate,Not Eligible,Not Eligible
7476,Don Gross,Not Eligible,Not Eligible
7559,Don Gullett,Not Eligible,Not Eligible
7595,Don Gutteridge,Not Inducted,Not Inducted
7665,Don Hahn,Not Eligible,Not Eligible
7821,Don Hankins,Not Eligible,Not Eligible
7850,Don Hanski,Not Eligible,Not Eligible
8043,Don Hasenmayer,Not Eligible,Not Eligible
8182,Don Heffner,Not Inducted,Not Inducted
8204,Don Heinkel,Not Eligible,Not Eligible
8270,Don Hendrickson,Not Eligible,Not Eligible
8624,Don Hoak,Not Inducted,Not Inducted
8794,Don Hood,Not Inducted,Not Inducted
8817,Don Hopkins,Not Eligible,Not Eligible
9097,Don Hurst,Not Eligible,Not Eligible
9461,Don Johnson,Not Eligible,Not Eligible
9460,Don Johnson,Not Eligible,Not Eligible
9764,Don Kainer,Not Eligible,Not Eligible
9768,Don Kaiser,Not Eligible,Not Eligible
9931,Don Kelly,Not Eligible,Not Eligible
10042,Don Kessinger,Not Inducted,Not Inducted
10181,Don Kirkwood,Not Eligible,Not Eligible
10337,Don Kolloway,Not Inducted,Not Inducted
10635,Don Landrum,Not Eligible,Not Eligible
10649,Don Lang,Not Eligible,Not Eligible
10709,Don Larsen,Not Inducted,Not Inducted
10723,Don Lassetter,Not Eligible,Not Eligible
10916,Don LeJohn,Not Eligible,Not Eligible
10846,Don Lee,Not Eligible,Not Eligible
10932,Don Lenhardt,Not Eligible,Not Eligible
10966,Don Leppert,Not Eligible,Not Eligible
10967,Don Leppert,Not Eligible,Not Eligible
10979,Don Leshnock,Not Eligible,Not Eligible
11043,Don Liddle,Not Eligible,Not Eligible
11185,Don Lock,Not Eligible,Not Eligible
11327,Don Loun,Not Eligible,Not Eligible
11427,Don Lund,Not Eligible,Not Eligible
11759,Don Manno,Not Eligible,Not Eligible
12008,Don Mason,Not Eligible,Not Eligible
12091,Don Mattingly,Not Inducted,Not Inducted
12300,Don McCormack,Not Eligible,Not Eligible
12578,Don McMahon,Not Inducted,Not Inducted
12914,Don Miles,Not Eligible,Not Eligible
13065,Don Mincher,Not Inducted,Not Inducted
13074,Don Minnick,Not Eligible,Not Eligible
13185,Don Money,Not Inducted,Not Inducted
13463,Don Mossi,Inducted,Not Inducted
13501,Don Mueller,Not Inducted,Not Inducted
13864,Don Newcombe,Not Inducted,Not Inducted
13870,Don Newhauser,Not Eligible,Not Eligible
13895,Don Nicholas,Not Eligible,Not Eligible
14042,Don Nottebart,Not Eligible,Not Eligible
14313,Don O'Riley,Not Eligible,Not Eligible
14489,Don Padgett,Not Eligible,Not Eligible
14716,Don Pavletich,Not Inducted,Not Inducted
14845,Don Pepper,Not Eligible,Not Eligible
15203,Don Plarski,Not Eligible,Not Eligible
15413,Don Prince,Not Eligible,Not Eligible
15559,Don Rader,Not Eligible,Not Eligible
15933,Don Reynolds,Not Eligible,Not Eligible
16014,Don Richmond,Not Eligible,Not Eligible
16194,Don Robertson,Not Eligible,Not Eligible
16220,Don Robinson,Not Inducted,Not Inducted
16494,Don Rose,Not Eligible,Not Eligible
16526,Don Ross,Not Eligible,Not Eligible
16564,Don Rowe,Not Eligible,Not Eligible
16606,Don Rudolph,Not Eligible,Not Eligible
16948,Don Savage,Not Eligible,Not Eligible
16954,Don Savidge,Not Eligible,Not Eligible
17174,Don Schulze,Not Eligible,Not Eligible
17186,Don Schwall,Not Eligible,Not Eligible
17269,Don Secrist,Not Eligible,Not Eligible
17422,Don Shaw,Not Eligible,Not Eligible
17742,Don Slaught,Not Inducted,Not Inducted
18055,Don Songer,Not Eligible,Not Eligible
18241,Don Stanhouse,Not Inducted,Not Inducted
18697,Don Sutton,Inducted,Inducted
18860,Don Taussig,Not Eligible,Not Eligible
19093,Don Thompson,Not Eligible,Not Eligible
19903,Don Wakamatsu,Not Eligible,Not Eligible
19985,Don Wallace,Not Eligible,Not Eligible
20266,Don Welchel,Not Eligible,Not Eligible
20301,Don Wengert,Not Eligible,Not Eligible
20314,Don Werner,Not Eligible,Not Eligible
20316,Don Wert,Not Eligible,Not Eligible
20368,Don Wheeler,Not Eligible,Not Eligible
20410,Don White,Not Eligible,Not Eligible
20580,Don Williams,Not Eligible,Not Eligible
20579,Don Williams,Not Eligible,Not Eligible
20693,Don Wilson,Not Eligible,Not Eligible
21128,Don Young,Not Eligible,Not Eligible
21229,Don Zimmer,Not Inducted,Not Inducted
7946,Donald Harris,Not Eligible,Not Eligible
11448,Donald Lutz,Not Eligible,Not Eligible
12758,Donaldo Mendez,Not Eligible,Not Eligible
13973,Donell Nixon,Not Eligible,Not Eligible
2599,Donie Bush,Not Inducted,Not Inducted
3511,Donn Clendenon,Not Inducted,Not Inducted
14530,Donn Pall,Not Inducted,Not Inducted
16145,Donn Roach,Not Eligible,Not Eligible
19973,Donne Wall,Not Eligible,Not Eligible
5484,Donnie Elliott,Not Eligible,Not Eligible
7992,Donnie Hart,Not Eligible,Not Eligible
8544,Donnie Hill,Not Eligible,Not Eligible
9698,Donnie Joseph,Not Eligible,Not Eligible
13254,Donnie Moore,Not Inducted,Not Inducted
13606,Donnie Murphy,Not Eligible,Not Eligible
16733,Donnie Sadler,Not Eligible,Not Eligible
17214,Donnie Scott,Not Eligible,Not Eligible
19702,Donnie Veal,Not Eligible,Not Eligible
11393,Donny Lucy,Not Eligible,Not Eligible
16866,Donny Sands,Not Eligible,Not Eligible
7803,Donovan Hand,Not Eligible,Not Eligible
14374,Donovan Osborne,Not Eligible,Not Eligible
18032,Donovan Solano,Not Eligible,Not Eligible
20042,Donovan Walton,Not Eligible,Not Eligible
20652,Dontrelle Willis,Not Eligible,Not Eligible
12359,Donzell McDonald,Not Eligible,Not Eligible
20873,Dooley Womack,Not Eligible,Not Eligible
18891,Dorn Taylor,Not Eligible,Not Eligible
16038,Dorsey Riddlemoser,Not Eligible,Not Eligible
4597,Dory Dean,Not Eligible,Not Eligible
6436,Dot Fulghum,Not Eligible,Not Eligible
12949,Dots Miller,Not Inducted,Not Inducted
87,Doug Adams,Not Eligible,Not Eligible
276,Doug Allison,Not Inducted,Not Inducted
623,Doug Ault,Not Eligible,Not Eligible
739,Doug Bair,Not Inducted,Not Inducted
742,Doug Baird,Not Eligible,Not Eligible
755,Doug Baker,Not Eligible,Not Eligible
1407,Doug Bernier,Not Eligible,Not Eligible
1527,Doug Bird,Not Inducted,Not Inducted
1704,Doug Bochtler,Not Eligible,Not Eligible
2005,Doug Brady,Not Eligible,Not Eligible
2183,Doug Brocail,Not Inducted,Not Inducted
2779,Doug Camilli,Not Eligible,Not Eligible
2874,Doug Capilla,Not Eligible,Not Eligible
3405,Doug Clarey,Not Eligible,Not Eligible
3417,Doug Clark,Not Eligible,Not Eligible
3494,Doug Clemens,Not Eligible,Not Eligible
3853,Doug Corbett,Not Eligible,Not Eligible
4064,Doug Creek,Not Eligible,Not Eligible
4142,Doug Crothers,Not Eligible,Not Eligible
4402,Doug Dascenzo,Not Eligible,Not Eligible
4467,Doug Davis,Not Inducted,Not Inducted
4468,Doug Davis,Not Eligible,Not Eligible
4614,Doug DeCinces,Not Inducted,Not Inducted
4790,Doug DeVore,Not Eligible,Not Eligible
5111,Doug Drabek,Not Inducted,Not Inducted
6021,Doug Fister,Not Inducted,Not Inducted
6129,Doug Flynn,Not Inducted,Not Inducted
6402,Doug Frobel,Not Eligible,Not Eligible
6519,Doug Gallagher,Not Eligible,Not Eligible
6979,Doug Glanville,Not Eligible,Not Eligible
7417,Doug Griffin,Not Eligible,Not Eligible
7611,Doug Gwosdz,Not Eligible,Not Eligible
7844,Doug Hansen,Not Eligible,Not Eligible
8032,Doug Harvey,Not Eligible,Not Eligible
8305,Doug Henry,Not Inducted,Not Inducted
8898,Doug Howard,Not Eligible,Not Eligible
9368,Doug Jennings,Not Eligible,Not Eligible
9419,Doug Johns,Not Eligible,Not Eligible
9598,Doug Jones,Not Inducted,Not Inducted
10349,Doug Konieczny,Not Eligible,Not Eligible
11096,Doug Lindsey,Not Eligible,Not Eligible
11113,Doug Linton,Not Eligible,Not Eligible
11231,Doug Loman,Not Eligible,Not Eligible
12052,Doug Mathis,Not Eligible,Not Eligible
12656,Doug McWeeny,Not Eligible,Not Eligible
12896,Doug Mientkiewicz,Not Inducted,Not Inducted
13086,Doug Mirabelli,Not Inducted,Not Inducted
13792,Doug Neff,Not Eligible,Not Eligible
13918,Doug Nickle,Not Eligible,Not Eligible
15087,Doug Piatt,Not Eligible,Not Eligible
15560,Doug Rader,Not Inducted,Not Inducted
15698,Doug Rau,Not Eligible,Not Eligible
16939,Doug Saunders,Not Eligible,Not Eligible
17650,Doug Simons,Not Eligible,Not Eligible
17687,Doug Sisk,Not Eligible,Not Eligible
17735,Doug Slaten,Not Eligible,Not Eligible
17828,Doug Smith,Not Eligible,Not Eligible
18504,Doug Strange,Not Eligible,Not Eligible
18797,Doug Taitt,Not Eligible,Not Eligible
19872,Doug Waechter,Not Eligible,Not Eligible
13857,Dovydas Neverauskas,Not Eligible,Not Eligible
205,Doyle Alexander,Not Inducted,Not Inducted
10553,Doyle Lade,Not Eligible,Not Eligible
13395,Doyt Morris,Not Eligible,Not Eligible
2174,Drake Britton,Not Eligible,Not Eligible
388,Drew Anderson,Not Eligible,Not Eligible
389,Drew Anderson,Not Eligible,Not Eligible
2619,Drew Butera,Not Eligible,Not Eligible
2928,Drew Carlton,Not Eligible,Not Eligible
2950,Drew Carpenter,Not Eligible,Not Eligible
4730,Drew Denson,Not Eligible,Not Eligible
5496,Drew Ellis,Not Eligible,Not Eligible
6493,Drew Gagnon,Not Eligible,Not Eligible
7714,Drew Hall,Not Eligible,Not Eligible
8108,Drew Hayes,Not Eligible,Not Eligible
8323,Drew Henson,Not Eligible,Not Eligible
9121,Drew Hutchison,Not Eligible,Not Eligible
9219,Drew Jackson,Not Eligible,Not Eligible
11530,Drew Macias,Not Eligible,Not Eligible
11609,Drew Maggi,Not Eligible,Not Eligible
12860,Drew Meyer,Not Eligible,Not Eligible
12924,Drew Millas,Not Eligible,Not Eligible
15257,Drew Pomeranz,Not Eligible,Not Eligible
15561,Drew Rader,Not Eligible,Not Eligible
15685,Drew Rasmussen,Not Eligible,Not Eligible
16221,Drew Robinson,Not Eligible,Not Eligible
16412,Drew Rom,Not Eligible,Not Eligible
16444,Drew Romo,Not Eligible,Not Eligible
16598,Drew Rucinski,Not Eligible,Not Eligible
17829,Drew Smith,Not Eligible,Not Eligible
17960,Drew Smyly,Not Eligible,Not Eligible
18298,Drew Steckenrider,Not Eligible,Not Eligible
18471,Drew Storen,Not Eligible,Not Eligible
18564,Drew Stubbs,Not Eligible,Not Eligible
18698,Drew Sutton,Not Eligible,Not Eligible
19153,Drew Thorpe,Not Eligible,Not Eligible
19747,Drew VerHagen,Not Eligible,Not Eligible
20132,Drew Waters,Not Eligible,Not Eligible
9299,Drey Jameson,Not Eligible,Not Eligible
2258,Drummond Brown,Not Eligible,Not Eligible
8129,Drungo Hazewood,Not Eligible,Not Eligible
1291,Duane Below,Not Eligible,Not Eligible
9702,Duane Josephson,Not Eligible,Not Eligible
10504,Duane Kuiper,Not Inducted,Not Inducted
15147,Duane Pillette,Not Eligible,Not Eligible
15985,Duane Richards,Not Eligible,Not Eligible
17672,Duane Singleton,Not Eligible,Not Eligible
19014,Duane Theiss,Not Eligible,Not Eligible
19509,Duane Underwood,Not Eligible,Not Eligible
19931,Duane Walker,Not Eligible,Not Eligible
20064,Duane Ward,Not Eligible,Not Eligible
20694,Duane Wilson,Not Eligible,Not Eligible
16817,Duaner Sanchez,Not Eligible,Not Eligible
4770,Ducky Detweiler,Not Eligible,Not Eligible
8243,Ducky Hemp,Not Eligible,Not Eligible
8771,Ducky Holmes,Not Inducted,Not Inducted
8770,Ducky Holmes,Not Eligible,Not Eligible
21160,Ducky Yount,Not Eligible,Not Eligible
2036,Dud Branom,Not Eligible,Not Eligible
10847,Dud Lee,Not Eligible,Not Eligible
5642,Dude Esterbrook,Not Inducted,Not Inducted
2356,Duff Brumley,Not Eligible,Not Eligible
3815,Duff Cooley,Not Inducted,Not Inducted
5317,Duffy Dyer,Not Inducted,Not Inducted
11009,Duffy Lewis,Not Inducted,Not Inducted
2935,Duke Carmel,Not Eligible,Not Eligible
5497,Duke Ellis,Not Eligible,Not Eligible
5621,Duke Esper,Not Eligible,Not Eligible
5787,Duke Farrell,Inducted,Not Inducted
9894,Duke Kelleher,Not Eligible,Not Eligible
10014,Duke Kenworthy,Not Eligible,Not Eligible
11500,Duke Maas,Not Eligible,Not Eligible
11820,Duke Markell,Not Eligible,Not Eligible
15826,Duke Reilley,Not Eligible,Not Eligible
17271,Duke Sedgwick,Not Eligible,Not Eligible
17542,Duke Shirey,Not Eligible,Not Eligible
17661,Duke Sims,Not Inducted,Not Inducted
17978,Duke Snider,Inducted,Inducted
20271,Duke Welker,Not Eligible,Not Eligible
17423,Dupee Shaw,Not Eligible,Not Eligible
13150,Dustan Mohr,Not Eligible,Not Eligible
10266,Dusten Knight,Not Eligible,Not Eligible
11657,Duster Mails,Not Eligible,Not Eligible
54,Dustin Ackley,Not Eligible,Not Eligible
466,Dustin Antolin,Not Eligible,Not Eligible
6245,Dustin Fowler,Not Eligible,Not Eligible
6673,Dustin Garneau,Not Eligible,Not Eligible
7947,Dustin Harris,Not Eligible,Not Eligible
8345,Dustin Hermanson,Not Inducted,Not Inducted
12134,Dustin May,Not Eligible,Not Eligible
12456,Dustin McGowan,Not Inducted,Not Inducted
13165,Dustin Molleken,Not Eligible,Not Eligible
13443,Dustin Moseley,Not Eligible,Not Eligible
13961,Dustin Nippert,Not Eligible,Not Eligible
14769,Dustin Pedroia,Not Inducted,Not Inducted
14981,Dustin Peterson,Not Eligible,Not Eligible
15997,Dustin Richardson,Not Eligible,Not Eligible
238,Dusty Allen,Not Eligible,Not Eligible
756,Dusty Baker,Not Inducted,Not Inducted
1383,Dusty Bergman,Not Eligible,Not Eligible
2259,Dusty Brown,Not Eligible,Not Eligible
3615,Dusty Coleman,Not Eligible,Not Eligible
3809,Dusty Cooke,Not Eligible,Not Eligible
9004,Dusty Hughes,Not Eligible,Not Eligible
12950,Dusty Miller,Not Eligible,Not Eligible
12951,Dusty Miller,Not Eligible,Not Eligible
15959,Dusty Rhodes,Not Eligible,Not Eligible
16690,Dusty Ryan,Not Eligible,Not Eligible
20134,Dusty Wathan,Not Eligible,Not Eligible
5049,Dutch Dotterer,Not Eligible,Not Eligible
5822,Dutch Fehring,Not Eligible,Not Eligible
8306,Dutch Henry,Not Eligible,Not Eligible
8598,Dutch Hinrichs,Not Eligible,Not Eligible
8728,Dutch Holland,Not Eligible,Not Eligible
9671,Dutch Jordan,Not Eligible,Not Eligible
9970,Dutch Kemner,Not Eligible,Not Eligible
10953,Dutch Leonard,Not Inducted,Not Inducted
10954,Dutch Leonard,Not Inducted,Not Inducted
10969,Dutch Lerchen,Not Eligible,Not Eligible
11046,Dutch Lieber,Not Eligible,Not Eligible
12227,Dutch McCall,Not Eligible,Not Eligible
12708,Dutch Meier,Not Eligible,Not Eligible
12731,Dutch Mele,Not Eligible,Not Eligible
12861,Dutch Meyer,Not Eligible,Not Eligible
16424,Dutch Romberger,Not Eligible,Not Eligible
16613,Dutch Ruether,Not Inducted,Not Inducted
17054,Dutch Schesler,Not Eligible,Not Eligible
17065,Dutch Schirick,Not Eligible,Not Eligible
17071,Dutch Schliebner,Not Eligible,Not Eligible
19549,Dutch Ussat,Not Eligible,Not Eligible
20352,Dutch Wetzel,Not Eligible,Not Eligible
21269,Dutch Zwilling,Not Eligible,Not Eligible
390,Dwain Anderson,Not Eligible,Not Eligible
17754,Dwain Sloat,Not Eligible,Not Eligible
8307,Dwayne Henry,Not Inducted,Not Inducted
8849,Dwayne Hosey,Not Eligible,Not Eligible
13607,Dwayne Murphy,Not Inducted,Not Inducted
1397,Dwight Bernard,Not Eligible,Not Eligible
5680,Dwight Evans,Inducted,Not Inducted
7154,Dwight Gooden,Not Inducted,Not Inducted
11365,Dwight Lowry,Not Eligible,Not Eligible
17598,Dwight Siebler,Not Eligible,Not Eligible
17830,Dwight Smith,Not Eligible,Not Eligible
17831,Dwight Smith,Not Eligible,Not Eligible
18453,Dwight Stone,Not Eligible,Not Eligible
18892,Dwight Taylor,Not Eligible,Not Eligible
20321,Dwight Wertz,Not Eligible,Not Eligible
12952,Dyar Miller,Not Eligible,Not Eligible
15320,Dykes Potter,Not Eligible,Not Eligible
653,Dylan Axelrod,Not Eligible,Not Eligible
2458,Dylan Bundy,Not Eligible,Not Eligible
2923,Dylan Carlson,Not Eligible,Not Eligible
3152,Dylan Cease,Not Eligible,Not Eligible
3616,Dylan Coleman,Not Eligible,Not Eligible
3972,Dylan Covey,Not Eligible,Not Eligible
4007,Dylan Cozens,Not Eligible,Not Eligible
4076,Dylan Crews,Not Eligible,Not Eligible
4948,Dylan Dodd,Not Eligible,Not Eligible
6115,Dylan Floro,Not Eligible,Not Eligible
10848,Dylan Lee,Not Eligible,Not Eligible
13255,Dylan Moore,Not Eligible,Not Eligible
239,Earl Allen,Not Eligible,Not Eligible
642,Earl Averill,Not Inducted,Inducted
641,Earl Averill,Not Eligible,Not Eligible
1072,Earl Battey,Not Inducted,Not Inducted
1579,Earl Blackburn,Not Eligible,Not Eligible
2326,Earl Browne,Not Eligible,Not Eligible
2729,Earl Caldwell,Not Eligible,Not Eligible
3418,Earl Clark,Not Eligible,Not Eligible
3801,Earl Cook,Not Eligible,Not Eligible
6274,Earl Francis,Not Eligible,Not Eligible
7238,Earl Grace,Not Eligible,Not Eligible
7763,Earl Hamilton,Not Inducted,Not Inducted
7983,Earl Harrist,Not Eligible,Not Eligible
8308,Earl Henry,Not Eligible,Not Eligible
8445,Earl Hersh,Not Eligible,Not Eligible
8899,Earl Howard,Not Eligible,Not Eligible
8964,Earl Huckleberry,Not Eligible,Not Eligible
9462,Earl Johnson,Not Eligible,Not Eligible
9599,Earl Jones,Not Eligible,Not Eligible
10510,Earl Kunz,Not Eligible,Not Eligible
12092,Earl Mattingly,Not Eligible,Not Eligible
12619,Earl McNeely,Not Eligible,Not Eligible
13256,Earl Moore,Not Inducted,Not Inducted
13444,Earl Moseley,Not Eligible,Not Eligible
13464,Earl Mossor,Not Eligible,Not Eligible
13773,Earl Naylor,Not Eligible,Not Eligible
15433,Earl Pruess,Not Eligible,Not Eligible
15676,Earl Rapp,Not Eligible,Not Eligible
15818,Earl Reid,Not Eligible,Not Eligible
16222,Earl Robinson,Not Eligible,Not Eligible
17458,Earl Sheely,Not Eligible,Not Eligible
17834,Earl Smith,Not Inducted,Not Inducted
17833,Earl Smith,Not Eligible,Not Eligible
17832,Earl Smith,Not Eligible,Not Eligible
18001,Earl Snyder,Not Eligible,Not Eligible
18358,Earl Stephenson,Not Eligible,Not Eligible
19270,Earl Torgeson,Not Inducted,Not Inducted
19444,Earl Turner,Not Eligible,Not Eligible
19478,Earl Tyree,Not Eligible,Not Eligible
20176,Earl Weaver,Not Eligible,Not Eligible
20196,Earl Webb,Not Eligible,Not Eligible
20448,Earl Whitehill,Not Inducted,Not Inducted
20582,Earl Williams,Not Eligible,Not Eligible
20581,Earl Williams,Not Eligible,Not Eligible
20695,Earl Wilson,Not Inducted,Not Inducted
21084,Earl Yingling,Not Eligible,Not Eligible
2345,Earle Brucker,Not Eligible,Not Eligible
2346,Earle Brucker,Not Eligible,Not Eligible
3689,Earle Combs,Not Inducted,Inducted
6649,Earle Gardner,Not Eligible,Not Eligible
11536,Earle Mack,Not Eligible,Not Eligible
21026,Early Wynn,Inducted,Inducted
11376,Easton Lucas,Not Eligible,Not Eligible
12421,Easton McGee,Not Eligible,Not Eligible
18198,Ebba St. Claire,Not Eligible,Not Eligible
7,Ed Abbaticchio,Not Eligible,Not Eligible
57,Ed Acosta,Not Eligible,Not Eligible
177,Ed Albosta,Not Eligible,Not Eligible
178,Ed Albrecht,Not Eligible,Not Eligible
361,Ed Amelung,Not Eligible,Not Eligible
435,Ed Andrews,Not Eligible,Not Eligible
480,Ed Appleton,Not Eligible,Not Eligible
525,Ed Armbrister,Not Eligible,Not Eligible
605,Ed Atkinson,Not Eligible,Not Eligible
693,Ed Baecht,Not Eligible,Not Eligible
707,Ed Bagley,Not Eligible,Not Eligible
712,Ed Bahr,Not Eligible,Not Eligible
723,Ed Bailey,Not Inducted,Not Inducted
937,Ed Barney,Not Eligible,Not Eligible
946,Ed Barnowski,Not Eligible,Not Eligible
990,Ed Barrow,Not Eligible,Not Eligible
993,Ed Barry,Not Eligible,Not Eligible
1100,Ed Bauta,Not Eligible,Not Eligible
1154,Ed Beatin,Not Eligible,Not Eligible
1211,Ed Beecher,Not Eligible,Not Eligible
1491,Ed Biecher,Not Eligible,Not Eligible
1607,Ed Blake,Not Eligible,Not Eligible
1745,Ed Boland,Not Eligible,Not Eligible
1874,Ed Bouchee,Not Eligible,Not Eligible
2032,Ed Brandt,Not Inducted,Not Inducted
2154,Ed Brinkman,Not Inducted,Not Inducted
2260,Ed Brown,Not Eligible,Not Eligible
2377,Ed Bruyette,Not Eligible,Not Eligible
2540,Ed Burns,Not Eligible,Not Eligible
2589,Ed Busch,Not Eligible,Not Eligible
2621,Ed Butka,Not Eligible,Not Eligible
2748,Ed Callahan,Not Eligible,Not Eligible
2907,Ed Carfrey,Not Eligible,Not Eligible
2985,Ed Carroll,Not Eligible,Not Eligible
3018,Ed Cartwright,Not Eligible,Not Eligible
3052,Ed Caskin,Not Eligible,Not Eligible
3057,Ed Cassian,Not Eligible,Not Eligible
3175,Ed Cermak,Not Eligible,Not Eligible
3218,Ed Chandler,Not Eligible,Not Eligible
3228,Ed Chaplin,Not Eligible,Not Eligible
3233,Ed Chapman,Not Eligible,Not Eligible
3252,Ed Charles,Not Eligible,Not Eligible
3371,Ed Cihocki,Not Eligible,Not Eligible
3419,Ed Clark,Not Eligible,Not Eligible
3535,Ed Clough,Not Eligible,Not Eligible
3580,Ed Cogswell,Not Eligible,Not Eligible
3603,Ed Cole,Not Eligible,Not Eligible
3617,Ed Coleman,Not Eligible,Not Eligible
3725,Ed Conley,Not Eligible,Not Eligible
3744,Ed Connolly,Not Eligible,Not Eligible
3745,Ed Connolly,Not Eligible,Not Eligible
3790,Ed Conwell,Not Eligible,Not Eligible
3883,Ed Corey,Not Eligible,Not Eligible
3905,Ed Correa,Not Eligible,Not Eligible
3940,Ed Cotter,Not Eligible,Not Eligible
3952,Ed Coughlin,Not Eligible,Not Eligible
4032,Ed Crane,Not Eligible,Not Eligible
4129,Ed Crosby,Not Eligible,Not Eligible
4165,Ed Crowley,Not Eligible,Not Eligible
4271,Ed Curtis,Not Eligible,Not Eligible
4284,Ed Cushman,Not Eligible,Not Eligible
4316,Ed Daily,Not Eligible,Not Eligible
4662,Ed Delahanty,Inducted,Inducted
4957,Ed Doheny,Not Eligible,Not Eligible
4990,Ed Donalds,Not Eligible,Not Eligible
4998,Ed Donnelly,Not Eligible,Not Eligible
4999,Ed Donnelly,Not Eligible,Not Eligible
5194,Ed Duffy,Not Eligible,Not Eligible
5201,Ed Dugan,Not Eligible,Not Eligible
5234,Ed Dundon,Not Eligible,Not Eligible
5286,Ed Durham,Not Eligible,Not Eligible
5344,Ed Easley,Not Eligible,Not Eligible
5383,Ed Edelen,Not Eligible,Not Eligible
5457,Ed Eiteljorge,Not Eligible,Not Eligible
5747,Ed Fallenstein,Not Eligible,Not Eligible
5774,Ed Farmer,Not Inducted,Not Inducted
5863,Ed Fernandes,Not Eligible,Not Eligible
5938,Ed Figueroa,Not Eligible,Not Eligible
6000,Ed Fisher,Not Eligible,Not Eligible
6027,Ed FitzGerald,Not Inducted,Not Inducted
6042,Ed Fitzpatrick,Not Eligible,Not Eligible
6057,Ed Flanagan,Not Eligible,Not Eligible
6130,Ed Flynn,Not Eligible,Not Eligible
6174,Ed Ford,Not Eligible,Not Eligible
6200,Ed Forsyth,Not Eligible,Not Eligible
6216,Ed Foster,Not Eligible,Not Eligible
6322,Ed Freed,Not Eligible,Not Eligible
6438,Ed Fuller,Not Eligible,Not Eligible
6491,Ed Gagnier,Not Eligible,Not Eligible
6520,Ed Gallagher,Not Eligible,Not Eligible
6713,Ed Gastfield,Not Eligible,Not Eligible
6809,Ed Gerner,Not Eligible,Not Eligible
6908,Ed Gill,Not Eligible,Not Eligible
6960,Ed Giovanola,Not Eligible,Not Eligible
7007,Ed Glenn,Not Eligible,Not Eligible
7008,Ed Glenn,Not Eligible,Not Eligible
7021,Ed Glynn,Not Inducted,Not Inducted
7035,Ed Goebel,Not Eligible,Not Eligible
7162,Ed Goodson,Not Eligible,Not Eligible
7340,Ed Green,Not Eligible,Not Eligible
7384,Ed Greer,Not Eligible,Not Eligible
7403,Ed Gremminger,Not Eligible,Not Eligible
7447,Ed Grimes,Not Eligible,Not Eligible
7666,Ed Hahn,Not Eligible,Not Eligible
7671,Ed Haigh,Not Eligible,Not Eligible
7684,Ed Halbriter,Not Eligible,Not Eligible
7698,Ed Halicki,Not Eligible,Not Eligible
7736,Ed Hallinan,Not Eligible,Not Eligible
7856,Ed Hanyzewski,Not Eligible,Not Eligible
8089,Ed Hawk,Not Eligible,Not Eligible
8131,Ed Head,Not Eligible,Not Eligible
8148,Ed Hearn,Not Eligible,Not Eligible
8151,Ed Hearne,Not Eligible,Not Eligible
8239,Ed Hemingway,Not Eligible,Not Eligible
8253,Ed Henderson,Not Eligible,Not Eligible
8265,Ed Hendricks,Not Eligible,Not Eligible
8277,Ed Hengel,Not Eligible,Not Eligible
8439,Ed Herrmann,Not Inducted,Not Inducted
8470,Ed Heusser,Not Eligible,Not Eligible
8523,Ed High,Not Eligible,Not Eligible
8574,Ed Hilley,Not Eligible,Not Eligible
8625,Ed Hobaugh,Not Eligible,Not Eligible
8633,Ed Hock,Not Eligible,Not Eligible
8641,Ed Hodge,Not Eligible,Not Eligible
8735,Ed Holley,Not Eligible,Not Eligible
8755,Ed Holly,Not Eligible,Not Eligible
8876,Ed Householder,Not Eligible,Not Eligible
8889,Ed Hovlik,Not Eligible,Not Eligible
8997,Ed Hug,Not Eligible,Not Eligible
9005,Ed Hughes,Not Eligible,Not Eligible
9117,Ed Hutchinson,Not Eligible,Not Eligible
9184,Ed Irwin,Not Eligible,Not Eligible
9463,Ed Johnson,Not Eligible,Not Eligible
9740,Ed Jurak,Not Eligible,Not Eligible
9801,Ed Karger,Not Eligible,Not Eligible
9852,Ed Keas,Not Eligible,Not Eligible
9865,Ed Keegan,Not Eligible,Not Eligible
9932,Ed Kelly,Not Eligible,Not Eligible
9979,Ed Kenna,Not Eligible,Not Eligible
9989,Ed Kennedy,Not Eligible,Not Eligible
9990,Ed Kennedy,Not Eligible,Not Eligible
10009,Ed Kent,Not Eligible,Not Eligible
10089,Ed Killian,Not Eligible,Not Eligible
10151,Ed Kinsella,Not Eligible,Not Eligible
10163,Ed Kippert,Not Eligible,Not Eligible
10178,Ed Kirkpatrick,Not Inducted,Not Inducted
10214,Ed Klepfer,Not Eligible,Not Eligible
10217,Ed Klieman,Not Eligible,Not Eligible
10291,Ed Knouff,Not Eligible,Not Eligible
10348,Ed Konetchy,Inducted,Not Inducted
10412,Ed Kranepool,Not Inducted,Not Inducted
10517,Ed Kusel,Not Eligible,Not Eligible
10560,Ed Lafitte,Not Eligible,Not Eligible
10567,Ed Lagger,Not Eligible,Not Eligible
10691,Ed Larkin,Not Eligible,Not Eligible
10902,Ed Leip,Not Eligible,Not Eligible
10935,Ed Lennon,Not Eligible,Not Eligible
10937,Ed Lennox,Not Eligible,Not Eligible
10998,Ed Levy,Not Eligible,Not Eligible
11110,Ed Linke,Not Eligible,Not Eligible
11377,Ed Lucas,Not Eligible,Not Eligible
11465,Ed Lynch,Not Eligible,Not Eligible
11486,Ed Lyons,Not Eligible,Not Eligible
11516,Ed MacGamwell,Not Eligible,Not Eligible
11589,Ed Madjeski,Not Eligible,Not Eligible
11855,Ed Mars,Not Eligible,Not Eligible
12150,Ed Mayer,Not Eligible,Not Eligible
12151,Ed Mayer,Not Eligible,Not Eligible
12328,Ed McCreery,Not Eligible,Not Eligible
12360,Ed McDonald,Not Eligible,Not Eligible
12376,Ed McDonough,Not Eligible,Not Eligible
12401,Ed McFarland,Not Inducted,Not Inducted
12432,Ed McGhee,Not Eligible,Not Eligible
12512,Ed McKean,Not Inducted,Not Inducted
12523,Ed McKenna,Not Eligible,Not Eligible
12547,Ed McLane,Not Eligible,Not Eligible
12625,Ed McNichol,Not Eligible,Not Eligible
12779,Ed Mensor,Not Eligible,Not Eligible
12807,Ed Merrill,Not Eligible,Not Eligible
12885,Ed Mickelson,Not Eligible,Not Eligible
12897,Ed Mierkowicz,Not Eligible,Not Eligible
12953,Ed Miller,Not Eligible,Not Eligible
12954,Ed Miller,Not Eligible,Not Eligible
13066,Ed Mincher,Not Eligible,Not Eligible
13189,Ed Monroe,Not Eligible,Not Eligible
13194,Ed Montague,Not Eligible,Not Eligible
13356,Ed Morgan,Not Eligible,Not Eligible
13371,Ed Moriarty,Not Eligible,Not Eligible
13396,Ed Morris,Not Eligible,Not Eligible
13397,Ed Morris,Not Eligible,Not Eligible
13492,Ed Moyer,Not Eligible,Not Eligible
13609,Ed Murphy,Not Eligible,Not Eligible
13608,Ed Murphy,Not Eligible,Not Eligible
13644,Ed Murray,Not Eligible,Not Eligible
14056,Ed Nunez,Not Inducted,Not Inducted
14277,Ed O'Neil,Not Eligible,Not Eligible
14217,Ed Olivares,Not Eligible,Not Eligible
14263,Ed Olwine,Not Eligible,Not Eligible
14418,Ed Ott,Not Eligible,Not Eligible
14473,Ed Pabst,Not Eligible,Not Eligible
14544,Ed Palmquist,Not Eligible,Not Eligible
15040,Ed Phelps,Not Inducted,Not Inducted
15060,Ed Phillips,Not Eligible,Not Eligible
15114,Ed Pierce,Not Eligible,Not Eligible
15162,Ed Pinkham,Not Eligible,Not Eligible
15164,Ed Pinnance,Not Eligible,Not Eligible
15173,Ed Pipgras,Not Eligible,Not Eligible
15199,Ed Plank,Not Eligible,Not Eligible
15271,Ed Poole,Not Eligible,Not Eligible
15286,Ed Porray,Not Eligible,Not Eligible
15472,Ed Putman,Not Eligible,Not Eligible
15592,Ed Rakow,Not Eligible,Not Eligible
15897,Ed Reulbach,Not Inducted,Not Inducted
16345,Ed Roebuck,Not Inducted,Not Inducted
16352,Ed Roetz,Not Eligible,Not Eligible
16427,Ed Romero,Not Inducted,Not Inducted
16571,Ed Rowen,Not Eligible,Not Eligible
16737,Ed Sadowski,Not Eligible,Not Eligible
16769,Ed Sales,Not Eligible,Not Eligible
16787,Ed Samcoff,Not Eligible,Not Eligible
16875,Ed Sanicki,Not Eligible,Not Eligible
16934,Ed Sauer,Not Eligible,Not Eligible
17125,Ed Schorr,Not Eligible,Not Eligible
17215,Ed Scott,Not Eligible,Not Eligible
17353,Ed Seward,Not Eligible,Not Eligible
17497,Ed Sherling,Not Eligible,Not Eligible
17592,Ed Sicking,Not Eligible,Not Eligible
17608,Ed Siever,Not Eligible,Not Eligible
17618,Ed Silch,Not Eligible,Not Eligible
17697,Ed Sixsmith,Not Eligible,Not Eligible
17835,Ed Smith,Not Eligible,Not Eligible
17836,Ed Smith,Not Eligible,Not Eligible
18048,Ed Somerville,Not Eligible,Not Eligible
18148,Ed Sperber,Not Eligible,Not Eligible
18155,Ed Spiezio,Not Eligible,Not Eligible
18177,Ed Sprague,Not Inducted,Not Inducted
18176,Ed Sprague,Not Eligible,Not Eligible
18183,Ed Springer,Not Eligible,Not Eligible
18196,Ed Spurney,Not Eligible,Not Eligible
18288,Ed Stauffer,Not Eligible,Not Eligible
18317,Ed Stein,Not Eligible,Not Eligible
18378,Ed Stevens,Not Eligible,Not Eligible
18510,Ed Stratton,Not Eligible,Not Eligible
18522,Ed Strelecki,Not Eligible,Not Eligible
18551,Ed Stroud,Not Eligible,Not Eligible
18613,Ed Sukla,Not Eligible,Not Eligible
18664,Ed Summers,Not Eligible,Not Eligible
18728,Ed Swartwood,Not Eligible,Not Eligible
18743,Ed Sweeney,Not Eligible,Not Eligible
18856,Ed Taubensee,Not Inducted,Not Inducted
18893,Ed Taylor,Not Eligible,Not Eligible
19404,Ed Trumbull,Not Eligible,Not Eligible
19640,Ed Vande Berg,Not Eligible,Not Eligible
19839,Ed Vosberg,Not Inducted,Not Inducted
19911,Ed Walczak,Not Eligible,Not Eligible
19932,Ed Walker,Not Eligible,Not Eligible
20011,Ed Walsh,Not Inducted,Inducted
20010,Ed Walsh,Not Eligible,Not Eligible
20088,Ed Warner,Not Eligible,Not Eligible
20139,Ed Watkins,Not Eligible,Not Eligible
20237,Ed Weiland,Not Eligible,Not Eligible
20280,Ed Wells,Not Inducted,Not Inducted
20370,Ed Wheeler,Not Eligible,Not Eligible
20369,Ed Wheeler,Not Eligible,Not Eligible
20411,Ed White,Not Eligible,Not Eligible
20443,Ed Whited,Not Eligible,Not Eligible
20462,Ed Whiting,Not Eligible,Not Eligible
20477,Ed Whitson,Not Inducted,Not Inducted
20543,Ed Wilkinson,Not Eligible,Not Eligible
20549,Ed Willett,Not Inducted,Not Inducted
20641,Ed Williamson,Not Inducted,Not Inducted
20760,Ed Winceniak,Not Eligible,Not Eligible
20770,Ed Wineapple,Not Eligible,Not Eligible
20778,Ed Wingo,Not Eligible,Not Eligible
20848,Ed Wojna,Not Eligible,Not Eligible
20861,Ed Wolfe,Not Eligible,Not Eligible
20981,Ed Wright,Not Eligible,Not Eligible
21053,Ed Yarnall,Not Eligible,Not Eligible
21082,Ed Yewell,Not Eligible,Not Eligible
21252,Ed Zmich,Not Eligible,Not Eligible
16557,Edd Roush,Not Inducted,Inducted
154,Eddie Ainsmith,Not Inducted,Not Inducted
681,Eddie Bacon,Not Eligible,Not Eligible
831,Eddie Bane,Not Eligible,Not Eligible
1030,Eddie Basinski,Not Eligible,Not Eligible
1707,Eddie Bockman,Not Eligible,Not Eligible
1789,Eddie Bonine,Not Eligible,Not Eligible
1817,Eddie Booth,Not Eligible,Not Eligible
1950,Eddie Boyle,Not Eligible,Not Eligible
2102,Eddie Bressoud,Not Inducted,Not Inducted
2261,Eddie Brown,Not Eligible,Not Eligible
2498,Eddie Burke,Not Eligible,Not Eligible
2634,Eddie Butler,Not Eligible,Not Eligible
2938,Eddie Carnett,Not Eligible,Not Eligible
3368,Eddie Cicotte,Not Inducted,Not Inducted
3651,Eddie Collins,Inducted,Inducted
3652,Eddie Collins,Not Eligible,Not Eligible
4683,Eddie Delker,Not Eligible,Not Eligible
4732,Eddie Dent,Not Eligible,Not Eligible
5318,Eddie Dyer,Not Eligible,Not Eligible
5366,Eddie Eayrs,Not Eligible,Not Eligible
5404,Eddie Edmonson,Not Eligible,Not Eligible
5576,Eddie Erautt,Not Eligible,Not Eligible
5825,Eddie Feinberg,Not Eligible,Not Eligible
5947,Eddie Files,Not Eligible,Not Eligible
6001,Eddie Fisher,Not Inducted,Not Inducted
6217,Eddie Foster,Not Inducted,Not Inducted
6466,Eddie Fusselback,Not Eligible,Not Eligible
6481,Eddie Gaedel,Not Eligible,Not Eligible
6494,Eddie Gaillard,Not Eligible,Not Eligible
6552,Eddie Gamboa,Not Eligible,Not Eligible
7284,Eddie Grant,Not Inducted,Not Inducted
7516,Eddie Guardado,Not Inducted,Not Inducted
7622,Eddie Haas,Not Eligible,Not Eligible
8485,Eddie Hickey,Not Eligible,Not Eligible
8515,Eddie Higgins,Not Eligible,Not Eligible
8706,Eddie Hohnhorst,Not Eligible,Not Eligible
9075,Eddie Hunter,Not Eligible,Not Eligible
9667,Eddie Joost,Not Inducted,Not Inducted
9819,Eddie Kasko,Not Inducted,Not Inducted
9840,Eddie Kazak,Not Eligible,Not Eligible
9851,Eddie Kearse,Not Eligible,Not Eligible
9980,Eddie Kenna,Not Eligible,Not Eligible
10334,Eddie Kolb,Not Eligible,Not Eligible
10511,Eddie Kunz,Not Eligible,Not Eligible
10577,Eddie Lake,Not Inducted,Not Inducted
10943,Eddie Leon,Not Eligible,Not Eligible
11271,Eddie Lopat,Not Inducted,Not Inducted
11419,Eddie Lukon,Not Eligible,Not Eligible
11708,Eddie Malone,Not Eligible,Not Eligible
12042,Eddie Mathews,Inducted,Inducted
12076,Eddie Matteson,Not Eligible,Not Eligible
12162,Eddie Mayo,Not Eligible,Not Eligible
12410,Eddie McGah,Not Eligible,Not Eligible
12905,Eddie Miksis,Not Inducted,Not Inducted
12956,Eddie Miller,Not Inducted,Not Inducted
12955,Eddie Miller,Not Eligible,Not Eligible
13053,Eddie Milner,Not Eligible,Not Eligible
13257,Eddie Moore,Not Inducted,Not Inducted
13357,Eddie Morgan,Not Eligible,Not Eligible
13530,Eddie Mulligan,Not Eligible,Not Eligible
13610,Eddie Murphy,Not Inducted,Not Inducted
13645,Eddie Murray,Inducted,Inducted
14102,Eddie O'Brien,Not Eligible,Not Eligible
14269,Eddie O'Meara,Not Eligible,Not Eligible
14298,Eddie Onslow,Not Eligible,Not Eligible
14318,Eddie Oropesa,Not Eligible,Not Eligible
14538,Eddie Palmer,Not Eligible,Not Eligible
14787,Eddie Pellagrini,Not Eligible,Not Eligible
14879,Eddie Perez,Not Inducted,Not Inducted
15061,Eddie Phillips,Not Eligible,Not Eligible
15062,Eddie Phillips,Not Eligible,Not Eligible
15096,Eddie Pick,Not Eligible,Not Eligible
15200,Eddie Plank,Inducted,Inducted
15279,Eddie Popowski,Not Eligible,Not Eligible
15406,Eddie Priest,Not Eligible,Not Eligible
15479,Eddie Pye,Not Eligible,Not Eligible
15504,Eddie Quick,Not Eligible,Not Eligible
16223,Eddie Robinson,Not Inducted,Not Inducted
16358,Eddie Rogers,Not Eligible,Not Eligible
16443,Eddie Rommel,Not Inducted,Not Inducted
16480,Eddie Rosario,Not Eligible,Not Eligible
16960,Eddie Sawyer,Not Eligible,Not Eligible
17556,Eddie Shokes,Not Eligible,Not Eligible
17617,Eddie Silber,Not Eligible,Not Eligible
17837,Eddie Smith,Not Inducted,Not Inducted
18041,Eddie Solomon,Not Inducted,Not Inducted
18205,Eddie Stack,Not Eligible,Not Eligible
18248,Eddie Stanky,Not Inducted,Not Inducted
18894,Eddie Taylor,Not Eligible,Not Eligible
19175,Eddie Tiemeyer,Not Eligible,Not Eligible
19413,Eddie Tucker,Not Eligible,Not Eligible
19436,Eddie Turchin,Not Eligible,Not Eligible
19653,Eddie Vargas,Not Eligible,Not Eligible
19900,Eddie Waitkus,Not Inducted,Not Inducted
20162,Eddie Watt,Not Inducted,Not Inducted
20583,Eddie Williams,Not Inducted,Not Inducted
20696,Eddie Wilson,Not Eligible,Not Eligible
21102,Eddie Yost,Not Inducted,Not Inducted
21161,Eddie Yount,Not Eligible,Not Eligible
21165,Eddie Yuhas,Not Eligible,Not Eligible
21185,Eddie Zambrano,Not Eligible,Not Eligible
21232,Eddie Zimmerman,Not Eligible,Not Eligible
21256,Eddie Zosky,Not Eligible,Not Eligible
327,Eddy Alvarez,Not Eligible,Not Eligible
4811,Eddy Diaz,Not Eligible,Not Eligible
6570,Eddy Garabito,Not Eligible,Not Eligible
16283,Eddy Rodriguez,Not Eligible,Not Eligible
16284,Eddy Rodriguez,Not Eligible,Not Eligible
940,Edgar Barnhart,Not Eligible,Not Eligible
2703,Edgar Caceres,Not Eligible,Not Eligible
4812,Edgar Diaz,Not Eligible,Not Eligible
6599,Edgar Garcia,Not Eligible,Not Eligible
7110,Edgar Gonzalez,Not Inducted,Not Inducted
7111,Edgar Gonzalez,Not Eligible,Not Eligible
9139,Edgar Ibarra,Not Eligible,Not Eligible
11953,Edgar Martinez,Inducted,Inducted
12605,Edgar McNabb,Not Eligible,Not Eligible
13764,Edgar Navarro,Not Eligible,Not Eligible
14239,Edgar Olmos,Not Eligible,Not Eligible
15643,Edgar Ramos,Not Eligible,Not Eligible
15881,Edgar Renteria,Not Inducted,Not Inducted
16886,Edgar Santana,Not Eligible,Not Eligible
17839,Edgar Smith,Not Eligible,Not Eligible
17838,Edgar Smith,Not Eligible,Not Eligible
3504,Edgard Clemente,Not Eligible,Not Eligible
221,Edgardo Alfonzo,Not Inducted,Not Inducted
8299,Edgardo Henriquez,Not Eligible,Not Eligible
5600,Edgmer Escalona,Not Eligible,Not Eligible
19830,Edinson Volquez,Not Eligible,Not Eligible
18069,Edmundo Sosa,Not Eligible,Not Eligible
9728,Edouard Julien,Not Eligible,Not Eligible
1121,Eduard Bazardo,Not Eligible,Not Eligible
5610,Eduardo Escobar,Not Eligible,Not Eligible
9395,Eduardo Jimenez,Not Eligible,Not Eligible
14057,Eduardo Nunez,Not Inducted,Not Inducted
14565,Eduardo Paredes,Not Eligible,Not Eligible
14880,Eduardo Perez,Not Inducted,Not Inducted
16285,Eduardo Rodriguez,Not Eligible,Not Eligible
16286,Eduardo Rodriguez,Not Eligible,Not Eligible
16763,Eduardo Salazar,Not Eligible,Not Eligible
16818,Eduardo Sanchez,Not Eligible,Not Eligible
19776,Eduardo Villacis,Not Eligible,Not Eligible
15644,Edubray Ramos,Not Eligible,Not Eligible
2688,Edwar Cabrera,Not Eligible,Not Eligible
3637,Edwar Colina,Not Eligible,Not Eligible
15606,Edwar Ramirez,Not Eligible,Not Eligible
1163,Edward Beavens,Not Eligible,Not Eligible
2689,Edward Cabrera,Not Eligible,Not Eligible
4029,Edward Cramer,Not Eligible,Not Eligible
13512,Edward Mujica,Not Inducted,Not Inducted
14218,Edward Olivares,Not Eligible,Not Eligible
14566,Edward Paredes,Not Eligible,Not Eligible
16916,Edward Santry,Not Eligible,Not Eligible
18841,Edward Tate,Not Eligible,Not Eligible
7600,Edwards Guzman,Not Eligible,Not Eligible
286,Edwin Almonte,Not Eligible,Not Eligible
1288,Edwin Bellorin,Not Eligible,Not Eligible
4814,Edwin Diaz,Not Eligible,Not Eligible
4813,Edwin Diaz,Not Eligible,Not Eligible
5534,Edwin Encarnacion,Not Eligible,Not Eligible
5611,Edwin Escobar,Not Eligible,Not Eligible
9104,Edwin Hurtado,Not Eligible,Not Eligible
9220,Edwin Jackson,Not Inducted,Not Inducted
12169,Edwin Maysonet,Not Eligible,Not Eligible
13339,Edwin Moreno,Not Eligible,Not Eligible
16085,Edwin Rios,Not Eligible,Not Eligible
16287,Edwin Rodriguez,Not Eligible,Not Eligible
19485,Edwin Uceta,Not Eligible,Not Eligible
11740,Effa Manley,Not Eligible,Not Eligible
14033,Effie Norton,Not Eligible,Not Eligible
19570,Efrain Valdez,Not Eligible,Not Eligible
13765,Efren Navarro,Not Eligible,Not Eligible
16481,Eguy Rosario,Not Eligible,Not Eligible
8138,Egyptian Healy,Not Eligible,Not Eligible
131,Ehire Adrianza,Not Eligible,Not Eligible
20127,Ehren Wassermann,Not Eligible,Not Eligible
19286,Eider Torres,Not Eligible,Not Eligible
4815,Einar Diaz,Not Inducted,Not Inducted
18825,El Tappe,Not Eligible,Not Eligible
19644,Elam Vangilder,Not Inducted,Not Inducted
436,Elbert Andrews,Not Eligible,Not Eligible
6081,Elbie Fletcher,Not Inducted,Not Inducted
621,Elden Auker,Not Inducted,Not Inducted
20412,Elder White,Not Eligible,Not Eligible
13207,Elehuris Montero,Not Eligible,Not Eligible
3131,Eli Cates,Not Eligible,Not Eligible
7329,Eli Grba,Not Eligible,Not Eligible
8652,Eli Hodkey,Not Eligible,Not Eligible
11851,Eli Marrero,Not Inducted,Not Inducted
13358,Eli Morgan,Not Eligible,Not Eligible
19778,Eli Villalobos,Not Eligible,Not Eligible
20413,Eli White,Not Eligible,Not Eligible
20457,Eli Whiteside,Not Eligible,Not Eligible
8417,Elian Herrera,Not Eligible,Not Eligible
4816,Elias Diaz,Not Eligible,Not Eligible
14739,Elias Peak,Not Eligible,Not Eligible
18070,Elias Sosa,Not Inducted,Not Inducted
8365,Elier Hernandez,Not Eligible,Not Eligible
8366,Elieser Hernandez,Not Eligible,Not Eligible
222,Eliezer Alfonzo,Not Eligible,Not Eligible
19781,Elih Villanueva,Not Eligible,Not Eligible
5212,Elijah Dukes,Not Eligible,Not Eligible
9600,Elijah Jones,Not Eligible,Not Eligible
3189,Elio Chacon,Not Eligible,Not Eligible
15607,Elizardo Ramirez,Not Eligible,Not Eligible
16288,Ellie Rodriguez,Not Eligible,Not Eligible
1504,Elliot Bigelow,Not Eligible,Not Eligible
9464,Elliot Johnson,Not Eligible,Not Eligible
18079,Elliot Soto,Not Eligible,Not Eligible
11578,Elliott Maddox,Not Inducted,Not Inducted
2520,Ellis Burks,Not Inducted,Not Inducted
2578,Ellis Burton,Not Eligible,Not Eligible
3473,Ellis Clary,Not Eligible,Not Eligible
9465,Ellis Johnson,Not Eligible,Not Eligible
10111,Ellis Kinder,Not Inducted,Not Inducted
19593,Ellis Valentine,Not Inducted,Not Inducted
4558,Elly De La Cruz,Not Eligible,Not Eligible
1666,Elmer Bliss,Not Eligible,Not Eligible
1925,Elmer Bowman,Not Eligible,Not Eligible
2262,Elmer Brown,Not Eligible,Not Eligible
2492,Elmer Burkart,Not Eligible,Not Eligible
3513,Elmer Cleveland,Not Eligible,Not Eligible
4763,Elmer Dessens,Not Inducted,Not Inducted
6090,Elmer Flick,Inducted,Inducted
6218,Elmer Foster,Not Eligible,Not Eligible
6746,Elmer Gedeon,Not Eligible,Not Eligible
8843,Elmer Horton,Not Eligible,Not Eligible
9251,Elmer Jacobs,Not Eligible,Not Eligible
9466,Elmer Johnson,Not Eligible,Not Eligible
10241,Elmer Klumpp,Not Eligible,Not Eligible
10261,Elmer Knetzer,Not Eligible,Not Eligible
10324,Elmer Koestner,Not Eligible,Not Eligible
10898,Elmer Leifer,Not Eligible,Not Eligible
10955,Elmer Leonard,Not Eligible,Not Eligible
12957,Elmer Miller,Not Eligible,Not Eligible
12958,Elmer Miller,Not Eligible,Not Eligible
13689,Elmer Myers,Not Eligible,Not Eligible
14820,Elmer Pence,Not Eligible,Not Eligible
15268,Elmer Ponder,Not Eligible,Not Eligible
16033,Elmer Riddle,Not Inducted,Not Inducted
16047,Elmer Rieger,Not Eligible,Not Eligible
17360,Elmer Sexauer,Not Eligible,Not Eligible
17673,Elmer Singleton,Not Eligible,Not Eligible
17841,Elmer Smith,Not Inducted,Not Inducted
17840,Elmer Smith,Not Inducted,Not Inducted
18302,Elmer Steele,Not Eligible,Not Eligible
18532,Elmer Stricklett,Not Eligible,Not Eligible
18684,Elmer Sutcliffe,Not Eligible,Not Eligible
19461,Elmer Tutwiler,Not Eligible,Not Eligible
19606,Elmer Valo,Not Inducted,Not Inducted
20242,Elmer Weingartner,Not Eligible,Not Eligible
20414,Elmer White,Not Eligible,Not Eligible
21105,Elmer Yoter,Not Eligible,Not Eligible
21174,Elmer Zacher,Not Eligible,Not Eligible
15204,Elmo Plaskett,Not Eligible,Not Eligible
8702,Elon Hogsett,Not Inducted,Not Inducted
9396,Eloy Jimenez,Not Eligible,Not Eligible
8266,Elrod Hendricks,Not Inducted,Not Inducted
8900,Elston Howard,Not Inducted,Not Inducted
15608,Elvin Ramirez,Not Eligible,Not Eligible
16289,Elvin Rodriguez,Not Eligible,Not Eligible
9397,Elvio Jimenez,Not Eligible,Not Eligible
450,Elvis Andrus,Not Eligible,Not Eligible
491,Elvis Araujo,Not Eligible,Not Eligible
11388,Elvis Luciano,Not Eligible,Not Eligible
14776,Elvis Peguero,Not Eligible,Not Eligible
14804,Elvis Peña,Not Eligible,Not Eligible
11078,Em Lindbeck,Not Eligible,Not Eligible
18002,Emanuel Snyder,Not Eligible,Not Eligible
4851,Emerson Dickman,Not Eligible,Not Eligible
7795,Emerson Hancock,Not Eligible,Not Eligible
1046,Emil Batch,Not Eligible,Not Eligible
1514,Emil Bildilli,Not Eligible,Not Eligible
2263,Emil Brown,Not Inducted,Not Inducted
6397,Emil Frisk,Not Eligible,Not Eligible
6764,Emil Geiss,Not Eligible,Not Eligible
7477,Emil Gross,Not Eligible,Not Eligible
7627,Emil Haberer,Not Eligible,Not Eligible
9028,Emil Huhn,Not Eligible,Not Eligible
10518,Emil Kush,Not Eligible,Not Eligible
10818,Emil Leber,Not Eligible,Not Eligible
10997,Emil Levsen,Not Eligible,Not Eligible
11656,Emil Mailho,Not Eligible,Not Eligible
15198,Emil Planeta,Not Eligible,Not Eligible
16581,Emil Roy,Not Eligible,Not Eligible
19736,Emil Verban,Not Eligible,Not Eligible
21063,Emil Yde,Not Eligible,Not Eligible
6408,Emiliano Fruto,Not Eligible,Not Eligible
1782,Emilio Bonifacio,Not Inducted,Not Inducted
14500,Emilio Pagan,Not Eligible,Not Eligible
14542,Emilio Palmero,Not Eligible,Not Eligible
2568,Emmanuel Burriss,Not Eligible,Not Eligible
3475,Emmanuel Clase,Not Eligible,Not Eligible
15609,Emmanuel Ramirez,Not Eligible,Not Eligible
16120,Emmanuel Rivera,Not Eligible,Not Eligible
8191,Emmet Heidrick,Not Eligible,Not Eligible
12234,Emmet McCann,Not Eligible,Not Eligible
17451,Emmet Sheehan,Not Eligible,Not Eligible
1918,Emmett Bowles,Not Eligible,Not Eligible
13502,Emmett Mueller,Not Eligible,Not Eligible
13815,Emmett Nelson,Not Eligible,Not Eligible
14283,Emmett O'Neill,Not Eligible,Not Eligible
16359,Emmett Rogers,Not Eligible,Not Eligible
17280,Emmett Seery,Not Eligible,Not Eligible
9152,Ender Inciarte,Not Eligible,Not Eligible
6280,Enderson Franco,Not Eligible,Not Eligible
3267,Endy Chavez,Not Inducted,Not Inducted
16338,Endy Rodríguez,Not Eligible,Not Eligible
4658,Enerio Del Rosario,Not Eligible,Not Eligible
1297,Engel Beltre,Not Eligible,Not Eligible
19772,Engelb Vielma,Not Eligible,Not Eligible
4551,Enmanuel De Jesus,Not Eligible,Not Eligible
19571,Enmanuel Valdez,Not Eligible,Not Eligible
16428,Enny Romero,Not Eligible,Not Eligible
14567,Enoli Paredes,Not Eligible,Not Eligible
2681,Enos Cabell,Not Inducted,Not Inducted
10179,Enos Kirkpatrick,Not Eligible,Not Eligible
17744,Enos Slaughter,Inducted,Inducted
2485,Enrique Burgos,Not Eligible,Not Eligible
2484,Enrique Burgos,Not Eligible,Not Eligible
4180,Enrique Cruz,Not Eligible,Not Eligible
7112,Enrique Gonzalez,Not Eligible,Not Eligible
8367,Enrique Hernandez,Not Eligible,Not Eligible
16445,Enrique Romo,Not Eligible,Not Eligible
20697,Enrique Wilson,Not Eligible,Not Eligible
3946,Ensign Cottrell,Not Eligible,Not Eligible
4575,Enyel De Los Santos,Not Eligible,Not Eligible
8368,Enzo Hernandez,Not Eligible,Not Eligible
17304,Epp Sell,Not Eligible,Not Eligible
16138,Eppa Rixey,Not Inducted,Inducted
916,Eppie Barnes,Not Eligible,Not Eligible
15611,Erasmo Ramirez,Not Eligible,Not Eligible
15610,Erasmo Ramirez,Not Eligible,Not Eligible
464,Eric Anthony,Not Eligible,Not Eligible
1253,Eric Bell,Not Eligible,Not Eligible
2371,Eric Bruntlett,Not Eligible,Not Eligible
2450,Eric Bullock,Not Eligible,Not Eligible
2674,Eric Byrnes,Not Inducted,Not Inducted
2784,Eric Cammack,Not Eligible,Not Eligible
2805,Eric Campbell,Not Eligible,Not Eligible
3268,Eric Chavez,Not Inducted,Not Inducted
4169,Eric Crozier,Not Eligible,Not Eligible
4296,Eric Cyr,Not Eligible,Not Eligible
4469,Eric Davis,Not Inducted,Not Inducted
5173,Eric DuBose,Not Eligible,Not Eligible
5374,Eric Eckenstahler,Not Eligible,Not Eligible
5582,Eric Erickson,Not Eligible,Not Eligible
5797,Eric Farris,Not Eligible,Not Eligible
6193,Eric Fornataro,Not Eligible,Not Eligible
6252,Eric Fox,Not Eligible,Not Eligible
6416,Eric Fryer,Not Eligible,Not Eligible
6489,Eric Gagne,Not Inducted,Not Inducted
7569,Eric Gunderson,Not Inducted,Not Inducted
7625,Eric Haase,Not Eligible,Not Eligible
7631,Eric Hacker,Not Eligible,Not Eligible
7817,Eric Hanhold,Not Eligible,Not Eligible
8222,Eric Helfand,Not Eligible,Not Eligible
8467,Eric Hetzel,Not Eligible,Not Eligible
8578,Eric Hillman,Not Eligible,Not Eligible
8602,Eric Hinske,Not Inducted,Not Inducted
8854,Eric Hosmer,Not Eligible,Not Eligible
9037,Eric Hull,Not Eligible,Not Eligible
9091,Eric Hurley,Not Eligible,Not Eligible
9556,Eric Jokisch,Not Eligible,Not Eligible
9734,Eric Junge,Not Eligible,Not Eligible
9814,Eric Karros,Not Inducted,Not Inducted
10118,Eric King,Not Eligible,Not Eligible
10286,Eric Knott,Not Eligible,Not Eligible
10739,Eric Lauer,Not Eligible,Not Eligible
11396,Eric Ludwick,Not Eligible,Not Eligible
11545,Eric MacKenzie,Not Eligible,Not Eligible
12606,Eric McNair,Not Inducted,Not Inducted
13059,Eric Milton,Not Inducted,Not Inducted
13229,Eric Moody,Not Eligible,Not Eligible
13572,Eric Munson,Not Eligible,Not Eligible
13999,Eric Nolte,Not Eligible,Not Eligible
14164,Eric O'Flaherty,Not Inducted,Not Inducted
14369,Eric Orze,Not Eligible,Not Eligible
14450,Eric Owens,Not Eligible,Not Eligible
14672,Eric Patterson,Not Eligible,Not Eligible
15220,Eric Plunk,Not Inducted,Not Inducted
15580,Eric Raich,Not Eligible,Not Eligible
15686,Eric Rasmussen,Not Eligible,Not Eligible
15774,Eric Reed,Not Eligible,Not Eligible
16273,Eric Rodin,Not Eligible,Not Eligible
17575,Eric Show,Not Inducted,Not Inducted
17717,Eric Skoglund,Not Eligible,Not Eligible
18021,Eric Soderholm,Not Eligible,Not Eligible
18027,Eric Sogard,Not Eligible,Not Eligible
18228,Eric Stamets,Not Eligible,Not Eligible
18484,Eric Stout,Not Eligible,Not Eligible
18572,Eric Stults,Not Eligible,Not Eligible
18676,Eric Surkamp,Not Eligible,Not Eligible
19007,Eric Thames,Not Eligible,Not Eligible
19205,Eric Tipton,Not Eligible,Not Eligible
19585,Eric Valent,Not Eligible,Not Eligible
19873,Eric Wagaman,Not Eligible,Not Eligible
20177,Eric Weaver,Not Eligible,Not Eligible
20219,Eric Wedge,Not Eligible,Not Eligible
20539,Eric Wilkins,Not Eligible,Not Eligible
21047,Eric Yang,Not Eligible,Not Eligible
21052,Eric Yardley,Not Eligible,Not Eligible
21070,Eric Yelding,Not Eligible,Not Eligible
21129,Eric Young,Not Inducted,Not Inducted
21130,Eric Young,Not Inducted,Not Inducted
19489,Erich Uelmen,Not Eligible,Not Eligible
287,Erick Almonte,Not Eligible,Not Eligible
658,Erick Aybar,Not Inducted,Not Inducted
3081,Erick Castillo,Not Eligible,Not Eligible
5816,Erick Fedde,Not Eligible,Not Eligible
12720,Erick Mejia,Not Eligible,Not Eligible
19157,Erick Threets,Not Eligible,Not Eligible
1200,Erik Bedard,Not Inducted,Not Inducted
1327,Erik Bennett,Not Eligible,Not Eligible
3878,Erik Cordier,Not Eligible,Not Eligible
4470,Erik Davis,Not Eligible,Not Eligible
7037,Erik Goeddel,Not Eligible,Not Eligible
7113,Erik Gonzalez,Not Eligible,Not Eligible
7790,Erik Hamren,Not Eligible,Not Eligible
7852,Erik Hanson,Not Inducted,Not Inducted
8534,Erik Hiljus,Not Eligible,Not Eligible
9468,Erik Johnson,Not Eligible,Not Eligible
9467,Erik Johnson,Not Eligible,Not Eligible
10342,Erik Komatsu,Not Eligible,Not Eligible
10415,Erik Kratz,Not Eligible,Not Eligible
12959,Erik Miller,Not Eligible,Not Eligible
14561,Erik Pappas,Not Eligible,Not Eligible
15201,Erik Plantenberg,Not Eligible,Not Eligible
16719,Erik Sabel,Not Eligible,Not Eligible
16724,Erik Sabrowski,Not Eligible,Not Eligible
17150,Erik Schullstrom,Not Eligible,Not Eligible
18721,Erik Swanson,Not Eligible,Not Eligible
561,Erisbel Arruebarrena,Not Eligible,Not Eligible
7488,Ernest Groth,Not Eligible,Not Eligible
19552,Ernest Vache,Not Eligible,Not Eligible
6389,Ernesto Frieri,Not Eligible,Not Eligible
310,Ernie Alten,Not Eligible,Not Eligible
431,Ernie Andres,Not Eligible,Not Eligible
757,Ernie Baker,Not Eligible,Not Eligible
837,Ernie Banks,Inducted,Inducted
1131,Ernie Beam,Not Eligible,Not Eligible
1926,Ernie Bowman,Not Eligible,Not Eligible
2195,Ernie Broglio,Not Eligible,Not Eligible
2466,Ernie Burch,Not Eligible,Not Eligible
2768,Ernie Camacho,Not Inducted,Not Inducted
3499,Ernie Clement,Not Eligible,Not Eligible
3962,Ernie Courtney,Not Eligible,Not Eligible
3991,Ernie Cox,Not Eligible,Not Eligible
4862,Ernie Diehl,Not Eligible,Not Eligible
5812,Ernie Fazio,Not Eligible,Not Eligible
7489,Ernie Groth,Not Eligible,Not Eligible
7580,Ernie Gust,Not Eligible,Not Eligible
8328,Ernie Herbert,Not Eligible,Not Eligible
8492,Ernie Hickman,Not Eligible,Not Eligible
9469,Ernie Johnson,Not Inducted,Not Inducted
9470,Ernie Johnson,Not Eligible,Not Eligible
10185,Ernie Kish,Not Eligible,Not Eligible
10357,Ernie Koob,Not Eligible,Not Eligible
10398,Ernie Koy,Not Eligible,Not Eligible
10465,Ernie Krueger,Not Eligible,Not Eligible
11085,Ernie Lindemann,Not Eligible,Not Eligible
11234,Ernie Lombardi,Not Inducted,Inducted
11443,Ernie Lush,Not Eligible,Not Eligible
11751,Ernie Manning,Not Eligible,Not Eligible
12009,Ernie Mason,Not Eligible,Not Eligible
12110,Ernie Maun,Not Eligible,Not Eligible
12188,Ernie McAnally,Not Eligible,Not Eligible
13806,Ernie Neitzke,Not Eligible,Not Eligible
13856,Ernie Nevel,Not Eligible,Not Eligible
13858,Ernie Nevers,Not Eligible,Not Eligible
14305,Ernie Oravetz,Not Eligible,Not Eligible
14336,Ernie Orsatti,Not Eligible,Not Eligible
14441,Ernie Ovitz,Not Eligible,Not Eligible
14490,Ernie Padgett,Not Eligible,Not Eligible
16066,Ernie Riles,Not Eligible,Not Eligible
16527,Ernie Ross,Not Eligible,Not Eligible
16607,Ernie Rudolph,Not Eligible,Not Eligible
17561,Ernie Shore,Not Eligible,Not Eligible
17842,Ernie Smith,Not Eligible,Not Eligible
18615,Ernie Sulik,Not Eligible,Not Eligible
19762,Ernie Vick,Not Eligible,Not Eligible
19933,Ernie Walker,Not Eligible,Not Eligible
20415,Ernie White,Not Eligible,Not Eligible
20478,Ernie Whitt,Not Inducted,Not Inducted
20774,Ernie Wingard,Not Eligible,Not Eligible
20851,Ernie Wolf,Not Eligible,Not Eligible
21131,Ernie Young,Not Eligible,Not Eligible
12152,Erskine Mayer,Not Eligible,Not Eligible
19081,Erskine Thomason,Not Eligible,Not Eligible
5279,Erubiel Durazo,Not Eligible,Not Eligible
2020,Erv Brame,Not Eligible,Not Eligible
5301,Erv Dusak,Not Eligible,Not Eligible
9793,Erv Kantlehner,Not Eligible,Not Eligible
10654,Erv Lange,Not Eligible,Not Eligible
14528,Erv Palica,Not Inducted,Not Inducted
1172,Erve Beck,Not Eligible,Not Eligible
16887,Ervin Santana,Not Eligible,Not Eligible
15870,Erwin Renfer,Not Eligible,Not Eligible
17966,Esix Snead,Not Eligible,Not Eligible
2909,Esmailin Caridad,Not Eligible,Not Eligible
19672,Esmerling Vasquez,Not Eligible,Not Eligible
16360,Esmil Rogers,Not Eligible,Not Eligible
1298,Esteban Beltre,Not Eligible,Not Eligible
6803,Esteban German,Not Inducted,Not Inducted
11176,Esteban Loaiza,Not Inducted,Not Inducted
15539,Esteban Quiroz,Not Eligible,Not Eligible
21045,Esteban Yan,Not Inducted,Not Inducted
4011,Estel Crabtree,Not Eligible,Not Eligible
16626,Esteury Ruiz,Not Eligible,Not Eligible
6112,Estevan Florial,Not Eligible,Not Eligible
3222,Esty Chaney,Not Eligible,Not Eligible
240,Ethan Allen,Not Inducted,Not Inducted
1577,Ethan Blackaby,Not Eligible,Not Eligible
11909,Ethan Martin,Not Eligible,Not Eligible
16173,Ethan Roberts,Not Eligible,Not Eligible
17763,Ethan Small,Not Eligible,Not Eligible
3399,Eucal Clanton,Not Eligible,Not Eligible
2164,Eude Brito,Not Eligible,Not Eligible
13258,Euel Moore,Not Eligible,Not Eligible
18593,Eugenio Suarez,Not Eligible,Not Eligible
19719,Eugenio Velez,Not Eligible,Not Eligible
4565,Eury De La Rosa,Not Eligible,Not Eligible
14881,Eury Perez,Not Eligible,Not Eligible
14912,Eury Pérez,Not Eligible,Not Eligible
7114,Eusebio Gonzalez,Not Eligible,Not Eligible
3005,Evan Carter,Not Eligible,Not Eligible
4042,Evan Crawford,Not Eligible,Not Eligible
6725,Evan Gattis,Not Eligible,Not Eligible
9747,Evan Justice,Not Eligible,Not Eligible
10423,Evan Kravetz,Not Eligible,Not Eligible
10849,Evan Lee,Not Eligible,Not Eligible
11263,Evan Longoria,Not Eligible,Not Eligible
11554,Evan MacLane,Not Eligible,Not Eligible
11868,Evan Marshall,Not Eligible,Not Eligible
12698,Evan Meek,Not Eligible,Not Eligible
15063,Evan Phillips,Not Eligible,Not Eligible
15775,Evan Reed,Not Eligible,Not Eligible
17239,Evan Scribner,Not Eligible,Not Eligible
20416,Evan White,Not Eligible,Not Eligible
10084,Evans Killeen,Not Eligible,Not Eligible
18722,Evar Swanson,Not Eligible,Not Eligible
8369,Evelio Hernandez,Not Eligible,Not Eligible
11602,Ever Magallanes,Not Eligible,Not Eligible
1797,Everett Booe,Not Eligible,Not Eligible
5724,Everett Fagan,Not Eligible,Not Eligible
13042,Everett Mills,Not Eligible,Not Eligible
14071,Everett Nutter,Not Eligible,Not Eligible
17216,Everett Scott,Not Inducted,Not Inducted
18571,Everett Stull,Not Eligible,Not Eligible
18932,Everett Teaford,Not Eligible,Not Eligible
14869,Everson Pereira,Not Eligible,Not Eligible
2690,Everth Cabrera,Not Eligible,Not Eligible
15481,Ewald Pyle,Not Eligible,Not Eligible
1589,Ewell Blackwell,Not Inducted,Not Inducted
9827,Ewing Kauffman,Not Eligible,Not Eligible
588,Ezequiel Astacio,Not Eligible,Not Eligible
2971,Ezequiel Carrera,Not Eligible,Not Eligible
5271,Ezequiel Duran,Not Eligible,Not Eligible
19307,Ezequiel Tovar,Not Eligible,Not Eligible
11071,Ezra Lincoln,Not Eligible,Not Eligible
12894,Ezra Midkiff,Not Eligible,Not Eligible
18699,Ezra Sutton,Not Inducted,Not Inducted
16894,F. P. Santangelo,Not Eligible,Not Eligible
6484,Fabian Gaffke,Not Eligible,Not Eligible
10395,Fabian Kowalik,Not Eligible,Not Eligible
3082,Fabio Castillo,Not Eligible,Not Eligible
3115,Fabio Castro,Not Eligible,Not Eligible
14278,Fancy O'Neil,Not Eligible,Not Eligible
2541,Farmer Burns,Not Eligible,Not Eligible
15711,Farmer Ray,Not Eligible,Not Eligible
18304,Farmer Steelman,Not Eligible,Not Eligible
19686,Farmer Vaughn,Not Inducted,Not Inducted
20178,Farmer Weaver,Not Eligible,Not Eligible
9354,Fats Jenkins,Not Eligible,Not Eligible
2157,Fatty Briody,Not Eligible,Not Eligible
4181,Fausto Cruz,Not Eligible,Not Eligible
4576,Fautino De Los Santos,Not Eligible,Not Eligible
20949,Favel Wordsworth,Not Eligible,Not Eligible
19050,Fay Thomas,Not Eligible,Not Eligible
19158,Faye Throneberry,Not Eligible,Not Eligible
299,Felipe Alou,Not Inducted,Not Inducted
4073,Felipe Crespo,Not Eligible,Not Eligible
11124,Felipe Lira,Not Eligible,Not Eligible
11286,Felipe Lopez,Not Inducted,Not Inducted
13205,Felipe Montemayor,Not Eligible,Not Eligible
14709,Felipe Paulino,Not Eligible,Not Eligible
19694,Felipe Vazquez,Not Eligible,Not Eligible
1103,Felix Bautista,Not Eligible,Not Eligible
3327,Felix Chouinard,Not Eligible,Not Eligible
4817,Felix Diaz,Not Eligible,Not Eligible
5051,Felix Doubront,Not Eligible,Not Eligible
5601,Felix Escalona,Not Eligible,Not Eligible
5859,Felix Fermin,Not Inducted,Not Inducted
8331,Felix Heredia,Not Inducted,Not Inducted
8370,Felix Hernandez,Not Inducted,Not Inducted
9687,Felix Jorge,Not Eligible,Not Eligible
9695,Felix Jose,Not Inducted,Not Inducted
11549,Felix Mackiewicz,Not Eligible,Not Eligible
11770,Felix Mantilla,Not Inducted,Not Inducted
11954,Felix Martinez,Not Eligible,Not Eligible
12921,Felix Millan,Not Inducted,Not Inducted
13447,Felix Moses,Not Eligible,Not Eligible
14805,Felix Peña,Not Eligible,Not Eligible
15109,Felix Pie,Not Eligible,Not Eligible
16290,Felix Rodriguez,Not Inducted,Not Inducted
16819,Felix Sanchez,Not Eligible,Not Eligible
19287,Felix Torres,Not Eligible,Not Eligible
13153,Fenton Mole,Not Eligible,Not Eligible
5666,Ferd Eunick,Not Eligible,Not Eligible
13259,Ferdie Moore,Not Eligible,Not Eligible
17180,Ferdie Schupp,Not Inducted,Not Inducted
9355,Fergie Jenkins,Inducted,Inducted
11709,Fergy Malone,Not Eligible,Not Eligible
1254,Fern Bell,Not Eligible,Not Eligible
5,Fernando Abad,Not Eligible,Not Eligible
558,Fernando Arroyo,Not Eligible,Not Eligible
2691,Fernando Cabrera,Not Eligible,Not Eligible
3919,Fernando Cortez,Not Eligible,Not Eligible
4182,Fernando Cruz,Not Eligible,Not Eligible
7115,Fernando Gonzalez,Not Eligible,Not Eligible
8371,Fernando Hernandez,Not Eligible,Not Eligible
8372,Fernando Hernandez,Not Eligible,Not Eligible
11426,Fernando Lunar,Not Eligible,Not Eligible
11955,Fernando Martinez,Not Eligible,Not Eligible
13948,Fernando Nieve,Not Eligible,Not Eligible
14882,Fernando Perez,Not Eligible,Not Eligible
15655,Fernando Ramsey,Not Eligible,Not Eligible
16274,Fernando Rodney,Not Inducted,Not Inducted
16291,Fernando Rodriguez,Not Eligible,Not Eligible
16429,Fernando Romero,Not Eligible,Not Eligible
16756,Fernando Salas,Not Inducted,Not Inducted
17288,Fernando Seguignol,Not Eligible,Not Eligible
18848,Fernando Tatis,Not Eligible,Not Eligible
18847,Fernando Tatis,Not Inducted,Not Inducted
19599,Fernando Valenzuela,Not Inducted,Not Inducted
19792,Fernando Vina,Not Inducted,Not Inducted
391,Ferrell Anderson,Not Eligible,Not Eligible
5732,Ferris Fain,Not Eligible,Not Eligible
9601,Fielder Jones,Inducted,Not Inducted
20698,Fin Wilson,Not Eligible,Not Eligible
15510,Finners Quinlan,Not Eligible,Not Eligible
11795,Firpo Marberry,Not Inducted,Not Inducted
4681,Flame Delhi,Not Eligible,Not Eligible
3522,Flea Clifton,Not Eligible,Not Eligible
19934,Fleet Walker,Not Eligible,Not Eligible
11344,Fletcher Low,Not Eligible,Not Eligible
18629,Fleury Sullivan,Not Eligible,Not Eligible
15952,Flint Rhem,Not Inducted,Not Inducted
10558,Flip Lafferty,Not Eligible,Not Eligible
758,Floyd Baker,Not Inducted,Not Inducted
847,Floyd Bannister,Not Inducted,Not Inducted
3294,Floyd Chiffer,Not Eligible,Not Eligible
6865,Floyd Giebell,Not Eligible,Not Eligible
13872,Floyd Newkirk,Not Eligible,Not Eligible
15720,Floyd Rayford,Not Eligible,Not Eligible
16105,Floyd Ritter,Not Eligible,Not Eligible
16224,Floyd Robinson,Not Eligible,Not Eligible
18119,Floyd Speer,Not Eligible,Not Eligible
18546,Floyd Stromme,Not Eligible,Not Eligible
20179,Floyd Weaver,Not Eligible,Not Eligible
20484,Floyd Wicker,Not Eligible,Not Eligible
20944,Floyd Wooldridge,Not Eligible,Not Eligible
21108,Floyd Youmans,Not Eligible,Not Eligible
1981,Foghorn Bradley,Not Eligible,Not Eligible
9471,Footer Johnson,Not Eligible,Not Eligible
6376,Ford Frick,Not Eligible,Not Eligible
6691,Ford Garrison,Not Eligible,Not Eligible
13523,Ford Mullen,Not Eligible,Not Eligible
15421,Ford Proctor,Not Eligible,Not Eligible
2709,Forrest Cady,Not Eligible,Not Eligible
4043,Forrest Crawford,Not Eligible,Not Eligible
13324,Forrest More,Not Eligible,Not Eligible
19094,Forrest Thompson,Not Eligible,Not Eligible
19974,Forrest Wall,Not Eligible,Not Eligible
20465,Forrest Whitley,Not Eligible,Not Eligible
3105,Foster Castleman,Not Eligible,Not Eligible
5411,Foster Edwards,Not Eligible,Not Eligible
7418,Foster Griffin,Not Eligible,Not Eligible
16361,Fraley Rogers,Not Eligible,Not Eligible
19572,Framber Valdez,Not Eligible,Not Eligible
8139,Fran Healy,Not Eligible,Not Eligible
13540,Fran Mullins,Not Eligible,Not Eligible
3874,Franchy Cordero,Not Eligible,Not Eligible
1294,Francis Beltran,Not Eligible,Not Eligible
8140,Francis Healy,Not Eligible,Not Eligible
11895,Francis Martes,Not Eligible,Not Eligible
328,Francisco Alvarez,Not Eligible,Not Eligible
500,Francisco Arcia,Not Eligible,Not Eligible
982,Francisco Barrios,Not Eligible,Not Eligible
2692,Francisco Cabrera,Not Eligible,Not Eligible
3180,Francisco Cervelli,Not Eligible,Not Eligible
3875,Francisco Cordero,Not Inducted,Not Inducted
3880,Francisco Cordova,Not Eligible,Not Eligible
4170,Francisco Cruceta,Not Eligible,Not Eligible
11090,Francisco Lindor,Not Eligible,Not Eligible
11125,Francisco Liriano,Not Inducted,Not Inducted
12062,Francisco Matos,Not Eligible,Not Eligible
12721,Francisco Mejia,Not Eligible,Not Eligible
12733,Francisco Melendez,Not Eligible,Not Eligible
13297,Francisco Morales,Not Eligible,Not Eligible
14230,Francisco Oliveras,Not Eligible,Not Eligible
14777,Francisco Peguero,Not Eligible,Not Eligible
14883,Francisco Perez,Not Eligible,Not Eligible
14806,Francisco Peña,Not Eligible,Not Eligible
16293,Francisco Rodriguez,Not Inducted,Not Inducted
16292,Francisco Rodriguez,Not Eligible,Not Eligible
16482,Francisco Rosario,Not Eligible,Not Eligible
16909,Francisco Santos,Not Eligible,Not Eligible
4566,Francisco de la Rosa,Not Eligible,Not Eligible
2428,Francisley Bueno,Not Eligible,Not Eligible
22,Frank Abercrombie,Not Eligible,Not Eligible
241,Frank Allen,Not Eligible,Not Eligible
508,Frank Arellanes,Not Eligible,Not Eligible
713,Frank Bahret,Not Eligible,Not Eligible
759,Frank Baker,Not Eligible,Not Eligible
760,Frank Baker,Not Eligible,Not Eligible
794,Frank Baldwin,Not Eligible,Not Eligible
826,Frank Bancroft,Not Eligible,Not Eligible
868,Frank Barberich,Not Eligible,Not Eligible
917,Frank Barnes,Not Eligible,Not Eligible
918,Frank Barnes,Not Eligible,Not Eligible
970,Frank Barrett,Not Eligible,Not Eligible
986,Frank Barron,Not Eligible,Not Eligible
992,Frank Barrows,Not Eligible,Not Eligible
1055,Frank Bates,Not Eligible,Not Eligible
1089,Frank Baumann,Inducted,Not Inducted
1098,Frank Baumholtz,Not Inducted,Not Inducted
1173,Frank Beck,Not Eligible,Not Eligible
1255,Frank Bell,Not Eligible,Not Eligible
1328,Frank Bennett,Not Eligible,Not Eligible
1387,Frank Berkelbach,Not Eligible,Not Eligible
1430,Frank Bertaina,Not Eligible,Not Eligible
1449,Frank Betcher,Not Eligible,Not Eligible
1528,Frank Bird,Not Eligible,Not Eligible
1542,Frank Biscan,Not Eligible,Not Eligible
1549,Frank Bishop,Not Eligible,Not Eligible
1667,Frank Bliss,Not Eligible,Not Eligible
1754,Frank Bolick,Not Eligible,Not Eligible
1756,Frank Bolling,Not Inducted,Not Inducted
1792,Frank Bonner,Not Eligible,Not Eligible
1833,Frank Bork,Not Eligible,Not Eligible
1904,Frank Bowerman,Not Inducted,Not Inducted
1910,Frank Bowes,Not Eligible,Not Eligible
1937,Frank Boyd,Not Eligible,Not Eligible
2064,Frank Brazill,Not Eligible,Not Eligible
2149,Frank Brill,Not Eligible,Not Eligible
2208,Frank Brooks,Not Eligible,Not Eligible
2217,Frank Brosseau,Not Eligible,Not Eligible
2229,Frank Brower,Not Eligible,Not Eligible
2332,Frank Browning,Not Eligible,Not Eligible
2349,Frank Bruggy,Not Eligible,Not Eligible
2499,Frank Burke,Not Eligible,Not Eligible
2560,Frank Burrell,Not Eligible,Not Eligible
2577,Frank Burt,Not Eligible,Not Eligible
2607,Frank Bushey,Not Eligible,Not Eligible
2636,Frank Butler,Not Eligible,Not Eligible
2635,Frank Butler,Not Eligible,Not Eligible
2650,Frank Buttery,Not Eligible,Not Eligible
2758,Frank Callaway,Not Eligible,Not Eligible
2829,Frank Campos,Not Eligible,Not Eligible
2957,Frank Carpin,Not Eligible,Not Eligible
3000,Frank Carswell,Not Eligible,Not Eligible
3083,Frank Castillo,Not Inducted,Not Inducted
3128,Frank Catalanotto,Not Inducted,Not Inducted
3217,Frank Chance,Inducted,Inducted
3234,Frank Chapman,Not Eligible,Not Eligible
3253,Frank Charles,Not Eligible,Not Eligible
3375,Frank Cimorelli,Not Eligible,Not Eligible
3379,Frank Cipriani,Not Eligible,Not Eligible
3577,Frank Coggins,Not Eligible,Not Eligible
3674,Frank Colman,Not Eligible,Not Eligible
3735,Frank Connaughton,Not Eligible,Not Eligible
3912,Frank Corridon,Not Eligible,Not Eligible
3992,Frank Cox,Not Eligible,Not Eligible
4071,Frank Crespi,Not Eligible,Not Eligible
4135,Frank Cross,Not Eligible,Not Eligible
4141,Frank Crossin,Not Eligible,Not Eligible
4149,Frank Croucher,Not Eligible,Not Eligible
4405,Frank Dasso,Not Eligible,Not Eligible
4616,Frank Decker,Not Eligible,Not Eligible
4663,Frank Delahanty,Not Eligible,Not Eligible
4698,Frank Demaree,Not Inducted,Not Inducted
4900,Frank DiMichele,Not Eligible,Not Eligible
4912,Frank DiPino,Not Inducted,Not Inducted
4891,Frank Dillon,Not Eligible,Not Eligible
4924,Frank Diven,Not Eligible,Not Eligible
4970,Frank Doljack,Not Eligible,Not Eligible
5000,Frank Donnelly,Not Eligible,Not Eligible
5144,Frank Drews,Not Eligible,Not Eligible
5195,Frank Duffy,Not Inducted,Not Inducted
5267,Frank Dupee,Not Eligible,Not Eligible
5309,Frank Dwyer,Not Inducted,Not Inducted
5395,Frank Edington,Not Eligible,Not Eligible
5475,Frank Ellerbe,Not Eligible,Not Eligible
5529,Frank Emmer,Not Eligible,Not Eligible
5592,Frank Ernaga,Not Eligible,Not Eligible
5648,Frank Estrada,Not Eligible,Not Eligible
5665,Frank Eufemia,Not Eligible,Not Eligible
5668,Frank Eustace,Not Eligible,Not Eligible
5728,Frank Fahey,Not Eligible,Not Eligible
5761,Frank Fanovich,Not Eligible,Not Eligible
5846,Frank Fennelly,Not Eligible,Not Eligible
5866,Frank Fernandez,Not Eligible,Not Eligible
5934,Frank Figgemeier,Not Eligible,Not Eligible
6068,Frank Fleet,Not Eligible,Not Eligible
6082,Frank Fletcher,Not Eligible,Not Eligible
6189,Frank Foreman,Not Inducted,Not Inducted
6239,Frank Foutz,Not Eligible,Not Eligible
6278,Frank Francisco,Not Inducted,Not Inducted
6365,Frank Freund,Not Eligible,Not Eligible
6439,Frank Fuller,Not Eligible,Not Eligible
6458,Frank Funk,Not Eligible,Not Eligible
6473,Frank Gabler,Not Eligible,Not Eligible
6581,Frank Garces,Not Eligible,Not Eligible
6724,Frank Gatins,Not Eligible,Not Eligible
6770,Frank Genins,Not Eligible,Not Eligible
6850,Frank Gibson,Not Eligible,Not Eligible
6905,Frank Gilhooley,Not Eligible,Not Eligible
6938,Frank Gilmore,Not Eligible,Not Eligible
7002,Frank Gleich,Not Eligible,Not Eligible
7245,Frank Gracesqui,Not Eligible,Not Eligible
7285,Frank Grant,Not Eligible,Not Eligible
7305,Frank Graves,Not Eligible,Not Eligible
7395,Frank Gregory,Not Eligible,Not Eligible
7434,Frank Griffith,Not Eligible,Not Eligible
7501,Frank Grube,Not Eligible,Not Eligible
7651,Frank Hafner,Not Eligible,Not Eligible
7823,Frank Hankinson,Not Inducted,Not Inducted
7849,Frank Hansford,Not Eligible,Not Eligible
8005,Frank Harter,Not Eligible,Not Eligible
8192,Frank Heifer,Not Eligible,Not Eligible
8246,Frank Hemphill,Not Eligible,Not Eligible
8440,Frank Herrmann,Not Eligible,Not Eligible
8448,Frank Hershey,Not Eligible,Not Eligible
8571,Frank Hiller,Not Eligible,Not Eligible
8671,Frank Hoffman,Not Eligible,Not Eligible
8868,Frank House,Not Inducted,Not Inducted
8901,Frank Howard,Not Inducted,Not Inducted
8987,Frank Huelsman,Not Eligible,Not Eligible
9191,Frank Isbell,Not Inducted,Not Inducted
9350,Frank Jelincich,Not Eligible,Not Eligible
9472,Frank Johnson,Not Eligible,Not Eligible
9602,Frank Jones,Not Eligible,Not Eligible
9719,Frank Jude,Not Eligible,Not Eligible
9774,Frank Kalin,Not Eligible,Not Eligible
9784,Frank Kane,Not Eligible,Not Eligible
9880,Frank Keffer,Not Eligible,Not Eligible
9906,Frank Kellert,Not Eligible,Not Eligible
9916,Frank Kelliher,Not Eligible,Not Eligible
10088,Frank Killen,Not Inducted,Not Inducted
10190,Frank Kitson,Not Inducted,Not Inducted
10253,Frank Knauss,Not Eligible,Not Eligible
10387,Frank Kostro,Not Eligible,Not Eligible
10426,Frank Kreeger,Not Eligible,Not Eligible
10443,Frank Kreutzer,Not Eligible,Not Eligible
10546,Frank LaCorte,Not Inducted,Not Inducted
10683,Frank LaPorte,Not Inducted,Not Inducted
10591,Frank Lamanske,Not Eligible,Not Eligible
10641,Frank Lane,Not Eligible,Not Eligible
10655,Frank Lange,Not Eligible,Not Eligible
10667,Frank Lankford,Not Eligible,Not Eligible
10717,Frank Lary,Not Inducted,Not Inducted
10811,Frank Leary,Not Eligible,Not Eligible
10914,Frank Leja,Not Eligible,Not Eligible
11116,Frank Linzy,Not Inducted,Not Inducted
11180,Frank Lobert,Not Eligible,Not Eligible
11212,Frank Loftus,Not Eligible,Not Eligible
11384,Frank Lucchesi,Not Eligible,Not Eligible
11386,Frank Luce,Not Eligible,Not Eligible
11506,Frank MacCormack,Not Eligible,Not Eligible
11537,Frank Mack,Not Eligible,Not Eligible
11567,Frank Madden,Not Eligible,Not Eligible
11631,Frank Mahar,Not Eligible,Not Eligible
11672,Frank Makosky,Not Eligible,Not Eligible
11722,Frank Malzone,Not Inducted,Not Inducted
11726,Frank Mancuso,Not Eligible,Not Eligible
11779,Frank Manush,Not Eligible,Not Eligible
11910,Frank Martin,Not Eligible,Not Eligible
12028,Frank Mata,Not Eligible,Not Eligible
12257,Frank McCarton,Not Eligible,Not Eligible
12304,Frank McCormick,Not Inducted,Not Inducted
12325,Frank McCrea,Not Eligible,Not Eligible
12331,Frank McCue,Not Eligible,Not Eligible
12390,Frank McElyea,Not Eligible,Not Eligible
12422,Frank McGee,Not Eligible,Not Eligible
12441,Frank McGinn,Not Eligible,Not Eligible
12457,Frank McGowan,Not Eligible,Not Eligible
12501,Frank McIntyre,Not Eligible,Not Eligible
12514,Frank McKee,Not Eligible,Not Eligible
12524,Frank McKenna,Not Eligible,Not Eligible
12528,Frank McKenry,Not Eligible,Not Eligible
12554,Frank McLaughlin,Not Eligible,Not Eligible
12583,Frank McManus,Not Eligible,Not Eligible
12628,Frank McPartlin,Not Eligible,Not Eligible
12712,Frank Meinke,Not Eligible,Not Eligible
12770,Frank Menechino,Not Eligible,Not Eligible
12839,Frank Metha,Not Eligible,Not Eligible
12923,Frank Millard,Not Eligible,Not Eligible
12960,Frank Miller,Not Eligible,Not Eligible
13043,Frank Mills,Not Eligible,Not Eligible
13190,Frank Monroe,Not Eligible,Not Eligible
13260,Frank Moore,Not Eligible,Not Eligible
13418,Frank Morrissey,Not Eligible,Not Eligible
13477,Frank Motz,Not Eligible,Not Eligible
13481,Frank Mountain,Not Eligible,Not Eligible
13543,Frank Mulroney,Not Eligible,Not Eligible
13611,Frank Murphy,Not Eligible,Not Eligible
13727,Frank Naleway,Not Eligible,Not Eligible
13911,Frank Nicholson,Not Eligible,Not Eligible
14034,Frank Norton,Not Eligible,Not Eligible
14131,Frank O'Connor,Not Eligible,Not Eligible
14321,Frank O'Rourke,Not Inducted,Not Inducted
14090,Frank Oberlin,Not Eligible,Not Eligible
14200,Frank Okrie,Not Eligible,Not Eligible
14212,Frank Olin,Not Eligible,Not Eligible
14347,Frank Ortenzio,Not Eligible,Not Eligible
14444,Frank Owen,Not Eligible,Not Eligible
14559,Frank Papish,Not Eligible,Not Eligible
14600,Frank Parkinson,Not Eligible,Not Eligible
14653,Frank Pastore,Not Eligible,Not Eligible
14742,Frank Pearce,Not Eligible,Not Eligible
14743,Frank Pearce,Not Eligible,Not Eligible
14748,Frank Pears,Not Eligible,Not Eligible
15375,Frank Pratt,Not Eligible,Not Eligible
15507,Frank Quilici,Not Eligible,Not Eligible
15511,Frank Quinlan,Not Eligible,Not Eligible
15514,Frank Quinn,Not Eligible,Not Eligible
15515,Frank Quinn,Not Eligible,Not Eligible
15578,Frank Ragland,Not Eligible,Not Eligible
15742,Frank Reberger,Not Eligible,Not Eligible
15812,Frank Reiber,Not Eligible,Not Eligible
15967,Frank Riccelli,Not Eligible,Not Eligible
16080,Frank Ringo,Not Eligible,Not Eligible
16225,Frank Robinson,Inducted,Inducted
16464,Frank Rooney,Not Eligible,Not Eligible
16539,Frank Rosso,Not Eligible,Not Eligible
16545,Frank Roth,Not Eligible,Not Eligible
16726,Frank Sacka,Not Eligible,Not Eligible
16932,Frank Saucier,Not Eligible,Not Eligible
16980,Frank Scanlan,Not Eligible,Not Eligible
17035,Frank Scheibeck,Not Eligible,Not Eligible
17106,Frank Schneiberg,Not Eligible,Not Eligible
17153,Frank Schulte,Not Inducted,Not Inducted
17200,Frank Schwindel,Not Eligible,Not Eligible
17268,Frank Secory,Not Eligible,Not Eligible
17300,Frank Selee,Not Eligible,Not Eligible
17308,Frank Sellman,Not Eligible,Not Eligible
17317,Frank Seminara,Not Eligible,Not Eligible
17354,Frank Seward,Not Eligible,Not Eligible
17363,Frank Sexton,Not Eligible,Not Eligible
17379,Frank Shaffer,Not Eligible,Not Eligible
17393,Frank Shannon,Not Eligible,Not Eligible
17472,Frank Shellenback,Not Eligible,Not Eligible
17584,Frank Shugart,Not Eligible,Not Eligible
17610,Frank Siffell,Not Eligible,Not Eligible
17611,Frank Sigafoos,Not Eligible,Not Eligible
17701,Frank Skaff,Not Eligible,Not Eligible
17844,Frank Smith,Not Eligible,Not Eligible
17845,Frank Smith,Not Eligible,Not Eligible
17843,Frank Smith,Not Inducted,Not Inducted
17959,Frank Smykal,Not Eligible,Not Eligible
17986,Frank Snook,Not Eligible,Not Eligible
18003,Frank Snyder,Not Inducted,Not Inducted
18397,Frank Stewart,Not Eligible,Not Eligible
18630,Frank Sullivan,Not Inducted,Not Inducted
18813,Frank Tanana,Not Inducted,Not Inducted
18865,Frank Taveras,Not Inducted,Not Inducted
18969,Frank Tepedino,Not Eligible,Not Eligible
19052,Frank Thomas,Not Inducted,Not Inducted
19051,Frank Thomas,Inducted,Inducted
19096,Frank Thompson,Not Eligible,Not Eligible
19095,Frank Thompson,Not Eligible,Not Eligible
19222,Frank Todd,Not Eligible,Not Eligible
19275,Frank Torre,Not Eligible,Not Eligible
19353,Frank Trechock,Not Eligible,Not Eligible
19400,Frank Truesdale,Not Eligible,Not Eligible
19502,Frank Ulrich,Not Eligible,Not Eligible
19740,Frank Verdi,Not Eligible,Not Eligible
19802,Frank Viola,Not Inducted,Not Inducted
19860,Frank Waddey,Not Eligible,Not Eligible
19935,Frank Walker,Not Eligible,Not Eligible
20163,Frank Watt,Not Eligible,Not Eligible
20167,Frank Wayenberg,Not Eligible,Not Eligible
20258,Frank Welch,Not Eligible,Not Eligible
20330,Frank West,Not Eligible,Not Eligible
20417,Frank White,Inducted,Not Inducted
20469,Frank Whitman,Not Eligible,Not Eligible
20473,Frank Whitney,Not Eligible,Not Eligible
20584,Frank Williams,Not Eligible,Not Eligible
20666,Frank Wills,Not Eligible,Not Eligible
20699,Frank Wilson,Not Eligible,Not Eligible
20828,Frank Withrow,Not Eligible,Not Eligible
20940,Frank Woodward,Not Eligible,Not Eligible
21018,Frank Wurm,Not Eligible,Not Eligible
21243,Frank Zinn,Not Eligible,Not Eligible
21266,Frank Zupo,Not Eligible,Not Eligible
4132,Frankie Crosetti,Not Inducted,Not Inducted
4559,Frankie De La Cruz,Not Eligible,Not Eligible
6395,Frankie Frisch,Not Inducted,Inducted
7582,Frankie Gustine,Not Inducted,Not Inducted
8109,Frankie Hayes,Not Inducted,Not Inducted
9895,Frankie Kelleher,Not Eligible,Not Eligible
11039,Frankie Libran,Not Eligible,Not Eligible
13199,Frankie Montas,Not Eligible,Not Eligible
14482,Frankie Pack,Not Eligible,Not Eligible
15484,Frankie Pytlak,Not Inducted,Not Inducted
16294,Frankie Rodriguez,Not Eligible,Not Eligible
21182,Frankie Zak,Not Eligible,Not Eligible
964,Franklin Barreto,Not Eligible,Not Eligible
6804,Franklin German,Not Eligible,Not Eligible
7589,Franklin Gutierrez,Not Inducted,Not Inducted
13298,Franklin Morales,Not Inducted,Not Inducted
14058,Franklin Nunez,Not Eligible,Not Eligible
18565,Franklin Stubbs,Not Inducted,Not Inducted
6805,Franklyn German,Not Eligible,Not Eligible
10091,Franklyn Kilome,Not Eligible,Not Eligible
15913,Franmil Reyes,Not Eligible,Not Eligible
14383,Franquelis Osoria,Not Eligible,Not Eligible
5472,Fraser Ellard,Not Eligible,Not Eligible
13,Fred Abbott,Not Eligible,Not Eligible
392,Fred Anderson,Not Eligible,Not Eligible
437,Fred Andrews,Not Eligible,Not Eligible
451,Fred Andrus,Not Eligible,Not Eligible
479,Fred Applegate,Not Eligible,Not Eligible
496,Fred Archer,Not Eligible,Not Eligible
685,Fred Baczewski,Not Eligible,Not Eligible
724,Fred Bailey,Not Eligible,Not Eligible
1174,Fred Beck,Not Eligible,Not Eligible
1209,Fred Beebe,Not Eligible,Not Eligible
1218,Fred Beene,Not Eligible,Not Eligible
1329,Fred Bennett,Not Eligible,Not Eligible
1439,Fred Besana,Not Eligible,Not Eligible
1590,Fred Blackwell,Not Eligible,Not Eligible
1626,Fred Blanding,Not Eligible,Not Eligible
1629,Fred Blank,Not Eligible,Not Eligible
1982,Fred Bradley,Not Eligible,Not Eligible
2018,Fred Brainard,Not Eligible,Not Eligible
2051,Fred Bratschi,Not Eligible,Not Eligible
2080,Fred Breining,Not Eligible,Not Eligible
2124,Fred Brickell,Not Eligible,Not Eligible
2264,Fred Brown,Not Eligible,Not Eligible
2344,Fred Bruckbauer,Not Eligible,Not Eligible
2409,Fred Buckingham,Not Eligible,Not Eligible
2468,Fred Burchell,Not Eligible,Not Eligible
2740,Fred Caligiuri,Not Eligible,Not Eligible
2772,Fred Cambria,Not Eligible,Not Eligible
2911,Fred Carisch,Not Eligible,Not Eligible
2912,Fred Carl,Not Eligible,Not Eligible
2986,Fred Carroll,Not Eligible,Not Eligible
3235,Fred Chapman,Not Eligible,Not Eligible
3452,Fred Clarke,Inducted,Inducted
3500,Fred Clement,Not Eligible,Not Eligible
3712,Fred Cone,Not Eligible,Not Eligible
3810,Fred Cooke,Not Eligible,Not Eligible
3884,Fred Corey,Not Eligible,Not Eligible
4033,Fred Crane,Not Eligible,Not Eligible
4105,Fred Crolius,Not Eligible,Not Eligible
4272,Fred Curtis,Not Eligible,Not Eligible
4696,Fred Demarais,Not Eligible,Not Eligible
4955,Fred Doe,Not Eligible,Not Eligible
5015,Fred Donovan,Not Eligible,Not Eligible
5242,Fred Dunlap,Not Inducted,Not Inducted
6291,Fred Frank,Not Eligible,Not Eligible
6293,Fred Frankhouse,Not Inducted,Not Inducted
6393,Fred Frink,Not Eligible,Not Eligible
6468,Fred Fussell,Not Eligible,Not Eligible
6500,Fred Gaiser,Not Eligible,Not Eligible
6974,Fred Gladding,Not Inducted,Not Inducted
6975,Fred Glade,Not Eligible,Not Eligible
7057,Fred Goldsmith,Not Eligible,Not Eligible
7248,Fred Graf,Not Eligible,Not Eligible
7341,Fred Green,Not Eligible,Not Eligible
7571,Fred Gunkle,Not Eligible,Not Eligible
7667,Fred Hahn,Not Eligible,Not Eligible
7796,Fred Hancock,Not Eligible,Not Eligible
7813,Fred Haney,Not Eligible,Not Eligible
8016,Fred Hartman,Not Eligible,Not Eligible
8062,Fred Hatfield,Not Eligible,Not Eligible
8117,Fred Hayner,Not Eligible,Not Eligible
8199,Fred Heimach,Not Inducted,Not Inducted
8329,Fred Herbert,Not Eligible,Not Eligible
8662,Fred Hoey,Not Eligible,Not Eligible
8689,Fred Hofmann,Not Eligible,Not Eligible
8720,Fred Holdsworth,Not Eligible,Not Eligible
8772,Fred Holmes,Not Eligible,Not Eligible
8869,Fred House,Not Eligible,Not Eligible
8902,Fred Howard,Not Eligible,Not Eligible
9118,Fred Hutchinson,Not Inducted,Not Inducted
9204,Fred Jacklitsch,Not Inducted,Not Inducted
9473,Fred Johnson,Not Eligible,Not Eligible
9545,Fred Johnston,Not Eligible,Not Eligible
9974,Fred Kendall,Not Inducted,Not Inducted
10047,Fred Ketchum,Not Eligible,Not Eligible
10160,Fred Kipp,Not Eligible,Not Eligible
10198,Fred Klages,Not Eligible,Not Eligible
10234,Fred Klobedanz,Not Eligible,Not Eligible
10345,Fred Kommers,Not Eligible,Not Eligible
10386,Fred Koster,Not Eligible,Not Eligible
10495,Fred Kuhaulua,Not Eligible,Not Eligible
10578,Fred Lake,Not Eligible,Not Eligible
10611,Fred Lamlein,Not Eligible,Not Eligible
10719,Fred Lasher,Not Eligible,Not Eligible
10808,Fred Lear,Not Eligible,Not Eligible
11011,Fred Lewis,Not Eligible,Not Eligible
11010,Fred Lewis,Not Eligible,Not Eligible
11052,Fred Liese,Not Eligible,Not Eligible
11108,Fred Link,Not Eligible,Not Eligible
11378,Fred Lucas,Not Eligible,Not Eligible
11394,Fred Luderus,Not Inducted,Not Inducted
11475,Fred Lynn,Not Inducted,Not Inducted
11743,Fred Mann,Not Eligible,Not Eligible
11763,Fred Manrique,Not Eligible,Not Eligible
11831,Fred Marolewski,Not Eligible,Not Eligible
11859,Fred Marsh,Not Eligible,Not Eligible
11911,Fred Martin,Not Eligible,Not Eligible
12106,Fred Mauer,Not Eligible,Not Eligible
12471,Fred McGriff,Inducted,Inducted
12600,Fred McMullin,Not Eligible,Not Eligible
12804,Fred Merkle,Not Inducted,Not Inducted
12961,Fred Miller,Not Eligible,Not Eligible
13107,Fred Mitchell,Not Eligible,Not Eligible
13166,Fred Mollenkamp,Not Eligible,Not Eligible
13878,Fred Newman,Not Eligible,Not Eligible
13912,Fred Nicholson,Not Eligible,Not Eligible
14016,Fred Norman,Not Inducted,Not Inducted
14284,Fred O'Neill,Not Eligible,Not Eligible
14155,Fred Odwell,Not Eligible,Not Eligible
14240,Fred Olmstead,Not Eligible,Not Eligible
14371,Fred Osborn,Not Eligible,Not Eligible
14375,Fred Osborne,Not Eligible,Not Eligible
14388,Fred Ostendorf,Not Eligible,Not Eligible
14725,Fred Payne,Not Eligible,Not Eligible
15021,Fred Pfeffer,Not Inducted,Not Inducted
15690,Fred Rath,Not Eligible,Not Eligible
15691,Fred Rath,Not Eligible,Not Eligible
15721,Fred Raymer,Not Eligible,Not Eligible
15986,Fred Richards,Not Eligible,Not Eligible
16031,Fred Rico,Not Eligible,Not Eligible
16154,Fred Roat,Not Eligible,Not Eligible
16226,Fred Robinson,Not Eligible,Not Eligible
16870,Fred Sanford,Not Eligible,Not Eligible
17042,Fred Schemanske,Not Eligible,Not Eligible
17051,Fred Scherman,Not Eligible,Not Eligible
17154,Fred Schulte,Not Inducted,Not Inducted
17507,Fred Sherry,Not Eligible,Not Eligible
17599,Fred Siefke,Not Eligible,Not Eligible
17600,Fred Siegel,Not Eligible,Not Eligible
17677,Fred Sington,Not Eligible,Not Eligible
17846,Fred Smith,Not Eligible,Not Eligible
17848,Fred Smith,Not Eligible,Not Eligible
17847,Fred Smith,Not Eligible,Not Eligible
17984,Fred Snodgrass,Not Eligible,Not Eligible
18252,Fred Stanley,Not Inducted,Not Inducted
18336,Fred Stem,Not Eligible,Not Eligible
18416,Fred Stiely,Not Eligible,Not Eligible
18802,Fred Talbot,Not Eligible,Not Eligible
18857,Fred Tauby,Not Eligible,Not Eligible
18895,Fred Taylor,Not Eligible,Not Eligible
18966,Fred Tenney,Not Eligible,Not Eligible
18967,Fred Tenney,Not Inducted,Not Inducted
19054,Fred Thomas,Not Eligible,Not Eligible
19053,Fred Thomas,Not Eligible,Not Eligible
19257,Fred Toney,Not Inducted,Not Inducted
19335,Fred Trautman,Not Eligible,Not Eligible
19345,Fred Treacey,Not Eligible,Not Eligible
19396,Fred Truax,Not Eligible,Not Eligible
19472,Fred Tyler,Not Eligible,Not Eligible
19510,Fred Underwood,Not Eligible,Not Eligible
19594,Fred Valentine,Not Eligible,Not Eligible
19619,Fred Van Dusen,Not Eligible,Not Eligible
19687,Fred Vaughn,Not Eligible,Not Eligible
19913,Fred Walden,Not Eligible,Not Eligible
20033,Fred Walters,Not Eligible,Not Eligible
20089,Fred Warner,Not Eligible,Not Eligible
20130,Fred Waterman,Not Eligible,Not Eligible
20133,Fred Waters,Not Eligible,Not Eligible
20306,Fred Wenz,Not Eligible,Not Eligible
20460,Fred Whitfield,Not Eligible,Not Eligible
20510,Fred Wigington,Not Eligible,Not Eligible
20585,Fred Williams,Not Eligible,Not Eligible
20761,Fred Winchell,Not Eligible,Not Eligible
20887,Fred Wood,Not Eligible,Not Eligible
20915,Fred Woodcock,Not Eligible,Not Eligible
20948,Fred Worden,Not Eligible,Not Eligible
21180,Fred Zahner,Not Eligible,Not Eligible
1303,Freddie Benavides,Not Eligible,Not Eligible
2470,Freddie Burdette,Not Eligible,Not Eligible
2660,Freddie Bynum,Not Eligible,Not Eligible
6043,Freddie Fitzsimmons,Not Inducted,Not Inducted
6330,Freddie Freeman,Not Eligible,Not Eligible
11102,Freddie Lindstrom,Not Inducted,Inducted
11623,Freddie Maguire,Not Eligible,Not Eligible
11956,Freddie Martinez,Not Eligible,Not Eligible
13177,Freddie Moncewicz,Not Eligible,Not Eligible
13527,Freddie Muller,Not Eligible,Not Eligible
14659,Freddie Patek,Not Inducted,Not Inducted
19234,Freddie Toliver,Not Eligible,Not Eligible
19715,Freddie Velazquez,Not Eligible,Not Eligible
4972,Freddy Dolsi,Not Eligible,Not Eligible
5860,Freddy Fermin,Not Eligible,Not Eligible
6547,Freddy Galvis,Not Eligible,Not Eligible
6600,Freddy Garcia,Not Eligible,Not Eligible
6601,Freddy Garcia,Not Inducted,Not Inducted
7601,Freddy Guzman,Not Eligible,Not Eligible
10796,Freddy Leach,Not Inducted,Not Inducted
14571,Freddy Parent,Not Inducted,Not Inducted
14850,Freddy Peralta,Not Eligible,Not Eligible
16295,Freddy Rodriguez,Not Eligible,Not Eligible
16768,Freddy Sale,Not Eligible,Not Eligible
16820,Freddy Sanchez,Not Inducted,Not Inducted
16861,Freddy Sandoval,Not Eligible,Not Eligible
17089,Freddy Schmidt,Not Eligible,Not Eligible
18193,Freddy Spurgeon,Not Eligible,Not Eligible
18829,Freddy Tarnok,Not Eligible,Not Eligible
1698,Frederick Boardman,Not Eligible,Not Eligible
5439,Frederick Ehlen,Not Eligible,Not Eligible
5800,Frederick Fass,Not Eligible,Not Eligible
7116,Fredi Gonzalez,Not Eligible,Not Eligible
2265,Freeman Brown,Not Eligible,Not Eligible
1825,Frenchy Bordagaray,Not Inducted,Not Inducted
19492,Frenchy Uhalt,Not Eligible,Not Eligible
19097,Fresco Thompson,Not Eligible,Not Eligible
55,Fritz Ackley,Not Eligible,Not Eligible
2125,Fritz Brickell,Not Eligible,Not Eligible
2427,Fritz Buelow,Not Eligible,Not Eligible
3479,Fritz Clausen,Not Eligible,Not Eligible
3958,Fritz Coumbe,Not Eligible,Not Eligible
5031,Fritz Dorish,Not Inducted,Not Inducted
6002,Fritz Fisher,Not Eligible,Not Eligible
8296,Fritz Henrich,Not Eligible,Not Eligible
10284,Fritz Knothe,Not Eligible,Not Eligible
11666,Fritz Maisel,Not Eligible,Not Eligible
13167,Fritz Mollwitz,Not Eligible,Not Eligible
14392,Fritz Ostermueller,Not Inducted,Not Inducted
14982,Fritz Peterson,Not Inducted,Not Inducted
17028,Fritz Scheeren,Not Eligible,Not Eligible
19836,Fritz Von Kolnitz,Not Eligible,Not Eligible
3731,Fritzie Connally,Not Eligible,Not Eligible
19055,Frosty Thomas,Not Eligible,Not Eligible
13891,Fu-Te Ni,Not Eligible,Not Eligible
19098,Fuller Thompson,Not Eligible,Not Eligible
20418,Fuzz White,Not Eligible,Not Eligible
8019,Gabby Hartnett,Not Inducted,Inducted
18519,Gabby Street,Not Eligible,Not Eligible
329,Gabe Alvarez,Not Eligible,Not Eligible
6474,Gabe Gabler,Not Eligible,Not Eligible
7117,Gabe Gonzalez,Not Eligible,Not Eligible
7478,Gabe Gross,Not Eligible,Not Eligible
9794,Gabe Kapler,Not Inducted,Not Inducted
10235,Gabe Klobosits,Not Eligible,Not Eligible
13157,Gabe Molina,Not Eligible,Not Eligible
14699,Gabe Paul,Not Eligible,Not Eligible
18123,Gabe Speier,Not Eligible,Not Eligible
20419,Gabe White,Not Inducted,Not Inducted
514,Gabriel Arias,Not Eligible,Not Eligible
7528,Gabriel Guerrero,Not Eligible,Not Eligible
13340,Gabriel Moreno,Not Eligible,Not Eligible
13490,Gabriel Moya,Not Eligible,Not Eligible
21086,Gabriel Ynoa,Not Eligible,Not Eligible
16821,Gaby Sanchez,Not Eligible,Not Eligible
7948,Gail Harris,Not Eligible,Not Eligible
8283,Gail Henley,Not Eligible,Not Eligible
8818,Gail Hopkins,Not Eligible,Not Eligible
269,Gair Allie,Not Eligible,Not Eligible
18220,Gale Staley,Not Eligible,Not Eligible
19863,Gale Wade,Not Eligible,Not Eligible
3383,Galen Cisco,Not Eligible,Not Eligible
5972,Gar Finnvold,Not Eligible,Not Eligible
9162,Garey Ingram,Not Eligible,Not Eligible
3154,Garin Cecchini,Not Eligible,Not Eligible
2058,Garland Braxton,Not Inducted,Not Inducted
2408,Garland Buckeye,Not Eligible,Not Eligible
10184,Garland Kiser,Not Eligible,Not Eligible
10758,Garland Lawing,Not Eligible,Not Eligible
17525,Garland Shifflett,Not Eligible,Not Eligible
393,Garret Anderson,Not Inducted,Not Inducted
63,Garrett Acton,Not Eligible,Not Eligible
599,Garrett Atkins,Not Eligible,Not Eligible
3490,Garrett Cleavinger,Not Eligible,Not Eligible
3837,Garrett Cooper,Not Eligible,Not Eligible
4099,Garrett Crochet,Not Eligible,Not Eligible
7786,Garrett Hampson,Not Eligible,Not Eligible
8545,Garrett Hill,Not Eligible,Not Eligible
9603,Garrett Jones,Not Eligible,Not Eligible
13108,Garrett Mitchell,Not Eligible,Not Eligible
13132,Garrett Mock,Not Eligible,Not Eligible
14251,Garrett Olson,Not Eligible,Not Eligible
15987,Garrett Richards,Not Eligible,Not Eligible
18359,Garrett Stephenson,Not Eligible,Not Eligible
18566,Garrett Stubbs,Not Eligible,Not Eligible
20467,Garrett Whitlock,Not Eligible,Not Eligible
7797,Garry Hancock,Not Eligible,Not Eligible
8546,Garry Hill,Not Eligible,Not Eligible
9382,Garry Jestadt,Not Eligible,Not Eligible
11579,Garry Maddox,Not Inducted,Not Inducted
16379,Garry Roggenburk,Not Eligible,Not Eligible
18959,Garry Templeton,Not Inducted,Not Inducted
9169,Garth Iorg,Not Eligible,Not Eligible
11744,Garth Mann,Not Eligible,Not Eligible
4659,Garton Del Savio,Not Eligible,Not Eligible
305,Garvin Alston,Not Eligible,Not Eligible
7783,Garvin Hamner,Not Eligible,Not Eligible
206,Gary Alexander,Not Eligible,Not Eligible
265,Gary Allenson,Not Eligible,Not Eligible
1147,Gary Beare,Not Eligible,Not Eligible
1256,Gary Bell,Not Inducted,Not Inducted
1330,Gary Bennett,Not Inducted,Not Inducted
1651,Gary Blaylock,Not Eligible,Not Eligible
1938,Gary Boyd,Not Eligible,Not Eligible
2266,Gary Brown,Not Eligible,Not Eligible
2406,Gary Buckels,Not Eligible,Not Eligible
3006,Gary Carter,Inducted,Inducted
3338,Gary Christenson,Not Eligible,Not Eligible
3838,Gary Cooper,Not Eligible,Not Eligible
3839,Gary Cooper,Not Eligible,Not Eligible
4916,Gary Disarcina,Not Inducted,Not Inducted
5048,Gary Dotter,Not Eligible,Not Eligible
5364,Gary Eave,Not Eligible,Not Eligible
6205,Gary Fortune,Not Eligible,Not Eligible
6482,Gary Gaetti,Inducted,Not Inducted
6760,Gary Geiger,Not Inducted,Not Inducted
6776,Gary Gentry,Not Eligible,Not Eligible
7018,Gary Glover,Not Eligible,Not Eligible
7314,Gary Gray,Not Eligible,Not Eligible
7342,Gary Green,Not Eligible,Not Eligible
7884,Gary Hargis,Not Eligible,Not Eligible
8076,Gary Haught,Not Eligible,Not Eligible
8734,Gary Holle,Not Eligible,Not Eligible
8762,Gary Holman,Not Eligible,Not Eligible
9145,Gary Ignasiak,Not Eligible,Not Eligible
9474,Gary Johnson,Not Eligible,Not Eligible
9604,Gary Jones,Not Eligible,Not Eligible
10289,Gary Knotts,Not Eligible,Not Eligible
10335,Gary Kolb,Not Eligible,Not Eligible
10458,Gary Kroll,Not Eligible,Not Eligible
10620,Gary Lance,Not Eligible,Not Eligible
10749,Gary Lavelle,Not Inducted,Not Inducted
11379,Gary Lucas,Not Eligible,Not Eligible
11669,Gary Majewski,Not Eligible,Not Eligible
11996,Gary Martz,Not Eligible,Not Eligible
12080,Gary Matthews,Not Inducted,Not Inducted
12079,Gary Matthews,Not Inducted,Not Inducted
12895,Gary Mielke,Not Eligible,Not Eligible
13261,Gary Moore,Not Eligible,Not Eligible
13797,Gary Neibauer,Not Eligible,Not Eligible
13991,Gary Nolan,Not Inducted,Not Inducted
14962,Gary Peters,Not Inducted,Not Inducted
15006,Gary Pettis,Not Inducted,Not Inducted
15589,Gary Rajsich,Not Eligible,Not Eligible
15692,Gary Rath,Not Eligible,Not Eligible
15765,Gary Redus,Not Inducted,Not Inducted
16346,Gary Roenicke,Not Inducted,Not Inducted
16528,Gary Ross,Not Inducted,Not Inducted
16712,Gary Ryerson,Not Eligible,Not Eligible
16822,Gary Sanchez,Not Eligible,Not Eligible
17217,Gary Scott,Not Eligible,Not Eligible
17338,Gary Serum,Not Eligible,Not Eligible
17464,Gary Sheffield,Inducted,Not Inducted
18690,Gary Sutherland,Not Inducted,Not Inducted
18896,Gary Taylor,Not Eligible,Not Eligible
19082,Gary Thomasson,Not Eligible,Not Eligible
19164,Gary Thurman,Not Eligible,Not Eligible
19190,Gary Timberlake,Not Eligible,Not Eligible
19411,Gary Tuck,Not Eligible,Not Eligible
19667,Gary Varsho,Not Eligible,Not Eligible
19880,Gary Wagner,Not Eligible,Not Eligible
20065,Gary Ward,Not Inducted,Not Inducted
20126,Gary Waslewski,Not Eligible,Not Eligible
20168,Gary Wayne,Not Eligible,Not Eligible
20249,Gary Weiss,Not Eligible,Not Eligible
20380,Gary Wheelock,Not Eligible,Not Eligible
20702,Gary Wilson,Not Eligible,Not Eligible
20701,Gary Wilson,Not Eligible,Not Eligible
20700,Gary Wilson,Not Eligible,Not Eligible
20927,Gary Woods,Not Eligible,Not Eligible
18430,Gat Stires,Not Eligible,Not Eligible
2267,Gates Brown,Not Inducted,Not Inducted
3155,Gavin Cecchini,Not Eligible,Not Eligible
6124,Gavin Floyd,Not Inducted,Not Inducted
8754,Gavin Hollowell,Not Eligible,Not Eligible
11454,Gavin Lux,Not Eligible,Not Eligible
17462,Gavin Sheets,Not Eligible,Not Eligible
18454,Gavin Stone,Not Eligible,Not Eligible
20586,Gavin Williams,Not Eligible,Not Eligible
4036,Gavvy Cravath,Not Inducted,Not Inducted
15191,Gaylen Pitts,Not Eligible,Not Eligible
14941,Gaylord Perry,Inducted,Inducted
19936,Gee Walker,Not Inducted,Not Inducted
267,Gene Alley,Not Inducted,Not Inducted
637,Gene Autry,Not Eligible,Not Eligible
708,Gene Bagley,Not Eligible,Not Eligible
725,Gene Bailey,Not Eligible,Not Eligible
761,Gene Baker,Not Eligible,Not Eligible
1146,Gene Bearden,Not Eligible,Not Eligible
1202,Gene Bedford,Not Eligible,Not Eligible
1958,Gene Brabender,Not Eligible,Not Eligible
3525,Gene Clines,Not Inducted,Not Inducted
3564,Gene Cocreham,Not Eligible,Not Eligible
3726,Gene Conley,Not Inducted,Not Inducted
3736,Gene Connell,Not Eligible,Not Eligible
3854,Gene Corbett,Not Eligible,Not Eligible
4174,Gene Crumling,Not Eligible,Not Eligible
4273,Gene Curtis,Not Eligible,Not Eligible
4322,Gene Dale,Not Eligible,Not Eligible
4710,Gene DeMontreville,Not Inducted,Not Inducted
4739,Gene Derby,Not Eligible,Not Eligible
4752,Gene Desautels,Not Inducted,Not Inducted
5485,Gene Elliott,Not Eligible,Not Eligible
6137,Gene Fodge,Not Eligible,Not Eligible
6175,Gene Ford,Not Eligible,Not Eligible
6176,Gene Ford,Not Eligible,Not Eligible
6345,Gene Freese,Not Inducted,Not Inducted
6578,Gene Garber,Not Inducted,Not Inducted
7149,Gene Good,Not Eligible,Not Eligible
7343,Gene Green,Not Eligible,Not Eligible
7807,Gene Handley,Not Eligible,Not Eligible
7949,Gene Harris,Not Eligible,Not Eligible
8053,Gene Hasson,Not Eligible,Not Eligible
8102,Gene Hayden,Not Eligible,Not Eligible
8344,Gene Hermanski,Not Eligible,Not Eligible
8612,Gene Hiser,Not Eligible,Not Eligible
8855,Gene Host,Not Eligible,Not Eligible
10100,Gene Kimball,Not Eligible,Not Eligible
10141,Gene Kingsale,Not Eligible,Not Eligible
10414,Gene Krapp,Not Eligible,Not Eligible
10468,Gene Krug,Not Eligible,Not Eligible
10604,Gene Lambert,Not Eligible,Not Eligible
10612,Gene Lamont,Not Eligible,Not Eligible
10675,Gene Lansing,Not Eligible,Not Eligible
10692,Gene Larkin,Not Eligible,Not Eligible
10782,Gene Layden,Not Eligible,Not Eligible
10868,Gene Leek,Not Eligible,Not Eligible
11056,Gene Lillard,Not Eligible,Not Eligible
11194,Gene Locklear,Not Eligible,Not Eligible
11568,Gene Madden,Not Eligible,Not Eligible
11821,Gene Markland,Not Eligible,Not Eligible
11912,Gene Martin,Not Eligible,Not Eligible
12104,Gene Mauch,Not Eligible,Not Eligible
12198,Gene McAuliffe,Not Eligible,Not Eligible
12235,Gene McCann,Not Eligible,Not Eligible
12878,Gene Michael,Not Inducted,Not Inducted
13263,Gene Moore,Not Inducted,Not Inducted
13262,Gene Moore,Not Eligible,Not Eligible
13372,Gene Moriarty,Not Eligible,Not Eligible
13816,Gene Nelson,Not Inducted,Not Inducted
14225,Gene Oliver,Not Inducted,Not Inducted
14483,Gene Packard,Not Eligible,Not Eligible
14694,Gene Patton,Not Eligible,Not Eligible
14705,Gene Paulette,Not Eligible,Not Eligible
14838,Gene Pentz,Not Eligible,Not Eligible
15694,Gene Ratliff,Not Eligible,Not Eligible
15988,Gene Richards,Not Eligible,Not Eligible
16195,Gene Robertson,Not Eligible,Not Eligible
16458,Gene Roof,Not Eligible,Not Eligible
16554,Gene Rounsaville,Not Eligible,Not Eligible
16711,Gene Rye,Not Eligible,Not Eligible
17010,Gene Schall,Not Eligible,Not Eligible
17126,Gene Schott,Not Eligible,Not Eligible
18004,Gene Snyder,Not Eligible,Not Eligible
18297,Gene Stechschulte,Not Eligible,Not Eligible
18310,Gene Steere,Not Eligible,Not Eligible
18325,Gene Steinbrenner,Not Eligible,Not Eligible
18351,Gene Stephens,Not Inducted,Not Inducted
18455,Gene Stone,Not Eligible,Not Eligible
18961,Gene Tenace,Not Inducted,Not Inducted
19099,Gene Thompson,Not Eligible,Not Eligible
19553,Gene Vadeboncoeur,Not Eligible,Not Eligible
19738,Gene Verble,Not Eligible,Not Eligible
20028,Gene Walter,Not Eligible,Not Eligible
20914,Gene Woodburn,Not Eligible,Not Eligible
20920,Gene Woodling,Not Inducted,Not Inducted
20982,Gene Wright,Not Eligible,Not Eligible
4157,General Crowder,Not Inducted,Not Inducted
2693,Genesis Cabrera,Not Eligible,Not Eligible
5624,Geno Espineli,Not Eligible,Not Eligible
14995,Geno Petralli,Not Inducted,Not Inducted
1691,Geoff Blum,Not Inducted,Not Inducted
3688,Geoff Combe,Not Eligible,Not Eligible
6741,Geoff Geary,Not Eligible,Not Eligible
8013,Geoff Hartlieb,Not Eligible,Not Eligible
9356,Geoff Jenkins,Not Inducted,Not Inducted
21179,Geoff Zahn,Not Inducted,Not Inducted
34,George Abrams,Not Eligible,Not Eligible
88,George Adams,Not Eligible,Not Eligible
157,George Aiton,Not Eligible,Not Eligible
314,George Altman,Not Eligible,Not Eligible
319,George Alusik,Not Eligible,Not Eligible
394,George Anderson,Not Eligible,Not Eligible
499,George Archie,Not Eligible,Not Eligible
515,George Arias,Not Eligible,Not Eligible
531,George Armstrong,Not Eligible,Not Eligible
762,George Baker,Not Eligible,Not Eligible
822,George Bamberger,Not Eligible,Not Eligible
838,George Banks,Not Eligible,Not Eligible
873,George Barclay,Not Eligible,Not Eligible
944,George Barnicle,Not Eligible,Not Eligible
1069,George Batten,Not Eligible,Not Eligible
1093,George Baumgardner,Not Eligible,Not Eligible
1099,George Bausewine,Not Eligible,Not Eligible
1167,George Bechtel,Not Eligible,Not Eligible
1175,George Beck,Not Eligible,Not Eligible
1258,George Bell,Not Eligible,Not Eligible
1257,George Bell,Not Inducted,Not Inducted
1510,George Bignell,Not Eligible,Not Eligible
1524,George Binks,Not Eligible,Not Eligible
1529,George Bird,Not Eligible,Not Eligible
1563,George Bjorkman,Not Eligible,Not Eligible
1580,George Blackburn,Not Eligible,Not Eligible
1586,George Blackerby,Not Eligible,Not Eligible
1594,George Blaeholder,Not Inducted,Not Inducted
1713,George Boehler,Not Eligible,Not Eligible
1774,George Bone,Not Eligible,Not Eligible
1809,George Boone,Not Eligible,Not Eligible
1824,George Borchers,Not Eligible,Not Eligible
1983,George Bradley,Not Inducted,Not Inducted
1984,George Bradley,Not Eligible,Not Eligible
1998,George Bradshaw,Not Eligible,Not Eligible
2104,George Brett,Inducted,Inducted
2126,George Brickley,Not Eligible,Not Eligible
2162,George Bristow,Not Eligible,Not Eligible
2327,George Browne,Not Inducted,Not Inducted
2365,George Brunet,Not Inducted,Not Inducted
2382,George Bryant,Not Eligible,Not Eligible
2443,George Bullard,Not Eligible,Not Eligible
2542,George Burns,Not Inducted,Not Inducted
2543,George Burns,Not Inducted,Not Inducted
2557,George Burpo,Not Eligible,Not Eligible
2724,George Caithamer,Not Eligible,Not Eligible
2834,George Canale,Not Eligible,Not Eligible
2877,George Cappuzzello,Not Eligible,Not Eligible
2901,George Carey,Not Eligible,Not Eligible
2934,George Carman,Not Eligible,Not Eligible
3032,George Case,Not Inducted,Not Inducted
3069,George Caster,Not Inducted,Not Inducted
3198,George Chalmers,Not Eligible,Not Eligible
3382,George Cisar,Not Eligible,Not Eligible
3420,George Clark,Not Eligible,Not Eligible
3551,George Cobb,Not Eligible,Not Eligible
3557,George Cochran,Not Eligible,Not Eligible
3572,George Coffman,Not Eligible,Not Eligible
3993,George Cox,Not Eligible,Not Eligible
4010,George Crable,Not Eligible,Not Eligible
4019,George Craig,Not Eligible,Not Eligible
4044,George Crawford,Not Eligible,Not Eligible
4058,George Creamer,Not Eligible,Not Eligible
4130,George Crosby,Not Eligible,Not Eligible
4158,George Crowe,Not Eligible,Not Eligible
4233,George Culver,Not Eligible,Not Eligible
4248,George Cunningham,Not Eligible,Not Eligible
4253,George Cuppy,Not Inducted,Not Inducted
4262,George Curry,Not Eligible,Not Eligible
4291,George Cutshaw,Not Inducted,Not Inducted
4318,George Daisy,Not Eligible,Not Eligible
4341,George Daly,Not Eligible,Not Eligible
4380,George Darby,Not Eligible,Not Eligible
4397,George Darrow,Not Eligible,Not Eligible
4444,George Davies,Not Eligible,Not Eligible
4471,George Davis,Not Eligible,Not Eligible
4472,George Davis,Inducted,Inducted
4617,George Decker,Not Eligible,Not Eligible
4740,George Derby,Not Eligible,Not Eligible
4767,George Detore,Not Eligible,Not Eligible
4847,George Dickerson,Not Eligible,Not Eligible
4849,George Dickey,Not Eligible,Not Eligible
4863,George Diehl,Not Eligible,Not Eligible
4917,George Disch,Not Eligible,Not Eligible
4921,George Distel,Not Eligible,Not Eligible
4947,George Dockins,Not Eligible,Not Eligible
5218,George Dumont,Not Eligible,Not Eligible
5245,George Dunlop,Not Eligible,Not Eligible
5292,George Durning,Not Eligible,Not Eligible
5341,George Earnshaw,Not Eligible,Not Eligible
5402,George Edmondson,Not Eligible,Not Eligible
5464,George Elder,Not Eligible,Not Eligible
5506,George Ellison,Not Eligible,Not Eligible
5559,George Enright,Not Eligible,Not Eligible
5646,George Estock,Not Eligible,Not Eligible
5702,George Ewell,Not Eligible,Not Eligible
5712,George Eyrich,Not Eligible,Not Eligible
5733,George Fair,Not Eligible,Not Eligible
5750,George Fallon,Not Eligible,Not Eligible
5922,George Fields,Not Eligible,Not Eligible
6003,George Fisher,Not Eligible,Not Eligible
6004,George Fisher,Not Eligible,Not Eligible
6083,George Fletcher,Not Eligible,Not Eligible
6131,George Flynn,Not Eligible,Not Eligible
6208,George Foss,Not Eligible,Not Eligible
6219,George Foster,Not Inducted,Not Inducted
6253,George Fox,Not Eligible,Not Eligible
6309,George Frazer,Not Eligible,Not Eligible
6311,George Frazier,Not Inducted,Not Inducted
6312,George Frazier,Not Eligible,Not Eligible
6346,George Freese,Not Eligible,Not Eligible
6734,George Gaw,Not Eligible,Not Eligible
6772,George Genovese,Not Eligible,Not Eligible
6793,George Gerberman,Not Eligible,Not Eligible
6799,George Gerken,Not Eligible,Not Eligible
6851,George Gibson,Not Inducted,Not Inducted
6861,George Gick,Not Eligible,Not Eligible
6904,George Gilham,Not Eligible,Not Eligible
6909,George Gill,Not Eligible,Not Eligible
6934,George Gillpatrick,Not Eligible,Not Eligible
7014,George Glinatsis,Not Eligible,Not Eligible
7039,George Goetz,Not Eligible,Not Eligible
7187,George Gore,Inducted,Not Inducted
7286,George Grant,Not Eligible,Not Eligible
7292,George Grantham,Not Inducted,Not Inducted
7473,George Grosart,Not Eligible,Not Eligible
7640,George Haddock,Not Eligible,Not Eligible
7683,George Halas,Not Eligible,Not Eligible
7690,George Hale,Not Eligible,Not Eligible
7715,George Hall,Not Eligible,Not Eligible
7907,George Harper,Not Inducted,Not Inducted
7908,George Harper,Not Eligible,Not Eligible
8083,George Hausmann,Not Eligible,Not Eligible
8240,George Hemming,Not Eligible,Not Eligible
8263,George Hendrick,Not Inducted,Not Inducted
8289,George Hennessey,Not Eligible,Not Eligible
8309,George Henry,Not Eligible,Not Eligible
8459,George Hesselbacher,Not Eligible,Not Eligible
8468,George Heubel,Not Eligible,Not Eligible
8529,George Hildebrand,Not Eligible,Not Eligible
8601,George Hinshaw,Not Eligible,Not Eligible
8636,George Hockette,Not Eligible,Not Eligible
8654,George Hodson,Not Eligible,Not Eligible
8691,George Hogan,Not Eligible,Not Eligible
8701,George Hogreiver,Not Eligible,Not Eligible
8991,George Huff,Not Eligible,Not Eligible
9076,George Hunter,Not Eligible,Not Eligible
9221,George Jackson,Not Eligible,Not Eligible
9338,George Jeffcoat,Not Eligible,Not Eligible
9475,George Johnson,Not Eligible,Not Eligible
9712,George Joyce,Not Eligible,Not Eligible
9731,George Jumonville,Not Eligible,Not Eligible
9760,George Kahler,Not Eligible,Not Eligible
9770,George Kaiserling,Not Eligible,Not Eligible
9861,George Keefe,Not Eligible,Not Eligible
9877,George Keerl,Not Eligible,Not Eligible
9889,George Kelb,Not Eligible,Not Eligible
9892,George Kell,Inducted,Inducted
9933,George Kelly,Not Inducted,Inducted
10030,George Kernek,Not Eligible,Not Eligible
10165,George Kirby,Not Eligible,Not Eligible
10267,George Knight,Not Eligible,Not Eligible
10285,George Knothe,Not Eligible,Not Eligible
10354,George Kontos,Not Eligible,Not Eligible
10362,George Kopacz,Not Eligible,Not Eligible
10370,George Kopshaw,Not Eligible,Not Eligible
10374,George Korince,Not Eligible,Not Eligible
10390,George Kottaras,Not Eligible,Not Eligible
10539,George LaChance,Not Inducted,Not Inducted
10743,George Lauzerique,Not Eligible,Not Eligible
10822,George LeClair,Not Eligible,Not Eligible
10870,George Lees,Not Eligible,Not Eligible
10912,George Leitner,Not Eligible,Not Eligible
10970,George Lerchen,Not Eligible,Not Eligible
11204,George Loepp,Not Eligible,Not Eligible
11233,George Lombard,Not Eligible,Not Eligible
11353,George Lowe,Not Eligible,Not Eligible
11618,George Magoon,Not Eligible,Not Eligible
11667,George Maisel,Not Eligible,Not Eligible
11737,George Mangus,Not Eligible,Not Eligible
11791,George Mappes,Not Eligible,Not Eligible
12199,George McAvoy,Not Eligible,Not Eligible
12209,George McBride,Not Inducted,Not Inducted
12296,George McConnell,Not Eligible,Not Eligible
12584,George McManus,Not Eligible,Not Eligible
12591,George McMillan,Not Eligible,Not Eligible
12611,George McNamara,Not Eligible,Not Eligible
12638,George McQuillan,Not Inducted,Not Inducted
12641,George McQuinn,Not Inducted,Not Inducted
12655,George McVey,Not Eligible,Not Eligible
12671,George Meakim,Not Eligible,Not Eligible
12714,George Meister,Not Eligible,Not Eligible
12813,George Merritt,Not Eligible,Not Eligible
12842,George Metkovich,Not Inducted,Not Inducted
12862,George Meyer,Not Eligible,Not Eligible
12871,George Meyers,Not Eligible,Not Eligible
12963,George Miller,Not Inducted,Not Inducted
12962,George Miller,Not Eligible,Not Eligible
13058,George Milstead,Not Eligible,Not Eligible
13122,George Mitterwald,Not Inducted,Not Inducted
13144,George Mogridge,Not Inducted,Not Inducted
13146,George Mohart,Not Eligible,Not Eligible
13230,George Moolic,Not Eligible,Not Eligible
13373,George Moriarty,Not Inducted,Not Inducted
13534,George Mullin,Inducted,Not Inducted
13551,George Mundinger,Not Eligible,Not Eligible
13646,George Murray,Not Eligible,Not Eligible
13681,George Myatt,Not Eligible,Not Eligible
13690,George Myers,Not Eligible,Not Eligible
13865,George Newell,Not Eligible,Not Eligible
13919,George Nicol,Not Eligible,Not Eligible
13957,George Nill,Not Eligible,Not Eligible
13985,George Noftsker,Not Eligible,Not Eligible
14103,George O'Brien,Not Eligible,Not Eligible
14147,George O'Donnell,Not Eligible,Not Eligible
14315,George Orme,Not Eligible,Not Eligible
14673,George Patterson,Not Eligible,Not Eligible
14726,George Payne,Not Eligible,Not Eligible
14730,George Paynter,Not Eligible,Not Eligible
14758,George Pechiney,Not Eligible,Not Eligible
14884,George Perez,Not Eligible,Not Eligible
14935,George Perring,Not Eligible,Not Eligible
15027,George Pfister,Not Eligible,Not Eligible
15115,George Pierce,Not Eligible,Not Eligible
15116,George Pierce,Not Eligible,Not Eligible
15141,George Piktuzis,Not Eligible,Not Eligible
15163,George Pinkney,Not Inducted,Not Inducted
15174,George Pipgras,Not Inducted,Not Inducted
15282,George Popplein,Not Eligible,Not Eligible
15384,George Prentiss,Not Eligible,Not Eligible
15425,George Proeser,Not Eligible,Not Eligible
15441,George Puccinelli,Not Eligible,Not Eligible
15498,George Quellich,Not Eligible,Not Eligible
15553,George Radbourn,Not Eligible,Not Eligible
15894,George Rettger,Not Eligible,Not Eligible
16069,George Riley,Not Eligible,Not Eligible
16383,George Rohe,Not Eligible,Not Eligible
16462,George Rooks,Not Eligible,Not Eligible
16529,George Ross,Not Eligible,Not Eligible
16975,George Scales,Not Eligible,Not Eligible
17020,George Scharein,Not Eligible,Not Eligible
17079,George Schmees,Not Eligible,Not Eligible
17218,George Scott,Not Inducted,Not Inducted
17219,George Scott,Not Eligible,Not Eligible
17303,George Selkirk,Not Eligible,Not Eligible
17355,George Seward,Not Eligible,Not Eligible
17409,George Sharrott,Not Eligible,Not Eligible
17449,George Shears,Not Eligible,Not Eligible
17505,George Sherrill,Not Eligible,Not Eligible
17549,George Shoch,Not Inducted,Not Inducted
17580,George Shuba,Not Eligible,Not Eligible
17691,George Sisler,Not Inducted,Inducted
17851,George Smith,Not Eligible,Not Eligible
17852,George Smith,Not Eligible,Not Eligible
17850,George Smith,Not Eligible,Not Eligible
17849,George Smith,Not Eligible,Not Eligible
18005,George Snyder,Not Eligible,Not Eligible
18061,George Soriano,Not Eligible,Not Eligible
18136,George Spencer,Not Eligible,Not Eligible
18179,George Spriggs,Not Eligible,Not Eligible
18184,George Springer,Not Eligible,Not Eligible
18204,George Stablein,Not Eligible,Not Eligible
18225,George Staller,Not Eligible,Not Eligible
18226,George Stallings,Not Eligible,Not Eligible
18274,George Starnagle,Not Eligible,Not Eligible
18326,George Steinbrenner,Not Eligible,Not Eligible
18457,George Stone,Not Eligible,Not Eligible
18456,George Stone,Not Eligible,Not Eligible
18486,George Stovall,Not Inducted,Not Inducted
18528,George Strickland,Not Inducted,Not Inducted
18534,George Strief,Not Eligible,Not Eligible
18569,George Stueland,Not Eligible,Not Eligible
18573,George Stultz,Not Eligible,Not Eligible
18577,George Stumpf,Not Eligible,Not Eligible
18587,George Stutz,Not Eligible,Not Eligible
18610,George Suggs,Not Eligible,Not Eligible
18679,George Susce,Not Eligible,Not Eligible
18680,George Susce,Not Eligible,Not Eligible
18897,George Taylor,Not Eligible,Not Eligible
18936,George Tebeau,Not Eligible,Not Eligible
19003,George Textor,Not Eligible,Not Eligible
19017,George Theodore,Not Eligible,Not Eligible
19056,George Thomas,Not Inducted,Not Inducted
19160,George Throop,Not Eligible,Not Eligible
19247,George Tomer,Not Eligible,Not Eligible
19265,George Toporcer,Not Eligible,Not Eligible
19312,George Townsend,Not Eligible,Not Eligible
19348,George Treadway,Not Eligible,Not Eligible
19362,George Trenwith,Not Eligible,Not Eligible
19405,George Tsamis,Not Eligible,Not Eligible
19434,George Turbeville,Not Eligible,Not Eligible
19470,George Twombly,Not Eligible,Not Eligible
19495,George Uhle,Not Inducted,Not Inducted
19503,George Ulrich,Not Eligible,Not Eligible
19625,George Van Haltren,Not Inducted,Not Inducted
19850,George Vukovich,Not Eligible,Not Eligible
2600,George W. Bush,Not Eligible,Not Eligible
19937,George Walker,Not Eligible,Not Eligible
20111,George Washburn,Not Eligible,Not Eligible
20119,George Washington,Not Eligible,Not Eligible
20140,George Watkins,Not Eligible,Not Eligible
20231,George Weidman,Not Eligible,Not Eligible
20250,George Weiss,Not Eligible,Not Eligible
20312,George Werley,Not Eligible,Not Eligible
20353,George Wetzell,Not Eligible,Not Eligible
20371,George Wheeler,Not Eligible,Not Eligible
20372,George Wheeler,Not Eligible,Not Eligible
20454,George Whiteman,Not Eligible,Not Eligible
20480,George Whitted,Not Inducted,Not Inducted
20587,George Williams,Not Eligible,Not Eligible
20588,George Williams,Not Eligible,Not Eligible
20703,George Wilson,Not Eligible,Not Eligible
20704,George Wilson,Not Eligible,Not Eligible
20781,George Winkelman,Not Eligible,Not Eligible
20784,George Winkleman,Not Eligible,Not Eligible
20788,George Winn,Not Eligible,Not Eligible
20797,George Winter,Not Eligible,Not Eligible
20888,George Wood,Not Inducted,Not Inducted
20916,George Woodend,Not Eligible,Not Eligible
20983,George Wright,Not Inducted,Inducted
20984,George Wright,Not Eligible,Not Eligible
21049,George Yankowski,Not Eligible,Not Eligible
21050,George Yantz,Not Eligible,Not Eligible
21065,George Yeager,Not Eligible,Not Eligible
21132,George Young,Not Eligible,Not Eligible
21176,George Zackert,Not Eligible,Not Eligible
21206,George Zeber,Not Eligible,Not Eligible
21217,George Zettlein,Not Eligible,Not Eligible
21222,George Ziegler,Not Eligible,Not Eligible
21268,George Zuverink,Not Eligible,Not Eligible
11793,Georges Maranda,Not Eligible,Not Eligible
18080,Geovany Soto,Not Inducted,Not Inducted
207,Gerald Alexander,Not Eligible,Not Eligible
10574,Gerald Laird,Not Inducted,Not Inducted
14942,Gerald Perry,Not Inducted,Not Inducted
20589,Gerald Williams,Not Inducted,Not Inducted
21133,Gerald Young,Not Eligible,Not Eligible
7602,Geraldo Guzman,Not Eligible,Not Eligible
14864,Geraldo Perdomo,Not Eligible,Not Eligible
11121,Gerard Lipscomb,Not Eligible,Not Eligible
3706,Gerardo Concepcion,Not Eligible,Not Eligible
14615,Gerardo Parra,Not Eligible,Not Eligible
15914,Gerardo Reyes,Not Eligible,Not Eligible
7118,Geremi Gonzalez,Not Eligible,Not Eligible
959,German Barranca,Not Eligible,Not Eligible
5272,German Duran,Not Eligible,Not Eligible
7119,German Gonzalez,Not Eligible,Not Eligible
9398,German Jimenez,Not Eligible,Not Eligible
11838,German Marquez,Not Eligible,Not Eligible
16121,German Rivera,Not Eligible,Not Eligible
16998,Germany Schaefer,Not Inducted,Not Inducted
17853,Germany Smith,Not Inducted,Not Inducted
1415,Geronimo Berroa,Not Inducted,Not Inducted
6872,Geronimo Gil,Not Eligible,Not Eligible
14796,Geronimo Pena,Not Eligible,Not Eligible
3604,Gerrit Cole,Not Eligible,Not Eligible
554,Gerry Arrigo,Not Inducted,Not Inducted
4473,Gerry Davis,Not Eligible,Not Eligible
7831,Gerry Hannahs,Not Eligible,Not Eligible
9301,Gerry Janeski,Not Eligible,Not Eligible
15180,Gerry Pirtle,Not Eligible,Not Eligible
17114,Gerry Schoen,Not Eligible,Not Eligible
17433,Gerry Shea,Not Eligible,Not Eligible
18221,Gerry Staley,Not Inducted,Not Inducted
1104,Gerson Bautista,Not Eligible,Not Eligible
6571,Gerson Garabito,Not Eligible,Not Eligible
18261,Giancarlo Stanton,Not Eligible,Not Eligible
1961,Gibby Brack,Not Eligible,Not Eligible
166,Gibson Alba,Not Eligible,Not Eligible
6650,Gid Gardner,Not Eligible,Not Eligible
13890,Gift Ngoepe,Not Eligible,Not Eligible
1619,Gil Blanco,Not Eligible,Not Eligible
2175,Gil Britton,Not Eligible,Not Eligible
3546,Gil Coan,Not Inducted,Not Inducted
5551,Gil English,Not Eligible,Not Eligible
6103,Gil Flores,Not Eligible,Not Eligible
6521,Gil Gallagher,Not Eligible,Not Eligible
6688,Gil Garrido,Not Eligible,Not Eligible
8063,Gil Hatfield,Not Eligible,Not Eligible
8332,Gil Heredia,Not Inducted,Not Inducted
8646,Gil Hodges,Inducted,Inducted
10486,Gil Kubski,Not Eligible,Not Eligible
12380,Gil McDougald,Not Inducted,Not Inducted
12677,Gil Meche,Not Inducted,Not Inducted
14674,Gil Patterson,Not Eligible,Not Eligible
14712,Gil Paulsen,Not Eligible,Not Eligible
15915,Gil Reyes,Not Eligible,Not Eligible
16453,Gil Rondon,Not Eligible,Not Eligible
19288,Gil Torres,Not Eligible,Not Eligible
19716,Gil Velazquez,Not Eligible,Not Eligible
20450,Gil Whitehouse,Not Eligible,Not Eligible
3169,Gilberto Celestino,Not Eligible,Not Eligible
2806,Gilly Campbell,Not Eligible,Not Eligible
1161,Ginger Beaumont,Not Inducted,Not Inducted
3421,Ginger Clark,Not Eligible,Not Eligible
17530,Ginger Shinault,Not Eligible,Not Eligible
3374,Gino Cimoli,Not Inducted,Not Inducted
13084,Gino Minutelli,Not Eligible,Not Eligible
7120,Gio Gonzalez,Not Eligible,Not Eligible
19545,Gio Urshela,Not Eligible,Not Eligible
7542,Giomar Guevara,Not Eligible,Not Eligible
2961,Giovanni Carrara,Not Inducted,Not Inducted
18081,Giovanni Soto,Not Eligible,Not Eligible
6531,Giovanny Gallegos,Not Eligible,Not Eligible
888,Glen Barker,Not Eligible,Not Eligible
3422,Glen Clark,Not Eligible,Not Eligible
3802,Glen Cook,Not Eligible,Not Eligible
7175,Glen Gorbous,Not Eligible,Not Eligible
8626,Glen Hobbie,Not Eligible,Not Eligible
13478,Glen Moulder,Not Eligible,Not Eligible
14924,Glen Perkins,Not Inducted,Not Inducted
18398,Glen Stewart,Not Eligible,Not Eligible
8547,Glenallen Hill,Not Inducted,Not Inducted
16645,Glendon Rusch,Not Inducted,Not Inducted
14,Glenn Abbott,Not Inducted,Not Inducted
89,Glenn Adams,Not Eligible,Not Eligible
1189,Glenn Beckert,Not Inducted,Not Inducted
1831,Glenn Borgmann,Not Eligible,Not Eligible
2015,Glenn Braggs,Not Eligible,Not Eligible
2359,Glenn Brummer,Not Eligible,Not Eligible
2500,Glenn Burke,Not Eligible,Not Eligible
3236,Glenn Chapman,Not Eligible,Not Eligible
3994,Glenn Cox,Not Eligible,Not Eligible
4045,Glenn Crawford,Not Eligible,Not Eligible
4474,Glenn Davis,Not Inducted,Not Inducted
4918,Glenn Dishman,Not Eligible,Not Eligible
5486,Glenn Elliott,Not Eligible,Not Eligible
6651,Glenn Gardner,Not Eligible,Not Eligible
7563,Glenn Gulliver,Not Eligible,Not Eligible
8672,Glenn Hoffman,Not Eligible,Not Eligible
8953,Glenn Hubbard,Not Inducted,Not Inducted
11050,Glenn Liebhardt,Not Eligible,Not Eligible
11049,Glenn Liebhardt,Not Eligible,Not Eligible
12640,Glenn McQuillen,Not Eligible,Not Eligible
12886,Glenn Mickens,Not Eligible,Not Eligible
13647,Glenn Murray,Not Eligible,Not Eligible
13682,Glenn Myatt,Not Inducted,Not Inducted
14425,Glenn Otto,Not Eligible,Not Eligible
15758,Glenn Redmon,Not Eligible,Not Eligible
18106,Glenn Sparkman,Not Eligible,Not Eligible
18137,Glenn Spencer,Not Eligible,Not Eligible
18693,Glenn Sutko,Not Eligible,Not Eligible
19681,Glenn Vaughan,Not Eligible,Not Eligible
20590,Glenn Williams,Not Eligible,Not Eligible
20705,Glenn Wilson,Not Inducted,Not Inducted
20985,Glenn Wright,Not Inducted,Not Inducted
19289,Gleyber Torres,Not Eligible,Not Eligible
395,Goat Anderson,Not Eligible,Not Eligible
3558,Goat Cochran,Not Eligible,Not Eligible
15677,Goldie Rapp,Not Eligible,Not Eligible
8642,Gomer Hodge,Not Eligible,Not Eligible
6808,Gonzalez Germen,Not Eligible,Not Eligible
11839,Gonzalo Marquez,Not Eligible,Not Eligible
16504,Goody Rosen,Not Eligible,Not Eligible
7211,Goose Goslin,Not Inducted,Inducted
8596,Gordie Hinkle,Not Eligible,Not Eligible
13503,Gordie Mueller,Not Eligible,Not Eligible
15197,Gordie Pladson,Not Eligible,Not Eligible
15998,Gordie Richardson,Not Eligible,Not Eligible
18670,Gordie Sundin,Not Eligible,Not Eligible
20765,Gordie Windhorn,Not Eligible,Not Eligible
1192,Gordon Beckham,Not Inducted,Not Inducted
4883,Gordon Dillard,Not Eligible,Not Eligible
7054,Gordon Goldsberry,Not Eligible,Not Eligible
7244,Gordon Graceffo,Not Eligible,Not Eligible
9605,Gordon Jones,Not Inducted,Not Inducted
11546,Gordon MacKenzie,Not Eligible,Not Eligible
11721,Gordon Maltzberger,Not Eligible,Not Eligible
12014,Gordon Massa,Not Eligible,Not Eligible
12616,Gordon McNaughton,Not Eligible,Not Eligible
15960,Gordon Rhodes,Not Eligible,Not Eligible
17367,Gordon Seyfried,Not Eligible,Not Eligible
17725,Gordon Slade,Not Eligible,Not Eligible
3618,Gordy Coleman,Not Eligible,Not Eligible
11428,Gordy Lund,Not Eligible,Not Eligible
10990,Gorham Leverett,Not Eligible,Not Eligible
8373,Gorkys Hernandez,Not Eligible,Not Eligible
8200,Gorman Heimueller,Not Eligible,Not Eligible
19057,Gorman Thomas,Not Inducted,Not Inducted
9821,Gosuke Katoh,Not Eligible,Not Eligible
3477,Gowell Claset,Not Eligible,Not Eligible
15117,Gracie Pierce,Not Eligible,Not Eligible
124,Grady Adkins,Not Eligible,Not Eligible
8073,Grady Hatton,Not Inducted,Not Inducted
11140,Grady Little,Not Eligible,Not Eligible
17698,Grady Sizemore,Not Inducted,Not Inducted
20706,Grady Wilson,Not Eligible,Not Eligible
10043,Grae Kessinger,Not Eligible,Not Eligible
11170,Graeme Lloyd,Not Inducted,Not Inducted
577,Graham Ashcraft,Not Eligible,Not Eligible
7029,Graham Godfrey,Not Eligible,Not Eligible
10359,Graham Koonce,Not Eligible,Not Eligible
14707,Graham Pauley,Not Eligible,Not Eligible
18898,Graham Taylor,Not Eligible,Not Eligible
13844,Graig Nettles,Inducted,Not Inducted
7784,Granny Hamner,Not Inducted,Not Inducted
396,Grant Anderson,Not Eligible,Not Eligible
810,Grant Balfour,Not Inducted,Not Inducted
1915,Grant Bowler,Not Eligible,Not Eligible
2140,Grant Briggs,Not Eligible,Not Eligible
4543,Grant Dayton,Not Eligible,Not Eligible
5243,Grant Dunlap,Not Eligible,Not Eligible
6932,Grant Gillis,Not Eligible,Not Eligible
7344,Grant Green,Not Eligible,Not Eligible
8027,Grant Hartwig,Not Eligible,Not Eligible
8763,Grant Holman,Not Eligible,Not Eligible
8773,Grant Holmes,Not Eligible,Not Eligible
9222,Grant Jackson,Not Inducted,Not Inducted
9476,Grant Johnson,Not Eligible,Not Eligible
10309,Grant Koch,Not Eligible,Not Eligible
12323,Grant McCray,Not Eligible,Not Eligible
16174,Grant Roberts,Not Eligible,Not Eligible
19009,Grant Thatcher,Not Eligible,Not Eligible
7400,Grayson Greiner,Not Eligible,Not Eligible
16296,Grayson Rodriguez,Not Eligible,Not Eligible
13784,Greasy Neale,Not Eligible,Not Eligible
242,Greg Allen,Not Eligible,Not Eligible
484,Greg Aquino,Not Eligible,Not Eligible
883,Greg Bargar,Not Eligible,Not Eligible
1530,Greg Bird,Not Eligible,Not Eligible
1681,Greg Blosser,Not Eligible,Not Eligible
1759,Greg Bollo,Not Eligible,Not Eligible
1800,Greg Booker,Not Eligible,Not Eligible
2148,Greg Briley,Not Eligible,Not Eligible
2185,Greg Brock,Not Inducted,Not Inducted
2360,Greg Brummett,Not Eligible,Not Eligible
2501,Greg Burke,Not Eligible,Not Eligible
2706,Greg Cadaret,Not Inducted,Not Inducted
3596,Greg Colbrunn,Not Inducted,Not Inducted
4644,Greg Deichmann,Not Eligible,Not Eligible
4938,Greg Dobbs,Not Inducted,Not Inducted
5575,Greg Erardi,Not Eligible,Not Eligible
6490,Greg Gagne,Not Inducted,Not Inducted
6602,Greg Garcia,Not Eligible,Not Eligible
6684,Greg Garrett,Not Eligible,Not Eligible
7047,Greg Gohr,Not Eligible,Not Eligible
7065,Greg Golson,Not Eligible,Not Eligible
7174,Greg Goossen,Not Eligible,Not Eligible
7479,Greg Gross,Not Inducted,Not Inducted
7741,Greg Halman,Not Eligible,Not Eligible
7839,Greg Hansell,Not Eligible,Not Eligible
7951,Greg Harris,Not Eligible,Not Eligible
7950,Greg Harris,Not Inducted,Not Inducted
8022,Greg Harts,Not Eligible,Not Eligible
8475,Greg Heydeman,Not Eligible,Not Eligible
8481,Greg Hibbard,Not Eligible,Not Eligible
8729,Greg Holland,Not Eligible,Not Eligible
9155,Greg Infante,Not Eligible,Not Eligible
9351,Greg Jelks,Not Eligible,Not Eligible
9546,Greg Johnston,Not Eligible,Not Eligible
9607,Greg Jones,Not Eligible,Not Eligible
9606,Greg Jones,Not Eligible,Not Eligible
9844,Greg Keagle,Not Eligible,Not Eligible
9856,Greg Keatley,Not Eligible,Not Eligible
10701,Greg LaRocca,Not Eligible,Not Eligible
10882,Greg Legg,Not Eligible,Not Eligible
11153,Greg Litton,Not Eligible,Not Eligible
11456,Greg Luzinski,Not Inducted,Not Inducted
11582,Greg Maddux,Inducted,Inducted
11636,Greg Mahlberg,Not Eligible,Not Eligible
11637,Greg Mahle,Not Eligible,Not Eligible
11957,Greg Martinez,Not Eligible,Not Eligible
12043,Greg Mathews,Not Eligible,Not Eligible
12244,Greg McCarthy,Not Eligible,Not Eligible
12590,Greg McMichael,Not Eligible,Not Eligible
13082,Greg Minton,Not Inducted,Not Inducted
13519,Greg Mulleavy,Not Eligible,Not Eligible
13541,Greg Mullins,Not Eligible,Not Eligible
13691,Greg Myers,Not Inducted,Not Inducted
14035,Greg Norton,Not Inducted,Not Inducted
14179,Greg O'Halloran,Not Eligible,Not Eligible
14252,Greg Olson,Not Eligible,Not Eligible
15179,Greg Pirkl,Not Eligible,Not Eligible
15439,Greg Pryor,Not Inducted,Not Inducted
15934,Greg Reynolds,Not Eligible,Not Eligible
16039,Greg Riddoch,Not Eligible,Not Eligible
17385,Greg Shanahan,Not Eligible,Not Eligible
17662,Greg Sims,Not Eligible,Not Eligible
17854,Greg Smith,Not Eligible,Not Eligible
17855,Greg Smith,Not Eligible,Not Eligible
18765,Greg Swindell,Not Inducted,Not Inducted
18789,Greg Tabor,Not Eligible,Not Eligible
18975,Greg Terlecky,Not Eligible,Not Eligible
19012,Greg Thayer,Not Eligible,Not Eligible
19410,Greg Tubbs,Not Eligible,Not Eligible
19688,Greg Vaughn,Not Inducted,Not Inducted
19938,Greg Walker,Not Eligible,Not Eligible
20112,Greg Washburn,Not Eligible,Not Eligible
20254,Greg Weissert,Not Eligible,Not Eligible
20281,Greg Wells,Not Eligible,Not Eligible
9342,Gregg Jefferies,Not Inducted,Not Inducted
14253,Gregg Olson,Not Inducted,Not Inducted
21198,Gregg Zaun,Not Inducted,Not Inducted
1620,Gregor Blanco,Not Inducted,Not Inducted
14991,Gregorio Petit,Not Eligible,Not Eligible
15238,Gregory Polanco,Not Eligible,Not Eligible
16910,Gregory Santos,Not Eligible,Not Eligible
18082,Gregory Soto,Not Eligible,Not Eligible
3453,Grey Clarke,Not Eligible,Not Eligible
6377,Grier Friday,Not Eligible,Not Eligible
2851,Griffin Canning,Not Eligible,Not Eligible
3719,Griffin Conine,Not Eligible,Not Eligible
9331,Griffin Jax,Not Eligible,Not Eligible
714,Grover Baichley,Not Eligible,Not Eligible
6939,Grover Gilmore,Not Eligible,Not Eligible
8011,Grover Hartley,Not Inducted,Not Inducted
10623,Grover Land,Not Eligible,Not Eligible
11346,Grover Lowdermilk,Not Eligible,Not Eligible
15341,Grover Powell,Not Eligible,Not Eligible
20453,Guerdon Whiteley,Not Eligible,Not Eligible
7441,Guido Grilli,Not Eligible,Not Eligible
10300,Guido Knudson,Not Eligible,Not Eligible
16297,Guilder Rodriguez,Not Eligible,Not Eligible
6603,Guillermo Garcia,Not Eligible,Not Eligible
8333,Guillermo Heredia,Not Eligible,Not Eligible
13439,Guillermo Moscoso,Not Eligible,Not Eligible
13468,Guillermo Mota,Not Inducted,Not Inducted
15540,Guillermo Quiroz,Not Inducted,Not Inducted
16298,Guillermo Rodriguez,Not Eligible,Not Eligible
19711,Guillermo Velasquez,Not Eligible,Not Eligible
21263,Guillermo Zuñiga,Not Eligible,Not Eligible
8254,Gunnar Henderson,Not Eligible,Not Eligible
175,Gus Alberts,Not Eligible,Not Eligible
1259,Gus Bell,Not Inducted,Not Inducted
1794,Gus Bono,Not Eligible,Not Eligible
2171,Gus Brittain,Not Eligible,Not Eligible
4067,Gus Creely,Not Eligible,Not Eligible
5035,Gus Dorner,Not Eligible,Not Eligible
5203,Gus Dugas,Not Eligible,Not Eligible
5235,Gus Dundon,Not Eligible,Not Eligible
5834,Gus Felix,Not Eligible,Not Eligible
6005,Gus Fisher,Not Eligible,Not Eligible
6556,Gus Gandarillas,Not Eligible,Not Eligible
6824,Gus Getz,Not Eligible,Not Eligible
6873,Gus Gil,Not Eligible,Not Eligible
8466,Gus Hetling,Not Eligible,Not Eligible
10023,Gus Keriazakos,Not Eligible,Not Eligible
10048,Gus Ketchum,Not Eligible,Not Eligible
10452,Gus Krock,Not Eligible,Not Eligible
11727,Gus Mancuso,Not Inducted,Not Inducted
12442,Gus McGinnis,Not Eligible,Not Eligible
13892,Gus Niarhos,Not Eligible,Not Eligible
15247,Gus Polidor,Not Eligible,Not Eligible
16782,Gus Salve,Not Eligible,Not Eligible
16839,Gus Sandberg,Not Eligible,Not Eligible
17074,Gus Schlosser,Not Eligible,Not Eligible
17081,Gus Schmelz,Not Eligible,Not Eligible
17382,Gus Shallix,Not Eligible,Not Eligible
18611,Gus Suhr,Not Inducted,Not Inducted
19100,Gus Thompson,Not Eligible,Not Eligible
19368,Gus Triandos,Not Inducted,Not Inducted
19661,Gus Varland,Not Eligible,Not Eligible
20356,Gus Weyhing,Not Inducted,Not Inducted
20591,Gus Williams,Not Eligible,Not Eligible
21103,Gus Yost,Not Eligible,Not Eligible
21215,Gus Zernial,Not Inducted,Not Inducted
2590,Gussie Busch,Not Eligible,Not Eligible
6561,Gussie Gannon,Not Eligible,Not Eligible
2825,Gustavo Campero,Not Eligible,Not Eligible
3187,Gustavo Chacin,Not Eligible,Not Eligible
13158,Gustavo Molina,Not Eligible,Not Eligible
2601,Guy Bush,Not Inducted,Not Inducted
2863,Guy Cantrell,Not Eligible,Not Eligible
3840,Guy Cooper,Not Eligible,Not Eligible
4282,Guy Curtright,Not Eligible,Not Eligible
8175,Guy Hecker,Not Eligible,Not Eligible
8673,Guy Hoffman,Not Eligible,Not Eligible
10548,Guy Lacy,Not Eligible,Not Eligible
12395,Guy McFadden,Not Eligible,Not Eligible
13409,Guy Morrison,Not Eligible,Not Eligible
13433,Guy Morton,Not Inducted,Not Inducted
13434,Guy Morton,Not Eligible,Not Eligible
18581,Guy Sturdy,Not Eligible,Not Eligible
18614,Guy Sularz,Not Eligible,Not Eligible
19462,Guy Tutwiler,Not Eligible,Not Eligible
21244,Guy Zinn,Not Eligible,Not Eligible
10095,Ha-Seong Kim,Not Eligible,Not Eligible
5443,Hack Eibel,Not Eligible,Not Eligible
12965,Hack Miller,Not Eligible,Not Eligible
12964,Hack Miller,Not Eligible,Not Eligible
17178,Hack Schumann,Not Eligible,Not Eligible
17636,Hack Simmons,Not Eligible,Not Eligible
18138,Hack Spencer,Not Eligible,Not Eligible
20707,Hack Wilson,Not Inducted,Inducted
6910,Haddie Gill,Not Eligible,Not Eligible
4373,Hagen Danner,Not Eligible,Not Eligible
397,Hal Anderson,Not Eligible,Not Eligible
823,Hal Bamberger,Not Eligible,Not Eligible
1463,Hal Bevan,Not Eligible,Not Eligible
2077,Hal Breeden,Not Eligible,Not Eligible
2268,Hal Brown,Not Inducted,Not Inducted
2392,Hal Bubser,Not Eligible,Not Eligible
2924,Hal Carlson,Not Inducted,Not Inducted
3259,Hal Chase,Not Inducted,Not Inducted
4783,Hal Deviney,Not Eligible,Not Eligible
5183,Hal Dues,Not Eligible,Not Eligible
5487,Hal Elliott,Not Eligible,Not Eligible
5573,Hal Epps,Not Eligible,Not Eligible
5583,Hal Erickson,Not Eligible,Not Eligible
5970,Hal Finney,Not Eligible,Not Eligible
6944,Hal Gilson,Not Eligible,Not Eligible
7058,Hal Goldsmith,Not Eligible,Not Eligible
7389,Hal Gregg,Not Eligible,Not Eligible
7439,Hal Griggs,Not Eligible,Not Eligible
7670,Hal Haid,Not Eligible,Not Eligible
8101,Hal Haydel,Not Eligible,Not Eligible
8975,Hal Hudson,Not Eligible,Not Eligible
9173,Hal Irelan,Not Eligible,Not Eligible
9313,Hal Janvrin,Not Inducted,Not Inducted
9339,Hal Jeffcoat,Not Inducted,Not Inducted
9608,Hal Jones,Not Eligible,Not Eligible
9896,Hal Kelleher,Not Eligible,Not Eligible
9901,Hal Keller,Not Eligible,Not Eligible
10106,Hal Kime,Not Eligible,Not Eligible
10119,Hal King,Not Eligible,Not Eligible
10209,Hal Kleine,Not Eligible,Not Eligible
10341,Hal Kolstad,Not Eligible,Not Eligible
10516,Hal Kurtz,Not Eligible,Not Eligible
10664,Hal Lanier,Not Inducted,Not Inducted
10816,Hal Leathers,Not Eligible,Not Eligible
10850,Hal Lee,Not Eligible,Not Eligible
11373,Hal Luby,Not Eligible,Not Eligible
11729,Hal Manders,Not Eligible,Not Eligible
11830,Hal Marnie,Not Eligible,Not Eligible
12105,Hal Mauck,Not Eligible,Not Eligible
12290,Hal McClure,Not Eligible,Not Eligible
12506,Hal McKain,Not Eligible,Not Eligible
12644,Hal McRae,Not Inducted,Not Inducted
13398,Hal Morris,Not Inducted,Not Inducted
13736,Hal Naragon,Not Inducted,Not Inducted
13850,Hal Neubauer,Not Eligible,Not Eligible
13871,Hal Newhouser,Inducted,Inducted
14178,Hal O'Hagan,Not Eligible,Not Eligible
14760,Hal Peck,Not Eligible,Not Eligible
15505,Hal Quick,Not Eligible,Not Eligible
15568,Hal Raether,Not Eligible,Not Eligible
15830,Hal Reilly,Not Eligible,Not Eligible
15876,Hal Reniff,Not Eligible,Not Eligible
15964,Hal Rhyne,Not Eligible,Not Eligible
15972,Hal Rice,Not Eligible,Not Eligible
16996,Hal Schacker,Not Eligible,Not Eligible
17176,Hal Schumacher,Not Inducted,Not Inducted
17196,Hal Schwenk,Not Eligible,Not Eligible
17856,Hal Smith,Not Eligible,Not Eligible
17858,Hal Smith,Not Inducted,Not Inducted
17857,Hal Smith,Not Eligible,Not Eligible
18161,Hal Spindel,Not Eligible,Not Eligible
18490,Hal Stowe,Not Eligible,Not Eligible
19227,Hal Toenes,Not Eligible,Not Eligible
19384,Hal Trosky,Not Inducted,Not Inducted
19385,Hal Trosky,Not Eligible,Not Eligible
19881,Hal Wagner,Not Inducted,Not Inducted
20095,Hal Warnock,Not Eligible,Not Eligible
20420,Hal White,Not Inducted,Not Inducted
20755,Hal Wiltse,Not Eligible,Not Eligible
20917,Hal Woodeshick,Not Inducted,Not Inducted
243,Ham Allen,Not Eligible,Not Eligible
9128,Ham Hyatt,Not Eligible,Not Eligible
9140,Ham Iburg,Not Eligible,Not Eligible
14675,Ham Patterson,Not Eligible,Not Eligible
17155,Ham Schulte,Not Eligible,Not Eligible
19864,Ham Wade,Not Eligible,Not Eligible
1,Hank Aaron,Inducted,Inducted
148,Hank Aguirre,Not Inducted,Not Inducted
244,Hank Allen,Not Eligible,Not Eligible
511,Hank Arft,Not Eligible,Not Eligible
1081,Hank Bauer,Inducted,Not Inducted
1228,Hank Behrman,Not Eligible,Not Eligible
1476,Hank Biasatti,Not Eligible,Not Eligible
1613,Hank Blalock,Not Eligible,Not Eligible
1777,Hank Boney,Not Eligible,Not Eligible
1842,Hank Borowy,Not Inducted,Not Inducted
2615,Hank Butcher,Not Eligible,Not Eligible
2773,Hank Camelli,Not Eligible,Not Eligible
3716,Hank Conger,Not Eligible,Not Eligible
4609,Hank DeBerry,Not Inducted,Not Inducted
5412,Hank Edwards,Not Inducted,Not Inducted
5584,Hank Erickson,Not Eligible,Not Eligible
5981,Hank Fischer,Not Eligible,Not Eligible
6143,Hank Foiles,Not Inducted,Not Inducted
6694,Hank Garrity,Not Eligible,Not Eligible
6718,Hank Gastright,Not Eligible,Not Eligible
6756,Hank Gehring,Not Eligible,Not Eligible
7204,Hank Gornicki,Not Eligible,Not Eligible
7228,Hank Gowdy,Not Inducted,Not Inducted
7277,Hank Grampp,Not Eligible,Not Eligible
7360,Hank Greenberg,Not Inducted,Inducted
7419,Hank Griffin,Not Eligible,Not Eligible
8221,Hank Helf,Not Eligible,Not Eligible
9041,Hank Hulvey,Not Eligible,Not Eligible
9199,Hank Izquierdo,Not Eligible,Not Eligible
9477,Hank Johnson,Not Inducted,Not Inducted
10589,Hank LaManna,Not Eligible,Not Eligible
10893,Hank Leiber,Not Inducted,Not Inducted
11668,Hank Majeski,Not Inducted,Not Inducted
12010,Hank Mason,Not Eligible,Not Eligible
12361,Hank McDonald,Not Eligible,Not Eligible
12903,Hank Miklos,Not Eligible,Not Eligible
13410,Hank Morrison,Not Eligible,Not Eligible
14138,Hank O'Day,Not Eligible,Not Eligible
14242,Hank Olmsted,Not Eligible,Not Eligible
14676,Hank Patterson,Not Eligible,Not Eligible
14943,Hank Perry,Not Eligible,Not Eligible
14963,Hank Peters,Not Eligible,Not Eligible
16044,Hank Riebe,Not Eligible,Not Eligible
16106,Hank Ritter,Not Eligible,Not Eligible
16227,Hank Robinson,Not Eligible,Not Eligible
16672,Hank Ruszkowski,Not Eligible,Not Eligible
16935,Hank Sauer,Not Inducted,Not Inducted
17046,Hank Schenz,Not Eligible,Not Eligible
17102,Hank Schmulbach,Not Eligible,Not Eligible
17131,Hank Schreiber,Not Eligible,Not Eligible
17345,Hank Severeid,Not Inducted,Not Inducted
17646,Hank Simon,Not Eligible,Not Eligible
17764,Hank Small,Not Eligible,Not Eligible
18324,Hank Steinbacher,Not Eligible,Not Eligible
19101,Hank Thompson,Not Eligible,Not Eligible
19140,Hank Thormahlen,Not Eligible,Not Eligible
20197,Hank Webb,Not Eligible,Not Eligible
20796,Hank Winston,Not Eligible,Not Eligible
20952,Hank Workman,Not Eligible,Not Eligible
21034,Hank Wyse,Not Eligible,Not Eligible
6371,Hanley Frias,Not Eligible,Not Eligible
15612,Hanley Ramirez,Not Inducted,Not Inducted
4151,Hans Crouse,Not Eligible,Not Eligible
11181,Hans Lobert,Not Inducted,Not Inducted
15687,Hans Rasmussen,Not Eligible,Not Eligible
9200,Hansel Izquierdo,Not Eligible,Not Eligible
16245,Hansel Robles,Not Eligible,Not Eligible
172,Hanser Alberto,Not Eligible,Not Eligible
8839,Hanson Horsey,Not Eligible,Not Eligible
3639,Hap Collard,Not Eligible,Not Eligible
13425,Hap Morse,Not Eligible,Not Eligible
13692,Hap Myers,Not Eligible,Not Eligible
20066,Hap Ward,Not Eligible,Not Eligible
3219,Happy Chandler,Not Eligible,Not Eligible
5842,Happy Felsch,Not Eligible,Not Eligible
6190,Happy Foreman,Not Eligible,Not Eligible
9170,Happy Iott,Not Eligible,Not Eligible
17859,Happy Smith,Not Eligible,Not Eligible
19313,Happy Townsend,Not Eligible,Not Eligible
8255,Hardie Henderson,Not Eligible,Not Eligible
994,Hardin Barry,Not Eligible,Not Eligible
3134,Hardin Cathey,Not Eligible,Not Eligible
14983,Hardy Peterson,Not Eligible,Not Eligible
15999,Hardy Richardson,Not Inducted,Not Inducted
11607,Harl Maggert,Not Eligible,Not Eligible
11608,Harl Maggert,Not Eligible,Not Eligible
15482,Harlan Pyle,Not Eligible,Not Eligible
16565,Harland Rowe,Not Eligible,Not Eligible
1854,Harley Boss,Not Eligible,Not Eligible
4889,Harley Dillinger,Not Eligible,Not Eligible
7484,Harley Grossman,Not Eligible,Not Eligible
8614,Harley Hisner,Not Eligible,Not Eligible
14588,Harley Parker,Not Eligible,Not Eligible
14727,Harley Payne,Not Eligible,Not Eligible
21134,Harley Young,Not Eligible,Not Eligible
15270,Harlin Pool,Not Eligible,Not Eligible
3521,Harlond Clift,Not Inducted,Not Inducted
10083,Harmon Killebrew,Inducted,Inducted
738,Harold Baines,Inducted,Inducted
3116,Harold Castro,Not Eligible,Not Eligible
4412,Harold Daugherty,Not Eligible,Not Eligible
15613,Harold Ramirez,Not Eligible,Not Eligible
15935,Harold Reynolds,Not Inducted,Not Inducted
689,Harrison Bader,Not Eligible,Not Eligible
13665,Harrison Musgrave,Not Eligible,Not Eligible
14848,Harrison Peppers,Not Eligible,Not Eligible
30,Harry Ables,Not Eligible,Not Eligible
136,Harry Agganis,Not Eligible,Not Eligible
398,Harry Anderson,Not Eligible,Not Eligible
528,Harry Armbruster,Not Eligible,Not Eligible
537,Harry Arndt,Not Eligible,Not Eligible
563,Harry Arundel,Not Eligible,Not Eligible
606,Harry Atkinson,Not Eligible,Not Eligible
612,Harry Aubrey,Not Eligible,Not Eligible
795,Harry Baldwin,Not Eligible,Not Eligible
1016,Harry Barton,Not Eligible,Not Eligible
1095,Harry Baumgartner,Not Eligible,Not Eligible
1113,Harry Bay,Not Eligible,Not Eligible
1301,Harry Bemis,Not Eligible,Not Eligible
1431,Harry Berte,Not Eligible,Not Eligible
1433,Harry Berthrong,Not Eligible,Not Eligible
1458,Harry Betts,Not Eligible,Not Eligible
1495,Harry Biemiller,Not Eligible,Not Eligible
1516,Harry Billiard,Not Eligible,Not Eligible
1608,Harry Blake,Not Eligible,Not Eligible
1956,Harry Boyles,Not Eligible,Not Eligible
2073,Harry Brecheen,Not Inducted,Not Inducted
2145,Harry Bright,Not Eligible,Not Eligible
2561,Harry Burrell,Not Eligible,Not Eligible
2663,Harry Byrd,Not Eligible,Not Eligible
2785,Harry Camnitz,Not Eligible,Not Eligible
3054,Harry Cassady,Not Eligible,Not Eligible
3237,Harry Chapman,Not Eligible,Not Eligible
3247,Harry Chappas,Not Eligible,Not Eligible
3276,Harry Cheek,Not Eligible,Not Eligible
3295,Harry Child,Not Eligible,Not Eligible
3314,Harry Chiti,Not Inducted,Not Inducted
3330,Harry Chozen,Not Eligible,Not Eligible
3423,Harry Clark,Not Eligible,Not Eligible
3454,Harry Clarke,Not Eligible,Not Eligible
3643,Harry Colliflower,Not Eligible,Not Eligible
3963,Harry Courtney,Not Eligible,Not Eligible
3969,Harry Coveleski,Not Eligible,Not Eligible
4015,Harry Craft,Not Eligible,Not Eligible
4104,Harry Croft,Not Eligible,Not Eligible
4274,Harry Curtis,Not Eligible,Not Eligible
4337,Harry Dalton,Not Eligible,Not Eligible
4352,Harry Damrau,Not Eligible,Not Eligible
4374,Harry Danning,Not Inducted,Not Inducted
4409,Harry Daubert,Not Eligible,Not Eligible
4475,Harry Davis,Not Eligible,Not Eligible
4476,Harry Davis,Inducted,Not Inducted
4707,Harry DeMiller,Not Eligible,Not Eligible
4598,Harry Dean,Not Eligible,Not Eligible
4603,Harry Deane,Not Eligible,Not Eligible
4618,Harry Decker,Not Eligible,Not Eligible
4860,Harry Diddlebock,Not Eligible,Not Eligible
5023,Harry Dooms,Not Eligible,Not Eligible
5348,Harry East,Not Eligible,Not Eligible
5371,Harry Eccles,Not Eligible,Not Eligible
5423,Harry Eells,Not Eligible,Not Eligible
5455,Harry Eisenstat,Not Eligible,Not Eligible
5488,Harry Elliott,Not Eligible,Not Eligible
5518,Harry Ely,Not Eligible,Not Eligible
5760,Harry Fanok,Not Eligible,Not Eligible
5763,Harry Fanwell,Not Eligible,Not Eligible
5828,Harry Feldman,Not Eligible,Not Eligible
5835,Harry Felix,Not Eligible,Not Eligible
6006,Harry Fisher,Not Eligible,Not Eligible
6399,Harry Fritz,Not Eligible,Not Eligible
6440,Harry Fuller,Not Eligible,Not Eligible
6652,Harry Gardner,Not Eligible,Not Eligible
6705,Harry Gaspar,Not Eligible,Not Eligible
6881,Harry Gilbert,Not Eligible,Not Eligible
6995,Harry Gleason,Not Eligible,Not Eligible
7009,Harry Glenn,Not Eligible,Not Eligible
7566,Harry Gumbert,Not Inducted,Not Inducted
7811,Harry Hanebrink,Not Eligible,Not Eligible
7853,Harry Hanson,Not Eligible,Not Eligible
7874,Harry Hardy,Not Eligible,Not Eligible
7909,Harry Harper,Not Inducted,Not Inducted
8177,Harry Hedgpeth,Not Eligible,Not Eligible
8196,Harry Heilmann,Not Inducted,Inducted
8217,Harry Heitmann,Not Eligible,Not Eligible
8589,Harry Hinchman,Not Eligible,Not Eligible
8631,Harry Hoch,Not Eligible,Not Eligible
8802,Harry Hooper,Inducted,Inducted
8923,Harry Howell,Not Inducted,Not Inducted
9036,Harry Hulihan,Not Eligible,Not Eligible
9112,Harry Huston,Not Eligible,Not Eligible
9150,Harry Imlay,Not Eligible,Not Eligible
9265,Harry Jacoby,Not Eligible,Not Eligible
9672,Harry Jordan,Not Eligible,Not Eligible
9750,Harry Juul,Not Eligible,Not Eligible
9785,Harry Kane,Not Eligible,Not Eligible
9874,Harry Keener,Not Eligible,Not Eligible
9910,Harry Kelley,Not Eligible,Not Eligible
10103,Harry Kimberlin,Not Eligible,Not Eligible
10140,Harry Kingman,Not Eligible,Not Eligible
10158,Harry Kinzy,Not Eligible,Not Eligible
10183,Harry Kirsch,Not Eligible,Not Eligible
10360,Harry Koons,Not Eligible,Not Eligible
10418,Harry Krause,Not Eligible,Not Eligible
10708,Harry LaRoss,Not Eligible,Not Eligible
11141,Harry Little,Not Eligible,Not Eligible
11184,Harry Lochhead,Not Eligible,Not Eligible
11314,Harry Lord,Not Eligible,Not Eligible
11407,Harry Luff,Not Eligible,Not Eligible
11422,Harry Lumley,Not Eligible,Not Eligible
11436,Harry Lunte,Not Eligible,Not Eligible
11487,Harry Lyons,Not Eligible,Not Eligible
11561,Harry MacPherson,Not Eligible,Not Eligible
11512,Harry Mace,Not Eligible,Not Eligible
11706,Harry Malmberg,Not Eligible,Not Eligible
12004,Harry Maskrey,Not Eligible,Not Eligible
12101,Harry Matuzak,Not Eligible,Not Eligible
12112,Harry Maupin,Not Eligible,Not Eligible
12222,Harry McCaffery,Not Eligible,Not Eligible
12270,Harry McChesney,Not Eligible,Not Eligible
12292,Harry McCluskey,Not Eligible,Not Eligible
12306,Harry McCormick,Not Eligible,Not Eligible
12305,Harry McCormick,Not Eligible,Not Eligible
12338,Harry McCurdy,Not Inducted,Not Inducted
12498,Harry McIntire,Not Eligible,Not Eligible
12617,Harry McNeal,Not Eligible,Not Eligible
13314,Harry Moran,Not Eligible,Not Eligible
13335,Harry Morelock,Not Eligible,Not Eligible
13956,Harry Niles,Not Eligible,Not Eligible
14148,Harry O'Donnell,Not Eligible,Not Eligible
14285,Harry O'Neill,Not Eligible,Not Eligible
14286,Harry O'Neill,Not Eligible,Not Eligible
14384,Harry Ostdiek,Not Eligible,Not Eligible
14412,Harry Otis,Not Eligible,Not Eligible
14589,Harry Parker,Not Eligible,Not Eligible
14664,Harry Pattee,Not Eligible,Not Eligible
14695,Harry Patton,Not Eligible,Not Eligible
14744,Harry Pearce,Not Eligible,Not Eligible
14926,Harry Perkowski,Not Eligible,Not Eligible
15483,Harry Pyle,Not Eligible,Not Eligible
15724,Harry Raymond,Not Eligible,Not Eligible
15760,Harry Redmond,Not Eligible,Not Eligible
15973,Harry Rice,Not Inducted,Not Inducted
16032,Harry Riconda,Not Eligible,Not Eligible
16506,Harry Rosenberg,Not Eligible,Not Eligible
16745,Harry Sage,Not Eligible,Not Eligible
16770,Harry Salisbury,Not Eligible,Not Eligible
17000,Harry Schaeffer,Not Eligible,Not Eligible
17002,Harry Schafer,Not Eligible,Not Eligible
17050,Harry Scherer,Not Eligible,Not Eligible
17389,Harry Shanley,Not Eligible,Not Eligible
17579,Harry Shriver,Not Eligible,Not Eligible
17587,Harry Shuman,Not Eligible,Not Eligible
17655,Harry Simpson,Not Eligible,Not Eligible
17708,Harry Sketchley,Not Eligible,Not Eligible
17860,Harry Smith,Not Eligible,Not Eligible
17863,Harry Smith,Not Eligible,Not Eligible
17862,Harry Smith,Not Eligible,Not Eligible
17861,Harry Smith,Not Inducted,Not Inducted
17964,Harry Smythe,Not Eligible,Not Eligible
18128,Harry Spence,Not Eligible,Not Eligible
18154,Harry Spies,Not Eligible,Not Eligible
18160,Harry Spilman,Not Inducted,Not Inducted
18178,Harry Spratt,Not Eligible,Not Eligible
18222,Harry Staley,Not Eligible,Not Eligible
18331,Harry Steinfeldt,Not Inducted,Not Inducted
18488,Harry Stovey,Not Inducted,Not Inducted
18631,Harry Sullivan,Not Eligible,Not Eligible
18687,Harry Suter,Not Eligible,Not Eligible
18708,Harry Swacina,Not Eligible,Not Eligible
18714,Harry Swan,Not Eligible,Not Eligible
18744,Harry Sweeney,Not Eligible,Not Eligible
18901,Harry Taylor,Not Eligible,Not Eligible
18899,Harry Taylor,Not Eligible,Not Eligible
18902,Harry Taylor,Not Eligible,Not Eligible
18900,Harry Taylor,Not Eligible,Not Eligible
19102,Harry Thompson,Not Eligible,Not Eligible
19356,Harry Trekell,Not Eligible,Not Eligible
19398,Harry Truby,Not Eligible,Not Eligible
19554,Harry Vahrenhorst,Not Eligible,Not Eligible
19939,Harry Walker,Not Inducted,Not Inducted
20180,Harry Weaver,Not Eligible,Not Eligible
20208,Harry Weber,Not Eligible,Not Eligible
20267,Harry Welchonce,Not Eligible,Not Eligible
20373,Harry Wheeler,Not Eligible,Not Eligible
20521,Harry Wilhelm,Not Eligible,Not Eligible
20530,Harry Wilke,Not Eligible,Not Eligible
20592,Harry Williams,Not Eligible,Not Eligible
20708,Harry Wilson,Not Eligible,Not Eligible
20862,Harry Wolfe,Not Eligible,Not Eligible
20869,Harry Wolter,Not Eligible,Not Eligible
20872,Harry Wolverton,Not Eligible,Not Eligible
20889,Harry Wood,Not Eligible,Not Eligible
20986,Harry Wright,Not Eligible,Not Eligible
726,Harvey Bailey,Not Eligible,Not Eligible
1649,Harvey Blauvelt,Not Eligible,Not Eligible
2024,Harvey Branch,Not Eligible,Not Eligible
4285,Harvey Cushman,Not Eligible,Not Eligible
6331,Harvey Freeman,Not Eligible,Not Eligible
6604,Harvey Garcia,Not Eligible,Not Eligible
6777,Harvey Gentry,Not Eligible,Not Eligible
7345,Harvey Green,Not Eligible,Not Eligible
7498,Harvey Grubb,Not Eligible,Not Eligible
7639,Harvey Haddix,Not Inducted,Not Inducted
8264,Harvey Hendrick,Not Inducted,Not Inducted
10494,Harvey Kuenn,Not Inducted,Not Inducted
11509,Harvey MacDonald,Not Eligible,Not Eligible
15458,Harvey Pulliam,Not Eligible,Not Eligible
16657,Harvey Russell,Not Eligible,Not Eligible
17387,Harvey Shank,Not Eligible,Not Eligible
17864,Harvey Smith,Not Eligible,Not Eligible
20141,Harvey Watkins,Not Eligible,Not Eligible
18903,Hawk Taylor,Not Inducted,Not Inducted
1535,Hayden Birdsong,Not Eligible,Not Eligible
14826,Hayden Penn,Not Eligible,Not Eligible
20323,Hayden Wesneski,Not Eligible,Not Eligible
18632,Haywood Sullivan,Not Eligible,Not Eligible
1260,Heath Bell,Not Inducted,Not Inducted
5951,Heath Fillmyer,Not Eligible,Not Eligible
8118,Heath Haynes,Not Eligible,Not Eligible
8238,Heath Hembree,Not Eligible,Not Eligible
13648,Heath Murray,Not Eligible,Not Eligible
15064,Heath Phillips,Not Eligible,Not Eligible
17757,Heathcliff Slocumb,Not Inducted,Not Inducted
288,Hector Almonte,Not Eligible,Not Eligible
359,Hector Ambriz,Not Eligible,Not Eligible
2964,Hector Carrasco,Not Inducted,Not Inducted
4183,Hector Cruz,Not Eligible,Not Eligible
5740,Hector Fajardo,Not Eligible,Not Eligible
6947,Hector Gimenez,Not Eligible,Not Eligible
7077,Hector Gomez,Not Eligible,Not Eligible
11287,Hector Lopez,Not Inducted,Not Inducted
11424,Hector Luna,Not Eligible,Not Eligible
11600,Hector Maestri,Not Eligible,Not Eligible
11958,Hector Martinez,Not Eligible,Not Eligible
12783,Hector Mercado,Not Eligible,Not Eligible
13839,Hector Neris,Not Eligible,Not Eligible
13984,Hector Noesi,Not Eligible,Not Eligible
14229,Hector Olivera,Not Eligible,Not Eligible
14351,Hector Ortiz,Not Eligible,Not Eligible
14885,Hector Perez,Not Eligible,Not Eligible
15614,Hector Ramirez,Not Eligible,Not Eligible
16299,Hector Rodriguez,Not Eligible,Not Eligible
16454,Hector Rondon,Not Eligible,Not Eligible
16823,Hector Sanchez,Not Eligible,Not Eligible
16896,Hector Santiago,Not Eligible,Not Eligible
19290,Hector Torres,Not Eligible,Not Eligible
19604,Hector Valle,Not Eligible,Not Eligible
19717,Hector Velazquez,Not Eligible,Not Eligible
19782,Hector Villanueva,Not Eligible,Not Eligible
19882,Hector Wagner,Not Eligible,Not Eligible
3322,Hee-Seop Choi,Not Eligible,Not Eligible
1371,Heinie Berger,Not Eligible,Not Eligible
7467,Heinie Groh,Not Inducted,Not Inducted
8218,Heinie Heitmuller,Not Eligible,Not Eligible
8236,Heinie Heltzel,Not Eligible,Not Eligible
11780,Heinie Manush,Not Inducted,Inducted
12709,Heinie Meine,Not Eligible,Not Eligible
13504,Heinie Mueller,Not Inducted,Not Inducted
14145,Heinie Odom,Not Eligible,Not Eligible
14782,Heinie Peitz,Not Inducted,Not Inducted
16838,Heinie Sand,Not Eligible,Not Eligible
17027,Heinie Scheer,Not Eligible,Not Eligible
17144,Heinie Schuble,Not Eligible,Not Eligible
18209,Heinie Stafford,Not Eligible,Not Eligible
19883,Heinie Wagner,Not Inducted,Not Inducted
21233,Heinie Zimmerman,Not Inducted,Not Inducted
1185,Heinz Becker,Not Eligible,Not Eligible
15645,Heliot Ramos,Not Eligible,Not Eligible
330,Henderson Alvarez,Not Eligible,Not Eligible
16450,Henri Rondeau,Not Eligible,Not Eligible
629,Henry Austin,Not Eligible,Not Eligible
796,Henry Baldwin,Not Eligible,Not Eligible
1181,Henry Beckendorf,Not Eligible,Not Eligible
1321,Henry Benn,Not Eligible,Not Eligible
1621,Henry Blanco,Not Inducted,Not Inducted
1858,Henry Bostick,Not Eligible,Not Eligible
1951,Henry Boyle,Not Eligible,Not Eligible
2439,Henry Buker,Not Eligible,Not Eligible
2569,Henry Burroughs,Not Eligible,Not Eligible
3192,Henry Chadwick,Not Eligible,Not Eligible
3455,Henry Clarke,Not Eligible,Not Eligible
3849,Henry Coppola,Not Eligible,Not Eligible
3935,Henry Cote,Not Eligible,Not Eligible
3944,Henry Cotto,Not Inducted,Not Inducted
4184,Henry Cruz,Not Eligible,Not Eligible
4477,Henry Davis,Not Eligible,Not Eligible
5351,Henry Easterday,Not Eligible,Not Eligible
5465,Henry Elder,Not Eligible,Not Eligible
6235,Henry Fournier,Not Eligible,Not Eligible
6942,Henry Gilroy,Not Eligible,Not Eligible
7503,Henry Gruber,Not Eligible,Not Eligible
9223,Henry Jackson,Not Eligible,Not Eligible
9610,Henry Jones,Not Eligible,Not Eligible
9609,Henry Jones,Not Eligible,Not Eligible
9795,Henry Kappel,Not Eligible,Not Eligible
10045,Henry Kessler,Not Eligible,Not Eligible
10051,Henry Keupper,Not Eligible,Not Eligible
10085,Henry Killeen,Not Eligible,Not Eligible
10325,Henry Kohler,Not Eligible,Not Eligible
10469,Henry Krug,Not Eligible,Not Eligible
10616,Henry Lampe,Not Eligible,Not Eligible
10693,Henry Larkin,Not Inducted,Not Inducted
11466,Henry Lynch,Not Eligible,Not Eligible
12032,Henry Mateo,Not Eligible,Not Eligible
12048,Henry Mathewson,Not Eligible,Not Eligible
12788,Henry Mercedes,Not Eligible,Not Eligible
13264,Henry Moore,Not Eligible,Not Eligible
13535,Henry Mullin,Not Eligible,Not Eligible
13693,Henry Myers,Not Eligible,Not Eligible
14085,Henry Oberbeck,Not Eligible,Not Eligible
14452,Henry Owens,Not Eligible,Not Eligible
14451,Henry Owens,Not Eligible,Not Eligible
14464,Henry Oxley,Not Eligible,Not Eligible
14842,Henry Peploski,Not Eligible,Not Eligible
15294,Henry Porter,Not Eligible,Not Eligible
15646,Henry Ramos,Not Eligible,Not Eligible
15856,Henry Reitz,Not Eligible,Not Eligible
15904,Henry Reville,Not Eligible,Not Eligible
16300,Henry Rodriguez,Not Eligible,Not Eligible
16301,Henry Rodriguez,Not Eligible,Not Eligible
16302,Henry Rodriguez,Not Inducted,Not Inducted
17090,Henry Schmidt,Not Eligible,Not Eligible
17958,Henry Smoyer,Not Eligible,Not Eligible
18071,Henry Sosa,Not Eligible,Not Eligible
18318,Henry Stein,Not Eligible,Not Eligible
19024,Henry Thielman,Not Eligible,Not Eligible
19544,Henry Urrutia,Not Eligible,Not Eligible
19784,Henry Villar,Not Eligible,Not Eligible
21039,Henry Yaik,Not Eligible,Not Eligible
21158,Henry Youngman,Not Eligible,Not Eligible
21210,Henry Zeiher,Not Eligible,Not Eligible
12849,Hensley Meulens,Not Eligible,Not Eligible
90,Herb Adams,Not Eligible,Not Eligible
1985,Herb Bradley,Not Eligible,Not Eligible
2083,Herb Bremer,Not Eligible,Not Eligible
3552,Herb Cobb,Not Eligible,Not Eligible
3791,Herb Conyers,Not Eligible,Not Eligible
4109,Herb Crompton,Not Eligible,Not Eligible
7152,Herb Goodall,Not Eligible,Not Eligible
7194,Herb Gorman,Not Eligible,Not Eligible
7716,Herb Hall,Not Eligible,Not Eligible
7952,Herb Harris,Not Eligible,Not Eligible
8044,Herb Hash,Not Eligible,Not Eligible
8435,Herb Herring,Not Eligible,Not Eligible
8609,Herb Hippauf,Not Eligible,Not Eligible
9077,Herb Hunter,Not Eligible,Not Eligible
9122,Herb Hutson,Not Eligible,Not Eligible
9751,Herb Juul,Not Eligible,Not Eligible
9812,Herb Karpel,Not Eligible,Not Eligible
9934,Herb Kelly,Not Eligible,Not Eligible
12633,Herb McQuaid,Not Eligible,Not Eligible
13143,Herb Moford,Not Eligible,Not Eligible
14833,Herb Pennock,Not Inducted,Inducted
15213,Herb Plews,Not Eligible,Not Eligible
17207,Herb Score,Not Eligible,Not Eligible
19058,Herb Thomas,Not Eligible,Not Eligible
20120,Herb Washington,Not Eligible,Not Eligible
20259,Herb Welch,Not Eligible,Not Eligible
20960,Herb Worth,Not Eligible,Not Eligible
2105,Herbert Brett,Not Eligible,Not Eligible
8548,Herbert Hill,Not Eligible,Not Eligible
9224,Herbert Jackson,Not Eligible,Not Eligible
13612,Herbert Murphy,Not Eligible,Not Eligible
14944,Herbert Perry,Not Eligible,Not Eligible
13315,Herbie Moran,Not Eligible,Not Eligible
2526,Hercules Burnett,Not Eligible,Not Eligible
5043,Herm Doscher,Not Eligible,Not Eligible
8776,Herm Holshouser,Not Eligible,Not Eligible
11703,Herm Malloy,Not Eligible,Not Eligible
12402,Herm McFarland,Not Eligible,Not Eligible
12814,Herm Merritt,Not Eligible,Not Eligible
18279,Herm Starrette,Not Eligible,Not Eligible
20228,Herm Wehmeier,Not Inducted,Not Inducted
20793,Herm Winningham,Not Eligible,Not Eligible
1261,Herman Bell,Not Eligible,Not Eligible
1441,Herman Besse,Not Eligible,Not Eligible
2202,Herman Bronkie,Not Eligible,Not Eligible
4643,Herman Dehlman,Not Eligible,Not Eligible
5959,Herman Fink,Not Eligible,Not Eligible
6303,Herman Franks,Not Eligible,Not Eligible
8549,Herman Hill,Not Eligible,Not Eligible
10784,Herman Layne,Not Eligible,Not Eligible
11248,Herman Long,Not Inducted,Not Inducted
15148,Herman Pillette,Not Eligible,Not Eligible
15194,Herman Pitz,Not Eligible,Not Eligible
15813,Herman Reich,Not Eligible,Not Eligible
17283,Herman Segelke,Not Eligible,Not Eligible
21135,Herman Young,Not Eligible,Not Eligible
9176,Hernan Iribarren,Not Eligible,Not Eligible
14886,Hernan Perez,Not Eligible,Not Eligible
1331,Herschel Bennett,Not Eligible,Not Eligible
6332,Hersh Freeman,Not Eligible,Not Eligible
11488,Hersh Lyons,Not Eligible,Not Eligible
11913,Hersh Martin,Not Eligible,Not Eligible
12277,Hervey McClellan,Not Eligible,Not Eligible
10196,Heston Kjerstad,Not Eligible,Not Eligible
245,Hezekiah Allen,Not Eligible,Not Eligible
3355,Hi Church,Not Eligible,Not Eligible
5370,Hi Ebright,Not Eligible,Not Eligible
9322,Hi Jasper,Not Eligible,Not Eligible
10551,Hi Ladd,Not Eligible,Not Eligible
13694,Hi Myers,Not Inducted,Not Inducted
20331,Hi West,Not Eligible,Not Eligible
2951,Hick Carpenter,Not Inducted,Not Inducted
9172,Hideki Irabu,Not Eligible,Not Eligible
12069,Hideki Matsui,Not Inducted,Not Inducted
14196,Hideki Okajima,Not Eligible,Not Eligible
14000,Hideo Nomo,Not Inducted,Not Inducted
13316,Hiker Moran,Not Eligible,Not Eligible
10785,Hillis Layne,Not Eligible,Not Eligible
6095,Hilly Flitcraft,Not Eligible,Not Eligible
8065,Hilly Hathaway,Not Eligible,Not Eligible
17865,Hilton Smith,Not Eligible,Not Eligible
7672,Hinkey Haines,Not Eligible,Not Eligible
14807,Hipolito Peña,Not Eligible,Not Eligible
15092,Hipolito Pichardo,Not Inducted,Not Inducted
19689,Hippo Vaughn,Not Inducted,Not Inducted
1556,Hiram Bithorn,Not Eligible,Not Eligible
1700,Hiram Bocachica,Not Eligible,Not Eligible
2486,Hiram Burgos,Not Eligible,Not Eligible
20987,Hiram Wright,Not Eligible,Not Eligible
16957,Hirokazu Sawamura,Not Eligible,Not Eligible
10513,Hiroki Kuroda,Not Eligible,Not Eligible
18798,Hisanori Takahashi,Not Eligible,Not Eligible
9197,Hisashi Iwakuma,Not Eligible,Not Eligible
8572,Hob Hiller,Not Eligible,Not Eligible
5893,Hobe Ferris,Not Eligible,Not Eligible
7953,Hobie Harris,Not Eligible,Not Eligible
10632,Hobie Landrith,Not Inducted,Not Inducted
13054,Hoby Milner,Not Eligible,Not Eligible
5474,Hod Eller,Not Eligible,Not Eligible
7954,Hogan Harris,Not Eligible,Not Eligible
20953,Hoge Workman,Not Eligible,Not Eligible
19167,Hollis Thurston,Not Eligible,Not Eligible
8741,Holly Hollingshead,Not Eligible,Not Eligible
763,Home Run Baker,Not Inducted,Inducted
727,Homer Bailey,Not Eligible,Not Eligible
1633,Homer Blankenship,Not Eligible,Not Eligible
2602,Homer Bush,Not Eligible,Not Eligible
4436,Homer Davidson,Not Eligible,Not Eligible
5713,Homer Ezzell,Not Eligible,Not Eligible
8566,Homer Hillebrand,Not Eligible,Not Eligible
14771,Homer Peel,Not Eligible,Not Eligible
17957,Homer Smoot,Not Eligible,Not Eligible
18174,Homer Spragins,Not Eligible,Not Eligible
18661,Homer Summa,Not Inducted,Not Inducted
19103,Homer Thompson,Not Eligible,Not Eligible
9935,Honest John Kelly,Not Eligible,Not Eligible
919,Honey Barnes,Not Eligible,Not Eligible
19884,Honus Wagner,Inducted,Inducted
3941,Hooks Cotter,Not Eligible,Not Eligible
4416,Hooks Dauss,Not Inducted,Not Inducted
9171,Hooks Iott,Not Eligible,Not Eligible
20090,Hooks Warner,Not Eligible,Not Eligible
20756,Hooks Wiltse,Not Inducted,Not Inducted
5697,Hoot Evers,Not Inducted,Not Inducted
246,Horace Allen,Not Eligible,Not Eligible
3456,Horace Clarke,Not Inducted,Not Inducted
5847,Horace Fenner,Not Eligible,Not Eligible
6140,Horace Fogel,Not Eligible,Not Eligible
6177,Horace Ford,Not Inducted,Not Inducted
8231,Horace Helmbold,Not Eligible,Not Eligible
10055,Horace Kibbie,Not Eligible,Not Eligible
10991,Horace Leverette,Not Eligible,Not Eligible
11130,Horace Lisenbee,Not Eligible,Not Eligible
12908,Horace Milan,Not Eligible,Not Eligible
14469,Horace Ozmer,Not Eligible,Not Eligible
15065,Horace Phillips,Not Eligible,Not Eligible
18118,Horace Speed,Not Eligible,Not Eligible
18465,Horace Stoneham,Not Eligible,Not Eligible
5649,Horacio Estrada,Not Eligible,Not Eligible
15152,Horacio Pina,Not Eligible,Not Eligible
15615,Horacio Ramirez,Not Eligible,Not Eligible
13557,Horatio Munn,Not Eligible,Not Eligible
17668,Hosea Siner,Not Eligible,Not Eligible
15342,Hosken Powell,Not Eligible,Not Eligible
9399,Houston Jimenez,Not Eligible,Not Eligible
532,Howard Armstrong,Not Eligible,Not Eligible
728,Howard Bailey,Not Eligible,Not Eligible
764,Howard Baker,Not Eligible,Not Eligible
1075,Howard Battle,Not Eligible,Not Eligible
4017,Howard Craghead,Not Eligible,Not Eligible
5334,Howard Earl,Not Eligible,Not Eligible
5440,Howard Ehmke,Not Inducted,Not Inducted
5729,Howard Fahey,Not Eligible,Not Eligible
5775,Howard Farmer,Not Eligible,Not Eligible
6028,Howard Fitzgerald,Not Eligible,Not Eligible
6350,Howard Freigau,Not Eligible,Not Eligible
7475,Howard Groskloss,Not Eligible,Not Eligible
8583,Howard Hilton,Not Eligible,Not Eligible
9478,Howard Johnson,Not Inducted,Not Inducted
11220,Howard Lohr,Not Eligible,Not Eligible
11789,Howard Maple,Not Eligible,Not Eligible
12461,Howard McGraner,Not Eligible,Not Eligible
13044,Howard Mills,Not Eligible,Not Eligible
13613,Howard Murphy,Not Eligible,Not Eligible
19906,Howard Wakefield,Not Eligible,Not Eligible
19975,Howard Wall,Not Eligible,Not Eligible
20709,Howard Wilson,Not Eligible,Not Eligible
3136,Howdy Caton,Not Eligible,Not Eligible
1201,Howie Bedell,Not Eligible,Not Eligible
2786,Howie Camnitz,Not Inducted,Not Inducted
2787,Howie Camp,Not Eligible,Not Eligible
3007,Howie Carter,Not Eligible,Not Eligible
3424,Howie Clark,Not Eligible,Not Eligible
6254,Howie Fox,Not Eligible,Not Eligible
7195,Howie Gorman,Not Eligible,Not Eligible
7213,Howie Goss,Not Eligible,Not Eligible
7396,Howie Gregory,Not Eligible,Not Eligible
8099,Howie Haworth,Not Eligible,Not Eligible
9611,Howie Jones,Not Eligible,Not Eligible
9724,Howie Judson,Not Eligible,Not Eligible
9977,Howie Kendrick,Not Eligible,Not Eligible
10366,Howie Koplitz,Not Eligible,Not Eligible
10448,Howie Krist,Not Eligible,Not Eligible
12403,Howie McFarland,Not Eligible,Not Eligible
13459,Howie Moss,Not Eligible,Not Eligible
14066,Howie Nunn,Not Eligible,Not Eligible
15250,Howie Pollet,Not Inducted,Not Inducted
15776,Howie Reed,Not Inducted,Not Inducted
17163,Howie Schultz,Not Eligible,Not Eligible
17388,Howie Shanks,Not Inducted,Not Inducted
18473,Howie Storie,Not Eligible,Not Eligible
20642,Howie Williamson,Not Eligible,Not Eligible
14579,Hoy Park,Not Eligible,Not Eligible
20522,Hoyt Wilhelm,Inducted,Inducted
2066,Huascar Brazoban,Not Eligible,Not Eligible
21087,Huascar Ynoa,Not Eligible,Not Eligible
438,Hub Andrews,Not Eligible,Not Eligible
3653,Hub Collins,Not Eligible,Not Eligible
7993,Hub Hart,Not Eligible,Not Eligible
10281,Hub Knolls,Not Eligible,Not Eligible
14028,Hub Northen,Not Eligible,Not Eligible
14867,Hub Perdue,Not Eligible,Not Eligible
14930,Hub Pernoll,Not Eligible,Not Eligible
15434,Hub Pruett,Not Eligible,Not Eligible
19940,Hub Walker,Not Eligible,Not Eligible
1056,Hubert Bates,Not Eligible,Not Eligible
2209,Hubie Brooks,Not Inducted,Not Inducted
1459,Huck Betts,Not Inducted,Not Inducted
6075,Huck Flener,Not Eligible,Not Eligible
6742,Huck Geary,Not Eligible,Not Eligible
19986,Huck Wallace,Not Eligible,Not Eligible
208,Hugh Alexander,Not Eligible,Not Eligible
1204,Hugh Bedient,Not Eligible,Not Eligible
1986,Hugh Bradley,Not Eligible,Not Eligible
2807,Hugh Campbell,Not Eligible,Not Eligible
2837,Hugh Canavan,Not Eligible,Not Eligible
3036,Hugh Casey,Not Eligible,Not Eligible
4317,Hugh Daily,Not Eligible,Not Eligible
5196,Hugh Duffy,Inducted,Inducted
5349,Hugh East,Not Eligible,Not Eligible
6903,Hugh Gilgan,Not Eligible,Not Eligible
8524,Hugh High,Not Eligible,Not Eligible
8550,Hugh Hill,Not Eligible,Not Eligible
12598,Hugh McMullen,Not Eligible,Not Eligible
12639,Hugh McQuillan,Not Inducted,Not Inducted
13514,Hugh Mulcahy,Not Eligible,Not Eligible
13920,Hugh Nicol,Not Inducted,Not Inducted
14287,Hugh O'Neill,Not Eligible,Not Eligible
15241,Hugh Poland,Not Eligible,Not Eligible
15819,Hugh Reid,Not Eligible,Not Eligible
17474,Hugh Shelley,Not Eligible,Not Eligible
20648,Hugh Willingham,Not Eligible,Not Eligible
21046,Hugh Yancy,Not Eligible,Not Eligible
4098,Hughie Critz,Not Inducted,Not Inducted
8152,Hughie Hearne,Not Eligible,Not Eligible
9369,Hughie Jennings,Inducted,Inducted
12966,Hughie Miller,Not Eligible,Not Eligible
18842,Hughie Tate,Not Eligible,Not Eligible
20808,Hughie Wise,Not Eligible,Not Eligible
1471,Hugo Bezdek,Not Eligible,Not Eligible
10197,Hugo Klaerner,Not Eligible,Not Eligible
562,Humberto Arteaga,Not Eligible,Not Eligible
3067,Humberto Castellanos,Not Eligible,Not Eligible
3934,Humberto Cota,Not Eligible,Not Eligible
12722,Humberto Mejia,Not Eligible,Not Eligible
15534,Humberto Quintero,Not Inducted,Not Inducted
16228,Humberto Robinson,Not Eligible,Not Eligible
16824,Humberto Sanchez,Not Eligible,Not Eligible
10512,Hung-Chih Kuo,Not Eligible,Not Eligible
8593,Hunkey Hines,Not Eligible,Not Eligible
17424,Hunky Shaw,Not Eligible,Not Eligible
1505,Hunter Bigge,Not Eligible,Not Eligible
2269,Hunter Brown,Not Eligible,Not Eligible
3182,Hunter Cervenka,Not Eligible,Not Eligible
5109,Hunter Dozier,Not Eligible,Not Eligible
5819,Hunter Feduccia,Not Eligible,Not Eligible
6479,Hunter Gaddis,Not Eligible,Not Eligible
7158,Hunter Goodman,Not Eligible,Not Eligible
7364,Hunter Greene,Not Eligible,Not Eligible
8033,Hunter Harvey,Not Eligible,Not Eligible
8551,Hunter Hill,Not Eligible,Not Eligible
9612,Hunter Jones,Not Eligible,Not Eligible
10642,Hunter Lane,Not Eligible,Not Eligible
14445,Hunter Owen,Not Eligible,Not Eligible
14821,Hunter Pence,Not Eligible,Not Eligible
15871,Hunter Renfroe,Not Eligible,Not Eligible
18511,Hunter Stratton,Not Eligible,Not Eligible
18529,Hunter Strickland,Not Eligible,Not Eligible
20890,Hunter Wood,Not Eligible,Not Eligible
19918,Hurston Waldrep,Not Eligible,Not Eligible
18520,Huston Street,Not Inducted,Not Inducted
20343,Huyler Westervelt,Not Eligible,Not Eligible
3583,Hy Cohen,Not Eligible,Not Eligible
7572,Hy Gunning,Not Eligible,Not Eligible
19641,Hy Vandenberg,Not Eligible,Not Eligible
21048,Hyeon-jong Yang,Not Eligible,Not Eligible
16713,Hyun Jin Ryu,Not Eligible,Not Eligible
10096,Hyun Soo Kim,Not Eligible,Not Eligible
399,Ian Anderson,Not Eligible,Not Eligible
4760,Ian Desmond,Not Inducted,Not Inducted
6839,Ian Gibaut,Not Eligible,Not Eligible
7764,Ian Hamilton,Not Eligible,Not Eligible
7857,Ian Happ,Not Eligible,Not Eligible
9991,Ian Kennedy,Not Eligible,Not Eligible
10152,Ian Kinsler,Not Inducted,Not Inducted
10456,Ian Krol,Not Eligible,Not Eligible
12967,Ian Miller,Not Eligible,Not Eligible
14607,Ian Parmley,Not Eligible,Not Eligible
17972,Ian Snell,Not Eligible,Not Eligible
18399,Ian Stewart,Not Eligible,Not Eligible
19059,Ian Thomas,Not Eligible,Not Eligible
3201,Ice Box Chamberlain,Not Inducted,Not Inducted
20710,Icehouse Wilson,Not Eligible,Not Eligible
18703,Ichiro Suzuki,Inducted,Inducted
15791,Icicle Reeder,Not Eligible,Not Eligible
1322,Ike Benners,Not Eligible,Not Eligible
1660,Ike Blessitt,Not Eligible,Not Eligible
1810,Ike Boone,Not Eligible,Not Eligible
2204,Ike Brookens,Not Eligible,Not Eligible
2270,Ike Brown,Not Eligible,Not Eligible
2637,Ike Butler,Not Eligible,Not Eligible
3149,Ike Caveney,Not Eligible,Not Eligible
4375,Ike Danning,Not Eligible,Not Eligible
4479,Ike Davis,Not Eligible,Not Eligible
4478,Ike Davis,Not Eligible,Not Eligible
4690,Ike Delock,Not Inducted,Not Inducted
5447,Ike Eichrodt,Not Eligible,Not Eligible
6007,Ike Fisher,Not Eligible,Not Eligible
7788,Ike Hampton,Not Eligible,Not Eligible
9757,Ike Kahdot,Not Eligible,Not Eligible
9782,Ike Kamp,Not Eligible,Not Eligible
12196,Ike McAuley,Not Eligible,Not Eligible
14751,Ike Pearson,Not Eligible,Not Eligible
15358,Ike Powers,Not Eligible,Not Eligible
16262,Ike Rockenfield,Not Eligible,Not Eligible
16799,Ike Samuels,Not Eligible,Not Eligible
19632,Ike Van Zandt,Not Eligible,Not Eligible
19654,Ildemaro Vargas,Not Eligible,Not Eligible
1236,Ira Belden,Not Eligible,Not Eligible
4480,Ira Davis,Not Eligible,Not Eligible
6048,Ira Flagstead,Not Inducted,Not Inducted
9119,Ira Hutchinson,Not Eligible,Not Eligible
19060,Ira Thomas,Not Inducted,Not Inducted
19314,Ira Townsend,Not Eligible,Not Eligible
12495,Irish McIlveen,Not Eligible,Not Eligible
12851,Irish Meusel,Not Inducted,Not Inducted
1012,Irv Bartling,Not Eligible,Not Eligible
7629,Irv Hach,Not Eligible,Not Eligible
7717,Irv Hall,Not Eligible,Not Eligible
8511,Irv Higginbotham,Not Eligible,Not Eligible
9348,Irv Jeffries,Not Eligible,Not Eligible
12691,Irv Medlinger,Not Eligible,Not Eligible
14012,Irv Noren,Not Inducted,Not Inducted
15295,Irv Porter,Not Eligible,Not Eligible
15712,Irv Ray,Not Eligible,Not Eligible
18319,Irv Stein,Not Eligible,Not Eligible
19919,Irv Waldron,Not Eligible,Not Eligible
21136,Irv Young,Not Eligible,Not Eligible
5754,Irving Falu,Not Eligible,Not Eligible
11288,Irving Lopez,Not Eligible,Not Eligible
3654,Isaac Collins,Not Eligible,Not Eligible
6540,Isaac Galloway,Not Eligible,Not Eligible
12097,Isaac Mattson,Not Eligible,Not Eligible
14568,Isaac Paredes,Not Eligible,Not Eligible
2808,Isaiah Campbell,Not Eligible,Not Eligible
4818,Isan Diaz,Not Eligible,Not Eligible
10113,Isiah Kiner-Falefa,Not Eligible,Not Eligible
11840,Isidro Marquez,Not Eligible,Not Eligible
19573,Ismael Valdez,Not Inducted,Not Inducted
19789,Ismael Villegas,Not Eligible,Not Eligible
185,Israel Alcantara,Not Eligible,Not Eligible
15138,Israel Pike,Not Eligible,Not Eligible
15156,Israel Pineda,Not Eligible,Not Eligible
16825,Israel Sanchez,Not Eligible,Not Eligible
3278,Italo Chelini,Not Eligible,Not Eligible
7159,Ival Goodman,Not Inducted,Not Inducted
1509,Ivan Bigler,Not Eligible,Not Eligible
2725,Ivan Calderon,Not Inducted,Not Inducted
3084,Ivan Castillo,Not Eligible,Not Eligible
4185,Ivan Cruz,Not Eligible,Not Eligible
4553,Ivan De Jesus,Not Eligible,Not Eligible
8418,Ivan Herrera,Not Eligible,Not Eligible
8903,Ivan Howard,Not Eligible,Not Eligible
13661,Ivan Murrell,Not Inducted,Not Inducted
14045,Ivan Nova,Not Eligible,Not Eligible
14120,Ivan Ochoa,Not Eligible,Not Eligible
16303,Ivan Rodriguez,Inducted,Inducted
4552,Ivan de Jesus,Not Inducted,Not Inducted
3570,Ivanon Coffie,Not Eligible,Not Eligible
17548,Ivey Shiver,Not Eligible,Not Eligible
20779,Ivey Wingo,Not Inducted,Not Inducted
439,Ivy Andrews,Not Eligible,Not Eligible
7420,Ivy Griffin,Not Eligible,Not Eligible
14254,Ivy Olson,Not Inducted,Not Inducted
7060,Izzy Goldstein,Not Eligible,Not Eligible
8674,Izzy Hoffman,Not Eligible,Not Eligible
10944,Izzy Leon,Not Eligible,Not Eligible
13159,Izzy Molina,Not Eligible,Not Eligible
8017,J C Hartman,Not Eligible,Not Eligible
7858,J. A. Happ,Not Eligible,Not Eligible
2437,J. B. Bukauskas,Not Eligible,Not Eligible
20296,J. B. Wendelken,Not Eligible,Not Eligible
21137,J. B. Young,Not Eligible,Not Eligible
1845,J. C. Boscan,Not Eligible,Not Eligible
7590,J. C. Gutierrez,Not Eligible,Not Eligible
11914,J. C. Martin,Not Inducted,Not Inducted
12723,J. C. Mejia,Not Eligible,Not Eligible
15616,J. C. Ramirez,Not Eligible,Not Eligible
16430,J. C. Romero,Not Inducted,Not Inducted
4481,J. D. Davis,Not Eligible,Not Eligible
5140,J. D. Drew,Not Inducted,Not Inducted
5282,J. D. Durbin,Not Eligible,Not Eligible
7777,J. D. Hammer,Not Eligible,Not Eligible
11915,J. D. Martin,Not Eligible,Not Eligible
11959,J. D. Martinez,Not Eligible,Not Eligible
17771,J. D. Smart,Not Eligible,Not Eligible
4482,J. J. Davis,Not Eligible,Not Eligible
6465,J. J. Furmaniak,Not Eligible,Not Eligible
7875,J. J. Hardy,Not Inducted,Not Inducted
8809,J. J. Hoover,Not Eligible,Not Eligible
12058,J. J. Matijevic,Not Eligible,Not Eligible
15477,J. J. Putz,Not Inducted,Not Inducted
19030,J. J. Thobe,Not Eligible,Not Eligible
19401,J. J. Trujillo,Not Eligible,Not Eligible
20544,J. L. Wilkinson,Not Eligible,Not Eligible
510,J. P. Arencibia,Not Eligible,Not Eligible
4046,J. P. Crawford,Not Eligible,Not Eligible
5906,J. P. Feyereisen,Not Eligible,Not Eligible
6270,J. P. France,Not Eligible,Not Eligible
8924,J. P. Howell,Not Inducted,Not Inducted
11990,J. P. Martínez,Not Eligible,Not Eligible
7259,J. R. Graham,Not Eligible,Not Eligible
8870,J. R. House,Not Eligible,Not Eligible
13614,J. R. Murphy,Not Eligible,Not Eligible
15066,J. R. Phillips,Not Eligible,Not Eligible
15983,J. R. Richard,Not Inducted,Not Inducted
19310,J. R. Towles,Not Eligible,Not Eligible
2348,J. T. Bruett,Not Eligible,Not Eligible
3251,J. T. Chargois,Not Eligible,Not Eligible
6952,J. T. Ginn,Not Eligible,Not Eligible
15733,J. T. Realmuto,Not Eligible,Not Eligible
17990,J. T. Snow,Not Inducted,Not Inducted
15516,J.A. Robert Quinn,Not Eligible,Not Eligible
17581,JB Shuck,Not Eligible,Not Eligible
3532,JD Closser,Not Eligible,Not Eligible
1655,JJ Bleday,Not Eligible,Not Eligible
17258,JP Sears,Not Eligible,Not Eligible
2340,JT Brubaker,Not Eligible,Not Eligible
16036,JT Riddle,Not Eligible,Not Eligible
9614,JaCoby Jones,Not Eligible,Not Eligible
1641,Jabari Blash,Not Eligible,Not Eligible
6410,Jace Fry,Not Eligible,Not Eligible
9732,Jace Jung,Not Eligible,Not Eligible
14984,Jace Peterson,Not Eligible,Not Eligible
159,Jack Aker,Not Inducted,Not Inducted
179,Jack Albright,Not Eligible,Not Eligible
247,Jack Allen,Not Eligible,Not Eligible
488,Jack Aragon,Not Eligible,Not Eligible
533,Jack Armstrong,Not Eligible,Not Eligible
765,Jack Baker,Not Eligible,Not Eligible
790,Jack Baldschun,Not Eligible,Not Eligible
851,Jack Banta,Not Eligible,Not Eligible
934,Jack Barnett,Not Eligible,Not Eligible
995,Jack Barry,Not Inducted,Not Inducted
1123,Jack Beach,Not Eligible,Not Eligible
1285,Jack Bellman,Not Eligible,Not Eligible
1344,Jack Bentley,Not Eligible,Not Eligible
1391,Jack Berly,Not Eligible,Not Eligible
1517,Jack Billingham,Not Inducted,Not Inducted
1668,Jack Bliss,Not Eligible,Not Eligible
1682,Jack Blott,Not Eligible,Not Eligible
1757,Jack Bolling,Not Eligible,Not Eligible
1952,Jack Boyle,Not Inducted,Not Inducted
1953,Jack Boyle,Not Eligible,Not Eligible
1962,Jack Bracken,Not Eligible,Not Eligible
1987,Jack Bradley,Not Eligible,Not Eligible
2089,Jack Brennan,Not Eligible,Not Eligible
2113,Jack Brewer,Not Eligible,Not Eligible
2172,Jack Brittin,Not Eligible,Not Eligible
2197,Jack Brohamer,Not Eligible,Not Eligible
2363,Jack Bruner,Not Eligible,Not Eligible
2476,Jack Burdock,Not Inducted,Not Inducted
2545,Jack Burns,Not Eligible,Not Eligible
2544,Jack Burns,Not Eligible,Not Eligible
2606,Jack Bushelman,Not Eligible,Not Eligible
2735,Jack Calhoun,Not Eligible,Not Eligible
2766,Jack Calvo,Not Eligible,Not Eligible
2775,Jack Cameron,Not Eligible,Not Eligible
2940,Jack Carney,Not Eligible,Not Eligible
3055,Jack Cassel,Not Eligible,Not Eligible
3062,Jack Cassini,Not Eligible,Not Eligible
3238,Jack Chapman,Not Eligible,Not Eligible
3286,Jack Chesbro,Inducted,Inducted
3425,Jack Clark,Not Inducted,Not Inducted
3506,Jack Clements,Not Inducted,Not Inducted
3568,Jack Coffey,Not Eligible,Not Eligible
3699,Jack Compton,Not Eligible,Not Eligible
3784,Jack Conway,Not Eligible,Not Eligible
3819,Jack Coombs,Not Inducted,Not Inducted
3863,Jack Corcoran,Not Eligible,Not Eligible
3971,Jack Coveney,Not Eligible,Not Eligible
4065,Jack Creel,Not Eligible,Not Eligible
4075,Jack Cressend,Not Eligible,Not Eligible
4083,Jack Crimian,Not Eligible,Not Eligible
4119,Jack Cronin,Not Eligible,Not Eligible
4124,Jack Crooks,Not Eligible,Not Eligible
4147,Jack Crouch,Not Eligible,Not Eligible
4221,Jack Cullen,Not Eligible,Not Eligible
4236,Jack Cummings,Not Eligible,Not Eligible
4275,Jack Curtis,Not Eligible,Not Eligible
4287,Jack Cusick,Not Eligible,Not Eligible
4288,Jack Cust,Not Inducted,Not Inducted
4338,Jack Dalton,Not Eligible,Not Eligible
4347,Jack Damaska,Not Eligible,Not Eligible
4364,Jack Daniels,Not Eligible,Not Eligible
4396,Jack Darragh,Not Eligible,Not Eligible
4413,Jack Daugherty,Not Eligible,Not Eligible
4881,Jack DiLauro,Not Eligible,Not Eligible
4923,Jack Dittmer,Not Eligible,Not Eligible
5044,Jack Doscher,Not Eligible,Not Eligible
5095,Jack Doyle,Not Inducted,Not Inducted
5244,Jack Dunleavy,Not Eligible,Not Eligible
5248,Jack Dunn,Not Eligible,Not Eligible
5356,Jack Easton,Not Eligible,Not Eligible
5430,Jack Egan,Not Eligible,Not Eligible
5434,Jack Egbert,Not Eligible,Not Eligible
5560,Jack Enright,Not Eligible,Not Eligible
5566,Jack Enzenroth,Not Eligible,Not Eligible
5758,Jack Fanning,Not Eligible,Not Eligible
5776,Jack Farmer,Not Eligible,Not Eligible
5790,Jack Farrell,Not Eligible,Not Eligible
5789,Jack Farrell,Not Inducted,Not Inducted
5788,Jack Farrell,Not Eligible,Not Eligible
5803,Jack Faszholz,Not Eligible,Not Eligible
5820,Jack Fee,Not Eligible,Not Eligible
5841,Jack Feller,Not Eligible,Not Eligible
5896,Jack Ferry,Not Eligible,Not Eligible
5931,Jack Fifield,Not Eligible,Not Eligible
5953,Jack Fimple,Not Eligible,Not Eligible
6008,Jack Fisher,Not Inducted,Not Inducted
6049,Jack Flaherty,Not Eligible,Not Eligible
6066,Jack Flater,Not Eligible,Not Eligible
6236,Jack Fournier,Not Inducted,Not Inducted
6255,Jack Fox,Not Eligible,Not Eligible
6295,Jack Franklin,Not Eligible,Not Eligible
6882,Jack Gilbert,Not Eligible,Not Eligible
6931,Jack Gilligan,Not Eligible,Not Eligible
6983,Jack Glasscock,Not Inducted,Not Inducted
6996,Jack Gleason,Not Eligible,Not Eligible
7196,Jack Gorman,Not Eligible,Not Eligible
7260,Jack Graham,Not Eligible,Not Eligible
7280,Jack Graney,Not Inducted,Not Inducted
7733,Jack Hallett,Not Eligible,Not Eligible
7765,Jack Hamilton,Not Eligible,Not Eligible
7780,Jack Hammond,Not Eligible,Not Eligible
7830,Jack Hannahan,Not Eligible,Not Eligible
7834,Jack Hannifin,Not Eligible,Not Eligible
7877,Jack Hardy,Not Eligible,Not Eligible
7876,Jack Hardy,Not Eligible,Not Eligible
7910,Jack Harper,Not Eligible,Not Eligible
7911,Jack Harper,Not Eligible,Not Eligible
7985,Jack Harshman,Not Inducted,Not Inducted
8103,Jack Hayden,Not Eligible,Not Eligible
8190,Jack Heidemann,Not Eligible,Not Eligible
8208,Jack Heinzman,Not Eligible,Not Eligible
8267,Jack Hendricks,Not Eligible,Not Eligible
8479,Jack Hiatt,Not Eligible,Not Eligible
8486,Jack Hickey,Not Eligible,Not Eligible
8584,Jack Himes,Not Eligible,Not Eligible
8663,Jack Hoey,Not Eligible,Not Eligible
8836,Jack Horner,Not Eligible,Not Eligible
8925,Jack Howell,Not Inducted,Not Inducted
9357,Jack Jenkins,Not Eligible,Not Eligible
9613,Jack Jones,Not Eligible,Not Eligible
9755,Jack Kading,Not Eligible,Not Eligible
9822,Jack Katoll,Not Eligible,Not Eligible
9871,Jack Keenan,Not Eligible,Not Eligible
10056,Jack Kibble,Not Eligible,Not Eligible
10090,Jack Killilay,Not Eligible,Not Eligible
10268,Jack Knight,Not Eligible,Not Eligible
10287,Jack Knott,Not Inducted,Not Inducted
10311,Jack Kochanowicz,Not Eligible,Not Eligible
10406,Jack Kralick,Not Eligible,Not Eligible
10408,Jack Kramer,Not Inducted,Not Inducted
10416,Jack Kraus,Not Eligible,Not Eligible
10457,Jack Krol,Not Eligible,Not Eligible
10473,Jack Kruger,Not Eligible,Not Eligible
10484,Jack Kubiszyn,Not Eligible,Not Eligible
10488,Jack Kucek,Not Eligible,Not Eligible
10505,Jack Kull,Not Eligible,Not Eligible
10587,Jack Lamabe,Not Eligible,Not Eligible
10684,Jack Lapp,Not Eligible,Not Eligible
10710,Jack Larsen,Not Eligible,Not Eligible
10792,Jack Lazorko,Not Eligible,Not Eligible
10812,Jack Leary,Not Eligible,Not Eligible
10817,Jack Leathersich,Not Eligible,Not Eligible
10904,Jack Leiper,Not Eligible,Not Eligible
10907,Jack Leiter,Not Eligible,Not Eligible
10918,Jack Lelivelt,Not Eligible,Not Eligible
11012,Jack Lewis,Not Eligible,Not Eligible
11075,Jack Lind,Not Eligible,Not Eligible
11142,Jack Little,Not Eligible,Not Eligible
11154,Jack Littrell,Not Eligible,Not Eligible
11158,Jack Lively,Not Eligible,Not Eligible
11221,Jack Lohrke,Not Eligible,Not Eligible
11289,Jack Lopez,Not Eligible,Not Eligible
11429,Jack Lundbom,Not Eligible,Not Eligible
11467,Jack Lynch,Not Eligible,Not Eligible
11624,Jack Maguire,Not Eligible,Not Eligible
11752,Jack Manning,Not Inducted,Not Inducted
11916,Jack Martin,Not Eligible,Not Eligible
12157,Jack Mayfield,Not Eligible,Not Eligible
12181,Jack McAdams,Not Eligible,Not Eligible
12184,Jack McAleese,Not Eligible,Not Eligible
12230,Jack McCallister,Not Eligible,Not Eligible
12232,Jack McCandless,Not Eligible,Not Eligible
12245,Jack McCarthy,Not Inducted,Not Inducted
12362,Jack McDonald,Not Eligible,Not Eligible
12382,Jack McDowell,Not Inducted,Not Inducted
12407,Jack McFetridge,Not Eligible,Not Eligible
12417,Jack McGeachey,Not Eligible,Not Eligible
12531,Jack McKeon,Not Eligible,Not Eligible
12576,Jack McMahan,Not Eligible,Not Eligible
12579,Jack McMahon,Not Eligible,Not Eligible
12793,Jack Mercer,Not Eligible,Not Eligible
12820,Jack Merson,Not Eligible,Not Eligible
12863,Jack Meyer,Not Eligible,Not Eligible
12872,Jack Meyers,Not Eligible,Not Eligible
13045,Jack Mills,Not Eligible,Not Eligible
13399,Jack Morris,Not Inducted,Inducted
13419,Jack Morrissey,Not Eligible,Not Eligible
13709,Jack Nabors,Not Eligible,Not Eligible
13778,Jack Neagle,Not Eligible,Not Eligible
13790,Jack Neely,Not Eligible,Not Eligible
13842,Jack Ness,Not Eligible,Not Eligible
13941,Jack Niemes,Not Eligible,Not Eligible
14104,Jack O'Brien,Not Eligible,Not Eligible
14105,Jack O'Brien,Not Eligible,Not Eligible
14132,Jack O'Connor,Not Eligible,Not Eligible
14133,Jack O'Connor,Not Inducted,Not Inducted
14243,Jack O'Loughlin,Not Eligible,Not Eligible
14288,Jack O'Neill,Not Eligible,Not Eligible
14169,Jack Ogden,Not Eligible,Not Eligible
14299,Jack Onslow,Not Eligible,Not Eligible
14453,Jack Owens,Not Eligible,Not Eligible
14772,Jack Peerson,Not Eligible,Not Eligible
14862,Jack Perconte,Not Eligible,Not Eligible
14933,Jack Perrin,Not Eligible,Not Eligible
15025,Jack Pfiester,Not Eligible,Not Eligible
15067,Jack Phillips,Not Eligible,Not Eligible
15068,Jack Phillips,Not Eligible,Not Eligible
15118,Jack Pierce,Not Eligible,Not Eligible
15343,Jack Powell,Inducted,Not Inducted
15344,Jack Powell,Not Eligible,Not Eligible
15517,Jack Quinn,Inducted,Not Inducted
15567,Jack Radtke,Not Eligible,Not Eligible
15572,Jack Rafter,Not Eligible,Not Eligible
15761,Jack Redmond,Not Eligible,Not Eligible
15777,Jack Reed,Not Eligible,Not Eligible
15841,Jack Reinheimer,Not Eligible,Not Eligible
15846,Jack Reis,Not Eligible,Not Eligible
15866,Jack Remsen,Not Inducted,Not Inducted
16000,Jack Richardson,Not Eligible,Not Eligible
16040,Jack Ridgway,Not Eligible,Not Eligible
16230,Jack Robinson,Not Eligible,Not Eligible
16229,Jack Robinson,Not Eligible,Not Eligible
16257,Jack Roche,Not Eligible,Not Eligible
16549,Jack Rothfuss,Not Eligible,Not Eligible
16551,Jack Rothrock,Not Inducted,Not Inducted
16560,Jack Rowan,Not Eligible,Not Eligible
16566,Jack Rowe,Not Inducted,Not Inducted
16658,Jack Russell,Not Inducted,Not Inducted
16691,Jack Ryan,Not Eligible,Not Eligible
16693,Jack Ryan,Not Eligible,Not Eligible
16692,Jack Ryan,Not Inducted,Not Inducted
16781,Jack Saltzgaver,Not Eligible,Not Eligible
16783,Jack Salveson,Not Eligible,Not Eligible
16872,Jack Sanford,Not Inducted,Not Inducted
16871,Jack Sanford,Not Eligible,Not Eligible
16949,Jack Savage,Not Eligible,Not Eligible
17036,Jack Scheible,Not Eligible,Not Eligible
17156,Jack Schulte,Not Eligible,Not Eligible
17220,Jack Scott,Not Inducted,Not Inducted
17410,Jack Sharrott,Not Eligible,Not Eligible
17452,Jack Sheehan,Not Eligible,Not Eligible
17482,Jack Shepard,Not Eligible,Not Eligible
17493,Jack Sheridan,Not Eligible,Not Eligible
17739,Jack Slattery,Not Eligible,Not Eligible
17866,Jack Smith,Not Inducted,Not Inducted
17868,Jack Smith,Not Eligible,Not Eligible
17867,Jack Smith,Not Eligible,Not Eligible
18006,Jack Snyder,Not Eligible,Not Eligible
18180,Jack Spring,Not Eligible,Not Eligible
18259,Jack Stansbury,Not Eligible,Not Eligible
18433,Jack Stivetts,Not Inducted,Not Inducted
18695,Jack Sutthoff,Not Eligible,Not Eligible
18702,Jack Suwinski,Not Eligible,Not Eligible
18836,Jack Taschner,Not Eligible,Not Eligible
18904,Jack Taylor,Not Eligible,Not Eligible
18905,Jack Taylor,Not Inducted,Not Inducted
19013,Jack Theis,Not Eligible,Not Eligible
19139,Jack Thoney,Not Eligible,Not Eligible
19182,Jack Tighe,Not Eligible,Not Eligible
19208,Jack Tising,Not Eligible,Not Eligible
19213,Jack Tobin,Not Inducted,Not Inducted
19528,Jack Urban,Not Eligible,Not Eligible
19824,Jack Voigt,Not Eligible,Not Eligible
19871,Jack Wadsworth,Not Eligible,Not Eligible
19987,Jack Wallace,Not Eligible,Not Eligible
19994,Jack Wallaesa,Not Eligible,Not Eligible
20051,Jack Wanner,Not Eligible,Not Eligible
20085,Jack Warhop,Not Eligible,Not Eligible
20093,Jack Warner,Not Eligible,Not Eligible
20091,Jack Warner,Not Eligible,Not Eligible
20092,Jack Warner,Not Inducted,Not Inducted
20303,Jack Wentz,Not Eligible,Not Eligible
20384,Jack Whillock,Not Eligible,Not Eligible
20421,Jack White,Not Eligible,Not Eligible
20422,Jack White,Not Eligible,Not Eligible
20501,Jack Wieneke,Not Eligible,Not Eligible
20712,Jack Wilson,Not Eligible,Not Eligible
20711,Jack Wilson,Not Inducted,Not Inducted
20816,Jack Wisner,Not Eligible,Not Eligible
21183,Jack Zalusky,Not Eligible,Not Eligible
4483,Jacke Davis,Not Eligible,Not Eligible
1988,Jackie Bradley,Not Eligible,Not Eligible
2033,Jackie Brandt,Not Inducted,Not Inducted
2271,Jackie Brown,Not Eligible,Not Eligible
3672,Jackie Collum,Not Eligible,Not Eligible
6522,Jackie Gallagher,Not Eligible,Not Eligible
7591,Jackie Gutierrez,Not Eligible,Not Eligible
8111,Jackie Hayes,Not Inducted,Not Inducted
8110,Jackie Hayes,Not Eligible,Not Eligible
8374,Jackie Hernandez,Not Eligible,Not Eligible
9372,Jackie Jensen,Not Inducted,Not Inducted
12163,Jackie Mayo,Not Eligible,Not Eligible
13265,Jackie Moore,Not Eligible,Not Eligible
15396,Jackie Price,Not Eligible,Not Eligible
16231,Jackie Robinson,Inducted,Inducted
18633,Jackie Sullivan,Not Eligible,Not Eligible
18863,Jackie Tavener,Not Eligible,Not Eligible
19214,Jackie Tobin,Not Eligible,Not Eligible
20094,Jackie Warner,Not Eligible,Not Eligible
3329,Jackson Chourio,Not Eligible,Not Eligible
6313,Jackson Frazier,Not Eligible,Not Eligible
8737,Jackson Holliday,Not Eligible,Not Eligible
9413,Jackson Jobe,Not Eligible,Not Eligible
10396,Jackson Kowar,Not Eligible,Not Eligible
12808,Jackson Merrill,Not Eligible,Not Eligible
16678,Jackson Rutledge,Not Eligible,Not Eligible
18352,Jackson Stephens,Not Eligible,Not Eligible
18996,Jackson Tetreault,Not Eligible,Not Eligible
19223,Jackson Todd,Not Eligible,Not Eligible
20593,Jackson Williams,Not Eligible,Not Eligible
20852,Jackson Wolf,Not Eligible,Not Eligible
355,Jacob Amaya,Not Eligible,Not Eligible
920,Jacob Barnes,Not Eligible,Not Eligible
2355,Jacob Brumfield,Not Eligible,Not Eligible
4186,Jacob Cruz,Not Eligible,Not Eligible
5096,Jacob Doyle,Not Eligible,Not Eligible
6256,Jacob Fox,Not Eligible,Not Eligible
7833,Jacob Hannemann,Not Eligible,Not Eligible
9106,Jacob Hurtubise,Not Eligible,Not Eligible
10926,Jacob Lemoine,Not Eligible,Not Eligible
11088,Jacob Lindgren,Not Eligible,Not Eligible
11290,Jacob Lopez,Not Eligible,Not Eligible
12135,Jacob May,Not Eligible,Not Eligible
13969,Jacob Nix,Not Eligible,Not Eligible
14043,Jacob Nottingham,Not Eligible,Not Eligible
15948,Jacob Rhame,Not Eligible,Not Eligible
16251,Jacob Robson,Not Eligible,Not Eligible
16644,Jacob Ruppert,Not Eligible,Not Eligible
18227,Jacob Stallings,Not Eligible,Not Eligible
19445,Jacob Turner,Not Eligible,Not Eligible
19894,Jacob Waguespack,Not Eligible,Not Eligible
20198,Jacob Webb,Not Eligible,Not Eligible
20714,Jacob Wilson,Not Eligible,Not Eligible
20713,Jacob Wilson,Not Eligible,Not Eligible
21138,Jacob Young,Not Eligible,Not Eligible
4640,Jacob deGrom,Not Eligible,Not Eligible
5508,Jacoby Ellsbury,Not Inducted,Not Inducted
9615,Jacque Jones,Not Inducted,Not Inducted
8552,Jaden Hill,Not Eligible,Not Eligible
16714,Jae Kuk Ryu,Not Eligible,Not Eligible
17327,Jae Weong Seo,Not Eligible,Not Eligible
9127,Jae-gyun Hwang,Not Eligible,Not Eligible
4619,Jaff Decker,Not Eligible,Not Eligible
9616,Jahmai Jones,Not Eligible,Not Eligible
12968,Jai Miller,Not Eligible,Not Eligible
14778,Jailen Peguero,Not Eligible,Not Eligible
981,Jaime Barria,Not Eligible,Not Eligible
1692,Jaime Bluma,Not Eligible,Not Eligible
2390,Jaime Bubela,Not Eligible,Not Eligible
3174,Jaime Cerda,Not Eligible,Not Eligible
3556,Jaime Cocanower,Not Eligible,Not Eligible
6605,Jaime Garcia,Not Inducted,Not Inducted
13766,Jaime Navarro,Not Inducted,Not Inducted
17164,Jaime Schultz,Not Eligible,Not Eligible
2770,Jair Camargo,Not Eligible,Not Eligible
9744,Jair Jurrjens,Not Eligible,Not Eligible
570,Jairo Asencio,Not Eligible,Not Eligible
4819,Jairo Diaz,Not Eligible,Not Eligible
9175,Jairo Iriarte,Not Eligible,Not Eligible
10536,Jairo Labourt,Not Eligible,Not Eligible
318,Jake Alu,Not Eligible,Not Eligible
552,Jake Arrieta,Not Eligible,Not Eligible
611,Jake Atz,Not Eligible,Not Eligible
661,Jake Aydelott,Not Eligible,Not Eligible
971,Jake Barrett,Not Eligible,Not Eligible
1085,Jake Bauers,Not Eligible,Not Eligible
1194,Jake Beckley,Inducted,Inducted
1531,Jake Bird,Not Eligible,Not Eligible
1680,Jake Bloss,Not Eligible,Not Eligible
1880,Jake Boultes,Not Eligible,Not Eligible
1939,Jake Boyd,Not Eligible,Not Eligible
2097,Jake Brentz,Not Eligible,Not Eligible
2143,Jake Brigham,Not Eligible,Not Eligible
2272,Jake Brown,Not Eligible,Not Eligible
2397,Jake Buchanan,Not Eligible,Not Eligible
2478,Jake Burger,Not Eligible,Not Eligible
3140,Jake Caulfield,Not Eligible,Not Eligible
3148,Jake Cave,Not Eligible,Not Eligible
3966,Jake Cousins,Not Eligible,Not Eligible
4047,Jake Crawford,Not Eligible,Not Eligible
4115,Jake Cronenworth,Not Eligible,Not Eligible
4360,Jake Daniel,Not Eligible,Not Eligible
4410,Jake Daubert,Not Inducted,Not Inducted
4865,Jake Diekman,Not Eligible,Not Eligible
5126,Jake Drauby,Not Eligible,Not Eligible
5262,Jake Dunning,Not Eligible,Not Eligible
5340,Jake Early,Not Eligible,Not Eligible
5391,Jake Eder,Not Eligible,Not Eligible
5453,Jake Eisenhart,Not Eligible,Not Eligible
5511,Jake Elmore,Not Eligible,Not Eligible
5604,Jake Esch,Not Eligible,Not Eligible
5681,Jake Evans,Not Eligible,Not Eligible
5766,Jake Faria,Not Eligible,Not Eligible
6017,Jake Fishman,Not Eligible,Not Eligible
6118,Jake Flowers,Not Inducted,Not Inducted
6257,Jake Fox,Not Eligible,Not Eligible
6269,Jake Fraley,Not Eligible,Not Eligible
6347,Jake Freeze,Not Eligible,Not Eligible
6822,Jake Gettman,Not Eligible,Not Eligible
6843,Jake Gibbs,Not Inducted,Not Inducted
7034,Jake Goebbert,Not Eligible,Not Eligible
7160,Jake Goodman,Not Eligible,Not Eligible
7658,Jake Hager,Not Eligible,Not Eligible
8189,Jake Hehl,Not Eligible,Not Eligible
8474,Jake Hewitt,Not Eligible,Not Eligible
9178,Jake Irvin,Not Eligible,Not Eligible
9252,Jake Jacobs,Not Eligible,Not Eligible
9270,Jake Jaeckel,Not Eligible,Not Eligible
9388,Jake Jewell,Not Eligible,Not Eligible
9617,Jake Jones,Not Eligible,Not Eligible
9756,Jake Kafora,Not Eligible,Not Eligible
10278,Jake Knodell,Not Eligible,Not Eligible
10596,Jake Lamb,Not Eligible,Not Eligible
10734,Jake Latz,Not Eligible,Not Eligible
11163,Jake Livingstone,Not Eligible,Not Eligible
11816,Jake Marisnick,Not Eligible,Not Eligible
12246,Jake McCarthy,Not Eligible,Not Eligible
12423,Jake McGee,Not Eligible,Not Eligible
12873,Jake Meyers,Not Eligible,Not Eligible
12969,Jake Miller,Not Eligible,Not Eligible
12970,Jake Miller,Not Eligible,Not Eligible
13293,Jake Mooty,Not Eligible,Not Eligible
13548,Jake Munch,Not Eligible,Not Eligible
13862,Jake Newberry,Not Eligible,Not Eligible
13998,Jake Noll,Not Eligible,Not Eligible
14031,Jake Northrop,Not Eligible,Not Eligible
14153,Jake Odorizzi,Not Eligible,Not Eligible
14757,Jake Peavy,Not Inducted,Not Inducted
14998,Jake Petricka,Not Eligible,Not Eligible
15185,Jake Pitler,Not Eligible,Not Eligible
15345,Jake Powell,Not Inducted,Not Inducted
15429,Jake Propst,Not Eligible,Not Eligible
15778,Jake Reed,Not Eligible,Not Eligible
16156,Jake Robbins,Not Eligible,Not Eligible
16362,Jake Rogers,Not Eligible,Not Eligible
17369,Jake Seymour,Not Eligible,Not Eligible
17870,Jake Smith,Not Eligible,Not Eligible
17869,Jake Smith,Not Eligible,Not Eligible
17954,Jake Smolinski,Not Eligible,Not Eligible
18214,Jake Stahl,Not Eligible,Not Eligible
18345,Jake Stenzel,Not Eligible,Not Eligible
18536,Jake Striker,Not Eligible,Not Eligible
19025,Jake Thielman,Not Eligible,Not Eligible
19027,Jake Thies,Not Eligible,Not Eligible
19104,Jake Thompson,Not Eligible,Not Eligible
19808,Jake Virtue,Not Eligible,Not Eligible
19832,Jake Volz,Not Eligible,Not Eligible
19865,Jake Wade,Not Eligible,Not Eligible
20012,Jake Walsh,Not Eligible,Not Eligible
20240,Jake Weimer,Not Eligible,Not Eligible
20282,Jake Wells,Not Eligible,Not Eligible
20339,Jake Westbrook,Not Inducted,Not Inducted
20877,Jake Wong,Not Eligible,Not Eligible
20891,Jake Wood,Not Eligible,Not Eligible
20918,Jake Woodford,Not Eligible,Not Eligible
20928,Jake Woods,Not Eligible,Not Eligible
12136,Jakie May,Not Inducted,Not Inducted
9737,Jakob Junis,Not Eligible,Not Eligible
15800,Jakson Reetz,Not Eligible,Not Eligible
10797,Jalal Leach,Not Eligible,Not Eligible
1214,Jalen Beeks,Not Eligible,Not Eligible
18548,Jamal Strong,Not Eligible,Not Eligible
600,James Atkins,Not Eligible,Not Eligible
797,James Baldwin,Not Inducted,Not Inducted
1360,James Beresford,Not Eligible,Not Eligible
1888,James Bourque,Not Eligible,Not Eligible
2502,James Burke,Not Eligible,Not Eligible
3037,James Casey,Not Inducted,Not Inducted
3144,James Cavanagh,Not Eligible,Not Eligible
4392,James Darnell,Not Eligible,Not Eligible
5287,James Durham,Not Eligible,Not Eligible
5413,James Edwards,Not Eligible,Not Eligible
7261,James Graham,Not Eligible,Not Eligible
7695,James Haley,Not Eligible,Not Eligible
7955,James Harris,Not Eligible,Not Eligible
8882,James Houser,Not Eligible,Not Eligible
8942,James Hoyt,Not Eligible,Not Eligible
9098,James Hurst,Not Eligible,Not Eligible
9618,James Jones,Not Eligible,Not Eligible
9797,James Kaprielian,Not Eligible,Not Eligible
9802,James Karinchak,Not Eligible,Not Eligible
10884,James Lehan,Not Eligible,Not Eligible
11209,James Lofton,Not Eligible,Not Eligible
11243,James Loney,Not Inducted,Not Inducted
11998,James Marvel,Not Eligible,Not Eligible
12194,James McArthur,Not Eligible,Not Eligible
12236,James McCann,Not Eligible,Not Eligible
12347,James McDermott,Not Eligible,Not Eligible
12363,James McDonald,Not Eligible,Not Eligible
12504,James McJames,Not Eligible,Not Eligible
12601,James McMullin,Not Eligible,Not Eligible
12699,James Meeker,Not Eligible,Not Eligible
13400,James Morris,Not Eligible,Not Eligible
13485,James Mouton,Not Eligible,Not Eligible
13723,James Naile,Not Eligible,Not Eligible
14038,James Norwood,Not Eligible,Not Eligible
14430,James Outman,Not Eligible,Not Eligible
14614,James Parr,Not Eligible,Not Eligible
14721,James Paxton,Not Eligible,Not Eligible
14735,James Pazos,Not Eligible,Not Eligible
15178,James Pirie,Not Eligible,Not Eligible
16502,James Roseman,Not Eligible,Not Eligible
16578,James Rowson,Not Eligible,Not Eligible
16659,James Russell,Not Eligible,Not Eligible
17490,James Sherfy,Not Eligible,Not Eligible
17518,James Shields,Not Inducted,Not Inducted
18210,James Stafford,Not Eligible,Not Eligible
20892,James Wood,Not Eligible,Not Eligible
21093,James York,Not Eligible,Not Eligible
18796,Jameson Taillon,Not Eligible,Not Eligible
2987,Jamey Carroll,Not Inducted,Not Inducted
20988,Jamey Wright,Inducted,Not Inducted
248,Jamie Allen,Not Eligible,Not Eligible
541,Jamie Arnold,Not Eligible,Not Eligible
2119,Jamie Brewington,Not Eligible,Not Eligible
2273,Jamie Brown,Not Eligible,Not Eligible
2503,Jamie Burke,Not Eligible,Not Eligible
2749,Jamie Callahan,Not Eligible,Not Eligible
4376,Jamie D'Antona,Not Eligible,Not Eligible
5353,Jamie Easterly,Not Inducted,Not Inducted
8682,Jamie Hoffmann,Not Eligible,Not Eligible
12190,Jamie McAndrew,Not Eligible,Not Eligible
13493,Jamie Moyer,Inducted,Not Inducted
13817,Jamie Nelson,Not Eligible,Not Eligible
15538,Jamie Quirk,Not Inducted,Not Inducted
16413,Jamie Romak,Not Eligible,Not Eligible
19750,Jamie Vermilyea,Not Eligible,Not Eligible
19941,Jamie Walker,Not Inducted,Not Inducted
20340,Jamie Westbrook,Not Eligible,Not Eligible
5213,Jan Dukes,Not Eligible,Not Eligible
7581,Jandel Gustave,Not Eligible,Not Eligible
9738,Janson Junk,Not Eligible,Not Eligible
2579,Jared Burton,Not Eligible,Not Eligible
5867,Jared Fernandez,Not Eligible,Not Eligible
8940,Jared Hoying,Not Eligible,Not Eligible
9006,Jared Hughes,Not Eligible,Not Eligible
9619,Jared Jones,Not Eligible,Not Eligible
10320,Jared Koenig,Not Eligible,Not Eligible
14214,Jared Oliva,Not Eligible,Not Eligible
16840,Jared Sandberg,Not Eligible,Not Eligible
17590,Jared Shuster,Not Eligible,Not Eligible
18042,Jared Solomon,Not Eligible,Not Eligible
19374,Jared Triolo,Not Eligible,Not Eligible
20013,Jared Walsh,Not Eligible,Not Eligible
20283,Jared Wells,Not Eligible,Not Eligible
21139,Jared Young,Not Eligible,Not Eligible
20989,Jaret Wright,Not Inducted,Not Inducted
6606,Jarlin Garcia,Not Eligible,Not Eligible
3921,Jarred Cosart,Not Eligible,Not Eligible
9890,Jarred Kelenic,Not Eligible,Not Eligible
5273,Jarren Duran,Not Eligible,Not Eligible
7502,Jarrett Grube,Not Eligible,Not Eligible
8685,Jarrett Hoffpauir,Not Eligible,Not Eligible
14590,Jarrett Parker,Not Eligible,Not Eligible
5326,Jarrod Dyson,Not Eligible,Not Eligible
14591,Jarrod Parker,Not Eligible,Not Eligible
14677,Jarrod Patterson,Not Eligible,Not Eligible
16780,Jarrod Saltalamacchia,Not Inducted,Not Inducted
20113,Jarrod Washburn,Not Inducted,Not Inducted
2274,Jarvis Brown,Not Eligible,Not Eligible
18851,Jarvis Tatum,Not Eligible,Not Eligible
69,Jason Adam,Not Eligible,Not Eligible
209,Jason Alexander,Not Eligible,Not Eligible
218,Jason Alfaro,Not Eligible,Not Eligible
400,Jason Anderson,Not Eligible,Not Eligible
1009,Jason Bartlett,Not Inducted,Not Inducted
1057,Jason Bates,Not Eligible,Not Eligible
1114,Jason Bay,Not Inducted,Not Inducted
1357,Jason Bere,Not Inducted,Not Inducted
1385,Jason Bergmann,Not Eligible,Not Eligible
1388,Jason Berken,Not Eligible,Not Eligible
1465,Jason Beverlin,Not Eligible,Not Eligible
1871,Jason Botts,Not Eligible,Not Eligible
1882,Jason Bourgeois,Not Eligible,Not Eligible
1940,Jason Boyd,Not Eligible,Not Eligible
2441,Jason Bulger,Not Eligible,Not Eligible
3117,Jason Castro,Not Eligible,Not Eligible
3296,Jason Childers,Not Eligible,Not Eligible
3345,Jason Christiansen,Not Inducted,Not Inducted
3549,Jason Coats,Not Eligible,Not Eligible
3771,Jason Conti,Not Eligible,Not Eligible
4484,Jason Davis,Not Eligible,Not Eligible
4671,Jason Delay,Not Eligible,Not Eligible
4685,Jason Dellaero,Not Eligible,Not Eligible
4854,Jason Dickson,Not Eligible,Not Eligible
4989,Jason Donald,Not Eligible,Not Eligible
5171,Jason Dubois,Not Eligible,Not Eligible
5507,Jason Ellison,Not Eligible,Not Eligible
6145,Jason Foley,Not Eligible,Not Eligible
6308,Jason Frasor,Not Inducted,Not Inducted
6607,Jason Garcia,Not Eligible,Not Eligible
6831,Jason Giambi,Inducted,Not Inducted
6902,Jason Gilfillan,Not Eligible,Not Eligible
7235,Jason Grabowski,Not Eligible,Not Eligible
7346,Jason Green,Not Eligible,Not Eligible
7442,Jason Grilli,Not Inducted,Not Inducted
7455,Jason Grimsley,Not Inducted,Not Inducted
7576,Jason Gurka,Not Eligible,Not Eligible
7776,Jason Hammel,Not Inducted,Not Inducted
7870,Jason Hardtke,Not Eligible,Not Eligible
7994,Jason Hart,Not Eligible,Not Eligible
8478,Jason Heyward,Not Eligible,Not Eligible
8611,Jason Hirsh,Not Eligible,Not Eligible
9094,Jason Hursh,Not Eligible,Not Eligible
9194,Jason Isringhausen,Not Inducted,Not Inducted
9266,Jason Jacome,Not Eligible,Not Eligible
9315,Jason Jaramillo,Not Eligible,Not Eligible
9370,Jason Jennings,Not Eligible,Not Eligible
9400,Jason Jimenez,Not Eligible,Not Eligible
9479,Jason Johnson,Not Inducted,Not Inducted
9620,Jason Jones,Not Eligible,Not Eligible
9809,Jason Karnuth,Not Eligible,Not Eligible
9975,Jason Kendall,Not Inducted,Not Inducted
10040,Jason Kershner,Not Eligible,Not Eligible
10159,Jason Kipnis,Not Eligible,Not Eligible
10451,Jason Krizan,Not Eligible,Not Eligible
10480,Jason Kubel,Not Inducted,Not Inducted
10714,Jason LaRue,Not Inducted,Not Inducted
10643,Jason Lane,Not Eligible,Not Eligible
11844,Jason Marquis,Not Inducted,Not Inducted
11917,Jason Martin,Not Eligible,Not Eligible
12127,Jason Maxwell,Not Eligible,Not Eligible
12364,Jason McDonald,Not Eligible,Not Eligible
12880,Jason Michaels,Not Inducted,Not Inducted
12888,Jason Middlebrook,Not Eligible,Not Eligible
12971,Jason Miller,Not Eligible,Not Eligible
13473,Jason Motte,Not Eligible,Not Eligible
14752,Jason Pearson,Not Eligible,Not Eligible
14945,Jason Perry,Not Eligible,Not Eligible
15069,Jason Phillips,Not Eligible,Not Eligible
15070,Jason Phillips,Not Eligible,Not Eligible
15405,Jason Pridie,Not Eligible,Not Eligible
15591,Jason Rakers,Not Eligible,Not Eligible
15884,Jason Repko,Not Eligible,Not Eligible
16146,Jason Roach,Not Eligible,Not Eligible
16363,Jason Rogers,Not Eligible,Not Eligible
16417,Jason Romano,Not Eligible,Not Eligible
16694,Jason Ryan,Not Eligible,Not Eligible
17091,Jason Schmidt,Not Inducted,Not Inducted
17524,Jason Shiell,Not Eligible,Not Eligible
17652,Jason Simontacchi,Not Eligible,Not Eligible
17871,Jason Smith,Not Eligible,Not Eligible
18233,Jason Standridge,Not Eligible,Not Eligible
18238,Jason Stanford,Not Eligible,Not Eligible
18782,Jason Szuminski,Not Eligible,Not Eligible
19106,Jason Thompson,Not Eligible,Not Eligible
19105,Jason Thompson,Not Inducted,Not Inducted
19476,Jason Tyner,Not Eligible,Not Eligible
19655,Jason Vargas,Not Inducted,Not Inducted
19660,Jason Varitek,Not Inducted,Not Inducted
19840,Jason Vosler,Not Eligible,Not Eligible
19857,Jason Waddell,Not Eligible,Not Eligible
20374,Jason Wheeler,Not Eligible,Not Eligible
20767,Jason Windsor,Not Eligible,Not Eligible
20893,Jason Wood,Not Eligible,Not Eligible
21140,Jason Young,Not Eligible,Not Eligible
4978,Jasson Domínguez,Not Eligible,Not Eligible
585,Javier Assad,Not Eligible,Not Eligible
699,Javier Baez,Not Eligible,Not Eligible
2895,Javier Cardona,Not Eligible,Not Eligible
11291,Javier Lopez,Not Inducted,Not Inducted
11960,Javier Martinez,Not Eligible,Not Eligible
14352,Javier Ortiz,Not Eligible,Not Eligible
16880,Javier Sanoja,Not Eligible,Not Eligible
19586,Javier Valentin,Not Inducted,Not Inducted
19695,Javier Vazquez,Not Inducted,Not Inducted
7523,Javy Guerra,Not Eligible,Not Eligible
7524,Javy Guerra,Not Eligible,Not Eligible
11292,Javy Lopez,Not Inducted,Not Inducted
197,Jay Aldrich,Not Eligible,Not Eligible
652,Jay Avrea,Not Eligible,Not Eligible
818,Jay Baller,Not Eligible,Not Eligible
1262,Jay Bell,Not Inducted,Not Inducted
2342,Jay Bruce,Not Eligible,Not Eligible
2417,Jay Budd,Not Eligible,Not Eligible
2429,Jay Buente,Not Eligible,Not Eligible
2435,Jay Buhner,Not Inducted,Not Inducted
2849,Jay Canizaro,Not Eligible,Not Eligible
3457,Jay Clarke,Not Eligible,Not Eligible
4306,Jay Dahl,Not Eligible,Not Eligible
4873,Jay Difani,Not Eligible,Not Eligible
5714,Jay Faatz,Not Eligible,Not Eligible
6045,Jay Flaa,Not Eligible,Not Eligible
6296,Jay Franklin,Not Eligible,Not Eligible
6496,Jay Gainer,Not Eligible,Not Eligible
6841,Jay Gibbons,Not Eligible,Not Eligible
7822,Jay Hankins,Not Eligible,Not Eligible
8145,Jay Heard,Not Eligible,Not Eligible
8798,Jay Hook,Not Eligible,Not Eligible
8926,Jay Howell,Not Inducted,Not Inducted
9007,Jay Hughes,Not Eligible,Not Eligible
9225,Jay Jackson,Not Eligible,Not Eligible
9552,Jay Johnstone,Not Inducted,Not Inducted
10175,Jay Kirke,Not Eligible,Not Eligible
10216,Jay Kleven,Not Eligible,Not Eligible
11340,Jay Loviglio,Not Eligible,Not Eligible
11869,Jay Marshall,Not Eligible,Not Eligible
14592,Jay Parker,Not Eligible,Not Eligible
14639,Jay Partridge,Not Eligible,Not Eligible
14732,Jay Payton,Not Inducted,Not Inducted
15002,Jay Pettibone,Not Eligible,Not Eligible
15296,Jay Porter,Not Eligible,Not Eligible
15346,Jay Powell,Not Inducted,Not Inducted
16101,Jay Ritchie,Not Eligible,Not Eligible
16364,Jay Rogers,Not Eligible,Not Eligible
16970,Jay Sborz,Not Eligible,Not Eligible
17075,Jay Schlueter,Not Eligible,Not Eligible
18194,Jay Spurgeon,Not Eligible,Not Eligible
18994,Jay Tessmer,Not Eligible,Not Eligible
19170,Jay Tibbs,Not Eligible,Not Eligible
19627,Jay Van Noy,Not Eligible,Not Eligible
20067,Jay Ward,Not Eligible,Not Eligible
20821,Jay Witasick,Not Inducted,Not Inducted
19196,Jayce Tingler,Not Eligible,Not Eligible
2350,Jaycob Brugman,Not Eligible,Not Eligible
3239,Jaye Chapman,Not Eligible,Not Eligible
14454,Jayhawk Owens,Not Eligible,Not Eligible
4485,Jaylin Davis,Not Eligible,Not Eligible
485,Jayson Aquino,Not Eligible,Not Eligible
5294,Jayson Durocher,Not Eligible,Not Eligible
13970,Jayson Nix,Not Eligible,Not Eligible
20318,Jayson Werth,Not Inducted,Not Inducted
3312,Jazz Chisholm,Not Eligible,Not Eligible
5174,Jean Dubuc,Not Eligible,Not Eligible
11528,Jean Machi,Not Eligible,Not Eligible
17289,Jean Segura,Not Eligible,Not Eligible
16582,Jean-Pierre Roy,Not Eligible,Not Eligible
7078,Jeanmar Gomez,Not Inducted,Not Inducted
1989,Jed Bradley,Not Eligible,Not Eligible
7845,Jed Hansen,Not Eligible,Not Eligible
11364,Jed Lowrie,Not Eligible,Not Eligible
7616,Jedd Gyorko,Not Eligible,Not Eligible
15,Jeff Abbott,Not Eligible,Not Eligible
630,Jeff Austin,Not Eligible,Not Eligible
710,Jeff Bagwell,Inducted,Inducted
729,Jeff Bailey,Not Eligible,Not Eligible
743,Jeff Baisley,Not Eligible,Not Eligible
744,Jeff Bajenaru,Not Eligible,Not Eligible
766,Jeff Baker,Not Inducted,Not Inducted
798,Jeff Baldwin,Not Eligible,Not Eligible
812,Jeff Ball,Not Eligible,Not Eligible
816,Jeff Ballard,Not Eligible,Not Eligible
833,Jeff Banister,Not Eligible,Not Eligible
897,Jeff Barkley,Not Eligible,Not Eligible
996,Jeff Barry,Not Eligible,Not Eligible
1243,Jeff Beliveau,Not Eligible,Not Eligible
1332,Jeff Bennett,Not Eligible,Not Eligible
1356,Jeff Berblinger,Not Eligible,Not Eligible
1455,Jeff Bettendorf,Not Eligible,Not Eligible
1474,Jeff Bianchi,Not Eligible,Not Eligible
1558,Jeff Bittiger,Not Eligible,Not Eligible
1648,Jeff Blauser,Not Inducted,Not Inducted
2038,Jeff Branson,Not Eligible,Not Eligible
2041,Jeff Brantley,Not Inducted,Not Inducted
2144,Jeff Brigham,Not Eligible,Not Eligible
2201,Jeff Bronkey,Not Eligible,Not Eligible
2570,Jeff Burroughs,Not Inducted,Not Inducted
2664,Jeff Byrd,Not Eligible,Not Eligible
2736,Jeff Calhoun,Not Eligible,Not Eligible
3008,Jeff Carter,Not Eligible,Not Eligible
3381,Jeff Cirillo,Not Inducted,Not Inducted
3501,Jeff Clement,Not Eligible,Not Eligible
3720,Jeff Conine,Not Inducted,Not Inducted
3897,Jeff Cornell,Not Eligible,Not Eligible
3995,Jeff Cox,Not Eligible,Not Eligible
4096,Jeff Criswell,Not Eligible,Not Eligible
4136,Jeff Cross,Not Eligible,Not Eligible
4348,Jeff D'Amico,Not Eligible,Not Eligible
4349,Jeff D'Amico,Not Eligible,Not Eligible
4419,Jeff DaVanon,Not Eligible,Not Eligible
4401,Jeff Darwin,Not Eligible,Not Eligible
4406,Jeff Datz,Not Eligible,Not Eligible
4796,Jeff DeWillis,Not Eligible,Not Eligible
4625,Jeff Dedmon,Not Eligible,Not Eligible
5097,Jeff Doyle,Not Eligible,Not Eligible
5227,Jeff Duncan,Not Eligible,Not Eligible
5779,Jeff Farnsworth,Not Eligible,Not Eligible
5801,Jeff Fassero,Not Inducted,Not Inducted
5886,Jeff Ferrell,Not Eligible,Not Eligible
5975,Jeff Fiorentino,Not Eligible,Not Eligible
5982,Jeff Fischer,Not Eligible,Not Eligible
6275,Jeff Francis,Not Inducted,Not Inducted
6286,Jeff Francoeur,Not Inducted,Not Inducted
6314,Jeff Frazier,Not Eligible,Not Eligible
6415,Jeff Frye,Not Eligible,Not Eligible
6433,Jeff Fulchino,Not Eligible,Not Eligible
6653,Jeff Gardner,Not Eligible,Not Eligible
7281,Jeff Granger,Not Eligible,Not Eligible
7315,Jeff Gray,Not Eligible,Not Eligible
7316,Jeff Gray,Not Eligible,Not Eligible
7487,Jeff Grotewold,Not Eligible,Not Eligible
7766,Jeff Hamilton,Not Eligible,Not Eligible
7956,Jeff Harris,Not Eligible,Not Eligible
8025,Jeff Hartsock,Not Eligible,Not Eligible
8153,Jeff Hearron,Not Eligible,Not Eligible
8157,Jeff Heath,Not Inducted,Not Inducted
8164,Jeff Heathcock,Not Eligible,Not Eligible
8675,Jeff Hoffman,Not Eligible,Not Eligible
8756,Jeff Holly,Not Eligible,Not Eligible
9108,Jeff Huson,Not Inducted,Not Inducted
9167,Jeff Innis,Not Eligible,Not Eligible
9291,Jeff James,Not Eligible,Not Eligible
9480,Jeff Johnson,Not Eligible,Not Eligible
9622,Jeff Jones,Not Eligible,Not Eligible
9621,Jeff Jones,Not Eligible,Not Eligible
9720,Jeff Juden,Not Eligible,Not Eligible
9769,Jeff Kaiser,Not Eligible,Not Eligible
9817,Jeff Karstens,Not Eligible,Not Eligible
9875,Jeff Keener,Not Eligible,Not Eligible
10010,Jeff Kent,Inducted,Not Inducted
10020,Jeff Keppinger,Not Eligible,Not Eligible
10120,Jeff King,Not Inducted,Not Inducted
10305,Jeff Kobernus,Not Eligible,Not Eligible
10481,Jeff Kubenka,Not Eligible,Not Eligible
10508,Jeff Kunkel,Not Eligible,Not Eligible
10571,Jeff Lahti,Not Eligible,Not Eligible
10687,Jeff Larish,Not Eligible,Not Eligible
11051,Jeff Liefer,Not Eligible,Not Eligible
11089,Jeff Lindgren,Not Eligible,Not Eligible
11143,Jeff Little,Not Eligible,Not Eligible
11188,Jeff Locke,Not Eligible,Not Eligible
11767,Jeff Manship,Not Eligible,Not Eligible
11773,Jeff Manto,Not Eligible,Not Eligible
11841,Jeff Marquez,Not Eligible,Not Eligible
12053,Jeff Mathis,Not Eligible,Not Eligible
12283,Jeff McCleskey,Not Eligible,Not Eligible
12339,Jeff McCurry,Not Eligible,Not Eligible
12542,Jeff McKnight,Not Eligible,Not Eligible
12620,Jeff McNeely,Not Eligible,Not Eligible
12621,Jeff McNeil,Not Eligible,Not Eligible
13216,Jeff Montgomery,Not Inducted,Not Inducted
13386,Jeff Moronko,Not Eligible,Not Eligible
13670,Jeff Musselman,Not Eligible,Not Eligible
13678,Jeff Mutis,Not Eligible,Not Eligible
13818,Jeff Nelson,Not Inducted,Not Inducted
13879,Jeff Newman,Not Eligible,Not Eligible
13939,Jeff Niemann,Not Eligible,Not Eligible
14618,Jeff Parrett,Not Inducted,Not Inducted
14678,Jeff Patterson,Not Eligible,Not Eligible
14957,Jeff Peterek,Not Eligible,Not Eligible
15022,Jeff Pfeffer,Not Inducted,Not Inducted
15107,Jeff Pico,Not Eligible,Not Eligible
15119,Jeff Pierce,Not Eligible,Not Eligible
15222,Jeff Plympton,Not Eligible,Not Eligible
15674,Jeff Ransom,Not Eligible,Not Eligible
15737,Jeff Reardon,Not Inducted,Not Inducted
15743,Jeff Reboulet,Not Inducted,Not Inducted
15779,Jeff Reed,Not Inducted,Not Inducted
16001,Jeff Richardson,Not Eligible,Not Eligible
16002,Jeff Richardson,Not Eligible,Not Eligible
16041,Jeff Ridgway,Not Eligible,Not Eligible
16077,Jeff Rineer,Not Eligible,Not Eligible
16233,Jeff Robinson,Not Eligible,Not Eligible
16232,Jeff Robinson,Not Eligible,Not Eligible
16660,Jeff Russell,Not Inducted,Not Inducted
16764,Jeff Salazar,Not Eligible,Not Eligible
16785,Jeff Samardzija,Not Eligible,Not Eligible
16999,Jeff Schaefer,Not Eligible,Not Eligible
17022,Jeff Schattinger,Not Eligible,Not Eligible
17092,Jeff Schmidt,Not Eligible,Not Eligible
17110,Jeff Schneider,Not Eligible,Not Eligible
17172,Jeff Schulz,Not Eligible,Not Eligible
17192,Jeff Schwarz,Not Eligible,Not Eligible
17305,Jeff Sellers,Not Eligible,Not Eligible
17415,Jeff Shaver,Not Eligible,Not Eligible
17425,Jeff Shaw,Not Inducted,Not Inducted
18107,Jeff Sparks,Not Eligible,Not Eligible
18337,Jeff Stember,Not Eligible,Not Eligible
18379,Jeff Stevens,Not Eligible,Not Eligible
18458,Jeff Stone,Not Eligible,Not Eligible
18673,Jeff Suppan,Not Inducted,Not Inducted
18783,Jeff Tabaka,Not Eligible,Not Eligible
18791,Jeff Tackett,Not Eligible,Not Eligible
18808,Jeff Tam,Not Eligible,Not Eligible
18976,Jeff Terpko,Not Eligible,Not Eligible
18993,Jeff Tesreau,Not Eligible,Not Eligible
19267,Jeff Torborg,Not Inducted,Not Inducted
19349,Jeff Treadway,Not Eligible,Not Eligible
19467,Jeff Twitty,Not Eligible,Not Eligible
19988,Jeff Wallace,Not Eligible,Not Eligible
20083,Jeff Ware,Not Eligible,Not Eligible
20181,Jeff Weaver,Not Inducted,Not Inducted
20349,Jeff Wetherby,Not Eligible,Not Eligible
20594,Jeff Williams,Not Eligible,Not Eligible
21166,Jeff Yurak,Not Eligible,Not Eligible
21195,Jeff Zaske,Not Eligible,Not Eligible
21234,Jeff Zimmerman,Not Eligible,Not Eligible
7782,Jeffrey Hammonds,Not Inducted,Not Inducted
10956,Jeffrey Leonard,Not Inducted,Not Inducted
18187,Jeffrey Springs,Not Eligible,Not Eligible
11884,Jefry Marte,Not Eligible,Not Eligible
16304,Jefry Rodriguez,Not Eligible,Not Eligible
2842,Jeimer Candelario,Not Eligible,Not Eligible
6654,Jelly Gardner,Not Eligible,Not Eligible
20222,Jemile Weeks,Not Eligible,Not Eligible
19407,Jen-Ho Tseng,Not Eligible,Not Eligible
15236,Jennings Poindexter,Not Eligible,Not Eligible
12724,Jenrry Mejia,Not Eligible,Not Eligible
11013,Jensen Lewis,Not Eligible,Not Eligible
11249,Jeoff Long,Not Eligible,Not Eligible
5448,Jerad Eickhoff,Not Eligible,Not Eligible
8132,Jerad Head,Not Eligible,Not Eligible
3426,Jerald Clark,Not Eligible,Not Eligible
5535,Jerar Encarnacion,Not Eligible,Not Eligible
20182,Jered Weaver,Not Inducted,Not Inducted
5650,Jeremiah Estrada,Not Eligible,Not Eligible
15738,Jeremiah Reardon,Not Eligible,Not Eligible
46,Jeremy Accardo,Not Eligible,Not Eligible
133,Jeremy Affeldt,Not Inducted,Not Inducted
1151,Jeremy Beasley,Not Eligible,Not Eligible
1657,Jeremy Bleich,Not Eligible,Not Eligible
1771,Jeremy Bonderman,Not Eligible,Not Eligible
2275,Jeremy Brown,Not Eligible,Not Eligible
5943,Jeremy Fikac,Not Eligible,Not Eligible
6832,Jeremy Giambi,Not Eligible,Not Eligible
7436,Jeremy Griffiths,Not Eligible,Not Eligible
7586,Jeremy Guthrie,Not Inducted,Not Inducted
8127,Jeremy Hazelbaker,Not Eligible,Not Eligible
8185,Jeremy Hefner,Not Eligible,Not Eligible
8225,Jeremy Hellickson,Not Inducted,Not Inducted
8346,Jeremy Hermida,Not Eligible,Not Eligible
8375,Jeremy Hernandez,Not Eligible,Not Eligible
8553,Jeremy Hill,Not Eligible,Not Eligible
8841,Jeremy Horst,Not Eligible,Not Eligible
9347,Jeremy Jeffress,Not Eligible,Not Eligible
13266,Jeremy Moore,Not Eligible,Not Eligible
14808,Jeremy Peña,Not Eligible,Not Eligible
15347,Jeremy Powell,Not Eligible,Not Eligible
15780,Jeremy Reed,Not Eligible,Not Eligible
18097,Jeremy Sowers,Not Eligible,Not Eligible
19942,Jeremy Walker,Not Eligible,Not Eligible
16196,Jeriome Robertson,Not Eligible,Not Eligible
266,Jermaine Allensworth,Not Eligible,Not Eligible
3427,Jermaine Clark,Not Eligible,Not Eligible
4276,Jermaine Curtis,Not Eligible,Not Eligible
5315,Jermaine Dye,Not Inducted,Not Inducted
14520,Jermaine Palacios,Not Eligible,Not Eligible
19613,Jermaine Van Buren,Not Eligible,Not Eligible
20043,Jerome Walton,Not Inducted,Not Inducted
20595,Jerome Williams,Not Inducted,Not Inducted
2531,Jeromy Burnitz,Not Inducted,Not Inducted
16052,Jerrod Riggan,Not Eligible,Not Eligible
67,Jerry Adair,Not Inducted,Not Inducted
162,Jerry Akers,Not Eligible,Not Eligible
620,Jerry Augustine,Not Inducted,Not Inducted
1263,Jerry Bell,Not Eligible,Not Eligible
1662,Jerry Blevins,Not Inducted,Not Inducted
2210,Jerry Brooks,Not Eligible,Not Eligible
2328,Jerry Browne,Not Inducted,Not Inducted
2399,Jerry Buchek,Not Eligible,Not Eligible
2672,Jerry Byrne,Not Eligible,Not Eligible
3025,Jerry Casale,Not Eligible,Not Eligible
3619,Jerry Coleman,Not Eligible,Not Eligible
3757,Jerry Connors,Not Eligible,Not Eligible
3785,Jerry Conway,Not Eligible,Not Eligible
4025,Jerry Cram,Not Eligible,Not Eligible
4080,Jerry Crider,Not Eligible,Not Eligible
4382,Jerry D'Arcy,Not Eligible,Not Eligible
4420,Jerry DaVanon,Not Eligible,Not Eligible
4309,Jerry Dahlke,Not Eligible,Not Eligible
4442,Jerry Davie,Not Eligible,Not Eligible
4727,Jerry Denny,Not Inducted,Not Inducted
4914,Jerry Dipoto,Not Eligible,Not Eligible
7000,Jerry Don Gleaton,Not Inducted,Not Inducted
5016,Jerry Donovan,Not Eligible,Not Eligible
5029,Jerry Dorgan,Not Eligible,Not Eligible
5313,Jerry Dybzinski,Not Eligible,Not Eligible
5730,Jerry Fahr,Not Eligible,Not Eligible
6207,Jerry Fosnow,Not Eligible,Not Eligible
6333,Jerry Freeman,Not Eligible,Not Eligible
6411,Jerry Fry,Not Eligible,Not Eligible
6700,Jerry Garvin,Not Eligible,Not Eligible
6874,Jerry Gil,Not Eligible,Not Eligible
7042,Jerry Goff,Not Eligible,Not Eligible
7486,Jerry Grote,Not Inducted,Not Inducted
7675,Jerry Hairston,Not Inducted,Not Inducted
7674,Jerry Hairston,Not Inducted,Not Inducted
7930,Jerry Harrington,Not Eligible,Not Eligible
8603,Jerry Hinsley,Not Eligible,Not Eligible
9093,Jerry Hurley,Not Eligible,Not Eligible
9092,Jerry Hurley,Not Eligible,Not Eligible
9481,Jerry Johnson,Not Inducted,Not Inducted
9786,Jerry Kane,Not Eligible,Not Eligible
10006,Jerry Kenney,Not Eligible,Not Eligible
10110,Jerry Kindall,Not Eligible,Not Eligible
10361,Jerry Koosman,Inducted,Not Inducted
10525,Jerry Kutzler,Not Eligible,Not Eligible
10644,Jerry Lane,Not Eligible,Not Eligible
11423,Jerry Lumpe,Not Inducted,Not Inducted
11468,Jerry Lynch,Not Inducted,Not Inducted
11476,Jerry Lynn,Not Eligible,Not Eligible
11580,Jerry Maddox,Not Eligible,Not Eligible
11691,Jerry Mallett,Not Eligible,Not Eligible
11776,Jerry Manuel,Not Eligible,Not Eligible
11918,Jerry Martin,Not Inducted,Not Inducted
12137,Jerry May,Not Inducted,Not Inducted
12247,Jerry McCarthy,Not Eligible,Not Eligible
12307,Jerry McCormick,Not Eligible,Not Eligible
12623,Jerry McNertney,Not Eligible,Not Eligible
12635,Jerry McQuaig,Not Eligible,Not Eligible
13267,Jerry Moore,Not Eligible,Not Eligible
13299,Jerry Morales,Not Inducted,Not Inducted
13448,Jerry Moses,Not Eligible,Not Eligible
13546,Jerry Mumphrey,Not Inducted,Not Inducted
13741,Jerry Narron,Not Eligible,Not Eligible
13934,Jerry Nielsen,Not Eligible,Not Eligible
14006,Jerry Nops,Not Eligible,Not Eligible
14077,Jerry Nyman,Not Eligible,Not Eligible
14455,Jerry Owens,Not Eligible,Not Eligible
15403,Jerry Priddy,Not Inducted,Not Inducted
15781,Jerry Reed,Not Eligible,Not Eligible
15867,Jerry Remy,Not Inducted,Not Inducted
15900,Jerry Reuss,Not Inducted,Not Inducted
16197,Jerry Robertson,Not Eligible,Not Eligible
16587,Jerry Royster,Not Inducted,Not Inducted
16867,Jerry Sands,Not Eligible,Not Eligible
16973,Jerry Scala,Not Eligible,Not Eligible
17123,Jerry Schoonmaker,Not Eligible,Not Eligible
17202,Jerry Schypinski,Not Eligible,Not Eligible
18007,Jerry Snyder,Not Eligible,Not Eligible
18173,Jerry Spradlin,Not Eligible,Not Eligible
18232,Jerry Standaert,Not Eligible,Not Eligible
18360,Jerry Stephenson,Not Eligible,Not Eligible
18745,Jerry Sweeney,Not Eligible,Not Eligible
18785,Jerry Tabb,Not Eligible,Not Eligible
18977,Jerry Terrell,Not Eligible,Not Eligible
19435,Jerry Turbidy,Not Eligible,Not Eligible
19446,Jerry Turner,Not Inducted,Not Inducted
19498,Jerry Ujdur,Not Eligible,Not Eligible
19520,Jerry Upp,Not Eligible,Not Eligible
19677,Jerry Vasto,Not Eligible,Not Eligible
19943,Jerry Walker,Not Eligible,Not Eligible
20423,Jerry White,Not Inducted,Not Inducted
20548,Jerry Willard,Not Eligible,Not Eligible
20836,Jerry Witte,Not Eligible,Not Eligible
21235,Jerry Zimmerman,Not Eligible,Not Eligible
781,Jersey Bakley,Not Eligible,Not Eligible
19019,Jesen Therrien,Not Eligible,Not Eligible
19587,Jesmuel Valentin,Not Eligible,Not Eligible
2410,Jess Buckles,Not Eligible,Not Eligible
3915,Jess Cortazzo,Not Eligible,Not Eligible
4941,Jess Dobernic,Not Eligible,Not Eligible
5098,Jess Doyle,Not Eligible,Not Eligible
14316,Jess Orndorff,Not Eligible,Not Eligible
15139,Jess Pike,Not Eligible,Not Eligible
19224,Jess Todd,Not Eligible,Not Eligible
311,Jesse Altenburg,Not Eligible,Not Eligible
768,Jesse Baker,Not Eligible,Not Eligible
767,Jesse Baker,Not Eligible,Not Eligible
879,Jesse Barfield,Not Inducted,Not Inducted
921,Jesse Barnes,Not Inducted,Not Inducted
1487,Jesse Biddle,Not Eligible,Not Eligible
2516,Jesse Burkett,Inducted,Inducted
2925,Jesse Carlson,Not Eligible,Not Eligible
3269,Jesse Chavez,Not Eligible,Not Eligible
4024,Jesse Crain,Not Inducted,Not Inducted
5300,Jesse Duryea,Not Eligible,Not Eligible
5552,Jesse English,Not Eligible,Not Eligible
6104,Jesse Flores,Not Eligible,Not Eligible
6165,Jesse Foppert,Not Eligible,Not Eligible
6246,Jesse Fowler,Not Eligible,Not Eligible
6608,Jesse Garcia,Not Eligible,Not Eligible
7090,Jesse Gonder,Not Eligible,Not Eligible
7668,Jesse Hahn,Not Eligible,Not Eligible
7673,Jesse Haines,Not Inducted,Inducted
8493,Jesse Hickman,Not Eligible,Not Eligible
8554,Jesse Hill,Not Eligible,Not Eligible
8683,Jesse Hoffmeister,Not Eligible,Not Eligible
8976,Jesse Hudson,Not Eligible,Not Eligible
9344,Jesse Jefferson,Not Eligible,Not Eligible
10636,Jesse Landrum,Not Eligible,Not Eligible
10988,Jesse Levan,Not Eligible,Not Eligible
10995,Jesse Levis,Not Eligible,Not Eligible
11135,Jesse Litsch,Not Eligible,Not Eligible
14319,Jesse Orosco,Not Inducted,Not Inducted
15013,Jesse Petty,Not Eligible,Not Eligible
15468,Jesse Purnell,Not Eligible,Not Eligible
17120,Jesse Scholtens,Not Eligible,Not Eligible
18487,Jesse Stovall,Not Eligible,Not Eligible
18817,Jesse Tannehill,Inducted,Not Inducted
20463,Jesse Whiting,Not Eligible,Not Eligible
20783,Jesse Winker,Not Eligible,Not Eligible
20799,Jesse Winters,Not Eligible,Not Eligible
8746,Jessie Hollins,Not Eligible,Not Eligible
15820,Jessie Reid,Not Eligible,Not Eligible
144,Jesus Aguilar,Not Eligible,Not Eligible
300,Jesus Alou,Not Inducted,Not Inducted
3676,Jesus Colome,Not Inducted,Not Inducted
4187,Jesus Cruz,Not Eligible,Not Eligible
4677,Jesus Delgado,Not Eligible,Not Eligible
5830,Jesus Feliciano,Not Eligible,Not Eligible
5939,Jesus Figueroa,Not Eligible,Not Eligible
6105,Jesus Flores,Not Eligible,Not Eligible
7603,Jesus Guzman,Not Eligible,Not Eligible
8350,Jesus Hernaiz,Not Eligible,Not Eligible
11455,Jesus Luzardo,Not Eligible,Not Eligible
13208,Jesus Montero,Not Eligible,Not Eligible
14809,Jesus Peña,Not Eligible,Not Eligible
15916,Jesus Reyes,Not Eligible,Not Eligible
16827,Jesus Sanchez,Not Eligible,Not Eligible
16826,Jesus Sanchez,Not Eligible,Not Eligible
18603,Jesus Sucre,Not Eligible,Not Eligible
18861,Jesus Tavarez,Not Eligible,Not Eligible
19201,Jesus Tinoco,Not Eligible,Not Eligible
19706,Jesus Vega,Not Eligible,Not Eligible
4567,Jesus de la Rosa,Not Eligible,Not Eligible
5083,Jeter Downs,Not Eligible,Not Eligible
830,Jett Bandy,Not Eligible,Not Eligible
5755,Jeurys Familia,Not Eligible,Not Eligible
5561,Jewel Ens,Not Eligible,Not Eligible
11810,Jhan Marinez,Not Eligible,Not Eligible
3945,Jharel Cotton,Not Eligible,Not Eligible
5274,Jhoan Duran,Not Eligible,Not Eligible
16431,Jhon Romero,Not Eligible,Not Eligible
18033,Jhonatan Solano,Not Eligible,Not Eligible
4820,Jhonathan Diaz,Not Eligible,Not Eligible
13982,Jhonkensy Noel,Not Eligible,Not Eligible
14059,Jhonny Nunez,Not Eligible,Not Eligible
14851,Jhonny Peralta,Not Inducted,Not Inducted
14868,Jhonny Pereda,Not Eligible,Not Eligible
2165,Jhony Brito,Not Eligible,Not Eligible
3188,Jhoulys Chacin,Not Eligible,Not Eligible
692,Ji Hwan Bae,Not Eligible,Not Eligible
3323,Ji-Man Choi,Not Eligible,Not Eligible
4981,Jiggs Donahue,Not Eligible,Not Eligible
14625,Jiggs Parrott,Not Eligible,Not Eligible
16,Jim Abbott,Not Inducted,Not Inducted
52,Jim Acker,Not Inducted,Not Inducted
91,Jim Adams,Not Eligible,Not Eligible
117,Jim Adduci,Not Eligible,Not Eligible
116,Jim Adduci,Not Eligible,Not Eligible
401,Jim Anderson,Not Eligible,Not Eligible
440,Jim Andrews,Not Eligible,Not Eligible
497,Jim Archer,Not Eligible,Not Eligible
566,Jim Asbell,Not Eligible,Not Eligible
631,Jim Austin,Not Eligible,Not Eligible
706,Jim Bagby,Not Inducted,Not Inducted
705,Jim Bagby,Not Eligible,Not Eligible
730,Jim Bailey,Not Eligible,Not Eligible
813,Jim Ball,Not Eligible,Not Eligible
844,Jim Banning,Not Eligible,Not Eligible
870,Jim Barbieri,Not Eligible,Not Eligible
954,Jim Barr,Not Inducted,Not Inducted
1031,Jim Baskette,Not Eligible,Not Eligible
1076,Jim Battle,Not Eligible,Not Eligible
1092,Jim Baumer,Not Eligible,Not Eligible
1109,Jim Baxes,Not Eligible,Not Eligible
1156,Jim Beattie,Not Eligible,Not Eligible
1160,Jim Beauchamp,Not Inducted,Not Inducted
1195,Jim Beckman,Not Eligible,Not Eligible
1223,Jim Begley,Not Eligible,Not Eligible
1445,Jim Beswick,Not Eligible,Not Eligible
1453,Jim Bethke,Not Eligible,Not Eligible
1477,Jim Bibby,Not Inducted,Not Inducted
1513,Jim Bilbrey,Not Eligible,Not Eligible
1550,Jim Bishop,Not Eligible,Not Eligible
1561,Jim Bivin,Not Eligible,Not Eligible
1581,Jim Blackburn,Not Eligible,Not Eligible
1689,Jim Bluejacket,Not Eligible,Not Eligible
1753,Jim Bolger,Not Eligible,Not Eligible
1870,Jim Bottomley,Not Inducted,Inducted
1891,Jim Bouton,Not Inducted,Not Inducted
1911,Jim Bowie,Not Eligible,Not Eligible
1954,Jim Boyle,Not Eligible,Not Eligible
2006,Jim Brady,Not Eligible,Not Eligible
2071,Jim Breazeale,Not Eligible,Not Eligible
2093,Jim Brenneman,Not Eligible,Not Eligible
2103,Jim Breton,Not Eligible,Not Eligible
2114,Jim Brewer,Not Inducted,Not Inducted
2129,Jim Brideweser,Not Eligible,Not Eligible
2150,Jim Brillheart,Not Eligible,Not Eligible
2170,Jim Britt,Not Eligible,Not Eligible
2176,Jim Britton,Not Eligible,Not Eligible
2203,Jim Bronstad,Not Eligible,Not Eligible
2215,Jim Brosnan,Not Eligible,Not Eligible
2230,Jim Brower,Not Eligible,Not Eligible
2276,Jim Brown,Not Eligible,Not Eligible
2277,Jim Brown,Not Eligible,Not Eligible
2374,Jim Bruske,Not Eligible,Not Eligible
2398,Jim Buchanan,Not Eligible,Not Eligible
2400,Jim Bucher,Not Eligible,Not Eligible
2447,Jim Bullinger,Not Eligible,Not Eligible
2460,Jim Bunning,Inducted,Inducted
2546,Jim Burns,Not Eligible,Not Eligible
2580,Jim Burton,Not Eligible,Not Eligible
2585,Jim Busby,Not Inducted,Not Inducted
2665,Jim Byrd,Not Eligible,Not Eligible
2675,Jim Byrnes,Not Eligible,Not Eligible
2750,Jim Callahan,Not Eligible,Not Eligible
2796,Jim Campanis,Not Eligible,Not Eligible
2810,Jim Campbell,Not Eligible,Not Eligible
2809,Jim Campbell,Not Eligible,Not Eligible
2811,Jim Campbell,Not Eligible,Not Eligible
2838,Jim Canavan,Not Eligible,Not Eligible
2915,Jim Carleton,Not Eligible,Not Eligible
2917,Jim Carlin,Not Eligible,Not Eligible
3070,Jim Castiglia,Not Eligible,Not Eligible
3211,Jim Chamblee,Not Eligible,Not Eligible
3262,Jim Chatterton,Not Eligible,Not Eligible
3398,Jim Clancy,Not Inducted,Not Inducted
3430,Jim Clark,Not Eligible,Not Eligible
3428,Jim Clark,Not Eligible,Not Eligible
3429,Jim Clark,Not Eligible,Not Eligible
3527,Jim Clinton,Not Inducted,Not Inducted
3547,Jim Coates,Not Eligible,Not Eligible
3561,Jim Cockman,Not Eligible,Not Eligible
3595,Jim Colborn,Not Inducted,Not Inducted
3696,Jim Command,Not Eligible,Not Eligible
3750,Jim Connor,Not Eligible,Not Eligible
3768,Jim Constable,Not Eligible,Not Eligible
3780,Jim Converse,Not Eligible,Not Eligible
3786,Jim Conway,Not Eligible,Not Eligible
3803,Jim Cook,Not Eligible,Not Eligible
3913,Jim Corsi,Not Inducted,Not Inducted
3927,Jim Cosman,Not Eligible,Not Eligible
3996,Jim Cox,Not Eligible,Not Eligible
4048,Jim Crawford,Not Eligible,Not Eligible
4120,Jim Cronin,Not Eligible,Not Eligible
4163,Jim Crowell,Not Eligible,Not Eligible
4209,Jim Cudworth,Not Eligible,Not Eligible
4263,Jim Curry,Not Eligible,Not Eligible
4280,Jim Curtiss,Not Eligible,Not Eligible
4298,Jim Czajkowski,Not Eligible,Not Eligible
4423,Jim Davenport,Not Inducted,Not Inducted
4486,Jim Davis,Not Eligible,Not Eligible
4626,Jim Dedrick,Not Eligible,Not Eligible
4628,Jim Dee,Not Eligible,Not Eligible
4645,Jim Deidel,Not Eligible,Not Eligible
4664,Jim Delahanty,Not Inducted,Not Inducted
4691,Jim Delsing,Not Inducted,Not Inducted
4747,Jim Derrington,Not Eligible,Not Eligible
4755,Jim Deshaies,Not Inducted,Not Inducted
4787,Jim Devlin,Not Eligible,Not Eligible
4786,Jim Devlin,Not Eligible,Not Eligible
4788,Jim Devlin,Not Eligible,Not Eligible
4855,Jim Dickson,Not Eligible,Not Eligible
4982,Jim Donahue,Not Eligible,Not Eligible
5002,Jim Donnelly,Not Eligible,Not Eligible
5001,Jim Donnelly,Not Inducted,Not Inducted
5007,Jim Donohue,Not Eligible,Not Eligible
5040,Jim Dorsey,Not Eligible,Not Eligible
5053,Jim Dougherty,Not Eligible,Not Eligible
5099,Jim Doyle,Not Eligible,Not Eligible
5152,Jim Driscoll,Not Eligible,Not Eligible
5178,Jim Duckworth,Not Eligible,Not Eligible
5187,Jim Duffalo,Not Eligible,Not Eligible
5206,Jim Duggan,Not Eligible,Not Eligible
5228,Jim Duncan,Not Eligible,Not Eligible
5236,Jim Dunegan,Not Eligible,Not Eligible
5249,Jim Dunn,Not Eligible,Not Eligible
5310,Jim Dwyer,Not Inducted,Not Inducted
5314,Jim Dyck,Not Eligible,Not Eligible
5399,Jim Edmonds,Not Inducted,Not Inducted
5431,Jim Egan,Not Eligible,Not Eligible
5454,Jim Eisenreich,Not Inducted,Not Inducted
5498,Jim Ellis,Not Eligible,Not Eligible
5569,Jim Eppard,Not Eligible,Not Eligible
5605,Jim Eschen,Not Eligible,Not Eligible
5637,Jim Essian,Not Inducted,Not Inducted
5734,Jim Fairbank,Not Eligible,Not Eligible
5738,Jim Fairey,Not Eligible,Not Eligible
5759,Jim Fanning,Not Eligible,Not Eligible
5782,Jim Farr,Not Eligible,Not Eligible
5807,Jim Faulkner,Not Eligible,Not Eligible
5913,Jim Field,Not Eligible,Not Eligible
5958,Jim Finigan,Not Eligible,Not Eligible
6138,Jim Fogarty,Not Eligible,Not Eligible
6163,Jim Foor,Not Eligible,Not Eligible
6166,Jim Foran,Not Eligible,Not Eligible
6348,Jim Fregosi,Not Inducted,Not Inducted
6359,Jim French,Not Eligible,Not Eligible
6367,Jim Frey,Not Eligible,Not Eligible
6378,Jim Fridley,Not Eligible,Not Eligible
6441,Jim Fuller,Not Eligible,Not Eligible
6541,Jim Galloway,Not Eligible,Not Eligible
6543,Jim Galvin,Not Eligible,Not Eligible
6566,Jim Gantner,Not Inducted,Not Inducted
6655,Jim Gardner,Not Eligible,Not Eligible
6695,Jim Garry,Not Eligible,Not Eligible
6727,Jim Gaudet,Not Eligible,Not Eligible
6745,Jim Geddes,Not Eligible,Not Eligible
6773,Jim Gentile,Not Eligible,Not Eligible
6863,Jim Gideon,Not Eligible,Not Eligible
6868,Jim Gifford,Not Eligible,Not Eligible
6911,Jim Gill,Not Eligible,Not Eligible
6927,Jim Gilliam,Inducted,Not Inducted
6935,Jim Gilman,Not Eligible,Not Eligible
6972,Jim Gladd,Not Eligible,Not Eligible
7001,Jim Gleeson,Not Eligible,Not Eligible
7050,Jim Golden,Not Eligible,Not Eligible
7168,Jim Goodwin,Not Eligible,Not Eligible
7210,Jim Gosger,Not Inducted,Not Inducted
7220,Jim Gott,Not Inducted,Not Inducted
7287,Jim Grant,Not Eligible,Not Eligible
7317,Jim Gray,Not Eligible,Not Eligible
7347,Jim Green,Not Eligible,Not Eligible
7377,Jim Greengrass,Not Eligible,Not Eligible
7635,Jim Hackett,Not Eligible,Not Eligible
7679,Jim Haislip,Not Eligible,Not Eligible
7718,Jim Hall,Not Eligible,Not Eligible
7742,Jim Halpin,Not Eligible,Not Eligible
7753,Jim Hamby,Not Eligible,Not Eligible
7805,Jim Handiboe,Not Eligible,Not Eligible
7824,Jim Hanley,Not Eligible,Not Eligible
7832,Jim Hannan,Not Inducted,Not Inducted
7868,Jim Hardin,Not Eligible,Not Eligible
7995,Jim Hart,Not Eligible,Not Eligible
8112,Jim Hayes,Not Eligible,Not Eligible
8149,Jim Hearn,Not Inducted,Not Inducted
8186,Jim Hegan,Not Inducted,Not Inducted
8211,Jim Heise,Not Eligible,Not Eligible
8256,Jim Henderson,Not Eligible,Not Eligible
8310,Jim Henry,Not Eligible,Not Eligible
8483,Jim Hibbs,Not Eligible,Not Eligible
8487,Jim Hickey,Not Eligible,Not Eligible
8495,Jim Hickman,Not Inducted,Not Inducted
8494,Jim Hickman,Not Eligible,Not Eligible
8499,Jim Hicks,Not Eligible,Not Eligible
8616,Jim Hitchcock,Not Eligible,Not Eligible
8664,Jim Hoey,Not Eligible,Not Eligible
8721,Jim Holdsworth,Not Eligible,Not Eligible
8751,Jim Holloway,Not Eligible,Not Eligible
8774,Jim Holmes,Not Eligible,Not Eligible
8779,Jim Holt,Not Eligible,Not Eligible
8825,Jim Hopper,Not Eligible,Not Eligible
8915,Jim Howarth,Not Eligible,Not Eligible
9009,Jim Hughes,Not Eligible,Not Eligible
9008,Jim Hughes,Not Eligible,Not Eligible
9026,Jim Hughey,Not Eligible,Not Eligible
9078,Jim Hunter,Not Eligible,Not Eligible
9124,Jim Hutto,Not Eligible,Not Eligible
9226,Jim Jackson,Not Eligible,Not Eligible
9482,Jim Johnson,Not Eligible,Not Eligible
9483,Jim Johnson,Not Inducted,Not Inducted
9623,Jim Jones,Not Eligible,Not Eligible
9753,Jim Kaat,Inducted,Inducted
9787,Jim Kane,Not Eligible,Not Eligible
9872,Jim Keenan,Not Inducted,Not Inducted
9878,Jim Keesey,Not Eligible,Not Eligible
9936,Jim Kelly,Not Eligible,Not Eligible
9993,Jim Kennedy,Not Eligible,Not Eligible
9992,Jim Kennedy,Not Eligible,Not Eligible
10028,Jim Kern,Not Inducted,Not Inducted
10121,Jim King,Not Inducted,Not Inducted
10166,Jim Kirby,Not Eligible,Not Eligible
10353,Jim Konstanty,Not Inducted,Not Inducted
10376,Jim Korwan,Not Eligible,Not Eligible
10436,Jim Kremmel,Not Eligible,Not Eligible
10628,Jim Landis,Not Inducted,Not Inducted
10767,Jim Lawrence,Not Eligible,Not Eligible
10874,Jim Lefebvre,Not Eligible,Not Eligible
10887,Jim Lehew,Not Eligible,Not Eligible
10929,Jim Lemon,Not Inducted,Not Inducted
10938,Jim Lentine,Not Eligible,Not Eligible
10992,Jim Levey,Not Eligible,Not Eligible
11014,Jim Lewis,Not Eligible,Not Eligible
11015,Jim Lewis,Not Eligible,Not Eligible
11029,Jim Leyland,Not Eligible,Not Eligible
11030,Jim Leyritz,Not Inducted,Not Inducted
11058,Jim Lillie,Not Eligible,Not Eligible
11083,Jim Lindeman,Not Eligible,Not Eligible
11097,Jim Lindsey,Not Eligible,Not Eligible
11241,Jim Lonborg,Not Inducted,Not Inducted
11250,Jim Long,Not Eligible,Not Eligible
11459,Jim Lyle,Not Eligible,Not Eligible
11499,Jim Lyttle,Not Eligible,Not Eligible
11616,Jim Magnuson,Not Eligible,Not Eligible
11626,Jim Mahady,Not Eligible,Not Eligible
11648,Jim Mahoney,Not Eligible,Not Eligible
11662,Jim Mains,Not Eligible,Not Eligible
11687,Jim Maler,Not Eligible,Not Eligible
11698,Jim Mallory,Not Eligible,Not Eligible
11715,Jim Maloney,Not Inducted,Not Inducted
11732,Jim Mangan,Not Eligible,Not Eligible
11745,Jim Mann,Not Eligible,Not Eligible
11754,Jim Manning,Not Eligible,Not Eligible
11753,Jim Manning,Not Eligible,Not Eligible
11845,Jim Marquis,Not Eligible,Not Eligible
11870,Jim Marshall,Not Eligible,Not Eligible
12011,Jim Mason,Not Eligible,Not Eligible
12096,Jim Mattox,Not Eligible,Not Eligible
12189,Jim McAnany,Not Eligible,Not Eligible
12191,Jim McAndrew,Not Eligible,Not Eligible
12268,Jim McCauley,Not Eligible,Not Eligible
12285,Jim McCloskey,Not Eligible,Not Eligible
12308,Jim McCormick,Not Inducted,Not Inducted
12309,Jim McCormick,Not Eligible,Not Eligible
12366,Jim McDonald,Not Eligible,Not Eligible
12365,Jim McDonald,Not Eligible,Not Eligible
12375,Jim McDonnell,Not Eligible,Not Eligible
12387,Jim McElroy,Not Eligible,Not Eligible
12415,Jim McGarr,Not Eligible,Not Eligible
12438,Jim McGinley,Not Eligible,Not Eligible
12450,Jim McGlothlin,Not Eligible,Not Eligible
12480,Jim McGuire,Not Eligible,Not Eligible
12488,Jim McHale,Not Eligible,Not Eligible
12515,Jim McKee,Not Eligible,Not Eligible
12519,Jim McKeever,Not Eligible,Not Eligible
12543,Jim McKnight,Not Eligible,Not Eligible
12556,Jim McLaughlin,Not Eligible,Not Eligible
12555,Jim McLaughlin,Not Eligible,Not Eligible
12571,Jim McLeod,Not Eligible,Not Eligible
12585,Jim McManus,Not Eligible,Not Eligible
12612,Jim McNamara,Not Eligible,Not Eligible
12652,Jim McTamany,Not Eligible,Not Eligible
12678,Jim Mecir,Not Inducted,Not Inducted
12815,Jim Merritt,Not Inducted,Not Inducted
12822,Jim Mertz,Not Eligible,Not Eligible
12890,Jim Middleton,Not Eligible,Not Eligible
12915,Jim Miles,Not Eligible,Not Eligible
12972,Jim Miller,Not Eligible,Not Eligible
12973,Jim Miller,Not Eligible,Not Eligible
13080,Jim Minshall,Not Eligible,Not Eligible
13233,Jim Mooney,Not Eligible,Not Eligible
13268,Jim Moore,Not Eligible,Not Eligible
13385,Jim Moroney,Not Eligible,Not Eligible
13401,Jim Morris,Not Eligible,Not Eligible
13411,Jim Morrison,Not Inducted,Not Inducted
13454,Jim Mosolf,Not Eligible,Not Eligible
13524,Jim Mullen,Not Eligible,Not Eligible
13650,Jim Murray,Not Eligible,Not Eligible
13649,Jim Murray,Not Eligible,Not Eligible
13679,Jim Mutrie,Not Eligible,Not Eligible
13750,Jim Nash,Not Eligible,Not Eligible
13795,Jim Neher,Not Eligible,Not Eligible
13799,Jim Neidlinger,Not Eligible,Not Eligible
13819,Jim Nelson,Not Eligible,Not Eligible
13845,Jim Nettles,Not Eligible,Not Eligible
14022,Jim Norris,Not Eligible,Not Eligible
14032,Jim Northrup,Not Inducted,Not Inducted
14289,Jim O'Neill,Not Eligible,Not Eligible
14323,Jim O'Rourke,Not Eligible,Not Eligible
14322,Jim O'Rourke,Inducted,Inducted
14414,Jim O'Toole,Not Inducted,Not Inducted
14093,Jim Obradovich,Not Eligible,Not Eligible
14171,Jim Oglesby,Not Eligible,Not Eligible
14202,Jim Olander,Not Eligible,Not Eligible
14236,Jim Ollom,Not Eligible,Not Eligible
14421,Jim Otten,Not Eligible,Not Eligible
14456,Jim Owens,Not Inducted,Not Inducted
14479,Jim Paciorek,Not Eligible,Not Eligible
14512,Jim Pagliaroni,Not Inducted,Not Inducted
14539,Jim Palmer,Inducted,Inducted
14549,Jim Pankovits,Not Eligible,Not Eligible
14551,Jim Panther,Not Eligible,Not Eligible
14580,Jim Park,Not Eligible,Not Eligible
14613,Jim Parque,Not Eligible,Not Eligible
14654,Jim Pastorius,Not Eligible,Not Eligible
14745,Jim Pearce,Not Eligible,Not Eligible
14797,Jim Pena,Not Eligible,Not Eligible
14823,Jim Pendleton,Not Eligible,Not Eligible
14946,Jim Perry,Not Inducted,Not Inducted
14985,Jim Peterson,Not Eligible,Not Eligible
15128,Jim Piersall,Not Inducted,Not Inducted
15183,Jim Pisoni,Not Eligible,Not Eligible
15192,Jim Pittsley,Not Eligible,Not Eligible
15273,Jim Poole,Not Inducted,Not Inducted
15272,Jim Poole,Not Eligible,Not Eligible
15348,Jim Powell,Not Eligible,Not Eligible
15359,Jim Powers,Not Eligible,Not Eligible
15382,Jim Prendergast,Not Eligible,Not Eligible
15388,Jim Presley,Not Eligible,Not Eligible
15398,Jim Price,Not Eligible,Not Eligible
15397,Jim Price,Not Eligible,Not Eligible
15422,Jim Proctor,Not Eligible,Not Eligible
15435,Jim Pruett,Not Eligible,Not Eligible
15478,Jim Pyburn,Not Eligible,Not Eligible
15489,Jim Qualls,Not Eligible,Not Eligible
15713,Jim Ray,Not Eligible,Not Eligible
7996,Jim Ray Hart,Not Inducted,Not Inducted
15831,Jim Reilly,Not Eligible,Not Eligible
15877,Jim Reninger,Not Eligible,Not Eligible
15974,Jim Rice,Inducted,Inducted
16055,Jim Riggleman,Not Eligible,Not Eligible
16070,Jim Riley,Not Eligible,Not Eligible
16071,Jim Riley,Not Eligible,Not Eligible
16110,Jim Rittwage,Not Eligible,Not Eligible
16111,Jim Ritz,Not Eligible,Not Eligible
16122,Jim Rivera,Not Inducted,Not Inducted
16175,Jim Roberts,Not Eligible,Not Eligible
16198,Jim Robertson,Not Eligible,Not Eligible
16365,Jim Rogers,Not Eligible,Not Eligible
16400,Jim Roland,Not Inducted,Not Inducted
16418,Jim Romano,Not Eligible,Not Eligible
16461,Jim Rooker,Not Inducted,Not Inducted
16579,Jim Roxburgh,Not Eligible,Not Eligible
16648,Jim Rushford,Not Eligible,Not Eligible
16661,Jim Russell,Not Inducted,Not Inducted
16675,Jim Rutherford,Not Eligible,Not Eligible
16738,Jim Sadowski,Not Eligible,Not Eligible
17040,Jim Schelle,Not Eligible,Not Eligible
17205,Jim Scoggins,Not Eligible,Not Eligible
17221,Jim Scott,Not Eligible,Not Eligible
17238,Jim Scranton,Not Eligible,Not Eligible
17390,Jim Shanley,Not Eligible,Not Eligible
17426,Jim Shaw,Not Eligible,Not Eligible
17453,Jim Sheehan,Not Eligible,Not Eligible
17473,Jim Shellenback,Not Eligible,Not Eligible
17528,Jim Shilling,Not Eligible,Not Eligible
17696,Jim Siwy,Not Eligible,Not Eligible
17738,Jim Slaton,Not Inducted,Not Inducted
17765,Jim Small,Not Eligible,Not Eligible
17872,Jim Smith,Not Eligible,Not Eligible
18008,Jim Snyder,Not Eligible,Not Eligible
18009,Jim Snyder,Not Eligible,Not Eligible
18139,Jim Spencer,Not Inducted,Not Inducted
18172,Jim Spotts,Not Eligible,Not Eligible
18202,Jim St. Vrain,Not Eligible,Not Eligible
18253,Jim Stanley,Not Eligible,Not Eligible
18305,Jim Steels,Not Eligible,Not Eligible
18353,Jim Stephens,Not Eligible,Not Eligible
18380,Jim Stevens,Not Eligible,Not Eligible
18470,Jim Stoops,Not Eligible,Not Eligible
18530,Jim Strickland,Not Eligible,Not Eligible
18547,Jim Stroner,Not Eligible,Not Eligible
18574,Jim Stump,Not Eligible,Not Eligible
18601,Jim Suchecki,Not Eligible,Not Eligible
18634,Jim Sullivan,Not Eligible,Not Eligible
18635,Jim Sullivan,Not Eligible,Not Eligible
18669,Jim Sundberg,Not Inducted,Not Inducted
18790,Jim Tabor,Not Eligible,Not Eligible
18852,Jim Tatum,Not Eligible,Not Eligible
18964,Jim Tennant,Not Eligible,Not Eligible
19083,Jim Thome,Inducted,Inducted
19154,Jim Thorpe,Not Eligible,Not Eligible
19203,Jim Tipper,Not Eligible,Not Eligible
19215,Jim Tobin,Not Eligible,Not Eligible
19225,Jim Todd,Not Eligible,Not Eligible
19316,Jim Toy,Not Eligible,Not Eligible
19319,Jim Traber,Not Eligible,Not Eligible
19325,Jim Tracy,Not Eligible,Not Eligible
19343,Jim Tray,Not Eligible,Not Eligible
19447,Jim Turner,Not Eligible,Not Eligible
19471,Jim Tyack,Not Eligible,Not Eligible
19477,Jim Tyng,Not Eligible,Not Eligible
19480,Jim Tyrone,Not Eligible,Not Eligible
19505,Jim Umbarger,Not Eligible,Not Eligible
19506,Jim Umbricht,Not Eligible,Not Eligible
19678,Jim Vatcher,Not Eligible,Not Eligible
19804,Jim Viox,Not Eligible,Not Eligible
19923,Jim Walewander,Not Eligible,Not Eligible
19972,Jim Walkup,Not Eligible,Not Eligible
19971,Jim Walkup,Not Eligible,Not Eligible
19989,Jim Wallace,Not Eligible,Not Eligible
20014,Jim Walsh,Not Eligible,Not Eligible
20068,Jim Ward,Not Eligible,Not Eligible
20165,Jim Waugh,Not Eligible,Not Eligible
20184,Jim Weaver,Not Eligible,Not Eligible
20185,Jim Weaver,Not Eligible,Not Eligible
20183,Jim Weaver,Not Eligible,Not Eligible
20324,Jim Wessinger,Not Eligible,Not Eligible
20344,Jim Westlake,Not Eligible,Not Eligible
20474,Jim Whitney,Not Inducted,Not Inducted
20523,Jim Wilhelm,Not Eligible,Not Eligible
20596,Jim Williams,Not Eligible,Not Eligible
20653,Jim Willis,Not Eligible,Not Eligible
20662,Jim Willoughby,Not Eligible,Not Eligible
20716,Jim Wilson,Not Eligible,Not Eligible
20715,Jim Wilson,Not Inducted,Not Inducted
20773,Jim Winford,Not Eligible,Not Eligible
20789,Jim Winn,Not Eligible,Not Eligible
20843,Jim Wohlford,Not Inducted,Not Inducted
20929,Jim Woods,Not Eligible,Not Eligible
20991,Jim Wright,Not Eligible,Not Eligible
20990,Jim Wright,Not Eligible,Not Eligible
20992,Jim Wright,Not Eligible,Not Eligible
21027,Jim Wynn,Not Inducted,Not Inducted
21094,Jim York,Not Eligible,Not Eligible
3586,Jimmie Coker,Not Eligible,Not Eligible
4758,Jimmie DeShong,Not Eligible,Not Eligible
6265,Jimmie Foxx,Inducted,Inducted
7719,Jimmie Hall,Not Eligible,Not Eligible
9873,Jimmie Keenan,Not Eligible,Not Eligible
11251,Jimmie Long,Not Eligible,Not Eligible
15795,Jimmie Reese,Not Eligible,Not Eligible
16950,Jimmie Savage,Not Eligible,Not Eligible
17005,Jimmie Schaffer,Not Eligible,Not Eligible
20717,Jimmie Wilson,Not Inducted,Not Inducted
68,Jimmy Adair,Not Eligible,Not Eligible
402,Jimmy Anderson,Not Eligible,Not Eligible
498,Jimmy Archer,Not Inducted,Not Inducted
632,Jimmy Austin,Not Inducted,Not Inducted
848,Jimmy Bannon,Not Eligible,Not Eligible
972,Jimmy Barrett,Not Inducted,Not Inducted
1005,Jimmy Barthmaier,Not Eligible,Not Eligible
1677,Jimmy Bloodworth,Not Inducted,Not Inducted
2278,Jimmy Brown,Not Eligible,Not Eligible
2504,Jimmy Burke,Not Eligible,Not Eligible
2751,Jimmy Callahan,Not Inducted,Not Inducted
3655,Jimmy Collins,Inducted,Inducted
3825,Jimmy Cooney,Not Eligible,Not Eligible
3824,Jimmy Cooney,Not Eligible,Not Eligible
3876,Jimmy Cordero,Not Eligible,Not Eligible
5320,Jimmy Dygert,Not Eligible,Not Eligible
5321,Jimmy Dykes,Not Inducted,Not Inducted
5618,Jimmy Esmond,Not Eligible,Not Eligible
6334,Jimmy Freeman,Not Eligible,Not Eligible
7024,Jimmy Gobble,Not Eligible,Not Eligible
7288,Jimmy Grant,Not Eligible,Not Eligible
7737,Jimmy Hallinan,Not Eligible,Not Eligible
7997,Jimmy Hart,Not Eligible,Not Eligible
8119,Jimmy Haynes,Not Inducted,Not Inducted
8337,Jimmy Herget,Not Eligible,Not Eligible
8967,Jimmy Hudgens,Not Eligible,Not Eligible
9099,Jimmy Hurst,Not Eligible,Not Eligible
9547,Jimmy Johnston,Not Inducted,Not Inducted
9624,Jimmy Jones,Not Eligible,Not Eligible
9673,Jimmy Jordan,Not Eligible,Not Eligible
9706,Jimmy Journell,Not Eligible,Not Eligible
10052,Jimmy Key,Not Inducted,Not Inducted
10293,Jimmy Knowles,Not Eligible,Not Eligible
10435,Jimmy Kremers,Not Eligible,Not Eligible
10605,Jimmy Lambert,Not Eligible,Not Eligible
10750,Jimmy Lavender,Not Eligible,Not Eligible
11564,Jimmy Macullar,Not Eligible,Not Eligible
12056,Jimmy Mathison,Not Eligible,Not Eligible
12183,Jimmy McAleer,Not Inducted,Not Inducted
12589,Jimmy McMath,Not Eligible,Not Eligible
13269,Jimmy Moore,Not Eligible,Not Eligible
13695,Jimmy Myers,Not Eligible,Not Eligible
13820,Jimmy Nelson,Not Eligible,Not Eligible
14124,Jimmy O'Connell,Not Eligible,Not Eligible
14324,Jimmy O'Rourke,Not Eligible,Not Eligible
14393,Jimmy Osting,Not Eligible,Not Eligible
14429,Jimmy Outlaw,Not Inducted,Not Inducted
14569,Jimmy Paredes,Not Eligible,Not Eligible
14691,Jimmy Pattison,Not Eligible,Not Eligible
14839,Jimmy Peoples,Not Eligible,Not Eligible
15232,Jimmy Pofahl,Not Eligible,Not Eligible
16078,Jimmy Ring,Not Inducted,Not Inducted
16095,Jimmy Ripple,Not Eligible,Not Eligible
16366,Jimmy Rogers,Not Eligible,Not Eligible
16408,Jimmy Rollins,Not Inducted,Not Inducted
16483,Jimmy Rosario,Not Eligible,Not Eligible
16695,Jimmy Ryan,Inducted,Not Inducted
16966,Jimmy Say,Not Eligible,Not Eligible
17266,Jimmy Sebring,Not Eligible,Not Eligible
17336,Jimmy Serrano,Not Eligible,Not Eligible
17364,Jimmy Sexton,Not Eligible,Not Eligible
17450,Jimmy Sheckard,Not Inducted,Not Inducted
17513,Jimmy Shevlin,Not Eligible,Not Eligible
17727,Jimmy Slagle,Not Inducted,Not Inducted
17873,Jimmy Smith,Not Eligible,Not Eligible
18400,Jimmy Stewart,Not Inducted,Not Inducted
19486,Jimmy Uchrinscko,Not Eligible,Not Eligible
19854,Jimmy Wacker,Not Eligible,Not Eligible
20015,Jimmy Walsh,Not Eligible,Not Eligible
20016,Jimmy Walsh,Not Eligible,Not Eligible
20108,Jimmy Wasdell,Not Inducted,Not Inducted
20293,Jimmy Welsh,Not Eligible,Not Eligible
20381,Jimmy Whelan,Not Eligible,Not Eligible
20508,Jimmy Wiggs,Not Eligible,Not Eligible
20597,Jimmy Williams,Not Eligible,Not Eligible
20598,Jimmy Williams,Not Inducted,Not Inducted
20894,Jimmy Wood,Not Eligible,Not Eligible
20968,Jimmy Woulfe,Not Eligible,Not Eligible
21038,Jimmy Yacabonis,Not Eligible,Not Eligible
21245,Jimmy Zinn,Not Eligible,Not Eligible
20599,Jimy Williams,Not Eligible,Not Eligible
3319,Jin Ho Cho,Not Eligible,Not Eligible
9484,Jing Johnson,Not Eligible,Not Eligible
119,Jo Adell,Not Eligible,Not Eligible
13271,Jo-Jo Moore,Not Inducted,Not Inducted
15917,Jo-Jo Reyes,Not Eligible,Not Eligible
20424,Jo-Jo White,Not Eligible,Not Eligible
16432,JoJo Romero,Not Eligible,Not Eligible
18059,Joakim Soria,Not Eligible,Not Eligible
130,Joan Adon,Not Eligible,Not Eligible
14731,Joan Payson,Not Eligible,Not Eligible
453,Joaquin Andujar,Not Inducted,Not Inducted
516,Joaquin Arias,Not Eligible,Not Eligible
1337,Joaquin Benoit,Not Inducted,Not Inducted
3202,Joba Chamberlain,Not Inducted,Not Inducted
14764,Joc Pederson,Not Eligible,Not Eligible
3722,Jocko Conlan,Not Eligible,Not Eligible
3728,Jocko Conlon,Not Eligible,Not Eligible
5923,Jocko Fields,Not Eligible,Not Eligible
6132,Jocko Flynn,Not Eligible,Not Eligible
7735,Jocko Halligan,Not Eligible,Not Eligible
19107,Jocko Thompson,Not Eligible,Not Eligible
1216,Jodie Beeler,Not Eligible,Not Eligible
4487,Jody Davis,Not Inducted,Not Inducted
6813,Jody Gerut,Not Eligible,Not Eligible
15782,Jody Reed,Not Inducted,Not Inducted
39,Joe Abreu,Not Eligible,Not Eligible
92,Joe Adams,Not Eligible,Not Eligible
112,Joe Adcock,Not Inducted,Not Inducted
137,Joe Agler,Not Eligible,Not Eligible
168,Joe Albanese,Not Eligible,Not Eligible
315,Joe Altobelli,Not Eligible,Not Eligible
465,Joe Antolick,Not Eligible,Not Eligible
506,Joe Ardner,Not Eligible,Not Eligible
591,Joe Astroth,Not Inducted,Not Inducted
626,Joe Ausanio,Not Eligible,Not Eligible
666,Joe Ayrault,Not Eligible,Not Eligible
667,Joe Azcue,Not Inducted,Not Inducted
901,Joe Barlow,Not Eligible,Not Eligible
1047,Joe Batchelder,Not Eligible,Not Eligible
1073,Joe Battin,Not Inducted,Not Inducted
1139,Joe Bean,Not Eligible,Not Eligible
1186,Joe Becker,Not Eligible,Not Eligible
1197,Joe Beckwith,Not Eligible,Not Eligible
1222,Joe Beggs,Not Eligible,Not Eligible
1229,Joe Beimel,Not Inducted,Not Inducted
1311,Joe Benes,Not Eligible,Not Eligible
1333,Joe Bennett,Not Eligible,Not Eligible
1339,Joe Benson,Not Eligible,Not Eligible
1352,Joe Benz,Not Eligible,Not Eligible
1372,Joe Berger,Not Eligible,Not Eligible
1398,Joe Bernard,Not Eligible,Not Eligible
1422,Joe Berry,Not Eligible,Not Eligible
1421,Joe Berry,Not Eligible,Not Eligible
1423,Joe Berry,Not Eligible,Not Eligible
1472,Joe Biagini,Not Eligible,Not Eligible
1539,Joe Birmingham,Not Eligible,Not Eligible
1544,Joe Bisenius,Not Eligible,Not Eligible
1557,Joe Bitker,Not Eligible,Not Eligible
1571,Joe Black,Not Eligible,Not Eligible
1640,Joe Blanton,Not Inducted,Not Inducted
1676,Joe Blong,Not Eligible,Not Eligible
1714,Joe Boehling,Not Eligible,Not Eligible
1719,Joe Boever,Not Inducted,Not Inducted
1742,Joe Bokina,Not Eligible,Not Eligible
1752,Joe Boley,Not Eligible,Not Eligible
1784,Joe Bonikowski,Not Eligible,Not Eligible
1823,Joe Borchard,Not Eligible,Not Eligible
1826,Joe Borden,Not Eligible,Not Eligible
1841,Joe Borowski,Not Inducted,Not Inducted
1927,Joe Bowman,Not Inducted,Not Inducted
1955,Joe Boyle,Not Eligible,Not Eligible
1999,Joe Bradshaw,Not Eligible,Not Eligible
2050,Joe Bratcher,Not Eligible,Not Eligible
2226,Joe Brovia,Not Eligible,Not Eligible
2279,Joe Brown,Not Eligible,Not Eligible
2280,Joe Brown,Not Eligible,Not Eligible
2477,Joe Burg,Not Eligible,Not Eligible
2505,Joe Burke,Not Eligible,Not Eligible
2548,Joe Burns,Not Eligible,Not Eligible
2547,Joe Burns,Not Eligible,Not Eligible
2610,Joe Buskey,Not Eligible,Not Eligible
2655,Joe Buzas,Not Eligible,Not Eligible
2711,Joe Caffie,Not Eligible,Not Eligible
2752,Joe Callahan,Not Eligible,Not Eligible
2812,Joe Campbell,Not Eligible,Not Eligible
2854,Joe Cannon,Not Eligible,Not Eligible
2862,Joe Cantillon,Not Eligible,Not Eligible
3009,Joe Carter,Not Inducted,Not Inducted
3030,Joe Cascarella,Not Eligible,Not Eligible
3038,Joe Casey,Not Eligible,Not Eligible
3058,Joe Cassidy,Not Eligible,Not Eligible
3203,Joe Chamberlain,Not Eligible,Not Eligible
3250,Joe Charboneau,Not Eligible,Not Eligible
3349,Joe Christopher,Not Eligible,Not Eligible
3366,Joe Cicero,Not Eligible,Not Eligible
3489,Joe Cleary,Not Eligible,Not Eligible
3553,Joe Cobb,Not Eligible,Not Eligible
3620,Joe Coleman,Not Inducted,Not Inducted
3621,Joe Coleman,Not Inducted,Not Inducted
3656,Joe Collins,Not Inducted,Not Inducted
3680,Joe Colon,Not Eligible,Not Eligible
3737,Joe Connell,Not Eligible,Not Eligible
3747,Joe Connolly,Not Eligible,Not Eligible
3746,Joe Connolly,Not Eligible,Not Eligible
3751,Joe Connor,Not Eligible,Not Eligible
3758,Joe Connors,Not Eligible,Not Eligible
3792,Joe Conzelman,Not Eligible,Not Eligible
3855,Joe Corbett,Not Eligible,Not Eligible
3922,Joe Coscarart,Not Eligible,Not Eligible
3981,Joe Cowley,Not Eligible,Not Eligible
4049,Joe Crawford,Not Eligible,Not Eligible
4059,Joe Crede,Not Inducted,Not Inducted
4090,Joe Crisp,Not Eligible,Not Eligible
4121,Joe Cronin,Not Inducted,Inducted
4137,Joe Cross,Not Eligible,Not Eligible
4144,Joe Crotty,Not Eligible,Not Eligible
4249,Joe Cunningham,Not Inducted,Not Inducted
4342,Joe Daly,Not Eligible,Not Eligible
4424,Joe Davenport,Not Eligible,Not Eligible
4531,Joe Dawson,Not Eligible,Not Eligible
4610,Joe DeBerry,Not Eligible,Not Eligible
4695,Joe DeMaestri,Not Inducted,Not Inducted
4750,Joe DeSa,Not Eligible,Not Eligible
4620,Joe Decker,Not Eligible,Not Eligible
4665,Joe Delahanty,Not Eligible,Not Eligible
4736,Joe Depastino,Not Eligible,Not Eligible
4898,Joe DiMaggio,Not Inducted,Inducted
4892,Joe Dillon,Not Eligible,Not Eligible
4944,Joe Dobson,Not Inducted,Not Inducted
4965,Joe Dolan,Not Eligible,Not Eligible
5074,Joe Dowie,Not Eligible,Not Eligible
5202,Joe Dugan,Not Inducted,Not Inducted
5221,Joe Dunand,Not Eligible,Not Eligible
5250,Joe Dunn,Not Eligible,Not Eligible
5288,Joe Durham,Not Eligible,Not Eligible
5311,Joe Dwyer,Not Eligible,Not Eligible
5384,Joe Edelen,Not Eligible,Not Eligible
5476,Joe Ellick,Not Eligible,Not Eligible
5543,Joe Engel,Not Eligible,Not Eligible
5577,Joe Erautt,Not Eligible,Not Eligible
5619,Joe Espada,Not Eligible,Not Eligible
5682,Joe Evans,Not Inducted,Not Inducted
5698,Joe Evers,Not Eligible,Not Eligible
5725,Joe Fagin,Not Eligible,Not Eligible
5791,Joe Farrell,Not Eligible,Not Eligible
5810,Joe Fautsch,Not Eligible,Not Eligible
5857,Joe Ferguson,Not Inducted,Not Inducted
6133,Joe Flynn,Not Eligible,Not Eligible
6159,Joe Fontenot,Not Eligible,Not Eligible
6266,Joe Foy,Not Eligible,Not Eligible
6315,Joe Frazier,Not Eligible,Not Eligible
6497,Joe Gaines,Not Eligible,Not Eligible
6523,Joe Gallagher,Not Eligible,Not Eligible
6562,Joe Gannon,Not Eligible,Not Eligible
6565,Joe Gantenbein,Not Eligible,Not Eligible
6572,Joe Garagiola,Not Eligible,Not Eligible
6720,Joe Gates,Not Eligible,Not Eligible
6747,Joe Gedeon,Not Eligible,Not Eligible
6769,Joe Genewich,Not Eligible,Not Eligible
6795,Joe Gerhardt,Not Inducted,Not Inducted
6835,Joe Giannini,Not Eligible,Not Eligible
6836,Joe Giard,Not Eligible,Not Eligible
6840,Joe Gibbon,Not Inducted,Not Inducted
6864,Joe Giebel,Not Eligible,Not Eligible
6883,Joe Gilbert,Not Eligible,Not Eligible
6950,Joe Gingras,Not Eligible,Not Eligible
6954,Joe Ginsberg,Not Inducted,Not Inducted
6964,Joe Girardi,Not Inducted,Not Inducted
6997,Joe Gleason,Not Eligible,Not Eligible
7010,Joe Glenn,Not Eligible,Not Eligible
7028,Joe Goddard,Not Eligible,Not Eligible
7094,Joe Gonzales,Not Eligible,Not Eligible
7180,Joe Gordon,Not Inducted,Inducted
7202,Joe Gormley,Not Eligible,Not Eligible
7239,Joe Grace,Not Eligible,Not Eligible
7273,Joe Grahe,Not Eligible,Not Eligible
7306,Joe Graves,Not Eligible,Not Eligible
7348,Joe Green,Not Eligible,Not Eligible
7512,Joe Grzenda,Not Eligible,Not Eligible
7574,Joe Gunson,Not Eligible,Not Eligible
7662,Joe Hague,Not Eligible,Not Eligible
7720,Joe Hall,Not Eligible,Not Eligible
7931,Joe Harrington,Not Eligible,Not Eligible
7957,Joe Harris,Not Inducted,Not Inducted
7958,Joe Harris,Not Eligible,Not Eligible
8034,Joe Harvey,Not Eligible,Not Eligible
8052,Joe Hassler,Not Eligible,Not Eligible
8070,Joe Hatten,Not Eligible,Not Eligible
8080,Joe Hauser,Not Eligible,Not Eligible
8120,Joe Haynes,Not Inducted,Not Inducted
8257,Joe Henderson,Not Eligible,Not Eligible
8455,Joe Hesketh,Not Inducted,Not Inducted
8471,Joe Heving,Not Inducted,Not Inducted
8500,Joe Hicks,Not Eligible,Not Eligible
8505,Joe Hietpas,Not Eligible,Not Eligible
8658,Joe Hoerner,Not Inducted,Not Inducted
8716,Joe Holden,Not Eligible,Not Eligible
8810,Joe Hoover,Not Eligible,Not Eligible
8830,Joe Horgan,Not Eligible,Not Eligible
8831,Joe Horlen,Not Inducted,Not Inducted
8838,Joe Hornung,Not Inducted,Not Inducted
8883,Joe Houser,Not Eligible,Not Eligible
8890,Joe Hovlik,Not Eligible,Not Eligible
8978,Joe Hudson,Not Eligible,Not Eligible
8977,Joe Hudson,Not Eligible,Not Eligible
9010,Joe Hughes,Not Eligible,Not Eligible
9114,Joe Hutcheson,Not Eligible,Not Eligible
9160,Joe Inglett,Not Eligible,Not Eligible
9267,Joe Jacques,Not Eligible,Not Eligible
9272,Joe Jaeger,Not Eligible,Not Eligible
9358,Joe Jenkins,Not Eligible,Not Eligible
9401,Joe Jimenez,Not Eligible,Not Eligible
9485,Joe Johnson,Not Eligible,Not Eligible
9722,Joe Judge,Not Inducted,Not Inducted
9745,Joe Just,Not Eligible,Not Eligible
9796,Joe Kappel,Not Eligible,Not Eligible
9876,Joe Keener,Not Eligible,Not Eligible
9911,Joe Kelley,Inducted,Inducted
9938,Joe Kelly,Not Eligible,Not Eligible
9939,Joe Kelly,Not Eligible,Not Eligible
9937,Joe Kelly,Not Eligible,Not Eligible
9994,Joe Kennedy,Not Eligible,Not Eligible
10015,Joe Keough,Not Eligible,Not Eligible
10029,Joe Kernan,Not Eligible,Not Eligible
10038,Joe Kerrigan,Not Eligible,Not Eligible
10062,Joe Kiefer,Not Eligible,Not Eligible
10182,Joe Kirrene,Not Eligible,Not Eligible
10231,Joe Klinger,Not Eligible,Not Eligible
10232,Joe Klink,Not Eligible,Not Eligible
10240,Joe Klugmann,Not Eligible,Not Eligible
10246,Joe Kmak,Not Eligible,Not Eligible
10269,Joe Knight,Not Eligible,Not Eligible
10290,Joe Knotts,Not Eligible,Not Eligible
10326,Joe Kohlman,Not Eligible,Not Eligible
10369,Joe Koppe,Not Eligible,Not Eligible
10378,Joe Koshansky,Not Eligible,Not Eligible
10385,Joe Kostal,Not Eligible,Not Eligible
10402,Joe Kracher,Not Eligible,Not Eligible
10403,Joe Kraemer,Not Eligible,Not Eligible
10405,Joe Krakauskas,Not Eligible,Not Eligible
10496,Joe Kuhel,Not Inducted,Not Inducted
10523,Joe Kutina,Not Eligible,Not Eligible
10531,Joe La Sorsa,Not Eligible,Not Eligible
10557,Joe Lafata,Not Eligible,Not Eligible
10570,Joe Lahoud,Not Inducted,Not Inducted
10579,Joe Lake,Not Eligible,Not Eligible
10637,Joe Landrum,Not Eligible,Not Eligible
10674,Joe Lansford,Not Eligible,Not Eligible
10768,Joe Lawrence,Not Eligible,Not Eligible
10875,Joe Lefebvre,Not Eligible,Not Eligible
10957,Joe Leonard,Not Eligible,Not Eligible
11129,Joe Lis,Not Eligible,Not Eligible
11264,Joe Lonnett,Not Eligible,Not Eligible
11319,Joe Lotz,Not Eligible,Not Eligible
11341,Joe Lovitto,Not Eligible,Not Eligible
11387,Joe Lucey,Not Eligible,Not Eligible
11449,Joe Lutz,Not Eligible,Not Eligible
11538,Joe Mack,Not Eligible,Not Eligible
11576,Joe Maddon,Not Eligible,Not Eligible
11619,Joe Magrane,Not Eligible,Not Eligible
11649,Joe Mahoney,Not Eligible,Not Eligible
11681,Joe Malay,Not Eligible,Not Eligible
11771,Joe Mantiply,Not Eligible,Not Eligible
11805,Joe Margoneri,Not Eligible,Not Eligible
11871,Joe Marshall,Not Eligible,Not Eligible
11920,Joe Martin,Not Eligible,Not Eligible
11919,Joe Martin,Not Eligible,Not Eligible
11939,Joe Martina,Not Eligible,Not Eligible
11961,Joe Martinez,Not Eligible,Not Eligible
11994,Joe Marty,Not Eligible,Not Eligible
12039,Joe Mather,Not Eligible,Not Eligible
12040,Joe Mathes,Not Eligible,Not Eligible
12081,Joe Matthews,Not Eligible,Not Eligible
12107,Joe Mauer,Inducted,Inducted
12166,Joe Mays,Not Eligible,Not Eligible
12218,Joe McCabe,Not Eligible,Not Eligible
12250,Joe McCarthy,Not Eligible,Not Eligible
12249,Joe McCarthy,Not Eligible,Not Eligible
12248,Joe McCarthy,Not Eligible,Not Eligible
12271,Joe McClain,Not Eligible,Not Eligible
12367,Joe McDonald,Not Eligible,Not Eligible
12393,Joe McEwing,Not Eligible,Not Eligible
12445,Joe McGinnity,Inducted,Inducted
12474,Joe McGuckin,Not Eligible,Not Eligible
12499,Joe McIntosh,Not Eligible,Not Eligible
12586,Joe McManus,Not Eligible,Not Eligible
12693,Joe Medwick,Not Inducted,Inducted
12741,Joe Mellana,Not Eligible,Not Eligible
12975,Joe Miller,Not Eligible,Not Eligible
12974,Joe Miller,Not Eligible,Not Eligible
13025,Joe Millette,Not Eligible,Not Eligible
13138,Joe Moeller,Not Eligible,Not Eligible
13140,Joe Moffet,Not Eligible,Not Eligible
13228,Joe Moock,Not Eligible,Not Eligible
13359,Joe Morgan,Inducted,Inducted
13360,Joe Morgan,Not Eligible,Not Eligible
13489,Joe Mowry,Not Eligible,Not Eligible
13510,Joe Muich,Not Eligible,Not Eligible
13511,Joe Muir,Not Eligible,Not Eligible
13531,Joe Mulligan,Not Eligible,Not Eligible
13544,Joe Mulvey,Not Inducted,Not Inducted
13573,Joe Munson,Not Eligible,Not Eligible
13615,Joe Murphy,Not Eligible,Not Eligible
13651,Joe Murray,Not Eligible,Not Eligible
13667,Joe Musgrove,Not Eligible,Not Eligible
13755,Joe Nathan,Not Inducted,Not Inducted
13785,Joe Neale,Not Eligible,Not Eligible
13786,Joe Nealon,Not Eligible,Not Eligible
13821,Joe Nelson,Not Eligible,Not Eligible
13931,Joe Niekro,Not Inducted,Not Inducted
13992,Joe Nolan,Not Inducted,Not Inducted
14041,Joe Nossek,Not Eligible,Not Eligible
14072,Joe Nuxhall,Not Inducted,Not Inducted
14325,Joe O'Rourke,Not Eligible,Not Eligible
14159,Joe Oeschger,Not Inducted,Not Inducted
14176,Joe Ogrodowski,Not Eligible,Not Eligible
14185,Joe Ohl,Not Eligible,Not Eligible
14226,Joe Oliver,Not Inducted,Not Inducted
14310,Joe Orengo,Not Eligible,Not Eligible
14335,Joe Orrell,Not Eligible,Not Eligible
14338,Joe Orsulak,Not Inducted,Not Inducted
14353,Joe Ortiz,Not Eligible,Not Eligible
14395,Joe Ostrowski,Not Eligible,Not Eligible
14484,Joe Pactwa,Not Eligible,Not Eligible
14502,Joe Page,Not Eligible,Not Eligible
14543,Joe Palmisano,Not Eligible,Not Eligible
14545,Joe Palumbo,Not Eligible,Not Eligible
14548,Joe Panik,Not Eligible,Not Eligible
14658,Joe Pate,Not Eligible,Not Eligible
14660,Joe Paterson,Not Eligible,Not Eligible
14783,Joe Peitz,Not Eligible,Not Eligible
14841,Joe Pepitone,Not Inducted,Not Inducted
14887,Joe Perez,Not Eligible,Not Eligible
15005,Joe Pettini,Not Eligible,Not Eligible
15136,Joe Pignatano,Not Eligible,Not Eligible
15190,Joe Pittman,Not Eligible,Not Eligible
15231,Joe Poetz,Not Eligible,Not Eligible
15386,Joe Presko,Not Eligible,Not Eligible
15399,Joe Price,Not Eligible,Not Eligible
15400,Joe Price,Not Inducted,Not Inducted
15501,Joe Quest,Not Inducted,Not Inducted
15518,Joe Quinn,Not Inducted,Not Inducted
15544,Joe Rabbitt,Not Eligible,Not Eligible
15663,Joe Randa,Not Inducted,Not Inducted
15754,Joe Redfield,Not Eligible,Not Eligible
15805,Joe Regan,Not Eligible,Not Eligible
16023,Joe Rickert,Not Eligible,Not Eligible
16054,Joe Riggert,Not Eligible,Not Eligible
16144,Joe Roa,Not Eligible,Not Eligible
16353,Joe Rogalski,Not Eligible,Not Eligible
16530,Joe Ross,Not Eligible,Not Eligible
16535,Joe Rosselli,Not Eligible,Not Eligible
16536,Joe Rossi,Not Eligible,Not Eligible
16604,Joe Rudi,Not Inducted,Not Inducted
16632,Joe Rullo,Not Eligible,Not Eligible
16696,Joe Ryan,Not Eligible,Not Eligible
16786,Joe Sambito,Not Inducted,Not Inducted
16800,Joe Samuels,Not Eligible,Not Eligible
16922,Joe Sargent,Not Eligible,Not Eligible
16940,Joe Saunders,Not Inducted,Not Inducted
16953,Joe Savery,Not Eligible,Not Eligible
17006,Joe Schaffernoth,Not Eligible,Not Eligible
17047,Joe Schepner,Not Eligible,Not Eligible
17166,Joe Schultz,Not Eligible,Not Eligible
17165,Joe Schultz,Not Inducted,Not Inducted
17356,Joe Sewell,Not Inducted,Inducted
17394,Joe Shannon,Not Eligible,Not Eligible
17413,Joe Shaute,Not Inducted,Not Inducted
17502,Joe Sherman,Not Eligible,Not Eligible
17540,Joe Shipley,Not Eligible,Not Eligible
17593,Joe Siddall,Not Eligible,Not Eligible
17637,Joe Simmons,Not Eligible,Not Eligible
17656,Joe Simpson,Not Eligible,Not Eligible
17704,Joe Skalski,Not Eligible,Not Eligible
17759,Joe Slusarski,Not Eligible,Not Eligible
17772,Joe Smaza,Not Eligible,Not Eligible
17874,Joe Smith,Not Eligible,Not Eligible
17875,Joe Smith,Not Eligible,Not Eligible
18049,Joe Sommer,Not Inducted,Not Inducted
18111,Joe Sparma,Not Eligible,Not Eligible
18188,Joe Sprinz,Not Eligible,Not Eligible
18203,Joe Stabell,Not Eligible,Not Eligible
18245,Joe Stanka,Not Eligible,Not Eligible
18255,Joe Stanley,Not Eligible,Not Eligible
18254,Joe Stanley,Not Eligible,Not Eligible
18280,Joe Start,Not Inducted,Not Inducted
18285,Joe Staton,Not Eligible,Not Eligible
18361,Joe Stephenson,Not Eligible,Not Eligible
18401,Joe Stewart,Not Eligible,Not Eligible
18497,Joe Strain,Not Eligible,Not Eligible
18514,Joe Straub,Not Eligible,Not Eligible
18516,Joe Strauss,Not Eligible,Not Eligible
18540,Joe Stripp,Not Inducted,Not Inducted
18549,Joe Strong,Not Eligible,Not Eligible
18609,Joe Sugden,Not Inducted,Not Inducted
18637,Joe Sullivan,Not Eligible,Not Eligible
18636,Joe Sullivan,Not Eligible,Not Eligible
18780,Joe Szekely,Not Eligible,Not Eligible
18906,Joe Taylor,Not Eligible,Not Eligible
18972,Joe Tepsic,Not Eligible,Not Eligible
19010,Joe Thatcher,Not Eligible,Not Eligible
19168,Joe Thurston,Not Eligible,Not Eligible
19198,Joe Tinker,Inducted,Inducted
19206,Joe Tipton,Not Eligible,Not Eligible
19276,Joe Torre,Inducted,Inducted
19372,Joe Trimble,Not Eligible,Not Eligible
19595,Joe Valentine,Not Eligible,Not Eligible
19637,Joe Vance,Not Eligible,Not Eligible
19737,Joe Verbanic,Not Eligible,Not Eligible
19751,Joe Vernon,Not Eligible,Not Eligible
19809,Joe Visner,Not Eligible,Not Eligible
19810,Joe Vitelli,Not Eligible,Not Eligible
19811,Joe Vitiello,Not Eligible,Not Eligible
19812,Joe Vitko,Not Eligible,Not Eligible
19841,Joe Vosmik,Not Inducted,Not Inducted
19885,Joe Wagner,Not Eligible,Not Eligible
19976,Joe Wall,Not Eligible,Not Eligible
19999,Joe Wallis,Not Eligible,Not Eligible
20017,Joe Walsh,Not Eligible,Not Eligible
20019,Joe Walsh,Not Eligible,Not Eligible
20018,Joe Walsh,Not Eligible,Not Eligible
20069,Joe Ward,Not Eligible,Not Eligible
20209,Joe Weber,Not Eligible,Not Eligible
20251,Joe Weiss,Not Eligible,Not Eligible
20315,Joe Werrick,Not Eligible,Not Eligible
20332,Joe West,Not Eligible,Not Eligible
20499,Joe Wieland,Not Eligible,Not Eligible
20527,Joe Wilhoit,Not Eligible,Not Eligible
20600,Joe Williams,Not Eligible,Not Eligible
20654,Joe Willis,Not Eligible,Not Eligible
20782,Joe Winkelsas,Not Eligible,Not Eligible
20895,Joe Wood,Not Eligible,Not Eligible
20896,Joe Wood,Not Eligible,Not Eligible
20993,Joe Wright,Not Eligible,Not Eligible
21019,Joe Wyatt,Not Eligible,Not Eligible
21066,Joe Yeager,Not Inducted,Not Inducted
21085,Joe Yingling,Not Eligible,Not Eligible
21191,Joe Zapustas,Not Eligible,Not Eligible
21204,Joe Zdeb,Not Eligible,Not Eligible
110,Joel Adamson,Not Eligible,Not Eligible
1334,Joel Bennett,Not Eligible,Not Eligible
2968,Joel Carreno,Not Eligible,Not Eligible
4488,Joel Davis,Not Eligible,Not Eligible
4560,Joel De La Cruz,Not Eligible,Not Eligible
5954,Joel Finch,Not Eligible,Not Eligible
7604,Joel Guzman,Not Eligible,Not Eligible
7837,Joel Hanrahan,Not Eligible,Not Eligible
9062,Joel Hunt,Not Eligible,Not Eligible
9548,Joel Johnston,Not Eligible,Not Eligible
10502,Joel Kuhnel,Not Eligible,Not Eligible
12532,Joel McKeon,Not Eligible,Not Eligible
13873,Joel Newkirk,Not Eligible,Not Eligible
14723,Joel Payamps,Not Eligible,Not Eligible
14852,Joel Peralta,Not Inducted,Not Inducted
15159,Joel Pineiro,Not Inducted,Not Inducted
17714,Joel Skinner,Not Eligible,Not Eligible
21156,Joel Youngblood,Not Inducted,Not Inducted
21262,Joel Zumaya,Not Eligible,Not Eligible
16305,Joely Rodriguez,Not Eligible,Not Eligible
350,Joey Amalfitano,Not Inducted,Not Inducted
1001,Joey Bart,Not Eligible,Not Eligible
2638,Joey Butler,Not Eligible,Not Eligible
2861,Joey Cantillo,Not Eligible,Not Eligible
3852,Joey Cora,Not Inducted,Not Inducted
4529,Joey Dawley,Not Eligible,Not Eligible
4781,Joey Devine,Not Eligible,Not Eligible
5452,Joey Eischen,Not Inducted,Not Inducted
5643,Joey Estes,Not Eligible,Not Eligible
6537,Joey Gallo,Not Eligible,Not Eligible
6723,Joey Gathright,Not Eligible,Not Eligible
6790,Joey Gerber,Not Eligible,Not Eligible
7767,Joey Hamilton,Not Inducted,Not Inducted
9332,Joey Jay,Not Inducted,Not Inducted
10428,Joey Krehbiel,Not Eligible,Not Eligible
11252,Joey Long,Not Eligible,Not Eligible
11274,Joey Loperfido,Not Eligible,Not Eligible
11385,Joey Lucchesi,Not Eligible,Not Eligible
12557,Joey McLaughlin,Not Eligible,Not Eligible
12773,Joey Meneses,Not Eligible,Not Eligible
12864,Joey Meyer,Not Eligible,Not Eligible
13756,Joey Nation,Not Eligible,Not Eligible
14354,Joey Ortiz,Not Eligible,Not Eligible
16022,Joey Rickard,Not Eligible,Not Eligible
18973,Joey Terdoslavich,Not Eligible,Not Eligible
19845,Joey Votto,Not Eligible,Not Eligible
20299,Joey Wendle,Not Eligible,Not Eligible
20304,Joey Wentz,Not Eligible,Not Eligible
20500,Joey Wiemer,Not Eligible,Not Eligible
2771,Johan Camargo,Not Eligible,Not Eligible
14438,Johan Oviedo,Not Eligible,Not Eligible
15503,Johan Quezada,Not Eligible,Not Eligible
16392,Johan Rojas,Not Eligible,Not Eligible
16888,Johan Santana,Not Inducted,Not Inducted
6,John Abadie,Not Eligible,Not Eligible
158,John Ake,Not Eligible,Not Eligible
249,John Allen,Not Eligible,Not Eligible
403,John Anderson,Not Eligible,Not Eligible
404,John Anderson,Not Inducted,Not Inducted
429,John Andre,Not Eligible,Not Eligible
430,John Andreoli,Not Eligible,Not Eligible
441,John Andrews,Not Eligible,Not Eligible
468,John Antonelli,Not Eligible,Not Eligible
654,John Axford,Not Eligible,Not Eligible
769,John Baker,Not Eligible,Not Eligible
784,John Balaz,Not Eligible,Not Eligible
805,John Bale,Not Eligible,Not Eligible
880,John Barfield,Not Eligible,Not Eligible
922,John Barnes,Not Eligible,Not Eligible
973,John Barrett,Not Eligible,Not Eligible
997,John Barry,Not Inducted,Not Inducted
1006,John Barthold,Not Eligible,Not Eligible
1036,John Bass,Not Eligible,Not Eligible
1049,John Bateman,Not Inducted,Not Inducted
1058,John Bates,Not Eligible,Not Eligible
1096,John Baumgartner,Not Eligible,Not Eligible
1198,John Beckwith,Not Eligible,Not Eligible
1378,John Bergh,Not Eligible,Not Eligible
1482,John Bickerton,Not Eligible,Not Eligible
1543,John Bischoff,Not Eligible,Not Eligible
1572,John Black,Not Eligible,Not Eligible
1701,John Boccabella,Not Inducted,Not Inducted
1722,John Bogart,Not Eligible,Not Eligible
1737,John Bohnet,Not Eligible,Not Eligible
1751,John Boles,Not Eligible,Not Eligible
1819,John Boozer,Not Eligible,Not Eligible
1838,John Bormann,Not Eligible,Not Eligible
1867,John Bottarini,Not Eligible,Not Eligible
1913,John Bowker,Not Eligible,Not Eligible
1963,John Brackenridge,Not Eligible,Not Eligible
2053,John Braun,Not Eligible,Not Eligible
2072,John Brebbia,Not Eligible,Not Eligible
2142,John Briggs,Not Eligible,Not Eligible
2141,John Briggs,Not Inducted,Not Inducted
2158,John Briscoe,Not Eligible,Not Eligible
2186,John Brock,Not Eligible,Not Eligible
2281,John Brown,Not Eligible,Not Eligible
2404,John Buck,Not Inducted,Not Inducted
2412,John Buckley,Not Eligible,Not Eligible
2507,John Burke,Not Eligible,Not Eligible
2506,John Burke,Not Eligible,Not Eligible
2517,John Burkett,Not Inducted,Not Inducted
2549,John Burns,Not Eligible,Not Eligible
2573,John Burrows,Not Eligible,Not Eligible
2616,John Butcher,Not Eligible,Not Eligible
2639,John Butler,Not Eligible,Not Eligible
2656,John Buzhardt,Not Inducted,Not Inducted
2714,John Cahill,Not Eligible,Not Eligible
2753,John Callahan,Not Eligible,Not Eligible
2813,John Campbell,Not Eligible,Not Eligible
2841,John Candelaria,Not Inducted,Not Inducted
2845,John Caneira,Not Eligible,Not Eligible
2846,John Cangelosi,Not Inducted,Not Inducted
2888,John Carbine,Not Eligible,Not Eligible
2890,John Carden,Not Eligible,Not Eligible
2913,John Carl,Not Eligible,Not Eligible
2988,John Carroll,Not Eligible,Not Eligible
3059,John Cassidy,Not Inducted,Not Inducted
3101,John Castino,Not Eligible,Not Eligible
3104,John Castle,Not Eligible,Not Eligible
3137,John Cattanach,Not Eligible,Not Eligible
3145,John Cavanaugh,Not Eligible,Not Eligible
3178,John Cerutti,Not Eligible,Not Eligible
3240,John Chapman,Not Eligible,Not Eligible
3335,John Christensen,Not Eligible,Not Eligible
3360,John Churry,Not Eligible,Not Eligible
3402,John Clapp,Not Inducted,Not Inducted
3471,John Clarkson,Inducted,Inducted
3623,John Coleman,Not Eligible,Not Eligible
3622,John Coleman,Not Eligible,Not Eligible
3752,John Connor,Not Eligible,Not Eligible
3864,John Corcoran,Not Eligible,Not Eligible
3890,John Corkhill,Not Inducted,Not Inducted
3898,John Cornely,Not Eligible,Not Eligible
3910,John Corriden,Not Eligible,Not Eligible
3932,John Costello,Not Eligible,Not Eligible
3964,John Courtright,Not Eligible,Not Eligible
4166,John Crowley,Not Eligible,Not Eligible
4218,John Cuff,Not Eligible,Not Eligible
4222,John Cullen,Not Eligible,Not Eligible
4234,John Cumberland,Not Eligible,Not Eligible
4237,John Cummings,Not Eligible,Not Eligible
4255,John Curran,Not Eligible,Not Eligible
4277,John Curtis,Not Inducted,Not Inducted
4281,John Curtiss,Not Eligible,Not Eligible
4300,John D'Acquisto,Not Inducted,Not Inducted
4302,John Dagenhard,Not Eligible,Not Eligible
4312,John Dailey,Not Eligible,Not Eligible
4327,John Daley,Not Eligible,Not Eligible
4370,John Danks,Not Inducted,Not Inducted
4377,John Dantonio,Not Eligible,Not Eligible
4489,John Davis,Not Eligible,Not Eligible
4490,John Davis,Not Eligible,Not Eligible
4537,John Day,Not Eligible,Not Eligible
4702,John DeMerit,Not Eligible,Not Eligible
4759,John DeSilva,Not Eligible,Not Eligible
4606,John Deasley,Not Eligible,Not Eligible
4632,John Deering,Not Eligible,Not Eligible
4728,John Denny,Not Inducted,Not Inducted
4768,John Dettmer,Not Eligible,Not Eligible
4893,John Dillon,Not Eligible,Not Eligible
4936,John Dobb,Not Eligible,Not Eligible
4939,John Dobbs,Not Eligible,Not Eligible
4952,John Dodge,Not Eligible,Not Eligible
4959,John Doherty,Not Eligible,Not Eligible
4958,John Doherty,Not Eligible,Not Eligible
4966,John Dolan,Not Eligible,Not Eligible
4983,John Donahue,Not Eligible,Not Eligible
4991,John Donaldson,Not Eligible,Not Eligible
4992,John Donaldson,Not Eligible,Not Eligible
5003,John Donnelly,Not Eligible,Not Eligible
5024,John Dopson,Not Eligible,Not Eligible
5027,John Doran,Not Eligible,Not Eligible
5056,John Douglas,Not Eligible,Not Eligible
5068,John Dowd,Not Eligible,Not Eligible
5100,John Doyle,Not Eligible,Not Eligible
5181,John Dudra,Not Eligible,Not Eligible
5190,John Duffie,Not Eligible,Not Eligible
5312,John Dwyer,Not Eligible,Not Eligible
5325,John Dyler,Not Eligible,Not Eligible
5357,John Easton,Not Eligible,Not Eligible
5385,John Edelman,Not Eligible,Not Eligible
5499,John Ellis,Not Inducted,Not Inducted
5519,John Ely,Not Eligible,Not Eligible
5555,John Ennis,Not Eligible,Not Eligible
5580,John Ericks,Not Eligible,Not Eligible
5663,John Eubank,Not Eligible,Not Eligible
5705,John Ewing,Not Eligible,Not Eligible
5792,John Farrell,Not Eligible,Not Eligible
5793,John Farrell,Not Eligible,Not Eligible
5798,John Farrow,Not Eligible,Not Eligible
5843,John Felske,Not Eligible,Not Eligible
5903,John Fetzer,Not Eligible,Not Eligible
5909,John Fick,Not Eligible,Not Eligible
5978,John Firth,Not Eligible,Not Eligible
5983,John Fischer,Not Eligible,Not Eligible
5989,John Fishel,Not Eligible,Not Eligible
6029,John Fitzgerald,Not Eligible,Not Eligible
6030,John Fitzgerald,Not Eligible,Not Eligible
6031,John Fitzgerald,Not Eligible,Not Eligible
6050,John Flaherty,Not Inducted,Not Inducted
6063,John Flannery,Not Eligible,Not Eligible
6067,John Flavin,Not Eligible,Not Eligible
6093,John Flinn,Not Eligible,Not Eligible
6125,John Fluhrer,Not Eligible,Not Eligible
6134,John Flynn,Not Eligible,Not Eligible
6139,John Fogarty,Not Eligible,Not Eligible
6146,John Foley,Not Eligible,Not Eligible
6191,John Foreman,Not Eligible,Not Eligible
6220,John Foster,Not Eligible,Not Eligible
6258,John Fox,Not Eligible,Not Eligible
6281,John Franco,Not Inducted,Not Inducted
6305,John Frascatore,Not Eligible,Not Eligible
6335,John Freeman,Not Eligible,Not Eligible
6392,John Frill,Not Eligible,Not Eligible
6435,John Fulgham,Not Eligible,Not Eligible
6442,John Fuller,Not Eligible,Not Eligible
6475,John Gabler,Not Eligible,Not Eligible
6480,John Gaddy,Not Eligible,Not Eligible
6485,John Gaffney,Not Eligible,Not Eligible
6513,John Gall,Not Eligible,Not Eligible
6524,John Gallagher,Not Eligible,Not Eligible
6534,John Galligan,Not Eligible,Not Eligible
6544,John Galvin,Not Eligible,Not Eligible
6549,John Gamble,Not Eligible,Not Eligible
6563,John Gant,Not Eligible,Not Eligible
6569,John Ganzel,Not Eligible,Not Eligible
6711,John Gast,Not Eligible,Not Eligible
6726,John Gaub,Not Eligible,Not Eligible
6766,John Gelnar,Not Eligible,Not Eligible
6842,John Gibbons,Not Eligible,Not Eligible
6884,John Gilbert,Not Eligible,Not Eligible
6924,John Gillespie,Not Eligible,Not Eligible
6923,John Gillespie,Not Eligible,Not Eligible
6943,John Gilroy,Not Eligible,Not Eligible
6978,John Glaiser,Not Eligible,Not Eligible
7012,John Glenn,Not Eligible,Not Eligible
7011,John Glenn,Not Eligible,Not Eligible
7025,John Gochnaur,Not Eligible,Not Eligible
7026,John Godar,Not Eligible,Not Eligible
7032,John Godwin,Not Eligible,Not Eligible
7040,John Goetz,Not Eligible,Not Eligible
7153,John Goodell,Not Eligible,Not Eligible
7233,John Grabow,Not Eligible,Not Eligible
7246,John Grady,Not Eligible,Not Eligible
7249,John Graff,Not Eligible,Not Eligible
7331,John Greason,Not Eligible,Not Eligible
7378,John Greenig,Not Eligible,Not Eligible
7445,John Grim,Not Inducted,Not Inducted
7448,John Grimes,Not Eligible,Not Eligible
7628,John Habyan,Not Inducted,Not Inducted
7676,John Hairston,Not Eligible,Not Eligible
7682,John Halama,Not Eligible,Not Eligible
7685,John Haldeman,Not Eligible,Not Eligible
7691,John Hale,Not Eligible,Not Eligible
7721,John Hall,Not Eligible,Not Eligible
7729,John Halla,Not Eligible,Not Eligible
7756,John Hamill,Not Eligible,Not Eligible
7827,John Hanna,Not Eligible,Not Eligible
7859,John Happenny,Not Eligible,Not Eligible
7891,John Harkins,Not Eligible,Not Eligible
7918,John Harrell,Not Eligible,Not Eligible
7959,John Harris,Not Eligible,Not Eligible
7998,John Hart,Not Eligible,Not Eligible
8064,John Hatfield,Not Eligible,Not Eligible
8072,John Hattig,Not Eligible,Not Eligible
8113,John Hayes,Not Eligible,Not Eligible
8194,John Heileman,Not Eligible,Not Eligible
8311,John Henry,Not Eligible,Not Eligible
8312,John Henry,Not Eligible,Not Eligible
9486,John Henry Johnson,Not Eligible,Not Eligible
11171,John Henry Lloyd,Not Eligible,Not Eligible
8443,John Herrnstein,Not Eligible,Not Eligible
8462,John Hester,Not Eligible,Not Eligible
8476,John Heydler,Not Eligible,Not Eligible
8482,John Hibbard,Not Eligible,Not Eligible
8501,John Hicks,Not Eligible,Not Eligible
8527,John Hiland,Not Eligible,Not Eligible
8573,John Hiller,Not Inducted,Not Inducted
8606,John Hinton,Not Eligible,Not Eligible
8628,John Hobbs,Not Eligible,Not Eligible
8676,John Hoffman,Not Eligible,Not Eligible
8684,John Hofford,Not Eligible,Not Eligible
8722,John Holdzkom,Not Eligible,Not Eligible
8747,John Hollison,Not Eligible,Not Eligible
8811,John Hoover,Not Eligible,Not Eligible
8814,John Hope,Not Eligible,Not Eligible
8878,John Houseman,Not Eligible,Not Eligible
8965,John Hudek,Not Eligible,Not Eligible
9045,John Hummel,Not Inducted,Not Inducted
9053,John Humphries,Not Eligible,Not Eligible
9185,John Irwin,Not Eligible,Not Eligible
9227,John Jackson,Not Eligible,Not Eligible
9273,John Jaha,Not Inducted,Not Inducted
9321,John Jaso,Not Eligible,Not Eligible
9359,John Jenkins,Not Eligible,Not Eligible
9553,John Johnstone,Not Eligible,Not Eligible
9625,John Jones,Not Eligible,Not Eligible
9771,John Kalahan,Not Eligible,Not Eligible
9788,John Kane,Not Eligible,Not Eligible
9789,John Kane,Not Eligible,Not Eligible
9816,John Karst,Not Eligible,Not Eligible
9862,John Keefe,Not Eligible,Not Eligible
9897,John Kelleher,Not Eligible,Not Eligible
9940,John Kelly,Not Eligible,Not Eligible
9941,John Kelly,Not Eligible,Not Eligible
9966,John Kelty,Not Eligible,Not Eligible
9996,John Kennedy,Not Eligible,Not Eligible
9995,John Kennedy,Not Inducted,Not Inducted
10007,John Kenney,Not Eligible,Not Eligible
10024,John Kerins,Not Eligible,Not Eligible
10035,John Kerr,Not Eligible,Not Eligible
10067,John Kiely,Not Eligible,Not Eligible
10078,John Kiley,Not Eligible,Not Eligible
10122,John King,Not Eligible,Not Eligible
10167,John Kirby,Not Eligible,Not Eligible
10238,John Kloza,Not Eligible,Not Eligible
10270,John Knight,Not Eligible,Not Eligible
10298,John Knox,Not Eligible,Not Eligible
10375,John Koronka,Not Eligible,Not Eligible
10459,John Kroner,Not Eligible,Not Eligible
10474,John Kruk,Not Inducted,Not Inducted
10706,John LaRose,Not Eligible,Not Eligible
10543,John Lackey,Not Inducted,Not Inducted
10598,John Lamb,Not Eligible,Not Eligible
10597,John Lamb,Not Eligible,Not Eligible
10669,John Lannan,Not Eligible,Not Eligible
10974,John LeRoy,Not Eligible,Not Eligible
10813,John Leary,Not Eligible,Not Eligible
10900,John Leighton,Not Eligible,Not Eligible
10905,John Leister,Not Eligible,Not Eligible
10963,John Leovich,Not Eligible,Not Eligible
11040,John Lickert,Not Eligible,Not Eligible
11098,John Lindsey,Not Eligible,Not Eligible
11148,John Littlefield,Not Eligible,Not Eligible
11336,John Lovett,Not Eligible,Not Eligible
11359,John Lowenstein,Not Inducted,Not Inducted
11366,John Lowry,Not Eligible,Not Eligible
11497,John Lyston,Not Eligible,Not Eligible
11504,John Mabry,Not Inducted,Not Inducted
11551,John Mackinson,Not Eligible,Not Eligible
11613,John Magner,Not Eligible,Not Eligible
11660,John Maine,Not Eligible,Not Eligible
11677,John Malarkey,Not Eligible,Not Eligible
11764,John Mansell,Not Eligible,Not Eligible
11921,John Martin,Not Eligible,Not Eligible
11999,John Marzano,Not Inducted,Not Inducted
12057,John Matias,Not Eligible,Not Eligible
12147,John Mayberry,Not Eligible,Not Eligible
12146,John Mayberry,Not Inducted,Not Inducted
12259,John McCarty,Not Eligible,Not Eligible
12287,John McCloskey,Not Eligible,Not Eligible
12286,John McCloskey,Not Eligible,Not Eligible
12368,John McDonald,Not Eligible,Not Eligible
12369,John McDonald,Not Inducted,Not Inducted
12436,John McGillen,Not Eligible,Not Eligible
12447,John McGlone,Not Eligible,Not Eligible
12464,John McGraw,Not Eligible,Not Eligible
12465,John McGraw,Inducted,Inducted
12476,John McGuinness,Not Eligible,Not Eligible
12489,John McHale,Not Eligible,Not Eligible
12521,John McKelvey,Not Eligible,Not Eligible
12548,John McLaren,Not Eligible,Not Eligible
12582,John McMakin,Not Eligible,Not Eligible
12597,John McMillon,Not Eligible,Not Eligible
12602,John McMullin,Not Eligible,Not Eligible
12613,John McNamara,Not Eligible,Not Eligible
12631,John McPherson,Not Eligible,Not Eligible
12649,John McSherry,Not Eligible,Not Eligible
12672,John Means,Not Eligible,Not Eligible
12715,John Meister,Not Eligible,Not Eligible
12771,John Menefee,Not Eligible,Not Eligible
12794,John Mercer,Not Eligible,Not Eligible
12816,John Merritt,Not Eligible,Not Eligible
12881,John Michaels,Not Eligible,Not Eligible
12883,John Michaelson,Not Eligible,Not Eligible
12891,John Middleton,Not Eligible,Not Eligible
12900,John Mihalic,Not Eligible,Not Eligible
12976,John Miller,Not Eligible,Not Eligible
12977,John Miller,Not Eligible,Not Eligible
13030,John Milligan,Not Eligible,Not Eligible
13029,John Milligan,Not Inducted,Not Inducted
13055,John Milner,Not Inducted,Not Inducted
13095,John Misse,Not Eligible,Not Eligible
13109,John Mitchell,Not Eligible,Not Eligible
13126,John Mizerock,Not Eligible,Not Eligible
13145,John Mohardt,Not Eligible,Not Eligible
13191,John Monroe,Not Eligible,Not Eligible
13195,John Montague,Not Eligible,Not Eligible
13202,John Montefusco,Not Inducted,Not Inducted
13378,John Morlan,Not Eligible,Not Eligible
13389,John Morrill,Not Inducted,Not Inducted
13403,John Morris,Not Eligible,Not Eligible
13402,John Morris,Not Eligible,Not Eligible
13420,John Morrissey,Not Eligible,Not Eligible
13449,John Moses,Not Inducted,Not Inducted
13532,John Mulligan,Not Eligible,Not Eligible
13536,John Mullin,Not Eligible,Not Eligible
13547,John Munce,Not Eligible,Not Eligible
13577,John Munyan,Not Eligible,Not Eligible
13617,John Murphy,Not Eligible,Not Eligible
13616,John Murphy,Not Eligible,Not Eligible
13822,John Nelson,Not Eligible,Not Eligible
13851,John Neuer,Not Eligible,Not Eligible
13866,John Newell,Not Eligible,Not Eligible
13987,John Nogowski,Not Eligible,Not Eligible
14013,John Noriega,Not Eligible,Not Eligible
14106,John O'Brien,Not Eligible,Not Eligible
14107,John O'Brien,Not Eligible,Not Eligible
14126,John O'Connell,Not Eligible,Not Eligible
14125,John O'Connell,Not Eligible,Not Eligible
14149,John O'Donnell,Not Eligible,Not Eligible
14150,John O'Donoghue,Not Eligible,Not Eligible
14151,John O'Donoghue,Not Eligible,Not Eligible
14280,John O'Neil,Not Eligible,Not Eligible
14279,John O'Neil,Not Eligible,Not Eligible
14290,John O'Neill,Not Eligible,Not Eligible
14326,John O'Rourke,Not Eligible,Not Eligible
14204,John Oldham,Not Eligible,Not Eligible
14211,John Olerud,Not Inducted,Not Inducted
14337,John Orsino,Not Eligible,Not Eligible
14366,John Orton,Not Eligible,Not Eligible
14422,John Otten,Not Eligible,Not Eligible
14474,John Pacella,Not Eligible,Not Eligible
14480,John Paciorek,Not Eligible,Not Eligible
14552,John Papa,Not Eligible,Not Eligible
14560,John Pappalau,Not Eligible,Not Eligible
14622,John Parrish,Not Eligible,Not Eligible
14679,John Patterson,Not Eligible,Not Eligible
14680,John Patterson,Not Eligible,Not Eligible
14720,John Pawlowski,Not Eligible,Not Eligible
14792,John Peltz,Not Eligible,Not Eligible
14925,John Perkovich,Not Eligible,Not Eligible
14934,John Perrine,Not Eligible,Not Eligible
14964,John Peters,Not Inducted,Not Inducted
14965,John Peters,Not Eligible,Not Eligible
15017,John Pezzullo,Not Eligible,Not Eligible
15102,John Pickett,Not Eligible,Not Eligible
15233,John Poff,Not Eligible,Not Eligible
15255,John Poloni,Not Eligible,Not Eligible
15259,John Pomorski,Not Eligible,Not Eligible
15324,John Potts,Not Eligible,Not Eligible
15360,John Powers,Not Eligible,Not Eligible
15380,John Pregenzer,Not Eligible,Not Eligible
15448,John Puhl,Not Eligible,Not Eligible
15464,John Purdin,Not Eligible,Not Eligible
15480,John Pyecha,Not Eligible,Not Eligible
15519,John Quinn,Not Eligible,Not Eligible
15520,John Quinn,Not Eligible,Not Eligible
15543,John Rabb,Not Eligible,Not Eligible
15555,John Radcliff,Not Eligible,Not Eligible
15586,John Rainey,Not Eligible,Not Eligible
15594,John Raleigh,Not Eligible,Not Eligible
15647,John Ramos,Not Eligible,Not Eligible
15726,John Raynor,Not Eligible,Not Eligible
15744,John Reccius,Not Eligible,Not Eligible
15832,John Reilly,Not Inducted,Not Inducted
15951,John Rheinecker,Not Eligible,Not Eligible
16015,John Richmond,Not Eligible,Not Eligible
16020,John Richter,Not Eligible,Not Eligible
16029,John Ricks,Not Eligible,Not Eligible
16034,John Riddle,Not Eligible,Not Eligible
16045,John Riedling,Not Eligible,Not Eligible
16147,John Roach,Not Eligible,Not Eligible
16263,John Rocker,Not Eligible,Not Eligible
16306,John Rodriguez,Not Eligible,Not Eligible
16419,John Romano,Not Inducted,Not Inducted
16448,John Romonosky,Not Eligible,Not Eligible
16467,John Roper,Not Eligible,Not Eligible
16498,John Roseboro,Not Inducted,Not Inducted
16518,John Roskos,Not Eligible,Not Eligible
16603,John Rudderham,Not Eligible,Not Eligible
16608,John Rudolph,Not Eligible,Not Eligible
16652,John Russ,Not Eligible,Not Eligible
16663,John Russell,Not Inducted,Not Inducted
16662,John Russell,Not Eligible,Not Eligible
16697,John Ryan,Not Eligible,Not Eligible
16847,John Sanders,Not Eligible,Not Eligible
17017,John Schappert,Not Eligible,Not Eligible
17045,John Scheneberg,Not Eligible,Not Eligible
17111,John Schneider,Not Eligible,Not Eligible
17132,John Schreiber,Not Eligible,Not Eligible
17147,John Schuerholz,Not Eligible,Not Eligible
17167,John Schultz,Not Eligible,Not Eligible
17175,John Schulze,Not Eligible,Not Eligible
17223,John Scott,Not Eligible,Not Eligible
17222,John Scott,Not Eligible,Not Eligible
17344,John Sevcik,Not Eligible,Not Eligible
17380,John Shaffer,Not Eligible,Not Eligible
17434,John Shea,Not Eligible,Not Eligible
17448,John Shearon,Not Eligible,Not Eligible
17467,John Shelby,Not Inducted,Not Inducted
17488,John Sheppard,Not Eligible,Not Eligible
17498,John Sherlock,Not Eligible,Not Eligible
17512,John Shetzline,Not Eligible,Not Eligible
17572,John Shoup,Not Eligible,Not Eligible
17574,John Shovlin,Not Eligible,Not Eligible
17638,John Simmons,Not Eligible,Not Eligible
17674,John Singleton,Not Eligible,Not Eligible
17680,John Sipin,Not Eligible,Not Eligible
17720,John Skopec,Not Eligible,Not Eligible
17728,John Slagle,Not Eligible,Not Eligible
17734,John Slappey,Not Eligible,Not Eligible
17775,John Smiley,Not Inducted,Not Inducted
17878,John Smith,Not Eligible,Not Eligible
17877,John Smith,Not Eligible,Not Eligible
17876,John Smith,Not Eligible,Not Eligible
17956,John Smoltz,Inducted,Inducted
17969,John Sneed,Not Eligible,Not Eligible
18010,John Snyder,Not Eligible,Not Eligible
18046,John Somerlott,Not Eligible,Not Eligible
18095,John Sowders,Not Eligible,Not Eligible
18211,John Stafford,Not Eligible,Not Eligible
18295,John Stearns,Not Inducted,Not Inducted
18299,John Stedronsky,Not Eligible,Not Eligible
18313,John Stefero,Not Eligible,Not Eligible
18354,John Stephens,Not Eligible,Not Eligible
18362,John Stephenson,Not Inducted,Not Inducted
18369,John Sterling,Not Eligible,Not Eligible
18459,John Stone,Not Inducted,Not Inducted
18466,John Stoneham,Not Eligible,Not Eligible
18535,John Strike,Not Eligible,Not Eligible
18543,John Strohmayer,Not Eligible,Not Eligible
18578,John Stuper,Not Eligible,Not Eligible
18642,John Sullivan,Not Eligible,Not Eligible
18640,John Sullivan,Not Eligible,Not Eligible
18639,John Sullivan,Not Eligible,Not Eligible
18641,John Sullivan,Not Eligible,Not Eligible
18638,John Sullivan,Not Eligible,Not Eligible
18700,John Sutton,Not Eligible,Not Eligible
2373,John T. Brush,Not Eligible,Not Eligible
18786,John Taber,Not Eligible,Not Eligible
18793,John Taff,Not Eligible,Not Eligible
18809,John Tamargo,Not Eligible,Not Eligible
18962,John Tener,Not Eligible,Not Eligible
18984,John Terry,Not Eligible,Not Eligible
19136,John Thomson,Not Inducted,Not Inducted
19145,John Thornton,Not Eligible,Not Eligible
19183,John Tilley,Not Eligible,Not Eligible
19210,John Titus,Not Inducted,Not Inducted
19328,John Traffley,Not Eligible,Not Eligible
19336,John Trautwein,Not Eligible,Not Eligible
19408,John Tsitouris,Not Inducted,Not Inducted
19423,John Tudor,Not Inducted,Not Inducted
19519,John Upham,Not Eligible,Not Eligible
19543,John Urrea,Not Eligible,Not Eligible
19588,John Valentin,Not Inducted,Not Inducted
19596,John Valentine,Not Eligible,Not Eligible
19610,John Van Benschoten,Not Eligible,Not Eligible
19643,John Vander Wal,Not Inducted,Not Inducted
19647,John Vann,Not Eligible,Not Eligible
19748,John Verhoeven,Not Eligible,Not Eligible
19851,John Vukovich,Not Inducted,Not Inducted
6509,John W. Galbreath,Not Eligible,Not Eligible
20020,John Walsh,Not Eligible,Not Eligible
20045,John Waltz,Not Eligible,Not Eligible
20070,John Ward,Not Eligible,Not Eligible
20071,John Ward,Inducted,Inducted
20072,John Ward,Not Eligible,Not Eligible
20109,John Wasdin,Not Inducted,Not Inducted
20135,John Wathan,Not Inducted,Not Inducted
20199,John Webb,Not Eligible,Not Eligible
20221,John Weekly,Not Eligible,Not Eligible
20229,John Wehner,Not Inducted,Not Inducted
20284,John Wells,Not Eligible,Not Eligible
20350,John Wetteland,Not Inducted,Not Inducted
20357,John Weyhing,Not Eligible,Not Eligible
20446,John Whitehead,Not Eligible,Not Eligible
20719,John Wilson,Not Eligible,Not Eligible
20718,John Wilson,Not Eligible,Not Eligible
20839,John Wockenfuss,Not Inducted,Not Inducted
20846,John Wojcik,Not Eligible,Not Eligible
20897,John Wood,Not Eligible,Not Eligible
20930,John Woods,Not Eligible,Not Eligible
21020,John Wyatt,Not Eligible,Not Eligible
21141,John Young,Not Eligible,Not Eligible
7421,John-Ford Griffin,Not Eligible,Not Eligible
16339,Johnathan Rodríguez,Not Eligible,Not Eligible
5765,Johneshwy Fargas,Not Eligible,Not Eligible
3209,Johnnie Chambers,Not Eligible,Not Eligible
8472,Johnnie Heving,Not Eligible,Not Eligible
10922,Johnnie LeMaster,Not Inducted,Not Inducted
17253,Johnnie Seale,Not Eligible,Not Eligible
19473,Johnnie Tyler,Not Eligible,Not Eligible
20601,Johnnie Williams,Not Eligible,Not Eligible
20838,Johnnie Wittig,Not Eligible,Not Eligible
35,Johnny Abrego,Not Eligible,Not Eligible
250,Johnny Allen,Not Inducted,Not Inducted
469,Johnny Antonelli,Not Inducted,Not Inducted
673,Johnny Babich,Not Eligible,Not Eligible
860,Johnny Barbato,Not Eligible,Not Eligible
974,Johnny Barrett,Not Eligible,Not Eligible
1042,Johnny Bassler,Not Eligible,Not Eligible
1059,Johnny Bates,Not Eligible,Not Eligible
1127,Johnny Beall,Not Eligible,Not Eligible
1164,Johnny Beazley,Not Eligible,Not Eligible
1304,Johnny Bench,Inducted,Inducted
1354,Johnny Berardino,Not Inducted,Not Inducted
1373,Johnny Berger,Not Eligible,Not Eligible
1408,Johnny Bero,Not Eligible,Not Eligible
1614,Johnny Blanchard,Not Eligible,Not Eligible
1646,Johnny Blatnik,Not Eligible,Not Eligible
2179,Johnny Broaca,Not Eligible,Not Eligible
2393,Johnny Bucha,Not Eligible,Not Eligible
2527,Johnny Burnett,Not Eligible,Not Eligible
2640,Johnny Butler,Not Eligible,Not Eligible
2760,Johnny Callison,Not Inducted,Not Inducted
3826,Johnny Cooney,Not Inducted,Not Inducted
3948,Johnny Couch,Not Eligible,Not Eligible
4214,Johnny Cueto,Not Eligible,Not Eligible
4351,Johnny Damon,Not Inducted,Not Inducted
4491,Johnny Davis,Not Eligible,Not Eligible
4852,Johnny Dickshot,Not Eligible,Not Eligible
5373,Johnny Echols,Not Eligible,Not Eligible
5414,Johnny Edwards,Not Inducted,Not Inducted
5567,Johnny Enzmann,Not Eligible,Not Eligible
5651,Johnny Estrada,Not Eligible,Not Eligible
5699,Johnny Evers,Inducted,Inducted
5914,Johnny Field,Not Eligible,Not Eligible
6319,Johnny Frederick,Not Eligible,Not Eligible
6751,Johnny Gee,Not Eligible,Not Eligible
6801,Johnny Gerlach,Not Eligible,Not Eligible
6838,Johnny Giavotella,Not Eligible,Not Eligible
6912,Johnny Gill,Not Eligible,Not Eligible
7146,Johnny Gooch,Not Inducted,Not Inducted
7205,Johnny Gorsica,Not Eligible,Not Eligible
7206,Johnny Goryl,Not Eligible,Not Eligible
7236,Johnny Grabowski,Not Eligible,Not Eligible
7318,Johnny Gray,Not Eligible,Not Eligible
7466,Johnny Grodzicki,Not Eligible,Not Eligible
7490,Johnny Groth,Not Inducted,Not Inducted
7499,Johnny Grubb,Not Inducted,Not Inducted
7605,Johnny Guzman,Not Eligible,Not Eligible
8229,Johnny Hellweg,Not Eligible,Not Eligible
8465,Johnny Hetki,Not Eligible,Not Eligible
8638,Johnny Hodapp,Not Eligible,Not Eligible
8823,Johnny Hopp,Not Inducted,Not Inducted
8979,Johnny Hudson,Not Eligible,Not Eligible
9054,Johnny Humphries,Not Eligible,Not Eligible
9115,Johnny Hutchings,Not Eligible,Not Eligible
9292,Johnny James,Not Eligible,Not Eligible
9385,Johnny Jeter,Not Eligible,Not Eligible
9487,Johnny Johnson,Not Eligible,Not Eligible
9549,Johnny Johnston,Not Eligible,Not Eligible
9626,Johnny Jones,Not Eligible,Not Eligible
9846,Johnny Keane,Not Eligible,Not Eligible
10227,Johnny Kling,Not Inducted,Not Inducted
10233,Johnny Klippstein,Inducted,Not Inducted
10487,Johnny Kucab,Not Eligible,Not Eligible
10489,Johnny Kucks,Not Eligible,Not Eligible
10670,Johnny Lanning,Not Inducted,Not Inducted
10752,Johnny Lavin,Not Eligible,Not Eligible
10791,Johnny Lazor,Not Eligible,Not Eligible
11016,Johnny Lewis,Not Eligible,Not Eligible
11082,Johnny Lindell,Not Inducted,Not Inducted
11119,Johnny Lipon,Not Eligible,Not Eligible
11216,Johnny Logan,Not Inducted,Not Inducted
11375,Johnny Lucadello,Not Eligible,Not Eligible
11380,Johnny Lucas,Not Eligible,Not Eligible
11444,Johnny Lush,Not Eligible,Not Eligible
11746,Johnny Mann,Not Eligible,Not Eligible
11801,Johnny Marcum,Not Eligible,Not Eligible
12251,Johnny McCarthy,Not Inducted,Not Inducted
12663,Johnny Meador,Not Eligible,Not Eligible
12920,Johnny Miljus,Not Eligible,Not Eligible
13110,Johnny Mitchell,Not Eligible,Not Eligible
13124,Johnny Mize,Not Inducted,Inducted
13152,Johnny Mokan,Not Eligible,Not Eligible
13184,Johnny Monell,Not Eligible,Not Eligible
13270,Johnny Moore,Not Inducted,Not Inducted
13412,Johnny Morrison,Not Inducted,Not Inducted
13465,Johnny Mostil,Not Inducted,Not Inducted
13618,Johnny Murphy,Not Inducted,Not Inducted
13854,Johnny Neun,Not Eligible,Not Eligible
13953,Johnny Niggeling,Not Eligible,Not Eligible
14108,Johnny O'Brien,Not Eligible,Not Eligible
14134,Johnny O'Connor,Not Eligible,Not Eligible
14082,Johnny Oates,Not Inducted,Not Inducted
14396,Johnny Ostrowski,Not Eligible,Not Eligible
14427,Johnny Oulliber,Not Eligible,Not Eligible
14570,Johnny Paredes,Not Eligible,Not Eligible
14645,Johnny Pasek,Not Eligible,Not Eligible
14737,Johnny Peacock,Not Eligible,Not Eligible
14954,Johnny Pesky,Not Inducted,Not Inducted
15227,Johnny Podgajny,Not Eligible,Not Eligible
15228,Johnny Podres,Inducted,Not Inducted
15371,Johnny Pramesa,Not Eligible,Not Eligible
15407,Johnny Priest,Not Eligible,Not Eligible
15707,Johnny Rawlings,Not Inducted,Not Inducted
15714,Johnny Ray,Not Inducted,Not Inducted
15751,Johnny Reder,Not Eligible,Not Eligible
16035,Johnny Riddle,Not Eligible,Not Eligible
16062,Johnny Rigney,Not Eligible,Not Eligible
16140,Johnny Rizzo,Not Eligible,Not Eligible
16600,Johnny Rucker,Not Eligible,Not Eligible
16619,Johnny Ruffin,Not Eligible,Not Eligible
16676,Johnny Rutherford,Not Eligible,Not Eligible
16698,Johnny Ryan,Not Eligible,Not Eligible
16751,Johnny Sain,Not Inducted,Not Inducted
16976,Johnny Scalzi,Not Eligible,Not Eligible
17007,Johnny Schaive,Not Eligible,Not Eligible
17100,Johnny Schmitz,Not Inducted,Not Inducted
17157,Johnny Schulte,Not Eligible,Not Eligible
17601,Johnny Siegle,Not Eligible,Not Eligible
18561,Johnny Stuart,Not Eligible,Not Eligible
18584,Johnny Sturm,Not Eligible,Not Eligible
18957,Johnny Temple,Not Inducted,Not Inducted
19186,Johnny Tillman,Not Eligible,Not Eligible
19617,Johnny Van Cuyk,Not Eligible,Not Eligible
19642,Johnny Vander Meer,Not Inducted,Not Inducted
19746,Johnny Vergez,Not Eligible,Not Eligible
19944,Johnny Walker,Not Eligible,Not Eligible
20154,Johnny Watson,Not Eligible,Not Eligible
20164,Johnny Watwood,Not Eligible,Not Eligible
20255,Johnny Welaj,Not Eligible,Not Eligible
20260,Johnny Welch,Not Eligible,Not Eligible
20310,Johnny Werhas,Not Eligible,Not Eligible
20319,Johnny Werts,Not Eligible,Not Eligible
21033,Johnny Wyrostek,Not Inducted,Not Inducted
6412,Johnson Fry,Not Eligible,Not Eligible
2694,Jolbert Cabrera,Not Eligible,Not Eligible
125,Jon Adkins,Not Eligible,Not Eligible
1434,Jon Berti,Not Eligible,Not Eligible
3968,Jon Coutlangus,Not Eligible,Not Eligible
5268,Jon Duplantier,Not Eligible,Not Eligible
5415,Jon Edwards,Not Eligible,Not Eligible
6667,Jon Garland,Not Inducted,Not Inducted
7319,Jon Gray,Not Eligible,Not Eligible
8960,Jon Huber,Not Eligible,Not Eligible
9333,Jon Jay,Not Eligible,Not Eligible
10288,Jon Knott,Not Eligible,Not Eligible
10897,Jon Leicester,Not Eligible,Not Eligible
10984,Jon Lester,Not Eligible,Not Eligible
11047,Jon Lieber,Not Inducted,Not Inducted
11109,Jon Link,Not Eligible,Not Eligible
12059,Jon Matlack,Not Inducted,Not Inducted
12744,Jon Meloan,Not Eligible,Not Eligible
13413,Jon Morrison,Not Eligible,Not Eligible
13440,Jon Moscot,Not Eligible,Not Eligible
14067,Jon Nunnally,Not Eligible,Not Eligible
14927,Jon Perlman,Not Eligible,Not Eligible
15695,Jon Ratliff,Not Eligible,Not Eligible
15701,Jon Rauch,Not Inducted,Not Inducted
17414,Jon Shave,Not Eligible,Not Eligible
17675,Jon Singleton,Not Eligible,Not Eligible
18772,Jon Switzer,Not Eligible,Not Eligible
20081,Jon Warden,Not Eligible,Not Eligible
21258,Jon Zuber,Not Eligible,Not Eligible
1117,Jonah Bayliss,Not Eligible,Not Eligible
2128,Jonah Bride,Not Eligible,Not Eligible
7053,Jonah Goldman,Not Eligible,Not Eligible
8197,Jonah Heim,Not Eligible,Not Eligible
3476,Jonatan Clase,Not Eligible,Not Eligible
167,Jonathan Albaladejo,Not Eligible,Not Eligible
489,Jonathan Aranda,Not Eligible,Not Eligible
493,Jonathan Arauz,Not Eligible,Not Eligible
547,Jonathan Aro,Not Eligible,Not Eligible
1393,Jonathan Bermúdez,Not Eligible,Not Eligible
1914,Jonathan Bowlan,Not Eligible,Not Eligible
2336,Jonathan Broxton,Not Inducted,Not Inducted
2855,Jonathan Cannon,Not Eligible,Not Eligible
4492,Jonathan Davis,Not Eligible,Not Eligible
4821,Jonathan Diaz,Not Eligible,Not Eligible
8154,Jonathan Heasley,Not Eligible,Not Eligible
8376,Jonathan Hernandez,Not Eligible,Not Eligible
8419,Jonathan Herrera,Not Eligible,Not Eligible
8717,Jonathan Holder,Not Eligible,Not Eligible
9100,Jonathan Hurst,Not Eligible,Not Eligible
9153,Jonathan India,Not Eligible,Not Eligible
9488,Jonathan Johnson,Not Eligible,Not Eligible
11175,Jonathan Loaisiga,Not Eligible,Not Eligible
11392,Jonathan Lucroy,Not Eligible,Not Eligible
14317,Jonathan Ornelas,Not Eligible,Not Eligible
14556,Jonathan Papelbon,Not Inducted,Not Inducted
15003,Jonathan Pettibone,Not Eligible,Not Eligible
16828,Jonathan Sanchez,Not Eligible,Not Eligible
17124,Jonathan Schoop,Not Eligible,Not Eligible
18417,Jonathan Stiever,Not Eligible,Not Eligible
19623,Jonathan Van Every,Not Eligible,Not Eligible
19785,Jonathan Villar,Not Eligible,Not Eligible
13943,Jonathon Niese,Not Eligible,Not Eligible
4692,Jonny DeLuca,Not Eligible,Not Eligible
7070,Jonny Gomes,Not Inducted,Not Inducted
19727,Jonny Venters,Not Eligible,Not Eligible
2282,Jophery Brown,Not Eligible,Not Eligible
785,Jordan Balazovic,Not Eligible,Not Eligible
1176,Jordan Beck,Not Eligible,Not Eligible
2283,Jordan Brown,Not Eligible,Not Eligible
4371,Jordan Danks,Not Eligible,Not Eligible
4556,Jordan De Jong,Not Eligible,Not Eligible
4822,Jordan Diaz,Not Eligible,Not Eligible
7474,Jordan Groshans,Not Eligible,Not Eligible
8502,Jordan Hicks,Not Eligible,Not Eligible
8752,Jordan Holloway,Not Eligible,Not Eligible
9303,Jordan Jankowski,Not Eligible,Not Eligible
10759,Jordan Lawlar,Not Eligible,Not Eligible
10815,Jordan Leasure,Not Eligible,Not Eligible
11439,Jordan Luplow,Not Eligible,Not Eligible
11461,Jordan Lyles,Not Eligible,Not Eligible
13217,Jordan Montgomery,Not Eligible,Not Eligible
14007,Jordan Norberto,Not Eligible,Not Eligible
14477,Jordan Pacheco,Not Eligible,Not Eligible
14681,Jordan Patterson,Not Eligible,Not Eligible
16420,Jordan Romano,Not Eligible,Not Eligible
17003,Jordan Schafer,Not Eligible,Not Eligible
17465,Jordan Sheffield,Not Eligible,Not Eligible
17879,Jordan Smith,Not Eligible,Not Eligible
18837,Jordan Tata,Not Eligible,Not Eligible
19914,Jordan Walden,Not Eligible,Not Eligible
19945,Jordan Walker,Not Eligible,Not Eligible
20224,Jordan Weems,Not Eligible,Not Eligible
20341,Jordan Westburg,Not Eligible,Not Eligible
20489,Jordan Wicks,Not Eligible,Not Eligible
21043,Jordan Yamamoto,Not Eligible,Not Eligible
21236,Jordan Zimmerman,Not Eligible,Not Eligible
21240,Jordan Zimmermann,Not Eligible,Not Eligible
19566,Jordany Valdespin,Not Eligible,Not Eligible
12795,Jordy Mercer,Not Eligible,Not Eligible
93,Jordyn Adams,Not Eligible,Not Eligible
182,Jorge Alcala,Not Eligible,Not Eligible
219,Jorge Alfaro,Not Eligible,Not Eligible
989,Jorge Barrosa,Not Eligible,Not Eligible
1783,Jorge Bonifacio,Not Eligible,Not Eligible
2166,Jorge Brito,Not Eligible,Not Eligible
2827,Jorge Campillo,Not Eligible,Not Eligible
2864,Jorge Cantu,Not Eligible,Not Eligible
3692,Jorge Comellas,Not Eligible,Not Eligible
4568,Jorge De La Rosa,Not Inducted,Not Inducted
4572,Jorge De Leon,Not Eligible,Not Eligible
4583,Jorge De Paula,Not Eligible,Not Eligible
5717,Jorge Fabregas,Not Eligible,Not Eligible
7606,Jorge Guzman,Not Eligible,Not Eligible
9729,Jorge Julio,Not Eligible,Not Eligible
11293,Jorge Lopez,Not Eligible,Not Eligible
12033,Jorge Mateo,Not Eligible,Not Eligible
14272,Jorge Ona,Not Eligible,Not Eligible
14340,Jorge Orta,Not Inducted,Not Inducted
14491,Jorge Padilla,Not Eligible,Not Eligible
14766,Jorge Pedre,Not Eligible,Not Eligible
15111,Jorge Piedra,Not Eligible,Not Eligible
15239,Jorge Polanco,Not Eligible,Not Eligible
15306,Jorge Posada,Inducted,Not Inducted
16455,Jorge Rondon,Not Eligible,Not Eligible
16468,Jorge Roque,Not Eligible,Not Eligible
16596,Jorge Rubio,Not Eligible,Not Eligible
18037,Jorge Soler,Not Eligible,Not Eligible
18072,Jorge Sosa,Not Eligible,Not Eligible
19219,Jorge Toca,Not Eligible,Not Eligible
19673,Jorge Vasquez,Not Eligible,Not Eligible
19709,Jorge Velandia,Not Eligible,Not Eligible
40,Jose Abreu,Not Eligible,Not Eligible
48,Jose Acevedo,Not Eligible,Not Eligible
58,Jose Acosta,Not Eligible,Not Eligible
169,Jose Alberro,Not Eligible,Not Eligible
317,Jose Altuve,Not Eligible,Not Eligible
320,Jose Alvarado,Not Eligible,Not Eligible
331,Jose Alvarez,Not Eligible,Not Eligible
332,Jose Alvarez,Not Eligible,Not Eligible
501,Jose Arcia,Not Eligible,Not Eligible
551,Jose Arredondo,Not Eligible,Not Eligible
568,Jose Ascanio,Not Eligible,Not Eligible
668,Jose Azocar,Not Eligible,Not Eligible
700,Jose Baez,Not Eligible,Not Eligible
963,Jose Barrero,Not Eligible,Not Eligible
983,Jose Barrios,Not Eligible,Not Eligible
1105,Jose Bautista,Not Inducted,Not Inducted
1106,Jose Bautista,Not Eligible,Not Eligible
1413,Jose Berrios,Not Eligible,Not Eligible
2123,Jose Briceno,Not Eligible,Not Eligible
2651,Jose Butto,Not Eligible,Not Eligible
2695,Jose Cabrera,Not Eligible,Not Eligible
2856,Jose Cano,Not Eligible,Not Eligible
2859,Jose Canseco,Not Inducted,Not Inducted
2873,Jose Capellan,Not Eligible,Not Eligible
2891,Jose Cardenal,Not Inducted,Not Inducted
3085,Jose Castillo,Not Eligible,Not Eligible
3086,Jose Castillo,Not Eligible,Not Eligible
3157,Jose Cecena,Not Eligible,Not Eligible
3161,Jose Ceda,Not Eligible,Not Eligible
3385,Jose Cisnero,Not Eligible,Not Eligible
3769,Jose Constanza,Not Eligible,Not Eligible
3773,Jose Contreras,Not Inducted,Not Inducted
4188,Jose Cruz,Not Inducted,Not Inducted
4189,Jose Cruz,Not Inducted,Not Inducted
4202,Jose Cuas,Not Eligible,Not Eligible
4571,Jose De La Torre,Not Eligible,Not Eligible
4573,Jose De Leon,Not Eligible,Not Eligible
4584,Jose De Paula,Not Eligible,Not Eligible
4673,Jose DeLeon,Not Inducted,Not Inducted
4777,Jose Devers,Not Eligible,Not Eligible
4823,Jose Diaz,Not Eligible,Not Eligible
4974,Jose Dominguez,Not Eligible,Not Eligible
5612,Jose Escobar,Not Eligible,Not Eligible
5620,Jose Espada,Not Eligible,Not Eligible
5869,Jose Fernandez,Not Eligible,Not Eligible
5871,Jose Fernandez,Not Eligible,Not Eligible
5870,Jose Fernandez,Not Eligible,Not Eligible
5868,Jose Fernandez,Not Eligible,Not Eligible
5889,Jose Ferrer,Not Eligible,Not Eligible
6106,Jose Flores,Not Eligible,Not Eligible
6609,Jose Garcia,Not Eligible,Not Eligible
7031,Jose Godoy,Not Eligible,Not Eligible
7121,Jose Gonzalez,Not Eligible,Not Eligible
7547,Jose Guillen,Not Inducted,Not Inducted
7607,Jose Guzman,Not Eligible,Not Eligible
8377,Jose Hernandez,Not Inducted,Not Inducted
8378,Jose Hernandez,Not Eligible,Not Eligible
8422,Jose Herrera,Not Eligible,Not Eligible
8421,Jose Herrera,Not Eligible,Not Eligible
8420,Jose Herrera,Not Eligible,Not Eligible
9143,Jose Iglesias,Not Eligible,Not Eligible
9402,Jose Jimenez,Not Eligible,Not Eligible
10823,Jose Leclerc,Not Eligible,Not Eligible
10945,Jose Leon,Not Eligible,Not Eligible
11063,Jose Lima,Not Inducted,Not Inducted
11076,Jose Lind,Not Eligible,Not Eligible
11179,Jose Lobaton,Not Eligible,Not Eligible
11294,Jose Lopez,Not Eligible,Not Eligible
11531,Jose Macias,Not Eligible,Not Eligible
11679,Jose Malave,Not Eligible,Not Eligible
11829,Jose Marmolejos,Not Eligible,Not Eligible
11885,Jose Marte,Not Eligible,Not Eligible
11964,Jose Martinez,Not Eligible,Not Eligible
11962,Jose Martinez,Not Eligible,Not Eligible
11963,Jose Martinez,Not Eligible,Not Eligible
12734,Jose Melendez,Not Eligible,Not Eligible
12759,Jose Mendez,Not Eligible,Not Eligible
12789,Jose Mercedes,Not Eligible,Not Eligible
12826,Jose Mesa,Not Inducted,Not Inducted
12901,Jose Mijares,Not Eligible,Not Eligible
13089,Jose Miranda,Not Eligible,Not Eligible
13160,Jose Molina,Not Inducted,Not Inducted
13300,Jose Morales,Not Eligible,Not Eligible
13301,Jose Morales,Not Inducted,Not Inducted
13322,Jose Morban,Not Eligible,Not Eligible
13341,Jose Moreno,Not Eligible,Not Eligible
13469,Jose Mota,Not Eligible,Not Eligible
13513,Jose Mujica,Not Eligible,Not Eligible
13564,Jose Munoz,Not Eligible,Not Eligible
13949,Jose Nieves,Not Eligible,Not Eligible
14061,Jose Nunez,Not Eligible,Not Eligible
14060,Jose Nunez,Not Eligible,Not Eligible
14162,Jose Offerman,Not Inducted,Not Inducted
14215,Jose Oliva,Not Eligible,Not Eligible
14302,Jose Oquendo,Not Inducted,Not Inducted
14343,Jose Ortega,Not Eligible,Not Eligible
14355,Jose Ortiz,Not Eligible,Not Eligible
14356,Jose Ortiz,Not Eligible,Not Eligible
14400,Jose Osuna,Not Eligible,Not Eligible
14501,Jose Pagan,Not Inducted,Not Inducted
14547,Jose Paniagua,Not Eligible,Not Eligible
14616,Jose Parra,Not Eligible,Not Eligible
14857,Jose Peraza,Not Eligible,Not Eligible
14810,Jose Peña,Not Eligible,Not Eligible
15177,Jose Pirela,Not Eligible,Not Eligible
15506,Jose Quijada,Not Eligible,Not Eligible
15531,Jose Quintana,Not Eligible,Not Eligible
15618,Jose Ramirez,Not Eligible,Not Eligible
15617,Jose Ramirez,Not Eligible,Not Eligible
15918,Jose Reyes,Not Eligible,Not Eligible
15919,Jose Reyes,Not Inducted,Not Inducted
16064,Jose Rijo,Not Inducted,Not Inducted
16307,Jose Rodriguez,Not Eligible,Not Eligible
16308,Jose Rodriguez,Not Eligible,Not Eligible
16309,Jose Rodriguez,Not Eligible,Not Eligible
16393,Jose Rojas,Not Eligible,Not Eligible
16415,Jose Roman,Not Eligible,Not Eligible
16456,Jose Rondon,Not Eligible,Not Eligible
16473,Jose Rosado,Not Eligible,Not Eligible
16627,Jose Ruiz,Not Eligible,Not Eligible
16899,Jose Santiago,Not Eligible,Not Eligible
16897,Jose Santiago,Not Eligible,Not Eligible
16898,Jose Santiago,Not Eligible,Not Eligible
17290,Jose Segura,Not Eligible,Not Eligible
17622,Jose Silva,Not Eligible,Not Eligible
17682,Jose Siri,Not Eligible,Not Eligible
18073,Jose Sosa,Not Eligible,Not Eligible
18594,Jose Suarez,Not Eligible,Not Eligible
18784,Jose Tabata,Not Eligible,Not Eligible
18832,Jose Tartabull,Not Eligible,Not Eligible
19232,Jose Tolentino,Not Eligible,Not Eligible
19291,Jose Torres,Not Eligible,Not Eligible
19367,Jose Trevino,Not Eligible,Not Eligible
19534,Jose Urena,Not Eligible,Not Eligible
19540,Jose Uribe,Not Inducted,Not Inducted
19542,Jose Urquidy,Not Eligible,Not Eligible
19575,Jose Valdez,Not Eligible,Not Eligible
19574,Jose Valdez,Not Eligible,Not Eligible
19583,Jose Valdivielso,Not Eligible,Not Eligible
19589,Jose Valentin,Not Inducted,Not Inducted
19607,Jose Valverde,Not Inducted,Not Inducted
19733,Jose Veras,Not Eligible,Not Eligible
19768,Jose Vidal,Not Eligible,Not Eligible
19769,Jose Vidro,Not Inducted,Not Inducted
19816,Jose Vizcaino,Not Inducted,Not Inducted
21193,Jose Zardon,Not Eligible,Not Eligible
4554,Jose de Jesus,Not Eligible,Not Eligible
10392,Josef Koukalik,Not Eligible,Not Eligible
2550,Joseph Burns,Not Eligible,Not Eligible
5041,Joseph Dorsey,Not Eligible,Not Eligible
5969,Joseph Finneran,Not Eligible,Not Eligible
8410,Joseph Herr,Not Eligible,Not Eligible
13421,Joseph Morrissey,Not Eligible,Not Eligible
13696,Joseph Myers,Not Eligible,Not Eligible
14146,Joseph Odom,Not Eligible,Not Eligible
15521,Joseph Quinn,Not Eligible,Not Eligible
20518,Joseph Wiley,Not Eligible,Not Eligible
405,Josh Anderson,Not Eligible,Not Eligible
839,Josh Banks,Not Eligible,Not Eligible
875,Josh Bard,Not Inducted,Not Inducted
881,Josh Barfield,Not Eligible,Not Eligible
1190,Josh Beckett,Not Inducted,Not Inducted
1264,Josh Bell,Not Eligible,Not Eligible
1265,Josh Bell,Not Eligible,Not Eligible
1520,Josh Billings,Not Eligible,Not Eligible
1521,Josh Billings,Not Inducted,Not Inducted
1818,Josh Booty,Not Eligible,Not Eligible
2456,Josh Bunce,Not Eligible,Not Eligible
2641,Josh Butler,Not Eligible,Not Eligible
3458,Josh Clarke,Not Eligible,Not Eligible
3671,Josh Collmenter,Not Eligible,Not Eligible
4791,Josh Devore,Not Eligible,Not Eligible
4993,Josh Donaldson,Not Eligible,Not Eligible
5394,Josh Edgin,Not Eligible,Not Eligible
5924,Josh Fields,Not Eligible,Not Eligible
5925,Josh Fields,Not Eligible,Not Eligible
6072,Josh Fleming,Not Eligible,Not Eligible
6141,Josh Fogg,Not Eligible,Not Eligible
6753,Josh Geer,Not Eligible,Not Eligible
6852,Josh Gibson,Not Eligible,Not Eligible
7641,Josh Hader,Not Eligible,Not Eligible
7722,Josh Hall,Not Eligible,Not Eligible
7768,Josh Hamilton,Not Eligible,Not Eligible
7798,Josh Hancock,Not Eligible,Not Eligible
7975,Josh Harrison,Not Eligible,Not Eligible
9293,Josh James,Not Eligible,Not Eligible
9489,Josh Johnson,Not Eligible,Not Eligible
9725,Josh Judy,Not Eligible,Not Eligible
9733,Josh Jung,Not Eligible,Not Eligible
10146,Josh Kinney,Not Eligible,Not Eligible
10453,Josh Kroeger,Not Eligible,Not Eligible
10534,Josh Labandeira,Not Eligible,Not Eligible
10985,Josh Lester,Not Eligible,Not Eligible
11080,Josh Lindblom,Not Eligible,Not Eligible
11354,Josh Lowe,Not Eligible,Not Eligible
11381,Josh Lucas,Not Eligible,Not Eligible
11405,Josh Lueke,Not Eligible,Not Eligible
11532,Josh Maciejewski,Not Eligible,Not Eligible
13774,Josh Naylor,Not Eligible,Not Eligible
13880,Josh Newman,Not Eligible,Not Eligible
14380,Josh Osich,Not Eligible,Not Eligible
14431,Josh Outman,Not Eligible,Not Eligible
14521,Josh Palacios,Not Eligible,Not Eligible
14700,Josh Paul,Not Eligible,Not Eligible
14746,Josh Pearce,Not Eligible,Not Eligible
15032,Josh Phegley,Not Eligible,Not Eligible
15041,Josh Phelps,Not Eligible,Not Eligible
15414,Josh Prince,Not Eligible,Not Eligible
15546,Josh Rabe,Not Eligible,Not Eligible
15705,Josh Ravin,Not Eligible,Not Eligible
15747,Josh Reddick,Not Eligible,Not Eligible
15833,Josh Reilly,Not Eligible,Not Eligible
16311,Josh Rodriguez,Not Eligible,Not Eligible
16347,Josh Roenicke,Not Eligible,Not Eligible
16367,Josh Rogers,Not Eligible,Not Eligible
16394,Josh Rojas,Not Eligible,Not Eligible
16641,Josh Rupe,Not Eligible,Not Eligible
16679,Josh Rutledge,Not Eligible,Not Eligible
16928,Josh Satin,Not Eligible,Not Eligible
16971,Josh Sborz,Not Eligible,Not Eligible
17408,Josh Sharpless,Not Eligible,Not Eligible
17880,Josh Smith,Not Eligible,Not Eligible
17881,Josh Smith,Not Eligible,Not Eligible
17882,Josh Smith,Not Eligible,Not Eligible
17953,Josh Smoker,Not Eligible,Not Eligible
18011,Josh Snyder,Not Eligible,Not Eligible
18129,Josh Spence,Not Eligible,Not Eligible
18290,Josh Staumont,Not Eligible,Not Eligible
18402,Josh Stewart,Not Eligible,Not Eligible
18429,Josh Stinson,Not Eligible,Not Eligible
18766,Josh Swindell,Not Eligible,Not Eligible
18907,Josh Taylor,Not Eligible,Not Eligible
19033,Josh Thole,Not Eligible,Not Eligible
19250,Josh Tomlin,Not Eligible,Not Eligible
19309,Josh Towers,Not Eligible,Not Eligible
19646,Josh VanMeter,Not Eligible,Not Eligible
19814,Josh Vitters,Not Eligible,Not Eligible
19946,Josh Walker,Not Eligible,Not Eligible
19977,Josh Wall,Not Eligible,Not Eligible
20456,Josh Whitesell,Not Eligible,Not Eligible
20649,Josh Willingham,Not Inducted,Not Inducted
20720,Josh Wilson,Not Eligible,Not Eligible
20763,Josh Winckowski,Not Eligible,Not Eligible
20764,Josh Winder,Not Eligible,Not Eligible
21208,Josh Zeid,Not Eligible,Not Eligible
6422,Joshua Fuentes,Not Eligible,Not Eligible
7320,Josiah Gray,Not Eligible,Not Eligible
11783,Josias Manzanillo,Not Inducted,Not Inducted
15168,Josmil Pinto,Not Eligible,Not Eligible
2678,José Caballero,Not Eligible,Not Eligible
5862,José Fermín,Not Eligible,Not Eligible
11295,José Lopez,Not Eligible,Not Eligible
16310,José Rodriguez,Not Eligible,Not Eligible
18062,José Soriano,Not Eligible,Not Eligible
18960,José Tena,Not Eligible,Not Eligible
7023,Jot Goar,Not Eligible,Not Eligible
12701,Jouett Meekin,Not Inducted,Not Inducted
13317,Jovani Moran,Not Eligible,Not Eligible
41,Juan Abreu,Not Eligible,Not Eligible
49,Juan Acevedo,Not Eligible,Not Eligible
139,Juan Agosto,Not Inducted,Not Inducted
333,Juan Alvarez,Not Eligible,Not Eligible
1266,Juan Bell,Not Eligible,Not Eligible
1315,Juan Beniquez,Not Inducted,Not Inducted
1358,Juan Berenguer,Not Inducted,Not Inducted
1404,Juan Bernhardt,Not Eligible,Not Eligible
1786,Juan Bonilla,Not Eligible,Not Eligible
2167,Juan Brito,Not Eligible,Not Eligible
14439,Juan Carlos Oviedo,Not Eligible,Not Eligible
3088,Juan Castillo,Not Eligible,Not Eligible
3087,Juan Castillo,Not Eligible,Not Eligible
3118,Juan Castro,Not Inducted,Not Inducted
3170,Juan Centeno,Not Eligible,Not Eligible
3177,Juan Cerros,Not Eligible,Not Eligible
4190,Juan Cruz,Not Inducted,Not Inducted
4682,Juan Delis,Not Eligible,Not Eligible
4825,Juan Diaz,Not Eligible,Not Eligible
4824,Juan Diaz,Not Eligible,Not Eligible
4975,Juan Dominguez,Not Eligible,Not Eligible
5445,Juan Eichelberger,Not Eligible,Not Eligible
5536,Juan Encarnacion,Not Inducted,Not Inducted
5625,Juan Espino,Not Eligible,Not Eligible
6279,Juan Francisco,Not Eligible,Not Eligible
7122,Juan Gonzalez,Not Inducted,Not Inducted
7300,Juan Graterol,Not Eligible,Not Eligible
7529,Juan Guerrero,Not Eligible,Not Eligible
7608,Juan Guzman,Not Inducted,Not Inducted
9275,Juan Jaime,Not Eligible,Not Eligible
9403,Juan Jimenez,Not Eligible,Not Eligible
10566,Juan Lagares,Not Eligible,Not Eligible
10685,Juan Lara,Not Eligible,Not Eligible
11807,Juan Marichal,Inducted,Inducted
12034,Juan Mateo,Not Eligible,Not Eligible
12743,Juan Melo,Not Eligible,Not Eligible
13064,Juan Minaya,Not Eligible,Not Eligible
13090,Juan Miranda,Not Eligible,Not Eligible
13342,Juan Moreno,Not Eligible,Not Eligible
13375,Juan Morillo,Not Eligible,Not Eligible
13893,Juan Nicasio,Not Eligible,Not Eligible
13950,Juan Nieves,Not Eligible,Not Eligible
14492,Juan Padilla,Not Eligible,Not Eligible
14889,Juan Perez,Not Eligible,Not Eligible
14888,Juan Perez,Not Eligible,Not Eligible
14811,Juan Peña,Not Eligible,Not Eligible
15126,Juan Pierre,Not Inducted,Not Inducted
15196,Juan Pizarro,Not Inducted,Not Inducted
16075,Juan Rincon,Not Inducted,Not Inducted
16086,Juan Rios,Not Eligible,Not Eligible
16123,Juan Rivera,Not Inducted,Not Inducted
16757,Juan Salas,Not Eligible,Not Eligible
16798,Juan Samuel,Not Inducted,Not Inducted
18074,Juan Sosa,Not Eligible,Not Eligible
18083,Juan Soto,Not Eligible,Not Eligible
19015,Juan Then,Not Eligible,Not Eligible
19541,Juan Uribe,Not Inducted,Not Inducted
21075,Juan Yepez,Not Eligible,Not Eligible
1526,Jud Birchall,Not Eligible,Not Eligible
4328,Jud Daley,Not Eligible,Not Eligible
12558,Jud McLaughlin,Not Eligible,Not Eligible
17883,Jud Smith,Not Eligible,Not Eligible
20721,Jud Wilson,Not Eligible,Not Eligible
6420,Judge Fuchs,Not Eligible,Not Eligible
12326,Judge McCredie,Not Eligible,Not Eligible
13716,Judge Nagle,Not Eligible,Not Eligible
9490,Judy Johnson,Not Eligible,Not Eligible
19020,Jug Thesenga,Not Eligible,Not Eligible
11697,Jule Mallonee,Not Eligible,Not Eligible
10521,Jules Kustus,Not Eligible,Not Eligible
142,Julian Aguiar,Not Eligible,Not Eligible
5872,Julian Fernandez,Not Eligible,Not Eligible
9329,Julian Javier,Not Inducted,Not Inducted
12819,Julian Merryweather,Not Eligible,Not Eligible
18862,Julian Tavarez,Not Inducted,Not Inducted
6336,Julie Freeman,Not Eligible,Not Eligible
20307,Julie Wera,Not Eligible,Not Eligible
1199,Julio Becquer,Not Eligible,Not Eligible
1776,Julio Bonetti,Not Eligible,Not Eligible
1820,Julio Borbon,Not Eligible,Not Eligible
4191,Julio Cruz,Not Inducted,Not Inducted
4585,Julio De Paula,Not Eligible,Not Eligible
6282,Julio Franco,Inducted,Not Inducted
7123,Julio Gonzalez,Not Eligible,Not Eligible
7124,Julio Gonzalez,Not Eligible,Not Eligible
7218,Julio Gotay,Not Inducted,Not Inducted
11409,Julio Lugo,Not Inducted,Not Inducted
11523,Julio Machado,Not Eligible,Not Eligible
11761,Julio Manon,Not Eligible,Not Eligible
12035,Julio Mateo,Not Eligible,Not Eligible
13343,Julio Moreno,Not Eligible,Not Eligible
13455,Julio Mosquera,Not Eligible,Not Eligible
13767,Julio Navarro,Not Eligible,Not Eligible
14779,Julio Peguero,Not Eligible,Not Eligible
15619,Julio Ramirez,Not Eligible,Not Eligible
16312,Julio Rodriguez,Not Eligible,Not Eligible
16889,Julio Santana,Not Eligible,Not Eligible
18034,Julio Solano,Not Eligible,Not Eligible
18941,Julio Teheran,Not Eligible,Not Eligible
19536,Julio Urias,Not Eligible,Not Eligible
19576,Julio Valdez,Not Eligible,Not Eligible
19601,Julio Valera,Not Eligible,Not Eligible
21260,Julio Zuleta,Not Eligible,Not Eligible
12063,Julius Matos,Not Eligible,Not Eligible
20646,Julius Willigrod,Not Eligible,Not Eligible
2284,Jumbo Brown,Not Inducted,Not Inducted
4493,Jumbo Davis,Not Eligible,Not Eligible
4826,Jumbo Diaz,Not Eligible,Not Eligible
5489,Jumbo Elliott,Not Inducted,Not Inducted
8008,Jumbo Harting,Not Eligible,Not Eligible
10727,Jumbo Latham,Not Eligible,Not Eligible
12443,Jumbo McGinnis,Not Eligible,Not Eligible
17116,Jumbo Schoeneck,Not Eligible,Not Eligible
7365,June Greene,Not Eligible,Not Eligible
1778,Jung Bong,Not Eligible,Not Eligible
9792,Jung Ho Kang,Not Eligible,Not Eligible
10851,Jung Hoo Lee,Not Eligible,Not Eligible
18930,Junichi Tazawa,Not Eligible,Not Eligible
923,Junie Barnes,Not Eligible,Not Eligible
15500,Juniel Querecuto,Not Eligible,Not Eligible
2782,Junior Caminero,Not Eligible,Not Eligible
5836,Junior Felix,Not Eligible,Not Eligible
5873,Junior Fernandez,Not Eligible,Not Eligible
7525,Junior Guerra,Not Eligible,Not Eligible
8407,Junior Herndon,Not Eligible,Not Eligible
9997,Junior Kennedy,Not Eligible,Not Eligible
10580,Junior Lake,Not Eligible,Not Eligible
13272,Junior Moore,Not Eligible,Not Eligible
13979,Junior Noboa,Not Eligible,Not Eligible
14357,Junior Ortiz,Not Inducted,Not Inducted
18164,Junior Spivey,Not Eligible,Not Eligible
20021,Junior Walsh,Not Eligible,Not Eligible
20945,Junior Wooten,Not Eligible,Not Eligible
15426,Jurickson Profar,Not Eligible,Not Eligible
406,Justin Anderson,Not Eligible,Not Eligible
595,Justin Atchley,Not Eligible,Not Eligible
1087,Justin Baughman,Not Eligible,Not Eligible
1362,Justin Berg,Not Eligible,Not Eligible
1881,Justin Bour,Not Eligible,Not Eligible
2352,Justin Bruihl,Not Eligible,Not Eligible
2366,Justin Brunette,Not Eligible,Not Eligible
3342,Justin Christian,Not Eligible,Not Eligible
4547,Justin De Fratus,Not Eligible,Not Eligible
5176,Justin Duchscherer,Not Eligible,Not Eligible
5251,Justin Dunn,Not Eligible,Not Eligible
6032,Justin Fitzgerald,Not Eligible,Not Eligible
6206,Justin Foscue,Not Eligible,Not Eligible
6337,Justin Freeman,Not Eligible,Not Eligible
6702,Justin Garza,Not Eligible,Not Eligible
6807,Justin Germano,Not Eligible,Not Eligible
7453,Justin Grimm,Not Eligible,Not Eligible
7696,Justin Haley,Not Eligible,Not Eligible
7787,Justin Hampson,Not Eligible,Not Eligible
7799,Justin Hancock,Not Eligible,Not Eligible
8961,Justin Huber,Not Eligible,Not Eligible
9029,Justin Huisman,Not Eligible,Not Eligible
9294,Justin James,Not Eligible,Not Eligible
9839,Justin Kaye,Not Eligible,Not Eligible
10279,Justin Knoedler,Not Eligible,Not Eligible
10769,Justin Lawrence,Not Eligible,Not Eligible
10891,Justin Lehr,Not Eligible,Not Eligible
10960,Justin Leone,Not Eligible,Not Eligible
11823,Justin Marks,Not Eligible,Not Eligible
11965,Justin Martinez,Not Eligible,Not Eligible
12022,Justin Masterson,Not Eligible,Not Eligible
12128,Justin Maxwell,Not Eligible,Not Eligible
12978,Justin Miller,Not Eligible,Not Eligible
12979,Justin Miller,Not Eligible,Not Eligible
13382,Justin Morneau,Not Inducted,Not Inducted
13922,Justin Nicolino,Not Eligible,Not Eligible
16621,Justin Ruggiano,Not Eligible,Not Eligible
17306,Justin Sellers,Not Eligible,Not Eligible
17373,Justin Shafer,Not Eligible,Not Eligible
17736,Justin Slaten,Not Eligible,Not Eligible
17952,Justin Smoak,Not Eligible,Not Eligible
18124,Justin Speier,Not Inducted,Not Inducted
18303,Justin Steele,Not Eligible,Not Eligible
18320,Justin Stein,Not Eligible,Not Eligible
18372,Justin Sterner,Not Eligible,Not Eligible
19061,Justin Thomas,Not Eligible,Not Eligible
19108,Justin Thompson,Not Eligible,Not Eligible
19264,Justin Topa,Not Eligible,Not Eligible
19448,Justin Turner,Not Eligible,Not Eligible
19526,Justin Upton,Not Eligible,Not Eligible
19749,Justin Verlander,Not Eligible,Not Eligible
20169,Justin Wayne,Not Eligible,Not Eligible
20602,Justin Williams,Not Eligible,Not Eligible
20722,Justin Wilson,Not Eligible,Not Eligible
21013,Justin Wrobleski,Not Eligible,Not Eligible
17466,Justus Sheffield,Not Eligible,Not Eligible
11704,Justyn-Henry Malloy,Not Eligible,Not Eligible
19242,Ka'ai Tom,Not Eligible,Not Eligible
3906,Kai Correa,Not Eligible,Not Eligible
18963,Kai-Wei Teng,Not Eligible,Not Eligible
20524,Kaiser Wilhelm,Not Eligible,Not Eligible
4365,Kal Daniels,Not Eligible,Not Eligible
17285,Kal Segrist,Not Eligible,Not Eligible
3978,Kaleb Cowart,Not Eligible,Not Eligible
14339,Kaleb Ort,Not Eligible,Not Eligible
12887,Kam Mickolio,Not Eligible,Not Eligible
11203,Kameron Loe,Not Eligible,Not Eligible
13094,Kameron Misner,Not Eligible,Not Eligible
4494,Kane Davis,Not Eligible,Not Eligible
19002,Kanekoa Texeira,Not Eligible,Not Eligible
6610,Karim Garcia,Not Inducted,Not Inducted
94,Karl Adams,Not Eligible,Not Eligible
1443,Karl Best,Not Eligible,Not Eligible
5145,Karl Drews,Not Eligible,Not Eligible
9828,Karl Kauffmann,Not Eligible,Not Eligible
10340,Karl Kolseth,Not Eligible,Not Eligible
10492,Karl Kuehl,Not Eligible,Not Eligible
12716,Karl Meister,Not Eligible,Not Eligible
14255,Karl Olson,Not Eligible,Not Eligible
14509,Karl Pagel,Not Eligible,Not Eligible
15961,Karl Rhodes,Not Eligible,Not Eligible
17113,Karl Schnell,Not Eligible,Not Eligible
18170,Karl Spooner,Not Eligible,Not Eligible
18723,Karl Swanson,Not Eligible,Not Eligible
6471,Kason Gabbard,Not Eligible,Not Eligible
9882,Katsy Keifer,Not Eligible,Not Eligible
16925,Kazuhiro Sasaki,Not Eligible,Not Eligible
9192,Kazuhisa Ishii,Not Eligible,Not Eligible
11671,Kazuhisa Makita,Not Eligible,Not Eligible
18792,Kazuhito Tadano,Not Eligible,Not Eligible
6432,Kazuo Fukumori,Not Eligible,Not Eligible
12070,Kazuo Matsui,Not Eligible,Not Eligible
8114,Ke'Bryan Hayes,Not Eligible,Not Eligible
20878,Kean Wong,Not Eligible,Not Eligible
20790,Keaton Winn,Not Eligible,Not Eligible
3135,Keefe Cato,Not Eligible,Not Eligible
163,Keegan Akin,Not Eligible,Not Eligible
19109,Keegan Thompson,Not Eligible,Not Eligible
9142,Kei Igawa,Not Eligible,Not Eligible
16628,Keibert Ruiz,Not Eligible,Not Eligible
13209,Keider Montero,Not Eligible,Not Eligible
21036,Keiichi Yabu,Not Eligible,Not Eligible
597,Keith Atherton,Not Eligible,Not Eligible
2285,Keith Brown,Not Eligible,Not Eligible
2642,Keith Butler,Not Eligible,Not Eligible
3702,Keith Comstock,Not Eligible,Not Eligible
4066,Keith Creel,Not Eligible,Not Eligible
5164,Keith Drumright,Not Eligible,Not Eligible
6234,Keith Foulke,Not Inducted,Not Inducted
6573,Keith Garagozzo,Not Eligible,Not Eligible
6955,Keith Ginter,Not Eligible,Not Eligible
6984,Keith Glauber,Not Eligible,Not Eligible
7181,Keith Gordon,Not Eligible,Not Eligible
8379,Keith Hernandez,Not Inducted,Not Inducted
8460,Keith Hessler,Not Eligible,Not Eligible
9011,Keith Hughes,Not Eligible,Not Eligible
9420,Keith Johns,Not Eligible,Not Eligible
9491,Keith Johnson,Not Eligible,Not Eligible
10044,Keith Kessinger,Not Eligible,Not Eligible
10615,Keith Lampard,Not Eligible,Not Eligible
11193,Keith Lockhart,Not Inducted,Not Inducted
11453,Keith Luuloa,Not Eligible,Not Eligible
11565,Keith MacWhorter,Not Eligible,Not Eligible
11872,Keith Marshall,Not Eligible,Not Eligible
12370,Keith McDonald,Not Eligible,Not Eligible
12981,Keith Miller,Not Eligible,Not Eligible
12980,Keith Miller,Not Eligible,Not Eligible
13111,Keith Mitchell,Not Eligible,Not Eligible
13333,Keith Moreland,Not Inducted,Not Inducted
14381,Keith Osik,Not Inducted,Not Inducted
15783,Keith Reed,Not Eligible,Not Eligible
17486,Keith Shepherd,Not Eligible,Not Eligible
17884,Keith Smith,Not Eligible,Not Eligible
17885,Keith Smith,Not Eligible,Not Eligible
20603,Keith Williams,Not Eligible,Not Eligible
19252,Kelby Tomlinson,Not Eligible,Not Eligible
5084,Kelly Downs,Not Eligible,Not Eligible
5124,Kelly Dransfeldt,Not Eligible,Not Eligible
7504,Kelly Gruber,Not Inducted,Not Inducted
8158,Kelly Heath,Not Eligible,Not Eligible
9492,Kelly Johnson,Not Inducted,Not Inducted
11747,Kelly Mann,Not Eligible,Not Eligible
14573,Kelly Paris,Not Eligible,Not Eligible
17560,Kelly Shoppach,Not Eligible,Not Eligible
18427,Kelly Stinnett,Not Inducted,Not Inducted
21017,Kelly Wunsch,Not Eligible,Not Eligible
5613,Kelvim Escobar,Not Inducted,Not Inducted
2704,Kelvin Caceres,Not Eligible,Not Eligible
3241,Kelvin Chapman,Not Eligible,Not Eligible
7592,Kelvin Gutierrez,Not Eligible,Not Eligible
8423,Kelvin Herrera,Not Inducted,Not Inducted
9404,Kelvin Jimenez,Not Eligible,Not Eligible
11886,Kelvin Marte,Not Eligible,Not Eligible
13273,Kelvin Moore,Not Eligible,Not Eligible
19299,Kelvin Torve,Not Eligible,Not Eligible
20485,Kemp Wicker,Not Eligible,Not Eligible
572,Ken Ash,Not Eligible,Not Eligible
584,Ken Aspromonte,Not Eligible,Not Eligible
1424,Ken Berry,Not Inducted,Not Inducted
1863,Ken Boswell,Not Inducted,Not Inducted
1947,Ken Boyer,Inducted,Inducted
2106,Ken Brett,Not Inducted,Not Inducted
2199,Ken Brondell,Not Eligible,Not Eligible
2518,Ken Burkhart,Not Eligible,Not Eligible
2783,Ken Caminiti,Not Inducted,Not Inducted
3260,Ken Chase,Not Eligible,Not Eligible
3485,Ken Clay,Not Eligible,Not Eligible
3534,Ken Cloude,Not Eligible,Not Eligible
4050,Ken Crawford,Not Eligible,Not Eligible
4131,Ken Crosby,Not Eligible,Not Eligible
4542,Ken Dayley,Not Inducted,Not Inducted
4927,Ken Dixon,Not Eligible,Not Eligible
5073,Ken Dowell,Not Eligible,Not Eligible
5389,Ken Edenfield,Not Eligible,Not Eligible
6196,Ken Forsch,Not Inducted,Not Inducted
6268,Ken Frailing,Not Eligible,Not Eligible
6476,Ken Gables,Not Eligible,Not Eligible
6797,Ken Gerhart,Not Eligible,Not Eligible
6899,Ken Giles,Not Eligible,Not Eligible
7414,Ken Griffey,Inducted,Inducted
7413,Ken Griffey,Not Inducted,Not Inducted
7507,Ken Grundt,Not Eligible,Not Eligible
7772,Ken Hamlin,Not Eligible,Not Eligible
7924,Ken Harrelson,Not Eligible,Not Eligible
8035,Ken Harvey,Not Eligible,Not Eligible
8206,Ken Heintzelman,Not Inducted,Not Inducted
8258,Ken Henderson,Not Inducted,Not Inducted
8555,Ken Hill,Not Inducted,Not Inducted
8714,Ken Holcombe,Not Eligible,Not Eligible
8753,Ken Holloway,Not Eligible,Not Eligible
8787,Ken Holtzman,Not Inducted,Not Inducted
8859,Ken Hottman,Not Eligible,Not Eligible
8927,Ken Howell,Not Eligible,Not Eligible
8958,Ken Hubbs,Not Eligible,Not Eligible
8963,Ken Huckaby,Not Eligible,Not Eligible
9063,Ken Hunt,Not Eligible,Not Eligible
9064,Ken Hunt,Not Eligible,Not Eligible
9228,Ken Jackson,Not Eligible,Not Eligible
9494,Ken Johnson,Not Eligible,Not Eligible
9493,Ken Johnson,Not Inducted,Not Inducted
9627,Ken Jones,Not Eligible,Not Eligible
9735,Ken Jungels,Not Eligible,Not Eligible
9964,Ken Keltner,Not Inducted,Not Inducted
10422,Ken Kravec,Not Eligible,Not Eligible
10624,Ken Landenberger,Not Eligible,Not Eligible
10630,Ken Landreaux,Not Inducted,Not Inducted
10888,Ken Lehman,Not Eligible,Not Eligible
11547,Ken MacKenzie,Not Eligible,Not Eligible
11517,Ken Macha,Not Eligible,Not Eligible
12210,Ken McBride,Not Eligible,Not Eligible
12599,Ken McMullen,Not Inducted,Not Inducted
13751,Ken Nash,Not Eligible,Not Eligible
14139,Ken O'Dea,Not Inducted,Not Inducted
14088,Ken Oberkfell,Not Inducted,Not Inducted
14554,Ken Pape,Not Eligible,Not Eligible
14682,Ken Patterson,Not Eligible,Not Eligible
14828,Ken Penner,Not Eligible,Not Eligible
15042,Ken Phelps,Not Inducted,Not Inducted
15249,Ken Polivka,Not Eligible,Not Eligible
15327,Ken Poulsen,Not Eligible,Not Eligible
15570,Ken Raffensberger,Not Inducted,Not Inducted
15648,Ken Ramos,Not Eligible,Not Eligible
15715,Ken Ray,Not Eligible,Not Eligible
15857,Ken Reitz,Not Inducted,Not Inducted
15896,Ken Retzer,Not Eligible,Not Eligible
15936,Ken Reynolds,Not Eligible,Not Eligible
16003,Ken Richardson,Not Eligible,Not Eligible
16234,Ken Robinson,Not Eligible,Not Eligible
16567,Ken Rowe,Not Eligible,Not Eligible
16609,Ken Rudolph,Not Eligible,Not Eligible
16699,Ken Ryan,Not Eligible,Not Eligible
16848,Ken Sanders,Not Inducted,Not Inducted
17142,Ken Schrom,Not Eligible,Not Eligible
17259,Ken Sears,Not Eligible,Not Eligible
17629,Ken Silvestri,Not Eligible,Not Eligible
17676,Ken Singleton,Not Inducted,Not Inducted
17886,Ken Smith,Not Eligible,Not Eligible
18595,Ken Suarez,Not Eligible,Not Eligible
18781,Ken Szotkiewicz,Not Eligible,Not Eligible
18799,Ken Takahashi,Not Eligible,Not Eligible
18853,Ken Tatum,Not Eligible,Not Eligible
19373,Ken Trinkle,Not Eligible,Not Eligible
19449,Ken Turner,Not Eligible,Not Eligible
19798,Ken Vining,Not Eligible,Not Eligible
19916,Ken Waldichuk,Not Eligible,Not Eligible
20034,Ken Walters,Not Eligible,Not Eligible
20170,Ken Weafer,Not Eligible,Not Eligible
20605,Ken Williams,Not Eligible,Not Eligible
20604,Ken Williams,Not Inducted,Not Inducted
20898,Ken Wood,Not Eligible,Not Eligible
20994,Ken Wright,Not Eligible,Not Eligible
7302,Kendall Graveman,Not Eligible,Not Eligible
6107,Kendry Flores,Not Eligible,Not Eligible
13302,Kendrys Morales,Not Inducted,Not Inducted
10629,Kenesaw Landis,Not Eligible,Not Eligible
9416,Kenji Johjima,Not Eligible,Not Eligible
9308,Kenley Jansen,Not Eligible,Not Eligible
18308,Kennie Steenstra,Not Eligible,Not Eligible
7385,Kenny Greer,Not Eligible,Not Eligible
8692,Kenny Hogan,Not Eligible,Not Eligible
9942,Kenny Kelly,Not Eligible,Not Eligible
10500,Kenny Kuhn,Not Eligible,Not Eligible
11210,Kenny Lofton,Not Inducted,Not Inducted
16176,Kenny Roberts,Not Eligible,Not Eligible
16368,Kenny Rogers,Not Inducted,Not Inducted
16507,Kenny Rosenberg,Not Eligible,Not Eligible
19656,Kennys Vargas,Not Eligible,Not Eligible
9835,Kenshin Kawakami,Not Eligible,Not Eligible
18811,Kensuke Tanaka,Not Eligible,Not Eligible
407,Kent Anderson,Not Eligible,Not Eligible
1868,Kent Bottenfield,Not Eligible,Not Eligible
5520,Kent Emanuel,Not Eligible,Not Eligible
7376,Kent Greenfield,Not Eligible,Not Eligible
7643,Kent Hadley,Not Eligible,Not Eligible
8946,Kent Hrbek,Not Inducted,Not Inducted
12799,Kent Mercker,Not Inducted,Not Inducted
14986,Kent Peterson,Not Eligible,Not Eligible
18950,Kent Tekulve,Not Inducted,Not Inducted
11599,Kenta Maeda,Not Eligible,Not Eligible
2337,Keon Broxton,Not Eligible,Not Eligible
9888,Keone Kela,Not Eligible,Not Eligible
5794,Kerby Farrell,Not Eligible,Not Eligible
19896,Kermit Wahl,Not Eligible,Not Eligible
2952,Kerry Carpenter,Not Eligible,Not Eligible
4903,Kerry Dineen,Not Eligible,Not Eligible
10549,Kerry Lacy,Not Eligible,Not Eligible
11054,Kerry Ligtenberg,Not Eligible,Not Eligible
16235,Kerry Robinson,Not Eligible,Not Eligible
18908,Kerry Taylor,Not Eligible,Not Eligible
20899,Kerry Wood,Not Inducted,Not Inducted
20937,Kerry Woodson,Not Eligible,Not Eligible
3119,Kervin Castro,Not Eligible,Not Eligible
13274,Kerwin Moore,Not Eligible,Not Eligible
8621,Keston Hiura,Not Eligible,Not Eligible
11887,Ketel Marte,Not Eligible,Not Eligible
20802,Kettle Wirts,Not Eligible,Not Eligible
12740,Keury Mella,Not Eligible,Not Eligible
17887,Kevan Smith,Not Eligible,Not Eligible
190,Kevin Alcántara,Not Eligible,Not Eligible
478,Kevin Appier,Not Inducted,Not Inducted
701,Kevin Baez,Not Eligible,Not Eligible
889,Kevin Barker,Not Eligible,Not Eligible
998,Kevin Barry,Not Eligible,Not Eligible
1037,Kevin Bass,Not Inducted,Not Inducted
1065,Kevin Batiste,Not Eligible,Not Eligible
1149,Kevin Bearse,Not Eligible,Not Eligible
1230,Kevin Beirne,Not Eligible,Not Eligible
1234,Kevin Belcher,Not Eligible,Not Eligible
1267,Kevin Bell,Not Eligible,Not Eligible
1634,Kevin Blankenship,Not Eligible,Not Eligible
2286,Kevin Brown,Inducted,Not Inducted
2288,Kevin Brown,Not Eligible,Not Eligible
2287,Kevin Brown,Not Eligible,Not Eligible
2413,Kevin Buckley,Not Eligible,Not Eligible
2776,Kevin Cameron,Not Eligible,Not Eligible
2814,Kevin Campbell,Not Eligible,Not Eligible
3042,Kevin Cash,Not Eligible,Not Eligible
3242,Kevin Chapman,Not Eligible,Not Eligible
3573,Kevin Coffman,Not Eligible,Not Eligible
3657,Kevin Collins,Not Eligible,Not Eligible
3907,Kevin Correia,Not Inducted,Not Inducted
4113,Kevin Cron,Not Eligible,Not Eligible
5514,Kevin Elster,Not Inducted,Not Inducted
6099,Kevin Flora,Not Eligible,Not Eligible
6221,Kevin Foster,Not Eligible,Not Eligible
6289,Kevin Frandsen,Not Eligible,Not Eligible
6320,Kevin Frederick,Not Eligible,Not Eligible
6730,Kevin Gausman,Not Eligible,Not Eligible
6951,Kevin Ginkel,Not Eligible,Not Eligible
7390,Kevin Gregg,Not Inducted,Not Inducted
7480,Kevin Gross,Not Inducted,Not Inducted
7509,Kevin Gryboski,Not Eligible,Not Eligible
7656,Kevin Hagen,Not Eligible,Not Eligible
7999,Kevin Hart,Not Eligible,Not Eligible
8338,Kevin Herget,Not Eligible,Not Eligible
8488,Kevin Hickey,Not Eligible,Not Eligible
8516,Kevin Higgins,Not Eligible,Not Eligible
8647,Kevin Hodges,Not Eligible,Not Eligible
8803,Kevin Hooper,Not Eligible,Not Eligible
9317,Kevin Jarvis,Not Inducted,Not Inducted
9378,Kevin Jepsen,Not Inducted,Not Inducted
9674,Kevin Jordan,Not Eligible,Not Eligible
9699,Kevin Joseph,Not Eligible,Not Eligible
9754,Kevin Kaczmarski,Not Eligible,Not Eligible
9943,Kevin Kelly,Not Eligible,Not Eligible
9998,Kevin Kennedy,Not Eligible,Not Eligible
10070,Kevin Kiermaier,Not Eligible,Not Eligible
10123,Kevin King,Not Eligible,Not Eligible
10304,Kevin Kobel,Not Eligible,Not Eligible
10383,Kevin Koslofski,Not Eligible,Not Eligible
10394,Kevin Kouzmanoff,Not Eligible,Not Eligible
10409,Kevin Kramer,Not Eligible,Not Eligible
11240,Kevin Lomon,Not Eligible,Not Eligible
11501,Kevin Maas,Not Eligible,Not Eligible
11632,Kevin Mahar,Not Eligible,Not Eligible
12094,Kevin Mattison,Not Eligible,Not Eligible
12252,Kevin McCarthy,Not Eligible,Not Eligible
12429,Kevin McGehee,Not Eligible,Not Eligible
12446,Kevin McGlinchy,Not Eligible,Not Eligible
12458,Kevin McGowan,Not Eligible,Not Eligible
12647,Kevin McReynolds,Not Inducted,Not Inducted
12738,Kevin Melillo,Not Eligible,Not Eligible
12755,Kevin Mench,Not Eligible,Not Eligible
12922,Kevin Millar,Not Inducted,Not Inducted
13049,Kevin Millwood,Not Inducted,Not Inducted
13112,Kevin Mitchell,Not Inducted,Not Inducted
13130,Kevin Mmahat,Not Eligible,Not Eligible
13361,Kevin Morgan,Not Eligible,Not Eligible
13435,Kevin Morton,Not Eligible,Not Eligible
13545,Kevin Mulvey,Not Eligible,Not Eligible
13881,Kevin Newman,Not Eligible,Not Eligible
13913,Kevin Nicholson,Not Eligible,Not Eligible
14189,Kevin Ohme,Not Eligible,Not Eligible
14247,Kevin Olsen,Not Eligible,Not Eligible
14312,Kevin Orie,Not Eligible,Not Eligible
14495,Kevin Padlo,Not Eligible,Not Eligible
14648,Kevin Pasley,Not Eligible,Not Eligible
15104,Kevin Pickford,Not Eligible,Not Eligible
15146,Kevin Pillar,Not Eligible,Not Eligible
15208,Kevin Plawecki,Not Eligible,Not Eligible
15243,Kevin Polcovich,Not Eligible,Not Eligible
15486,Kevin Quackenbush,Not Eligible,Not Eligible
15796,Kevin Reese,Not Eligible,Not Eligible
15835,Kevin Reimer,Not Eligible,Not Eligible
15962,Kevin Rhomberg,Not Eligible,Not Eligible
16004,Kevin Richardson,Not Eligible,Not Eligible
16112,Kevin Ritz,Not Eligible,Not Eligible
16161,Kevin Roberson,Not Eligible,Not Eligible
16369,Kevin Rogers,Not Eligible,Not Eligible
16442,Kevin Romine,Not Eligible,Not Eligible
16669,Kevin Russo,Not Eligible,Not Eligible
16933,Kevin Saucier,Not Eligible,Not Eligible
17281,Kevin Sefcik,Not Eligible,Not Eligible
17295,Kevin Seitzer,Not Inducted,Not Inducted
17372,Kevin Shackelford,Not Eligible,Not Eligible
17602,Kevin Siegrist,Not Eligible,Not Eligible
17758,Kevin Slowey,Not Eligible,Not Eligible
17888,Kevin Smith,Not Eligible,Not Eligible
18237,Kevin Stanfield,Not Eligible,Not Eligible
18438,Kevin Stocker,Not Eligible,Not Eligible
18821,Kevin Tapani,Not Inducted,Not Inducted
19110,Kevin Thompson,Not Eligible,Not Eligible
19230,Kevin Tolar,Not Eligible,Not Eligible
19947,Kevin Walker,Not Eligible,Not Eligible
20073,Kevin Ward,Not Eligible,Not Eligible
20382,Kevin Whelan,Not Eligible,Not Eligible
20482,Kevin Wickander,Not Eligible,Not Eligible
20832,Kevin Witt,Not Eligible,Not Eligible
21106,Kevin Youkilis,Not Inducted,Not Inducted
21142,Kevin Young,Not Inducted,Not Inducted
14831,Kewpie Pennington,Not Eligible,Not Eligible
12892,Keynan Middleton,Not Eligible,Not Eligible
16796,Keyvius Sampson,Not Eligible,Not Eligible
7366,Khalil Greene,Not Eligible,Not Eligible
10852,Khalil Lee,Not Eligible,Not Eligible
4495,Khris Davis,Not Eligible,Not Eligible
9944,Kick Kelly,Not Eligible,Not Eligible
799,Kid Baldwin,Not Eligible,Not Eligible
2643,Kid Butler,Not Eligible,Not Eligible
2788,Kid Camp,Not Eligible,Not Eligible
2995,Kid Carsey,Not Inducted,Not Inducted
5460,Kid Elberfeld,Not Inducted,Not Inducted
6998,Kid Gleason,Inducted,Not Inducted
11569,Kid Madden,Not Eligible,Not Eligible
12559,Kid McLaughlin,Not Eligible,Not Eligible
13147,Kid Mohler,Not Eligible,Not Eligible
13904,Kid Nichols,Inducted,Inducted
14181,Kid O'Hara,Not Eligible,Not Eligible
18120,Kid Speer,Not Eligible,Not Eligible
18665,Kid Summers,Not Eligible,Not Eligible
20669,Kid Willson,Not Eligible,Not Eligible
4496,Kiddo Davis,Not Eligible,Not Eligible
4292,Kiki Cuyler,Not Inducted,Inducted
2733,Kiko Calero,Not Eligible,Not Eligible
6611,Kiko Garcia,Not Inducted,Not Inducted
9752,Kila Ka'aihue,Not Eligible,Not Eligible
251,Kim Allen,Not Eligible,Not Eligible
432,Kim Andrew,Not Eligible,Not Eligible
1066,Kim Batiste,Not Eligible,Not Eligible
17254,Kim Seaman,Not Eligible,Not Eligible
1002,Kimera Bartee,Not Eligible,Not Eligible
731,King Bailey,Not Eligible,Not Eligible
2007,King Brady,Not Eligible,Not Eligible
2189,King Brockett,Not Eligible,Not Eligible
3605,King Cole,Not Eligible,Not Eligible
9945,King Kelly,Inducted,Inducted
10809,King Lear,Not Eligible,Not Eligible
7481,Kip Gross,Not Eligible,Not Eligible
17296,Kip Selbach,Not Inducted,Not Inducted
20285,Kip Wells,Not Inducted,Not Inducted
21143,Kip Young,Not Eligible,Not Eligible
8507,Kirby Higbe,Not Inducted,Not Inducted
15442,Kirby Puckett,Inducted,Inducted
17967,Kirby Snead,Not Eligible,Not Eligible
20425,Kirby White,Not Eligible,Not Eligible
21060,Kirby Yates,Not Eligible,Not Eligible
2448,Kirk Bullinger,Not Eligible,Not Eligible
5136,Kirk Dressendorfer,Not Eligible,Not Eligible
6853,Kirk Gibson,Not Inducted,Not Inducted
12260,Kirk McCarty,Not Eligible,Not Eligible
12263,Kirk McCaskill,Not Inducted,Not Inducted
13947,Kirk Nieuwenhuis,Not Eligible,Not Eligible
16612,Kirk Rueter,Not Inducted,Not Inducted
16717,Kirk Saarloos,Not Eligible,Not Eligible
11782,Kirt Manwaring,Not Inducted,Not Inducted
14192,Kirt Ojala,Not Eligible,Not Eligible
770,Kirtley Baker,Not Eligible,Not Eligible
2997,Kit Carson,Not Eligible,Not Eligible
12525,Kit McKenna,Not Eligible,Not Eligible
14788,Kit Pellow,Not Eligible,Not Eligible
19062,Kite Thomas,Not Eligible,Not Eligible
2037,Kitty Bransfield,Not Inducted,Not Inducted
2047,Kitty Brashear,Not Eligible,Not Eligible
5061,Klondike Douglass,Not Eligible,Not Eligible
17889,Klondike Smith,Not Eligible,Not Eligible
7019,Koda Glover,Not Eligible,Not Eligible
17321,Kodai Senga,Not Eligible,Not Eligible
20466,Kodi Whitley,Not Eligible,Not Eligible
3495,Kody Clemens,Not Eligible,Not Eligible
6456,Kody Funderburk,Not Eligible,Not Eligible
518,Kohei Arihara,Not Eligible,Not Eligible
18403,Kohl Stewart,Not Eligible,Not Eligible
12982,Kohly Miller,Not Eligible,Not Eligible
19488,Koji Uehara,Not Eligible,Not Eligible
227,Kolby Allard,Not Eligible,Not Eligible
2737,Kole Calhoun,Not Eligible,Not Eligible
20879,Kolten Wong,Not Eligible,Not Eligible
9163,Kolton Ingram,Not Eligible,Not Eligible
19866,Konner Wade,Not Eligible,Not Eligible
15143,Konnor Pilkington,Not Eligible,Not Eligible
17093,Konrad Schmidt,Not Eligible,Not Eligible
10853,Korey Lee,Not Eligible,Not Eligible
3109,Kory Casto,Not Eligible,Not Eligible
4641,Kory DeHaan,Not Eligible,Not Eligible
6431,Kosuke Fukudome,Not Eligible,Not Eligible
8556,Koyie Hill,Not Inducted,Not Inducted
16199,Kramer Robertson,Not Eligible,Not Eligible
1340,Kris Benson,Not Eligible,Not Eligible
2383,Kris Bryant,Not Eligible,Not Eligible
2391,Kris Bubic,Not Eligible,Not Eligible
6222,Kris Foster,Not Eligible,Not Eligible
9495,Kris Johnson,Not Eligible,Not Eligible
9902,Kris Keller,Not Eligible,Not Eligible
12690,Kris Medlen,Not Eligible,Not Eligible
20723,Kris Wilson,Not Eligible,Not Eligible
13794,Kristopher Negron,Not Eligible,Not Eligible
16264,Kumar Rocker,Not Eligible,Not Eligible
17,Kurt Abbott,Not Eligible,Not Eligible
155,Kurt Ainsworth,Not Eligible,Not Eligible
1462,Kurt Bevacqua,Not Inducted,Not Inducted
1537,Kurt Birkins,Not Eligible,Not Eligible
10021,Kurt Kepshire,Not Eligible,Not Eligible
10299,Kurt Knudsen,Not Eligible,Not Eligible
10446,Kurt Krieger,Not Eligible,Not Eligible
12983,Kurt Miller,Not Eligible,Not Eligible
17292,Kurt Seibert,Not Eligible,Not Eligible
18421,Kurt Stillwell,Not Eligible,Not Eligible
18704,Kurt Suzuki,Not Eligible,Not Eligible
4051,Kutter Crawford,Not Eligible,Not Eligible
10097,Kwang Hyun Kim,Not Eligible,Not Eligible
2603,Ky Bush,Not Eligible,Not Eligible
18,Kyle Abbott,Not Eligible,Not Eligible
957,Kyle Barraclough,Not Eligible,Not Eligible
1532,Kyle Bird,Not Eligible,Not Eligible
1637,Kyle Blanks,Not Eligible,Not Eligible
1975,Kyle Bradish,Not Eligible,Not Eligible
3566,Kyle Cody,Not Eligible,Not Eligible
4079,Kyle Crick,Not Eligible,Not Eligible
4102,Kyle Crockett,Not Eligible,Not Eligible
4445,Kyle Davies,Not Eligible,Not Eligible
4723,Kyle Denney,Not Eligible,Not Eligible
4961,Kyle Dohy,Not Eligible,Not Eligible
5072,Kyle Dowdy,Not Eligible,Not Eligible
5112,Kyle Drabek,Not Eligible,Not Eligible
5777,Kyle Farmer,Not Eligible,Not Eligible
5780,Kyle Farnsworth,Not Inducted,Not Inducted
5968,Kyle Finnegan,Not Eligible,Not Eligible
6326,Kyle Freeland,Not Eligible,Not Eligible
6461,Kyle Funkhouser,Not Eligible,Not Eligible
6670,Kyle Garlick,Not Eligible,Not Eligible
6854,Kyle Gibson,Not Eligible,Not Eligible
7262,Kyle Graham,Not Eligible,Not Eligible
7976,Kyle Harrison,Not Eligible,Not Eligible
8000,Kyle Hart,Not Eligible,Not Eligible
8268,Kyle Hendricks,Not Eligible,Not Eligible
8506,Kyle Higashioka,Not Eligible,Not Eligible
8980,Kyle Hudson,Not Eligible,Not Eligible
9103,Kyle Hurt,Not Eligible,Not Eligible
9190,Kyle Isbel,Not Eligible,Not Eligible
9373,Kyle Jensen,Not Eligible,Not Eligible
9903,Kyle Keller,Not Eligible,Not Eligible
9978,Kyle Kendrick,Not Inducted,Not Inducted
10485,Kyle Kubitza,Not Eligible,Not Eligible
10804,Kyle Leahy,Not Eligible,Not Eligible
11017,Kyle Lewis,Not Eligible,Not Eligible
11172,Kyle Lloyd,Not Eligible,Not Eligible
11182,Kyle Lobstein,Not Eligible,Not Eligible
11223,Kyle Lohse,Not Inducted,Not Inducted
11785,Kyle Manzardo,Not Eligible,Not Eligible
11922,Kyle Martin,Not Eligible,Not Eligible
12237,Kyle McCann,Not Eligible,Not Eligible
12278,Kyle McClellan,Not Eligible,Not Eligible
12460,Kyle McGowin,Not Eligible,Not Eligible
12462,Kyle McGrath,Not Eligible,Not Eligible
12632,Kyle McPherson,Not Eligible,Not Eligible
13528,Kyle Muller,Not Eligible,Not Eligible
13823,Kyle Nelson,Not Eligible,Not Eligible
13921,Kyle Nicolas,Not Eligible,Not Eligible
14593,Kyle Parker,Not Eligible,Not Eligible
14987,Kyle Peterson,Not Eligible,Not Eligible
15071,Kyle Phillips,Not Eligible,Not Eligible
16700,Kyle Ryan,Not Eligible,Not Eligible
17188,Kyle Schwarber,Not Eligible,Not Eligible
17251,Kyle Seager,Not Eligible,Not Eligible
17715,Kyle Skipworth,Not Eligible,Not Eligible
18012,Kyle Snyder,Not Eligible,Not Eligible
18492,Kyle Stowers,Not Eligible,Not Eligible
19414,Kyle Tucker,Not Eligible,Not Eligible
19474,Kyle Tyler,Not Eligible,Not Eligible
19921,Kyle Waldrop,Not Eligible,Not Eligible
19922,Kyle Waldrop,Not Eligible,Not Eligible
20238,Kyle Weiland,Not Eligible,Not Eligible
20995,Kyle Wright,Not Eligible,Not Eligible
21230,Kyle Zimmer,Not Eligible,Not Eligible
14574,Kyren Paris,Not Eligible,Not Eligible
6429,Kyuji Fujikawa,Not Eligible,Not Eligible
8661,L. J. Hoes,Not Eligible,Not Eligible
18834,La Schelle Tarver,Not Eligible,Not Eligible
8943,LaMarr Hoyt,Not Eligible,Not Eligible
19867,LaMonte Wade,Not Eligible,Not Eligible
10168,LaRue Kirby,Not Eligible,Not Eligible
20121,LaRue Washington,Not Eligible,Not Eligible
8093,LaTroy Hawkins,Not Inducted,Not Inducted
6338,LaVel Freeman,Not Eligible,Not Eligible
15872,Laddie Renfroe,Not Eligible,Not Eligible
800,Lady Baldwin,Not Eligible,Not Eligible
4257,Lafayette Currence,Not Eligible,Not Eligible
8279,Lafayette Henion,Not Eligible,Not Eligible
676,Lake Bachar,Not Eligible,Not Eligible
9496,Lamar Johnson,Not Eligible,Not Eligible
1390,Lance Berkman,Not Inducted,Not Inducted
1635,Lance Blankenship,Not Eligible,Not Eligible
2180,Lance Broadway,Not Eligible,Not Eligible
3010,Lance Carter,Not Eligible,Not Eligible
3509,Lance Clemons,Not Eligible,Not Eligible
3892,Lance Cormier,Not Eligible,Not Eligible
4497,Lance Davis,Not Eligible,Not Eligible
4856,Lance Dickson,Not Eligible,Not Eligible
9497,Lance Johnson,Not Inducted,Not Inducted
11477,Lance Lynn,Not Eligible,Not Eligible
12332,Lance McCullers,Not Eligible,Not Eligible
12333,Lance McCullers,Not Eligible,Not Eligible
13932,Lance Niekro,Not Eligible,Not Eligible
14519,Lance Painter,Not Inducted,Not Inducted
14623,Lance Parrish,Not Inducted,Not Inducted
14824,Lance Pendleton,Not Eligible,Not Eligible
15703,Lance Rautzhan,Not Eligible,Not Eligible
16009,Lance Richbourg,Not Eligible,Not Eligible
21202,Lance Zawadzki,Not Eligible,Not Eligible
16555,Landen Roupp,Not Eligible,Not Eligible
10248,Landon Knack,Not Eligible,Not Eligible
15349,Landon Powell,Not Eligible,Not Eligible
95,Lane Adams,Not Eligible,Not Eligible
15656,Lane Ramsey,Not Eligible,Not Eligible
19063,Lane Thomas,Not Eligible,Not Eligible
7125,Lariel Gonzalez,Not Eligible,Not Eligible
369,Larry Andersen,Not Inducted,Not Inducted
408,Larry Anderson,Not Eligible,Not Eligible
538,Larry Arndt,Not Eligible,Not Eligible
924,Larry Barnes,Not Eligible,Not Eligible
1068,Larry Battam,Not Eligible,Not Eligible
1148,Larry Bearnarth,Not Eligible,Not Eligible
1347,Larry Benton,Not Inducted,Not Inducted
1454,Larry Bettencourt,Not Eligible,Not Eligible
1503,Larry Bigbie,Not Eligible,Not Eligible
1511,Larry Biittner,Not Inducted,Not Inducted
1717,Larry Boerner,Not Eligible,Not Eligible
1893,Larry Bowa,Not Inducted,Not Inducted
1973,Larry Bradford,Not Eligible,Not Eligible
2289,Larry Brown,Not Inducted,Not Inducted
2467,Larry Burchart,Not Eligible,Not Eligible
2564,Larry Burright,Not Eligible,Not Eligible
3011,Larry Carter,Not Eligible,Not Eligible
3047,Larry Casian,Not Eligible,Not Eligible
3248,Larry Chappell,Not Eligible,Not Eligible
3282,Larry Cheney,Not Eligible,Not Eligible
3339,Larry Christenson,Not Inducted,Not Inducted
3362,Larry Ciaffone,Not Eligible,Not Eligible
3684,Larry Colton,Not Eligible,Not Eligible
3865,Larry Corcoran,Not Eligible,Not Eligible
3997,Larry Cox,Not Eligible,Not Eligible
4052,Larry Crawford,Not Eligible,Not Eligible
4704,Larry Demery,Not Eligible,Not Eligible
4867,Larry Dierker,Not Inducted,Not Inducted
4946,Larry Doby,Inducted,Inducted
5057,Larry Douglas,Not Eligible,Not Eligible
5101,Larry Doyle,Not Inducted,Not Inducted
5117,Larry Drake,Not Eligible,Not Eligible
5479,Larry Elliot,Not Eligible,Not Eligible
5606,Larry Eschen,Not Eligible,Not Eligible
5945,Larry File,Not Eligible,Not Eligible
6209,Larry Foss,Not Eligible,Not Eligible
6223,Larry Foster,Not Eligible,Not Eligible
6360,Larry French,Not Inducted,Not Inducted
6400,Larry Fritz,Not Eligible,Not Eligible
6656,Larry Gardner,Not Inducted,Not Inducted
6885,Larry Gilbert,Not Eligible,Not Eligible
7041,Larry Goetz,Not Eligible,Not Eligible
7095,Larry Gonzales,Not Eligible,Not Eligible
7229,Larry Gowell,Not Eligible,Not Eligible
7575,Larry Gura,Not Inducted,Not Inducted
7814,Larry Haney,Not Inducted,Not Inducted
7878,Larry Hardy,Not Eligible,Not Eligible
7896,Larry Harlow,Not Eligible,Not Eligible
8408,Larry Herndon,Not Inducted,Not Inducted
8463,Larry Hesterfer,Not Eligible,Not Eligible
8613,Larry Hisle,Not Inducted,Not Inducted
8677,Larry Hoffman,Not Eligible,Not Eligible
8904,Larry Howard,Not Eligible,Not Eligible
9229,Larry Jackson,Not Inducted,Not Inducted
9263,Larry Jacobus,Not Eligible,Not Eligible
9309,Larry Jansen,Not Eligible,Not Eligible
9323,Larry Jaster,Not Eligible,Not Eligible
9498,Larry Johnson,Not Eligible,Not Eligible
10364,Larry Kopf,Not Inducted,Not Inducted
10631,Larry Landreth,Not Eligible,Not Eligible
11114,Larry Lintz,Not Eligible,Not Eligible
11151,Larry Littleton,Not Eligible,Not Eligible
11325,Larry Loughlin,Not Eligible,Not Eligible
11401,Larry Luebbers,Not Eligible,Not Eligible
11558,Larry MacPhail,Not Eligible,Not Eligible
12122,Larry Maxie,Not Eligible,Not Eligible
12228,Larry McCall,Not Eligible,Not Eligible
12291,Larry McClure,Not Eligible,Not Eligible
12533,Larry McKeon,Not Eligible,Not Eligible
12566,Larry McLean,Not Inducted,Not Inducted
12658,Larry McWilliams,Not Inducted,Not Inducted
12899,Larry Miggins,Not Eligible,Not Eligible
12909,Larry Milbourne,Not Inducted,Not Inducted
12984,Larry Miller,Not Eligible,Not Eligible
13060,Larry Milton,Not Eligible,Not Eligible
13113,Larry Mitchell,Not Eligible,Not Eligible
13192,Larry Monroe,Not Eligible,Not Eligible
13619,Larry Murphy,Not Eligible,Not Eligible
13652,Larry Murray,Not Eligible,Not Eligible
14446,Larry Owen,Not Eligible,Not Eligible
14555,Larry Pape,Not Eligible,Not Eligible
14624,Larry Parrish,Not Inducted,Not Inducted
14646,Larry Pashnick,Not Eligible,Not Eligible
15016,Larry Pezold,Not Eligible,Not Eligible
15376,Larry Pratt,Not Eligible,Not Eligible
15582,Larry Raines,Not Eligible,Not Eligible
15716,Larry Ray,Not Eligible,Not Eligible
15890,Larry Ressler,Not Eligible,Not Eligible
16511,Larry Rosenthal,Not Eligible,Not Eligible
16552,Larry Rothschild,Not Eligible,Not Eligible
17066,Larry Schlafly,Not Eligible,Not Eligible
17275,Larry See,Not Eligible,Not Eligible
17463,Larry Sheets,Not Eligible,Not Eligible
17483,Larry Shepard,Not Eligible,Not Eligible
17508,Larry Sherry,Not Inducted,Not Inducted
18215,Larry Stahl,Not Inducted,Not Inducted
18501,Larry Strands,Not Eligible,Not Eligible
18701,Larry Sutton,Not Eligible,Not Eligible
19064,Larry Thomas,Not Eligible,Not Eligible
19465,Larry Twitchell,Not Eligible,Not Eligible
19948,Larry Walker,Inducted,Inducted
20387,Larry Whisenton,Not Eligible,Not Eligible
20426,Larry White,Not Eligible,Not Eligible
20863,Larry Wolfe,Not Eligible,Not Eligible
20910,Larry Woodall,Not Inducted,Not Inducted
21073,Larry Yellen,Not Eligible,Not Eligible
21162,Larry Yount,Not Eligible,Not Eligible
409,Lars Anderson,Not Eligible,Not Eligible
14005,Lars Nootbaar,Not Eligible,Not Eligible
1638,Larvell Blanks,Not Eligible,Not Eligible
18057,Lary Sorensen,Not Inducted,Not Inducted
12925,Lastings Milledge,Not Eligible,Not Eligible
15847,Laurie Reis,Not Eligible,Not Eligible
14846,Laurin Pepper,Not Eligible,Not Eligible
4138,Lave Cross,Inducted,Not Inducted
20780,Lave Winham,Not Eligible,Not Eligible
4366,Law Daniels,Not Eligible,Not Eligible
2644,Lawrence Butler,Not Eligible,Not Eligible
5770,Lawrence Farley,Not Eligible,Not Eligible
13971,Laynce Nix,Not Inducted,Not Inducted
18054,Layne Somsen,Not Eligible,Not Eligible
17224,LeGrant Scott,Not Eligible,Not Eligible
19209,Ledell Titcomb,Not Eligible,Not Eligible
808,Lee Bales,Not Eligible,Not Eligible
815,Lee Ballanfant,Not Eligible,Not Eligible
4404,Lee Dashner,Not Eligible,Not Eligible
4711,Lee DeMontreville,Not Eligible,Not Eligible
5135,Lee Dressen,Not Eligible,Not Eligible
5238,Lee Dunham,Not Eligible,Not Eligible
5468,Lee Elia,Not Eligible,Not Eligible
6142,Lee Fohl,Not Eligible,Not Eligible
6550,Lee Gamble,Not Eligible,Not Eligible
6657,Lee Gardner,Not Eligible,Not Eligible
7147,Lee Gooch,Not Eligible,Not Eligible
7263,Lee Graham,Not Eligible,Not Eligible
7397,Lee Gregory,Not Eligible,Not Eligible
7412,Lee Griffeth,Not Eligible,Not Eligible
7460,Lee Grissom,Not Eligible,Not Eligible
7470,Lee Gronkiewicz,Not Eligible,Not Eligible
7540,Lee Guetterman,Not Inducted,Not Inducted
7800,Lee Hancock,Not Eligible,Not Eligible
7808,Lee Handley,Not Inducted,Not Inducted
8905,Lee Howard,Not Eligible,Not Eligible
10125,Lee King,Not Eligible,Not Eligible
10124,Lee King,Not Eligible,Not Eligible
10550,Lee Lacy,Not Inducted,Not Inducted
11559,Lee MacPhail,Not Eligible,Not Eligible
11604,Lee Magee,Not Eligible,Not Eligible
12138,Lee May,Inducted,Inducted
12149,Lee Maye,Not Inducted,Not Inducted
12179,Lee Mazzilli,Not Inducted,Not Inducted
12389,Lee McElwee,Not Eligible,Not Eligible
12666,Lee Meadows,Not Inducted,Not Inducted
12865,Lee Meyer,Not Eligible,Not Eligible
15028,Lee Pfund,Not Eligible,Not Eligible
15508,Lee Quillin,Not Eligible,Not Eligible
15984,Lee Richard,Not Eligible,Not Eligible
16016,Lee Richmond,Not Eligible,Not Eligible
16072,Lee Riley,Not Eligible,Not Eligible
16370,Lee Rogers,Not Eligible,Not Eligible
17890,Lee Smith,Not Inducted,Inducted
18240,Lee Stange,Not Inducted,Not Inducted
18381,Lee Stevens,Not Inducted,Not Inducted
18426,Lee Stine,Not Eligible,Not Eligible
18818,Lee Tannehill,Not Inducted,Not Inducted
18843,Lee Tate,Not Eligible,Not Eligible
19065,Lee Thomas,Not Eligible,Not Eligible
19111,Lee Thompson,Not Eligible,Not Eligible
19202,Lee Tinsley,Not Eligible,Not Eligible
19430,Lee Tunnell,Not Eligible,Not Eligible
19760,Lee Viau,Not Eligible,Not Eligible
20001,Lee Walls,Not Inducted,Not Inducted
20355,Lee Weyer,Not Eligible,Not Eligible
20361,Lee Wheat,Not Eligible,Not Eligible
12005,Leech Maskrey,Not Eligible,Not Eligible
607,Lefty Atkinson,Not Eligible,Not Eligible
3459,Lefty Clarke,Not Eligible,Not Eligible
4498,Lefty Davis,Not Eligible,Not Eligible
6785,Lefty George,Not Eligible,Not Eligible
6815,Lefty Gervais,Not Eligible,Not Eligible
7079,Lefty Gomez,Not Inducted,Inducted
7493,Lefty Grove,Not Inducted,Inducted
7555,Lefty Guise,Not Eligible,Not Eligible
8436,Lefty Herring,Not Eligible,Not Eligible
8660,Lefty Hoerst,Not Eligible,Not Eligible
8826,Lefty Hopper,Not Eligible,Not Eligible
8887,Lefty Houtz,Not Eligible,Not Eligible
9295,Lefty James,Not Eligible,Not Eligible
9499,Lefty Johnson,Not Eligible,Not Eligible
10899,Lefty Leifield,Not Inducted,Not Inducted
11315,Lefty Lorenzen,Not Eligible,Not Eligible
11847,Lefty Marr,Not Eligible,Not Eligible
14154,Lefty O'Doul,Not Inducted,Not Inducted
15072,Lefty Phillips,Not Eligible,Not Eligible
16664,Lefty Russell,Not Eligible,Not Eligible
17033,Lefty Schegg,Not Eligible,Not Eligible
18404,Lefty Stewart,Not Inducted,Not Inducted
18643,Lefty Sullivan,Not Eligible,Not Eligible
18787,Lefty Taber,Not Eligible,Not Eligible
19066,Lefty Thomas,Not Eligible,Not Eligible
19475,Lefty Tyler,Not Inducted,Not Inducted
19990,Lefty Wallace,Not Eligible,Not Eligible
20241,Lefty Weinert,Not Eligible,Not Eligible
20606,Lefty Williams,Not Eligible,Not Eligible
20655,Lefty Willis,Not Eligible,Not Eligible
4139,Lem Cross,Not Eligible,Not Eligible
9079,Lem Hunter,Not Eligible,Not Eligible
12985,Lemmie Miller,Not Eligible,Not Eligible
890,Len Barker,Not Inducted,Not Inducted
1715,Len Boehmer,Not Eligible,Not Eligible
3356,Len Church,Not Eligible,Not Eligible
4994,Len Dondero,Not Eligible,Not Eligible
6477,Len Gabrielson,Not Eligible,Not Eligible
6478,Len Gabrielson,Not Eligible,Not Eligible
6940,Len Gilmore,Not Eligible,Not Eligible
10319,Len Koenecke,Not Eligible,Not Eligible
11337,Len Lovett,Not Eligible,Not Eligible
11570,Len Madden,Not Eligible,Not Eligible
12030,Len Matarazzo,Not Eligible,Not Eligible
12100,Len Matuszek,Not Eligible,Not Eligible
14201,Len Okrie,Not Eligible,Not Eligible
14929,Len Perme,Not Eligible,Not Eligible
15975,Len Rice,Not Eligible,Not Eligible
17158,Len Schulte,Not Eligible,Not Eligible
18096,Len Sowders,Not Eligible,Not Eligible
18442,Len Stockwell,Not Eligible,Not Eligible
18774,Len Swormstedt,Not Eligible,Not Eligible
20451,Len Whitehouse,Not Eligible,Not Eligible
21090,Len Yochim,Not Eligible,Not Eligible
1585,Lena Blackburne,Not Eligible,Not Eligible
18588,Lena Styles,Not Eligible,Not Eligible
3089,Lendy Castillo,Not Eligible,Not Eligible
16754,Lenn Sakata,Not Inducted,Not Inducted
12823,Lennie Merullo,Not Eligible,Not Eligible
4902,Lenny DiNardo,Not Eligible,Not Eligible
5324,Lenny Dykstra,Not Inducted,Not Inducted
5721,Lenny Faedo,Not Eligible,Not Eligible
7349,Lenny Green,Not Inducted,Not Inducted
7960,Lenny Harris,Not Inducted,Not Inducted
12844,Lenny Metz,Not Eligible,Not Eligible
15668,Lenny Randle,Not Inducted,Not Inducted
20214,Lenny Webster,Not Inducted,Not Inducted
18075,Lenyn Sosa,Not Eligible,Not Eligible
2508,Leo Burke,Not Eligible,Not Eligible
2754,Leo Callahan,Not Eligible,Not Eligible
2893,Leo Cardenas,Not Inducted,Not Inducted
4094,Leo Cristante,Not Eligible,Not Eligible
4842,Leo Dickerman,Not Eligible,Not Eligible
4928,Leo Dixon,Not Eligible,Not Eligible
5295,Leo Durocher,Not Inducted,Inducted
5655,Leo Estrella,Not Eligible,Not Eligible
5990,Leo Fishel,Not Eligible,Not Eligible
6224,Leo Foster,Not Eligible,Not Eligible
6612,Leo Garcia,Not Eligible,Not Eligible
7080,Leo Gomez,Not Eligible,Not Eligible
7650,Leo Hafford,Not Eligible,Not Eligible
8380,Leo Hernandez,Not Eligible,Not Eligible
9405,Leo Jimenez,Not Eligible,Not Eligible
9833,Leo Kavanagh,Not Eligible,Not Eligible
10068,Leo Kiely,Not Eligible,Not Eligible
11736,Leo Mangum,Not Eligible,Not Eligible
11803,Leo Marentette,Not Eligible,Not Eligible
13231,Leo Moon,Not Eligible,Not Eligible
13620,Leo Murphy,Not Eligible,Not Eligible
14023,Leo Norris,Not Eligible,Not Eligible
15307,Leo Posada,Not Eligible,Not Eligible
16114,Leo Rivas,Not Eligible,Not Eligible
16476,Leo Rosales,Not Eligible,Not Eligible
17891,Leo Smith,Not Eligible,Not Eligible
18691,Leo Sutherland,Not Eligible,Not Eligible
18815,Leo Tankersley,Not Eligible,Not Eligible
18909,Leo Taylor,Not Eligible,Not Eligible
19067,Leo Thomas,Not Eligible,Not Eligible
19315,Leo Townsend,Not Eligible,Not Eligible
20286,Leo Wells,Not Eligible,Not Eligible
18866,Leody Taveras,Not Eligible,Not Eligible
2155,Leon Brinkopf,Not Eligible,Not Eligible
2290,Leon Brown,Not Eligible,Not Eligible
2707,Leon Cadore,Not Inducted,Not Inducted
2926,Leon Carlson,Not Eligible,Not Eligible
3195,Leon Chagnon,Not Eligible,Not Eligible
4220,Leon Culberson,Not Eligible,Not Eligible
4538,Leon Day,Not Eligible,Not Eligible
5289,Leon Durham,Not Inducted,Not Inducted
5695,Leon Everitt,Not Eligible,Not Eligible
8805,Leon Hooten,Not Eligible,Not Eligible
12396,Leon McFadden,Not Eligible,Not Eligible
15009,Leon Pettit,Not Eligible,Not Eligible
16177,Leon Roberts,Not Inducted,Not Inducted
19886,Leon Wagner,Not Inducted,Not Inducted
20607,Leon Williams,Not Eligible,Not Eligible
2830,Leonel Campos,Not Eligible,Not Eligible
10854,Leonidas Lee,Not Eligible,Not Eligible
11923,Leonys Martin,Not Eligible,Not Eligible
11253,Lep Long,Not Eligible,Not Eligible
10855,Leron Lee,Not Eligible,Not Eligible
8441,Leroy Herrmann,Not Eligible,Not Eligible
15735,Leroy Reams,Not Eligible,Not Eligible
18262,Leroy Stanton,Not Eligible,Not Eligible
10568,Lerrin LaGrow,Not Inducted,Not Inducted
15169,Lerton Pinto,Not Eligible,Not Eligible
679,Les Backman,Not Eligible,Not Eligible
941,Les Barnhart,Not Eligible,Not Eligible
1007,Les Bartholomew,Not Eligible,Not Eligible
1268,Les Bell,Not Eligible,Not Eligible
2509,Les Burke,Not Eligible,Not Eligible
2718,Les Cain,Not Eligible,Not Eligible
3224,Les Channell,Not Eligible,Not Eligible
3998,Les Cox,Not Eligible,Not Eligible
6073,Les Fleming,Not Eligible,Not Eligible
6469,Les Fusselman,Not Eligible,Not Eligible
6806,Les German,Not Eligible,Not Eligible
8290,Les Hennessy,Not Eligible,Not Eligible
8918,Les Howe,Not Eligible,Not Eligible
10619,Les Lancaster,Not Eligible,Not Eligible
10787,Les Layton,Not Eligible,Not Eligible
11695,Les Mallon,Not Eligible,Not Eligible
11748,Les Mann,Not Inducted,Not Inducted
12320,Les McCrabb,Not Eligible,Not Eligible
13460,Les Moss,Not Inducted,Not Inducted
13505,Les Mueller,Not Eligible,Not Eligible
13559,Les Munns,Not Eligible,Not Eligible
14017,Les Norman,Not Eligible,Not Eligible
14051,Les Nunamaker,Not Inducted,Not Inducted
14763,Les Peden,Not Eligible,Not Eligible
15361,Les Powers,Not Eligible,Not Eligible
16261,Les Rock,Not Eligible,Not Eligible
16387,Les Rohr,Not Eligible,Not Eligible
16990,Les Scarsella,Not Eligible,Not Eligible
18498,Les Straker,Not Eligible,Not Eligible
18754,Les Sweetland,Not Eligible,Not Eligible
19179,Les Tietje,Not Eligible,Not Eligible
20003,Les Walrond,Not Eligible,Not Eligible
20205,Les Webber,Not Eligible,Not Eligible
20656,Les Willis,Not Eligible,Not Eligible
20724,Les Wilson,Not Eligible,Not Eligible
2068,Leslie Brea,Not Eligible,Not Eligible
4968,Lester Dole,Not Eligible,Not Eligible
14231,Lester Oliveros,Not Eligible,Not Eligible
6613,Leury Garcia,Not Eligible,Not Eligible
17578,Lev Shreve,Not Eligible,Not Eligible
18126,Levale Speigner,Not Eligible,Not Eligible
9675,Levi Jordan,Not Eligible,Not Eligible
12869,Levi Meyerle,Not Eligible,Not Eligible
18482,Levi Stoudt,Not Eligible,Not Eligible
9628,Levin Jones,Not Eligible,Not Eligible
1152,Lew Beasley,Not Eligible,Not Eligible
2291,Lew Brown,Not Eligible,Not Eligible
2471,Lew Burdette,Not Inducted,Not Inducted
2789,Lew Camp,Not Eligible,Not Eligible
2953,Lew Carpenter,Not Eligible,Not Eligible
2960,Lew Carr,Not Eligible,Not Eligible
5149,Lew Drill,Not Eligible,Not Eligible
6091,Lew Flick,Not Eligible,Not Eligible
6156,Lew Fonseca,Not Inducted,Not Inducted
6178,Lew Ford,Not Eligible,Not Eligible
7468,Lew Groh,Not Eligible,Not Eligible
10421,Lew Krausse,Not Inducted,Not Inducted
10420,Lew Krausse,Not Eligible,Not Eligible
11710,Lew Malone,Not Eligible,Not Eligible
12261,Lew McCarty,Not Eligible,Not Eligible
13336,Lew Moren,Not Eligible,Not Eligible
15314,Lew Post,Not Eligible,Not Eligible
16011,Lew Richie,Not Eligible,Not Eligible
16057,Lew Riggs,Not Inducted,Not Inducted
16107,Lew Ritter,Not Eligible,Not Eligible
17639,Lew Simmons,Not Eligible,Not Eligible
20297,Lew Wendell,Not Eligible,Not Eligible
20389,Lew Whistler,Not Eligible,Not Eligible
4827,Lewin Diaz,Not Eligible,Not Eligible
2156,Lewis Brinson,Not Eligible,Not Eligible
17892,Lewis Smith,Not Eligible,Not Eligible
19155,Lewis Thorpe,Not Eligible,Not Eligible
20757,Lewis Wiltse,Not Eligible,Not Eligible
17330,Leyson Septimo,Not Eligible,Not Eligible
8272,Liam Hendriks,Not Eligible,Not Eligible
20114,Libe Washburn,Not Eligible,Not Eligible
18468,Lil Stoner,Not Eligible,Not Eligible
18475,Lin Storti,Not Eligible,Not Eligible
1610,Linc Blakely,Not Eligible,Not Eligible
2292,Lindsay Brown,Not Eligible,Not Eligible
4591,Lindsay Deal,Not Eligible,Not Eligible
12342,Lindy McDaniel,Not Inducted,Not Inducted
20110,Link Wasem,Not Eligible,Not Eligible
5010,Lino Donoso,Not Eligible,Not Eligible
19533,Lino Urdaneta,Not Eligible,Not Eligible
14780,Liover Peguero,Not Eligible,Not Eligible
15140,Lip Pike,Not Inducted,Not Inducted
1787,Lisalverto Bonilla,Not Eligible,Not Eligible
16313,Liu Rodriguez,Not Eligible,Not Eligible
8381,Livan Hernandez,Not Inducted,Not Inducted
18084,Livan Soto,Not Eligible,Not Eligible
18910,Live Oak Taylor,Not Eligible,Not Eligible
6459,Liz Funk,Not Eligible,Not Eligible
13886,Ljay Newsome,Not Eligible,Not Eligible
252,Lloyd Allen,Not Eligible,Not Eligible
1551,Lloyd Bishop,Not Eligible,Not Eligible
2293,Lloyd Brown,Not Inducted,Not Inducted
3333,Lloyd Christenbury,Not Eligible,Not Eligible
4871,Lloyd Dietz,Not Eligible,Not Eligible
6737,Lloyd Gearhart,Not Eligible,Not Eligible
8620,Lloyd Hittle,Not Eligible,Not Eligible
9500,Lloyd Johnson,Not Eligible,Not Eligible
12281,Lloyd McClendon,Not Eligible,Not Eligible
12811,Lloyd Merriman,Not Eligible,Not Eligible
12817,Lloyd Merritt,Not Eligible,Not Eligible
13442,Lloyd Moseby,Not Inducted,Not Inducted
16665,Lloyd Russell,Not Eligible,Not Eligible
20047,Lloyd Waner,Not Inducted,Inducted
18200,Locke St. John,Not Eligible,Not Eligible
254,Logan Allen,Not Eligible,Not Eligible
253,Logan Allen,Not Eligible,Not Eligible
4393,Logan Darnell,Not Eligible,Not Eligible
5118,Logan Drake,Not Eligible,Not Eligible
5153,Logan Driscoll,Not Eligible,Not Eligible
5345,Logan Easley,Not Eligible,Not Eligible
6201,Logan Forsythe,Not Eligible,Not Eligible
6886,Logan Gilbert,Not Eligible,Not Eligible
6915,Logan Gillaspie,Not Eligible,Not Eligible
10008,Logan Kensing,Not Eligible,Not Eligible
13414,Logan Morrison,Not Inducted,Not Inducted
14190,Logan O'Hoppe,Not Eligible,Not Eligible
14273,Logan Ondrusek,Not Eligible,Not Eligible
15297,Logan Porter,Not Eligible,Not Eligible
17004,Logan Schafer,Not Eligible,Not Eligible
19753,Logan Verrett,Not Eligible,Not Eligible
20142,Logan Watkins,Not Eligible,Not Eligible
20200,Logan Webb,Not Eligible,Not Eligible
7061,Lon Goldstein,Not Eligible,Not Eligible
10271,Lon Knight,Not Eligible,Not Eligible
19547,Lon Ury,Not Eligible,Not Eligible
20087,Lon Warneke,Not Inducted,Not Inducted
3311,Lonnie Chisenhall,Not Eligible,Not Eligible
11556,Lonnie Maclin,Not Eligible,Not Eligible
17893,Lonnie Smith,Not Inducted,Not Inducted
6368,Lonny Frey,Not Inducted,Not Inducted
690,Lore Bader,Not Eligible,Not Eligible
672,Loren Babe,Not Eligible,Not Eligible
737,Loren Bain,Not Eligible,Not Eligible
5874,Lorencito Fernandez,Not Eligible,Not Eligible
871,Lorenzo Barcelo,Not Eligible,Not Eligible
2719,Lorenzo Cain,Not Eligible,Not Eligible
7321,Lorenzo Gray,Not Eligible,Not Eligible
1082,Lou Bauer,Not Eligible,Not Eligible
1355,Lou Berberet,Not Eligible,Not Eligible
1467,Lou Bevil,Not Eligible,Not Eligible
1496,Lou Bierbauer,Not Inducted,Not Inducted
1878,Lou Boudreau,Not Inducted,Inducted
2159,Lou Brissie,Not Eligible,Not Eligible
2187,Lou Brock,Inducted,Inducted
2343,Lou Bruce,Not Eligible,Not Eligible
2780,Lou Camilli,Not Eligible,Not Eligible
3120,Lou Castro,Not Eligible,Not Eligible
3306,Lou Chiozza,Not Eligible,Not Eligible
3378,Lou Ciola,Not Eligible,Not Eligible
3528,Lou Clinton,Not Eligible,Not Eligible
3641,Lou Collier,Not Eligible,Not Eligible
4081,Lou Criger,Not Inducted,Not Inducted
5901,Lou Fette,Not Eligible,Not Eligible
5927,Lou Fiene,Not Eligible,Not Eligible
5971,Lou Finney,Not Inducted,Not Inducted
6316,Lou Frazier,Not Eligible,Not Eligible
6545,Lou Galvin,Not Eligible,Not Eligible
6668,Lou Garland,Not Eligible,Not Eligible
6755,Lou Gehrig,Inducted,Inducted
6812,Lou Gertenrich,Not Eligible,Not Eligible
7294,Lou Grasmick,Not Eligible,Not Eligible
7556,Lou Guisto,Not Eligible,Not Eligible
7866,Lou Hardie,Not Eligible,Not Eligible
9230,Lou Jackson,Not Eligible,Not Eligible
9501,Lou Johnson,Not Eligible,Not Eligible
9502,Lou Johnson,Not Eligible,Not Eligible
10206,Lou Klein,Not Eligible,Not Eligible
10218,Lou Klimchock,Not Inducted,Not Inducted
10260,Lou Knerr,Not Eligible,Not Eligible
10393,Lou Koupal,Not Eligible,Not Eligible
10440,Lou Kretlow,Not Inducted,Not Inducted
10881,Lou Legett,Not Eligible,Not Eligible
11064,Lou Limmer,Not Eligible,Not Eligible
11237,Lou Lombardo,Not Eligible,Not Eligible
11347,Lou Lowdermilk,Not Eligible,Not Eligible
11391,Lou Lucier,Not Eligible,Not Eligible
11628,Lou Mahaffey,Not Eligible,Not Eligible
11768,Lou Manske,Not Eligible,Not Eligible
11833,Lou Marone,Not Eligible,Not Eligible
11879,Lou Marson,Not Eligible,Not Eligible
12392,Lou McEvoy,Not Eligible,Not Eligible
12805,Lou Merloni,Not Eligible,Not Eligible
12874,Lou Meyers,Not Eligible,Not Eligible
13713,Lou Nagelsen,Not Eligible,Not Eligible
14011,Lou Nordyke,Not Eligible,Not Eligible
14026,Lou North,Not Eligible,Not Eligible
14046,Lou Novikoff,Not Eligible,Not Eligible
14701,Lou Paul,Not Eligible,Not Eligible
14915,Lou Perini,Not Eligible,Not Eligible
15036,Lou Phelan,Not Eligible,Not Eligible
15161,Lou Piniella,Not Inducted,Not Inducted
15242,Lou Polchow,Not Eligible,Not Eligible
15252,Lou Polli,Not Eligible,Not Eligible
15313,Lou Possehl,Not Eligible,Not Eligible
15317,Lou Pote,Not Eligible,Not Eligible
15725,Lou Raymond,Not Eligible,Not Eligible
16259,Lou Rochelli,Not Eligible,Not Eligible
16508,Lou Rosenberg,Not Eligible,Not Eligible
16967,Lou Say,Not Eligible,Not Eligible
17055,Lou Schettler,Not Eligible,Not Eligible
17056,Lou Schiappacasse,Not Eligible,Not Eligible
17204,Lou Scoffic,Not Eligible,Not Eligible
17716,Lou Skizas,Not Eligible,Not Eligible
17749,Lou Sleater,Not Eligible,Not Eligible
18538,Lou Stringer,Not Eligible,Not Eligible
18776,Lou Sylvester,Not Eligible,Not Eligible
19146,Lou Thornton,Not Eligible,Not Eligible
19161,Lou Thuman,Not Eligible,Not Eligible
19302,Lou Tost,Not Eligible,Not Eligible
19377,Lou Trivino,Not Eligible,Not Eligible
19704,Lou Vedder,Not Eligible,Not Eligible
20390,Lou Whitaker,Inducted,Not Inducted
8193,Louie Heilbroner,Not Eligible,Not Eligible
12667,Louie Meadows,Not Eligible,Not Eligible
19662,Louie Varland,Not Eligible,Not Eligible
2231,Louis Brower,Not Eligible,Not Eligible
3624,Louis Coleman,Not Eligible,Not Eligible
5161,Louis Drucke,Not Eligible,Not Eligible
7250,Louis Graff,Not Eligible,Not Eligible
8133,Louis Head,Not Eligible,Not Eligible
10975,Louis LeRoy,Not Eligible,Not Eligible
14789,Louis Pelouze,Not Eligible,Not Eligible
16904,Louis Santop,Not Eligible,Not Eligible
7577,Lourdes Gurriel,Not Eligible,Not Eligible
14540,Lowell Palmer,Not Eligible,Not Eligible
7835,Loy Hanning,Not Eligible,Not Eligible
3350,Loyd Christopher,Not Eligible,Not Eligible
3683,Loyd Colson,Not Eligible,Not Eligible
1685,Lu Blue,Not Inducted,Not Inducted
5179,Lucas Duda,Not Inducted,Not Inducted
5578,Lucas Erceg,Not Eligible,Not Eligible
6893,Lucas Gilbreath,Not Eligible,Not Eligible
6957,Lucas Giolito,Not Eligible,Not Eligible
7919,Lucas Harrell,Not Eligible,Not Eligible
11406,Lucas Luetge,Not Eligible,Not Eligible
12139,Lucas May,Not Eligible,Not Eligible
17663,Lucas Sims,Not Eligible,Not Eligible
19438,Lucas Turk,Not Eligible,Not Eligible
6259,Lucius Fox,Not Eligible,Not Eligible
20996,Lucky Wright,Not Eligible,Not Eligible
141,Luis Aguayo,Not Inducted,Not Inducted
191,Luis Alcaraz,Not Eligible,Not Eligible
1023,Luis Alexander Basabe,Not Eligible,Not Eligible
224,Luis Alicea,Not Inducted,Not Inducted
293,Luis Aloma,Not Eligible,Not Eligible
321,Luis Alvarado,Not Eligible,Not Eligible
454,Luis Andujar,Not Eligible,Not Eligible
473,Luis Aparicio,Inducted,Inducted
475,Luis Aponte,Not Eligible,Not Eligible
486,Luis Aquino,Not Eligible,Not Eligible
550,Luis Arraez,Not Eligible,Not Eligible
559,Luis Arroyo,Not Eligible,Not Eligible
598,Luis Atilano,Not Eligible,Not Eligible
649,Luis Avilan,Not Eligible,Not Eligible
657,Luis Ayala,Not Eligible,Not Eligible
961,Luis Barrera,Not Eligible,Not Eligible
2832,Luis Campusano,Not Eligible,Not Eligible
3092,Luis Castillo,Not Eligible,Not Eligible
3091,Luis Castillo,Not Eligible,Not Eligible
3090,Luis Castillo,Not Inducted,Not Inducted
3184,Luis Cessa,Not Eligible,Not Eligible
3774,Luis Contreras,Not Eligible,Not Eligible
4192,Luis Cruz,Not Eligible,Not Eligible
4578,Luis De Los Santos,Not Eligible,Not Eligible
4674,Luis DeLeon,Not Eligible,Not Eligible
4678,Luis Delgado,Not Eligible,Not Eligible
5276,Luis Durango,Not Eligible,Not Eligible
5537,Luis Encarnacion,Not Eligible,Not Eligible
5614,Luis Escobar,Not Eligible,Not Eligible
5709,Luis Exposito,Not Eligible,Not Eligible
5940,Luis Figueroa,Not Eligible,Not Eligible
6372,Luis Frias,Not Eligible,Not Eligible
6618,Luis Garcia,Not Eligible,Not Eligible
6617,Luis Garcia,Not Eligible,Not Eligible
6616,Luis Garcia,Not Eligible,Not Eligible
6614,Luis Garcia,Not Eligible,Not Eligible
6615,Luis Garcia,Not Eligible,Not Eligible
6875,Luis Gil,Not Eligible,Not Eligible
7081,Luis Gomez,Not Eligible,Not Eligible
7127,Luis Gonzalez,Inducted,Not Inducted
7126,Luis Gonzalez,Not Eligible,Not Eligible
7128,Luis Gonzalez,Not Eligible,Not Eligible
7530,Luis Guerrero,Not Eligible,Not Eligible
7549,Luis Guillorme,Not Eligible,Not Eligible
8382,Luis Hernandez,Not Eligible,Not Eligible
9406,Luis Jimenez,Not Eligible,Not Eligible
9407,Luis Jimenez,Not Eligible,Not Eligible
10807,Luis Leal,Not Eligible,Not Eligible
11035,Luis Liberato,Not Eligible,Not Eligible
11298,Luis Lopez,Not Inducted,Not Inducted
11297,Luis Lopez,Not Eligible,Not Eligible
11296,Luis Lopez,Not Eligible,Not Eligible
11584,Luis Madero,Not Eligible,Not Eligible
11842,Luis Marquez,Not Eligible,Not Eligible
11888,Luis Marte,Not Eligible,Not Eligible
11889,Luis Marte,Not Eligible,Not Eligible
11966,Luis Martinez,Not Eligible,Not Eligible
11967,Luis Martinez,Not Eligible,Not Eligible
12064,Luis Matos,Not Eligible,Not Eligible
12065,Luis Matos,Not Eligible,Not Eligible
12171,Luis Maza,Not Eligible,Not Eligible
12687,Luis Medina,Not Eligible,Not Eligible
12686,Luis Medina,Not Eligible,Not Eligible
12735,Luis Melendez,Not Eligible,Not Eligible
12765,Luis Mendoza,Not Eligible,Not Eligible
12790,Luis Mercedes,Not Eligible,Not Eligible
13197,Luis Montanez,Not Eligible,Not Eligible
14238,Luis Olmo,Not Eligible,Not Eligible
14306,Luis Ordaz,Not Eligible,Not Eligible
14358,Luis Ortiz,Not Eligible,Not Eligible
14359,Luis Ortiz,Not Eligible,Not Eligible
14360,Luis Ortiz,Not Eligible,Not Eligible
14440,Luis Oviedo,Not Eligible,Not Eligible
14661,Luis Patino,Not Eligible,Not Eligible
14853,Luis Peralta,Not Eligible,Not Eligible
14858,Luis Peraza,Not Eligible,Not Eligible
14866,Luis Perdomo,Not Eligible,Not Eligible
14865,Luis Perdomo,Not Eligible,Not Eligible
14890,Luis Perez,Not Eligible,Not Eligible
15157,Luis Pineda,Not Eligible,Not Eligible
15256,Luis Polonia,Not Inducted,Not Inducted
15453,Luis Pujols,Not Eligible,Not Eligible
15528,Luis Quinones,Not Eligible,Not Eligible
15532,Luis Quintana,Not Eligible,Not Eligible
15874,Luis Rengifo,Not Eligible,Not Eligible
16115,Luis Rivas,Not Eligible,Not Eligible
16124,Luis Rivera,Not Eligible,Not Eligible
16125,Luis Rivera,Not Inducted,Not Inducted
16164,Luis Robert,Not Eligible,Not Eligible
16314,Luis Rodriguez,Not Eligible,Not Eligible
16395,Luis Rojas,Not Eligible,Not Eligible
16474,Luis Rosado,Not Eligible,Not Eligible
16765,Luis Salazar,Not Inducted,Not Inducted
16829,Luis Sanchez,Not Eligible,Not Eligible
16911,Luis Santos,Not Eligible,Not Eligible
16918,Luis Sardinas,Not Eligible,Not Eligible
16930,Luis Saturria,Not Eligible,Not Eligible
17348,Luis Severino,Not Eligible,Not Eligible
17626,Luis Silverio,Not Eligible,Not Eligible
18029,Luis Sojo,Not Inducted,Not Inducted
18596,Luis Suarez,Not Eligible,Not Eligible
18980,Luis Terrero,Not Eligible,Not Eligible
19169,Luis Tiant,Not Inducted,Not Inducted
19280,Luis Torrens,Not Eligible,Not Eligible
19491,Luis Ugueto,Not Eligible,Not Eligible
19537,Luis Urias,Not Eligible,Not Eligible
19546,Luis Urueta,Not Eligible,Not Eligible
19559,Luis Valbuena,Not Inducted,Not Inducted
19817,Luis Vizcaino,Not Inducted,Not Inducted
19697,Luis Vázquez,Not Eligible,Not Eligible
4579,Luis de los Santos,Not Eligible,Not Eligible
4577,Luis de los Santos,Not Eligible,Not Eligible
64,Luisangel Acuña,Not Eligible,Not Eligible
7046,Luiz Gohara,Not Eligible,Not Eligible
255,Luke Allen,Not Eligible,Not Eligible
482,Luke Appling,Not Inducted,Inducted
876,Luke Bard,Not Eligible,Not Eligible
891,Luke Barker,Not Eligible,Not Eligible
1811,Luke Boone,Not Eligible,Not Eligible
2918,Luke Carlin,Not Eligible,Not Eligible
5350,Luke Easter,Not Eligible,Not Eligible
5795,Luke Farrell,Not Eligible,Not Eligible
6361,Luke French,Not Eligible,Not Eligible
6986,Luke Glavenich,Not Eligible,Not Eligible
7387,Luke Gregerson,Not Inducted,Not Inducted
7773,Luke Hamlin,Not Eligible,Not Eligible
8632,Luke Hochevar,Not Eligible,Not Eligible
8981,Luke Hudson,Not Eligible,Not Eligible
9012,Luke Hughes,Not Eligible,Not Eligible
9231,Luke Jackson,Not Eligible,Not Eligible
11144,Luke Little,Not Eligible,Not Eligible
11446,Luke Lutenberg,Not Eligible,Not Eligible
11655,Luke Maile,Not Eligible,Not Eligible
13225,Luke Montz,Not Eligible,Not Eligible
13824,Luke Nelson,Not Eligible,Not Eligible
15427,Luke Prokopec,Not Eligible,Not Eligible
15471,Luke Putkonen,Not Eligible,Not Eligible
15596,Luke Raley,Not Eligible,Not Eligible
17225,Luke Scott,Not Eligible,Not Eligible
17357,Luke Sewell,Not Inducted,Not Inducted
18562,Luke Stuart,Not Eligible,Not Eligible
19529,Luke Urban,Not Eligible,Not Eligible
19827,Luke Voit,Not Eligible,Not Eligible
19949,Luke Walker,Not Eligible,Not Eligible
20186,Luke Weaver,Not Eligible,Not Eligible
20608,Luke Williams,Not Eligible,Not Eligible
771,Luken Baker,Not Eligible,Not Eligible
4425,Lum Davenport,Not Eligible,Not Eligible
7961,Lum Harris,Not Eligible,Not Eligible
925,Lute Barnes,Not Eligible,Not Eligible
1788,Luther Bonin,Not Eligible,Not Eligible
7638,Luther Hackman,Not Eligible,Not Eligible
8030,Luther Harvel,Not Eligible,Not Eligible
16583,Luther Roy,Not Eligible,Not Eligible
18911,Luther Taylor,Not Eligible,Not Eligible
1502,Lyle Bigbee,Not Eligible,Not Eligible
9726,Lyle Judy,Not Eligible,Not Eligible
11447,Lyle Luttrell,Not Eligible,Not Eligible
13486,Lyle Mouton,Not Eligible,Not Eligible
14433,Lyle Overbay,Not Inducted,Not Inducted
1859,Lyman Bostock,Not Eligible,Not Eligible
5119,Lyman Drake,Not Eligible,Not Eligible
10599,Lyman Lamb,Not Eligible,Not Eligible
11081,Lyman Linde,Not Eligible,Not Eligible
10718,Lyn Lary,Not Inducted,Not Inducted
2095,Lynn Brenton,Not Eligible,Not Eligible
9629,Lynn Jones,Not Eligible,Not Eligible
10126,Lynn King,Not Eligible,Not Eligible
11335,Lynn Lovenguth,Not Eligible,Not Eligible
12448,Lynn McGlothen,Not Inducted,Not Inducted
13697,Lynn Myers,Not Eligible,Not Eligible
13825,Lynn Nelson,Not Eligible,Not Eligible
16005,Lyon Richardson,Not Eligible,Not Eligible
12736,MJ Melendez,Not Eligible,Not Eligible
11505,Mac MacArthur,Not Eligible,Not Eligible
16988,Mac Scarce,Not Eligible,Not Eligible
16992,Mac Sceroler,Not Eligible,Not Eligible
18705,Mac Suzuki,Not Eligible,Not Eligible
20643,Mac Williamson,Not Eligible,Not Eligible
7188,MacKenzie Gore,Not Eligible,Not Eligible
12211,Macay McBride,Not Eligible,Not Eligible
2294,Mace Brown,Not Inducted,Not Inducted
277,Mack Allison,Not Eligible,Not Eligible
2489,Mack Burk,Not Eligible,Not Eligible
8576,Mack Hillis,Not Eligible,Not Eligible
9630,Mack Jones,Not Inducted,Not Inducted
18405,Mack Stewart,Not Eligible,Not Eligible
20362,Mack Wheat,Not Eligible,Not Eligible
16926,Mackey Sasser,Not Eligible,Not Eligible
2453,Madison Bumgarner,Not Eligible,Not Eligible
21157,Madison Younginer,Not Eligible,Not Eligible
14308,Magglio Ordonez,Not Inducted,Not Inducted
17605,Magneuris Sierra,Not Eligible,Not Eligible
8508,Mahlon Higbee,Not Eligible,Not Eligible
9202,Maicer Izturis,Not Inducted,Not Inducted
3512,Maikel Cleto,Not Eligible,Not Eligible
6283,Maikel Franco,Not Eligible,Not Eligible
6619,Maikel Garcia,Not Eligible,Not Eligible
5346,Mal Eason,Not Eligible,Not Eligible
11693,Mal Mallette,Not Eligible,Not Eligible
13461,Mal Moss,Not Eligible,Not Eligible
8693,Malachi Hogan,Not Eligible,Not Eligible
10194,Malachi Kittridge,Not Inducted,Not Inducted
11510,Malcolm MacDonald,Not Eligible,Not Eligible
17894,Mallex Smith,Not Eligible,Not Eligible
2211,Mandy Brooks,Not Eligible,Not Eligible
16433,Mandy Romero,Not Eligible,Not Eligible
59,Manny Acosta,Not Eligible,Not Eligible
62,Manny Acta,Not Eligible,Not Eligible
210,Manny Alexander,Not Inducted,Not Inducted
659,Manny Aybar,Not Eligible,Not Eligible
853,Manny Banuelos,Not Eligible,Not Eligible
960,Manny Barreda,Not Eligible,Not Eligible
3093,Manny Castillo,Not Eligible,Not Eligible
3901,Manny Corpas,Not Eligible,Not Eligible
4672,Manny Delcarmen,Not Eligible,Not Eligible
8383,Manny Hernandez,Not Eligible,Not Eligible
9408,Manny Jimenez,Not Eligible,Not Eligible
11524,Manny Machado,Not Eligible,Not Eligible
11968,Manny Martinez,Not Eligible,Not Eligible
13203,Manny Montejo,Not Eligible,Not Eligible
13470,Manny Mota,Not Inducted,Not Inducted
13556,Manny Muniz,Not Eligible,Not Eligible
14617,Manny Parra,Not Eligible,Not Eligible
15153,Manny Pina,Not Eligible,Not Eligible
15620,Manny Ramirez,Inducted,Not Inducted
16784,Manny Salvo,Not Eligible,Not Eligible
16874,Manny Sanguillen,Not Inducted,Not Inducted
16923,Manny Sarmiento,Not Eligible,Not Eligible
17328,Manny Seoane,Not Eligible,Not Eligible
19371,Manny Trillo,Not Inducted,Not Inducted
984,Manuel Barrios,Not Eligible,Not Eligible
4215,Manuel Cueto,Not Eligible,Not Eligible
10856,Manuel Lee,Not Inducted,Not Inducted
11806,Manuel Margot,Not Eligible,Not Eligible
14297,Manuel Onis,Not Eligible,Not Eligible
16315,Manuel Rodriguez,Not Eligible,Not Eligible
2815,Marc Campbell,Not Eligible,Not Eligible
3357,Marc Church,Not Eligible,Not Eligible
7723,Marc Hall,Not Eligible,Not Eligible
8557,Marc Hill,Not Inducted,Not Inducted
10419,Marc Krauss,Not Eligible,Not Eligible
10461,Marc Kroon,Not Eligible,Not Eligible
13868,Marc Newfield,Not Eligible,Not Eligible
15181,Marc Pisciotta,Not Eligible,Not Eligible
16449,Marc Ronan,Not Eligible,Not Eligible
16715,Marc Rzepczynski,Not Inducted,Not Inducted
16749,Marc Sagmoen,Not Eligible,Not Eligible
18644,Marc Sullivan,Not Eligible,Not Eligible
19561,Marc Valdes,Not Eligible,Not Eligible
20540,Marc Wilkins,Not Eligible,Not Eligible
10540,Marcel Lachemann,Not Eligible,Not Eligible
11299,Marcelino Lopez,Not Eligible,Not Eligible
18039,Marcelino Solis,Not Eligible,Not Eligible
14470,Marcell Ozuna,Not Eligible,Not Eligible
5652,Marco Estrada,Not Inducted,Not Inducted
7096,Marco Gonzales,Not Eligible,Not Eligible
8384,Marco Hernandez,Not Eligible,Not Eligible
11389,Marco Luciano,Not Eligible,Not Eligible
17247,Marco Scutaro,Not Inducted,Not Inducted
522,Marcos Armas,Not Eligible,Not Eligible
3022,Marcos Carvajal,Not Eligible,Not Eligible
4913,Marcos Diplan,Not Eligible,Not Eligible
12036,Marcos Mateo,Not Eligible,Not Eligible
6900,Marcus Giles,Not Eligible,Not Eligible
7612,Marcus Gwyn,Not Eligible,Not Eligible
8068,Marcus Hatley,Not Eligible,Not Eligible
9374,Marcus Jensen,Not Eligible,Not Eligible
9631,Marcus Jones,Not Eligible,Not Eligible
10777,Marcus Lawton,Not Eligible,Not Eligible
12204,Marcus McBeth,Not Eligible,Not Eligible
13275,Marcus Moore,Not Eligible,Not Eligible
17316,Marcus Semien,Not Eligible,Not Eligible
18545,Marcus Stroman,Not Eligible,Not Eligible
19008,Marcus Thames,Not Inducted,Not Inducted
19915,Marcus Walden,Not Eligible,Not Eligible
20725,Marcus Wilson,Not Eligible,Not Eligible
3894,Mardie Cornejo,Not Eligible,Not Eligible
5229,Mariano Duncan,Not Inducted,Not Inducted
16126,Mariano Rivera,Not Inducted,Inducted
15124,Marino Pieretti,Not Eligible,Not Eligible
16758,Marino Salas,Not Eligible,Not Eligible
16890,Marino Santana,Not Eligible,Not Eligible
4828,Mario Diaz,Not Eligible,Not Eligible
5538,Mario Encarnacion,Not Eligible,Not Eligible
5831,Mario Feliciano,Not Eligible,Not Eligible
7531,Mario Guerrero,Not Eligible,Not Eligible
8732,Mario Hollands,Not Eligible,Not Eligible
12766,Mario Mendoza,Not Eligible,Not Eligible
15108,Mario Picone,Not Eligible,Not Eligible
15621,Mario Ramirez,Not Eligible,Not Eligible
15649,Mario Ramos,Not Eligible,Not Eligible
18085,Mario Soto,Not Inducted,Not Inducted
19577,Mario Valdez,Not Eligible,Not Eligible
6375,Marion Fricano,Not Eligible,Not Eligible
16670,Marius Russo,Not Eligible,Not Eligible
61,Mark Acre,Not Eligible,Not Eligible
477,Mark Appel,Not Eligible,Not Eligible
732,Mark Bailey,Not Eligible,Not Eligible
801,Mark Baldwin,Not Eligible,Not Eligible
819,Mark Ballinger,Not Eligible,Not Eligible
1232,Mark Belanger,Not Inducted,Not Inducted
1280,Mark Bellhorn,Not Inducted,Not Inducted
1768,Mark Bomback,Not Eligible,Not Eligible
1990,Mark Bradley,Not Eligible,Not Eligible
2028,Mark Brandenburg,Not Eligible,Not Eligible
2222,Mark Brouhard,Not Eligible,Not Eligible
2295,Mark Brown,Not Eligible,Not Eligible
2335,Mark Brownson,Not Eligible,Not Eligible
2416,Mark Budaska,Not Eligible,Not Eligible
2422,Mark Budzinski,Not Eligible,Not Eligible
2425,Mark Buehrle,Not Inducted,Not Inducted
2763,Mark Calvert,Not Eligible,Not Eligible
2847,Mark Canha,Not Eligible,Not Eligible
2970,Mark Carreon,Not Inducted,Not Inducted
3346,Mark Christman,Not Eligible,Not Eligible
3364,Mark Ciardi,Not Eligible,Not Eligible
3431,Mark Clark,Not Inducted,Not Inducted
3488,Mark Clear,Not Inducted,Not Inducted
3775,Mark Contreras,Not Eligible,Not Eligible
3886,Mark Corey,Not Eligible,Not Eligible
3885,Mark Corey,Not Eligible,Not Eligible
4063,Mark Creegan,Not Eligible,Not Eligible
4324,Mark Dalesandro,Not Eligible,Not Eligible
4437,Mark Davidson,Not Eligible,Not Eligible
4499,Mark Davis,Not Eligible,Not Eligible
4500,Mark Davis,Not Inducted,Not Inducted
4652,Mark DeJohn,Not Eligible,Not Eligible
4743,Mark DeRosa,Not Inducted,Not Inducted
4715,Mark Dempsey,Not Eligible,Not Eligible
4795,Mark Dewey,Not Eligible,Not Eligible
4874,Mark DiFelice,Not Eligible,Not Eligible
5446,Mark Eichhorn,Not Inducted,Not Inducted
5500,Mark Ellis,Not Inducted,Not Inducted
5636,Mark Esser,Not Eligible,Not Eligible
5662,Mark Ettles,Not Eligible,Not Eligible
5911,Mark Fidrych,Not Eligible,Not Eligible
5949,Mark Filley,Not Eligible,Not Eligible
6339,Mark Freeman,Not Eligible,Not Eligible
6457,Mark Funderburk,Not Eligible,Not Eligible
6658,Mark Gardner,Not Inducted,Not Inducted
6887,Mark Gilbert,Not Eligible,Not Eligible
7240,Mark Grace,Not Inducted,Not Inducted
7289,Mark Grant,Not Eligible,Not Eligible
7297,Mark Grater,Not Eligible,Not Eligible
7505,Mark Grudzielanek,Not Inducted,Not Inducted
7518,Mark Gubicza,Not Inducted,Not Inducted
7587,Mark Guthrie,Not Inducted,Not Inducted
7752,Mark Hamburger,Not Eligible,Not Eligible
7769,Mark Hamilton,Not Eligible,Not Eligible
8271,Mark Hendrickson,Not Inducted,Not Inducted
8517,Mark Higgins,Not Eligible,Not Eligible
8788,Mark Holzemer,Not Eligible,Not Eligible
9031,Mark Huismann,Not Eligible,Not Eligible
9125,Mark Hutton,Not Eligible,Not Eligible
9503,Mark Johnson,Not Eligible,Not Eligible
9505,Mark Johnson,Not Eligible,Not Eligible
9504,Mark Johnson,Not Eligible,Not Eligible
10063,Mark Kiefer,Not Eligible,Not Eligible
10073,Mark Kiger,Not Eligible,Not Eligible
10301,Mark Knudson,Not Eligible,Not Eligible
10321,Mark Koenig,Not Inducted,Not Inducted
10338,Mark Kolozsvary,Not Eligible,Not Eligible
10389,Mark Kotsay,Not Inducted,Not Inducted
10662,Mark Langston,Not Inducted,Not Inducted
10857,Mark Lee,Not Eligible,Not Eligible
10858,Mark Lee,Not Eligible,Not Eligible
10909,Mark Leiter,Not Eligible,Not Eligible
10908,Mark Leiter,Not Inducted,Not Inducted
10925,Mark Lemke,Not Inducted,Not Inducted
10931,Mark Lemongello,Not Eligible,Not Eligible
10958,Mark Leonard,Not Eligible,Not Eligible
11018,Mark Lewis,Not Inducted,Not Inducted
11136,Mark Littell,Not Eligible,Not Eligible
11145,Mark Little,Not Eligible,Not Eligible
11317,Mark Loretta,Not Inducted,Not Inducted
11355,Mark Lowe,Not Inducted,Not Inducted
11415,Mark Lukasiewicz,Not Eligible,Not Eligible
11678,Mark Malaska,Not Eligible,Not Eligible
12050,Mark Mathias,Not Eligible,Not Eligible
12109,Mark Mauldin,Not Eligible,Not Eligible
12473,Mark McGrillis,Not Eligible,Not Eligible
12486,Mark McGwire,Not Inducted,Not Inducted
12569,Mark McLemore,Not Eligible,Not Eligible
12570,Mark McLemore,Not Inducted,Not Inducted
12730,Mark Melancon,Not Eligible,Not Eligible
12796,Mark Mercer,Not Eligible,Not Eligible
13515,Mark Mulder,Not Eligible,Not Eligible
14572,Mark Parent,Not Inducted,Not Inducted
14733,Mark Payton,Not Eligible,Not Eligible
14993,Mark Petkovsek,Not Eligible,Not Eligible
15246,Mark Polhemus,Not Eligible,Not Eligible
15304,Mark Portugal,Not Inducted,Not Inducted
15418,Mark Prior,Not Eligible,Not Eligible
15522,Mark Quinn,Not Eligible,Not Eligible
15755,Mark Redman,Not Inducted,Not Inducted
15937,Mark Reynolds,Not Inducted,Not Inducted
16371,Mark Rogers,Not Eligible,Not Eligible
16531,Mark Ross,Not Eligible,Not Eligible
16682,Mark Ryal,Not Eligible,Not Eligible
16725,Mark Saccomanno,Not Eligible,Not Eligible
16759,Mark Salas,Not Eligible,Not Eligible
17001,Mark Schaeffer,Not Eligible,Not Eligible
17766,Mark Small,Not Eligible,Not Eligible
17895,Mark Smith,Not Eligible,Not Eligible
17896,Mark Smith,Not Eligible,Not Eligible
18092,Mark Souza,Not Eligible,Not Eligible
18406,Mark Stewart,Not Eligible,Not Eligible
18541,Mark Strittmatter,Not Eligible,Not Eligible
18746,Mark Sweeney,Not Inducted,Not Inducted
18934,Mark Teahen,Not Eligible,Not Eligible
18942,Mark Teixeira,Not Inducted,Not Inducted
19112,Mark Thompson,Not Eligible,Not Eligible
19166,Mark Thurmond,Not Eligible,Not Eligible
19403,Mark Trumbo,Not Inducted,Not Inducted
19773,Mark Vientos,Not Eligible,Not Eligible
19887,Mark Wagner,Not Eligible,Not Eligible
20125,Mark Wasinger,Not Eligible,Not Eligible
20155,Mark Watson,Not Eligible,Not Eligible
20455,Mark Whiten,Not Inducted,Not Inducted
20519,Mark Wiley,Not Eligible,Not Eligible
20609,Mark Williams,Not Eligible,Not Eligible
20644,Mark Williamson,Not Eligible,Not Eligible
20842,Mark Wohlers,Not Inducted,Not Inducted
20943,Mark Woodyard,Not Eligible,Not Eligible
20956,Mark Worrell,Not Eligible,Not Eligible
21177,Mark Zagunis,Not Eligible,Not Eligible
3954,Marlan Coughtry,Not Eligible,Not Eligible
18563,Marlin Stuart,Not Eligible,Not Eligible
410,Marlon Anderson,Not Inducted,Not Inducted
2666,Marlon Byrd,Not Inducted,Not Inducted
7461,Marquis Grissom,Not Inducted,Not Inducted
15073,Marr Phillips,Not Eligible,Not Eligible
20610,Marsh Williams,Not Eligible,Not Eligible
1957,Marshall Boze,Not Eligible,Not Eligible
2039,Marshall Brant,Not Eligible,Not Eligible
2130,Marshall Bridges,Not Eligible,Not Eligible
5416,Marshall Edwards,Not Eligible,Not Eligible
10127,Marshall King,Not Eligible,Not Eligible
11189,Marshall Locke,Not Eligible,Not Eligible
12381,Marshall McDougall,Not Eligible,Not Eligible
15535,Marshall Quinton,Not Eligible,Not Eligible
15873,Marshall Renfroe,Not Eligible,Not Eligible
17226,Marshall Scott,Not Eligible,Not Eligible
12634,Mart McQuaid,Not Eligible,Not Eligible
638,Martin Autry,Not Eligible,Not Eligible
4880,Martin Dihigo,Not Eligible,Not Eligible
5210,Martin Duke,Not Eligible,Not Eligible
6051,Martin Flaherty,Not Eligible,Not Eligible
7004,Martin Glendon,Not Eligible,Not Eligible
11686,Martin Maldonado,Not Eligible,Not Eligible
13525,Martin Mullen,Not Eligible,Not Eligible
14891,Martin Perez,Not Eligible,Not Eligible
15350,Martin Powell,Not Eligible,Not Eligible
15369,Martin Prado,Not Inducted,Not Inducted
976,Marty Barrett,Not Inducted,Not Inducted
975,Marty Barrett,Not Eligible,Not Eligible
1187,Marty Becker,Not Eligible,Not Eligible
1366,Marty Bergen,Not Eligible,Not Eligible
1379,Marty Berghammer,Not Eligible,Not Eligible
2296,Marty Brown,Not Eligible,Not Eligible
2677,Marty Bystrom,Not Eligible,Not Eligible
2744,Marty Callaghan,Not Eligible,Not Eligible
3094,Marty Castillo,Not Eligible,Not Eligible
3474,Marty Clary,Not Eligible,Not Eligible
3881,Marty Cordova,Not Eligible,Not Eligible
4621,Marty Decker,Not Eligible,Not Eligible
7422,Marty Griffin,Not Eligible,Not Eligible
8442,Marty Herrmann,Not Eligible,Not Eligible
8694,Marty Hogan,Not Eligible,Not Eligible
8789,Marty Honan,Not Eligible,Not Eligible
8819,Marty Hopkins,Not Eligible,Not Eligible
9314,Marty Janzen,Not Eligible,Not Eligible
9810,Marty Karow,Not Eligible,Not Eligible
9834,Marty Kavanagh,Not Eligible,Not Eligible
10016,Marty Keough,Not Inducted,Not Inducted
10470,Marty Krug,Not Eligible,Not Eligible
10524,Marty Kutyna,Not Eligible,Not Eligible
10650,Marty Lang,Not Eligible,Not Eligible
11705,Marty Malloy,Not Eligible,Not Eligible
11812,Marty Marion,Not Inducted,Not Inducted
11969,Marty Martinez,Not Eligible,Not Eligible
12490,Marty McHale,Not Eligible,Not Eligible
12567,Marty McLeary,Not Eligible,Not Eligible
12587,Marty McManus,Not Inducted,Not Inducted
14415,Marty O'Toole,Not Eligible,Not Eligible
14690,Marty Pattin,Not Inducted,Not Inducted
14892,Marty Perez,Not Inducted,Not Inducted
15015,Marty Pevey,Not Eligible,Not Eligible
17432,Marty Shay,Not Eligible,Not Eligible
17657,Marty Simpson,Not Eligible,Not Eligible
18645,Marty Sullivan,Not Eligible,Not Eligible
18716,Marty Swandell,Not Eligible,Not Eligible
19950,Marty Walker,Not Eligible,Not Eligible
1652,Marv Blaylock,Not Eligible,Not Eligible
2078,Marv Breeding,Not Eligible,Not Eligible
2108,Marv Breuer,Not Eligible,Not Eligible
5827,Marv Felderman,Not Eligible,Not Eligible
6147,Marv Foley,Not Eligible,Not Eligible
7169,Marv Goodwin,Not Eligible,Not Eligible
7462,Marv Grissom,Not Inducted,Not Inducted
7519,Marv Gudat,Not Eligible,Not Eligible
10645,Marv Lane,Not Eligible,Not Eligible
14256,Marv Olson,Not Eligible,Not Eligible
14447,Marv Owen,Not Eligible,Not Eligible
14756,Marv Peasley,Not Eligible,Not Eligible
15550,Marv Rackley,Not Eligible,Not Eligible
16024,Marv Rickert,Not Eligible,Not Eligible
16542,Marv Rotblatt,Not Eligible,Not Eligible
18206,Marv Staehle,Not Eligible,Not Eligible
19159,Marv Throneberry,Not Eligible,Not Eligible
21029,Marvell Wynne,Not Eligible,Not Eligible
1302,Marvin Benard,Not Eligible,Not Eligible
6340,Marvin Freeman,Not Inducted,Not Inducted
8097,Marvin Hawley,Not Eligible,Not Eligible
12986,Marvin Miller,Not Eligible,Not Eligible
7129,Marwin Gonzalez,Not Eligible,Not Eligible
10303,Masahide Kobayashi,Not Eligible,Not Eligible
18812,Masahiro Tanaka,Not Eligible,Not Eligible
13579,Masanori Murakami,Not Eligible,Not Eligible
10058,Masao Kida,Not Eligible,Not Eligible
21100,Masataka Yoshida,Not Eligible,Not Eligible
21101,Masato Yoshii,Not Eligible,Not Eligible
7253,Mase Graffen,Not Eligible,Not Eligible
1573,Mason Black,Not Eligible,Not Eligible
5549,Mason Englert,Not Eligible,Not Eligible
12317,Mason McCoy,Not Eligible,Not Eligible
12987,Mason Miller,Not Eligible,Not Eligible
13218,Mason Montgomery,Not Eligible,Not Eligible
19113,Mason Thompson,Not Eligible,Not Eligible
19216,Mason Tobin,Not Eligible,Not Eligible
20611,Mason Williams,Not Eligible,Not Eligible
10526,Masumi Kuwata,Not Eligible,Not Eligible
20791,Masyn Winn,Not Eligible,Not Eligible
6554,Mat Gamel,Not Eligible,Not Eligible
10732,Mat Latos,Not Eligible,Not Eligible
2975,Matias Carrillo,Not Eligible,Not Eligible
96,Matt Adams,Not Eligible,Not Eligible
171,Matt Albers,Not Inducted,Not Inducted
211,Matt Alexander,Not Eligible,Not Eligible
411,Matt Anderson,Not Eligible,Not Eligible
448,Matt Andriese,Not Eligible,Not Eligible
457,Matt Angle,Not Eligible,Not Eligible
470,Matt Antonelli,Not Eligible,Not Eligible
926,Matt Barnes,Not Eligible,Not Eligible
1078,Matt Batts,Not Inducted,Not Inducted
1159,Matt Beaty,Not Eligible,Not Eligible
1210,Matt Beech,Not Eligible,Not Eligible
1241,Matt Belisle,Not Inducted,Not Inducted
1630,Matt Blank,Not Eligible,Not Eligible
1941,Matt Boyd,Not Eligible,Not Eligible
2046,Matt Brash,Not Eligible,Not Eligible
2191,Matt Broderick,Not Eligible,Not Eligible
2595,Matt Buschmann,Not Eligible,Not Eligible
2604,Matt Bush,Not Eligible,Not Eligible
2720,Matt Cain,Not Inducted,Not Inducted
2876,Matt Capps,Not Eligible,Not Eligible
2885,Matt Carasiti,Not Eligible,Not Eligible
2954,Matt Carpenter,Not Eligible,Not Eligible
2998,Matt Carson,Not Eligible,Not Eligible
3243,Matt Chapman,Not Eligible,Not Eligible
3293,Matt Chico,Not Eligible,Not Eligible
3297,Matt Childers,Not Eligible,Not Eligible
3432,Matt Clark,Not Eligible,Not Eligible
3502,Matt Clement,Not Eligible,Not Eligible
4329,Matt Daley,Not Eligible,Not Eligible
4438,Matt Davidson,Not Eligible,Not Eligible
4751,Matt DeSalvo,Not Eligible,Not Eligible
4798,Matt DeWitt,Not Eligible,Not Eligible
4741,Matt Dermody,Not Eligible,Not Eligible
4829,Matt Diaz,Not Inducted,Not Inducted
4976,Matt Dominguez,Not Eligible,Not Eligible
5085,Matt Downs,Not Eligible,Not Eligible
5185,Matt Duff,Not Eligible,Not Eligible
5197,Matt Duffy,Not Eligible,Not Eligible
5198,Matt Duffy,Not Eligible,Not Eligible
5222,Matt Dunbar,Not Eligible,Not Eligible
5585,Matt Erickson,Not Eligible,Not Eligible
5900,Matt Festa,Not Eligible,Not Eligible
6179,Matt Ford,Not Eligible,Not Eligible
6225,Matt Foster,Not Eligible,Not Eligible
6260,Matt Fox,Not Eligible,Not Eligible
6284,Matt Franco,Not Eligible,Not Eligible
6486,Matt Gage,Not Eligible,Not Eligible
6504,Matt Galante,Not Eligible,Not Eligible
6703,Matt Garza,Not Inducted,Not Inducted
6956,Matt Ginter,Not Eligible,Not Eligible
7241,Matt Grace,Not Eligible,Not Eligible
7491,Matt Grott,Not Eligible,Not Eligible
7537,Matt Guerrier,Not Inducted,Not Inducted
7663,Matt Hague,Not Eligible,Not Eligible
7724,Matt Hall,Not Eligible,Not Eligible
7977,Matt Harrison,Not Eligible,Not Eligible
8036,Matt Harvey,Not Eligible,Not Eligible
8322,Matt Hensley,Not Eligible,Not Eligible
8336,Matt Herges,Not Inducted,Not Inducted
8738,Matt Holliday,Not Inducted,Not Inducted
8906,Matt Howard,Not Eligible,Not Eligible
9713,Matt Joyce,Not Eligible,Not Eligible
9799,Matt Karchner,Not Eligible,Not Eligible
9820,Matt Kata,Not Eligible,Not Eligible
9971,Matt Kemp,Not Eligible,Not Eligible
10017,Matt Keough,Not Eligible,Not Eligible
10092,Matt Kilroy,Not Inducted,Not Inducted
10147,Matt Kinney,Not Eligible,Not Eligible
10156,Matt Kinzer,Not Eligible,Not Eligible
10310,Matt Koch,Not Eligible,Not Eligible
10460,Matt Krook,Not Eligible,Not Eligible
10682,Matt LaPorta,Not Eligible,Not Eligible
10663,Matt Langwell,Not Eligible,Not Eligible
10778,Matt Lawton,Not Inducted,Not Inducted
10824,Matt LeCroy,Not Eligible,Not Eligible
11103,Matt Lindstrom,Not Eligible,Not Eligible
11416,Matt Luke,Not Eligible,Not Eligible
11563,Matt Macri,Not Eligible,Not Eligible
11610,Matt Magill,Not Eligible,Not Eligible
11716,Matt Maloney,Not Eligible,Not Eligible
11733,Matt Mangini,Not Eligible,Not Eligible
11755,Matt Manning,Not Eligible,Not Eligible
11769,Matt Mantei,Not Inducted,Not Inducted
11824,Matt Marksberry,Not Eligible,Not Eligible
12168,Matt Maysey,Not Eligible,Not Eligible
12212,Matt McBride,Not Eligible,Not Eligible
12546,Matt McLain,Not Eligible,Not Eligible
12824,Matt Merullo,Not Eligible,Not Eligible
12825,Matt Mervis,Not Eligible,Not Eligible
12898,Matt Mieske,Not Eligible,Not Eligible
12988,Matt Miller,Not Eligible,Not Eligible
12989,Matt Miller,Not Eligible,Not Eligible
13276,Matt Moore,Not Eligible,Not Eligible
13404,Matt Morris,Not Inducted,Not Inducted
13653,Matt Murray,Not Eligible,Not Eligible
13663,Matt Murton,Not Eligible,Not Eligible
13988,Matt Nokes,Not Inducted,Not Inducted
14257,Matt Olson,Not Eligible,Not Eligible
14514,Matt Pagnozzi,Not Eligible,Not Eligible
14541,Matt Palmer,Not Eligible,Not Eligible
14738,Matt Peacock,Not Eligible,Not Eligible
14916,Matt Perisho,Not Eligible,Not Eligible
15466,Matt Purke,Not Eligible,Not Eligible
15494,Matt Quatraro,Not Eligible,Not Eligible
15657,Matt Ramsey,Not Eligible,Not Eligible
15938,Matt Reynolds,Not Eligible,Not Eligible
15939,Matt Reynolds,Not Eligible,Not Eligible
16073,Matt Riley,Not Eligible,Not Eligible
16457,Matt Roney,Not Eligible,Not Eligible
16610,Matt Ruebel,Not Eligible,Not Eligible
16936,Matt Sauer,Not Eligible,Not Eligible
17553,Matt Shoemaker,Not Eligible,Not Eligible
17665,Matt Sinatro,Not Inducted,Not Inducted
17719,Matt Skole,Not Eligible,Not Eligible
17722,Matt Skrmetta,Not Eligible,Not Eligible
17897,Matt Smith,Not Eligible,Not Eligible
18219,Matt Stairs,Not Inducted,Not Inducted
18271,Matt Stark,Not Eligible,Not Eligible
18432,Matt Stites,Not Eligible,Not Eligible
18494,Matt Strahm,Not Eligible,Not Eligible
18727,Matt Swarmer,Not Eligible,Not Eligible
18779,Matt Szczur,Not Eligible,Not Eligible
19005,Matt Thaiss,Not Eligible,Not Eligible
19147,Matt Thornton,Not Inducted,Not Inducted
19231,Matt Tolbert,Not Eligible,Not Eligible
19326,Matt Tracy,Not Eligible,Not Eligible
19351,Matt Treanor,Not Eligible,Not Eligible
19426,Matt Tuiasosopo,Not Eligible,Not Eligible
19431,Matt Tupman,Not Eligible,Not Eligible
19450,Matt Turner,Not Eligible,Not Eligible
19774,Matt Vierling,Not Eligible,Not Eligible
19888,Matt Wagner,Not Eligible,Not Eligible
19909,Matt Walbeck,Not Inducted,Not Inducted
19920,Matt Waldron,Not Eligible,Not Eligible
20000,Matt Wallner,Not Eligible,Not Eligible
20156,Matt Watson,Not Eligible,Not Eligible
20333,Matt West,Not Eligible,Not Eligible
20385,Matt Whisenant,Not Eligible,Not Eligible
20427,Matt White,Not Eligible,Not Eligible
20458,Matt Whiteside,Not Inducted,Not Inducted
20504,Matt Wieters,Not Eligible,Not Eligible
20612,Matt Williams,Not Eligible,Not Eligible
20614,Matt Williams,Not Eligible,Not Eligible
20613,Matt Williams,Not Inducted,Not Inducted
20800,Matt Winters,Not Eligible,Not Eligible
20809,Matt Wise,Not Eligible,Not Eligible
20815,Matt Wisler,Not Eligible,Not Eligible
20966,Matt Wotherspoon,Not Eligible,Not Eligible
21144,Matt Young,Not Eligible,Not Eligible
21145,Matt Young,Not Inducted,Not Inducted
21226,Matt Zieser,Not Eligible,Not Eligible
4718,Matt den Dekker,Not Eligible,Not Eligible
1070,Matthew Batten,Not Eligible,Not Eligible
1928,Matthew Bowman,Not Eligible,Not Eligible
2297,Matthew Brown,Not Eligible,Not Eligible
3173,Matthew Cepicky,Not Eligible,Not Eligible
11037,Matthew Liberatore,Not Eligible,Not Eligible
15298,Matthew Porter,Not Eligible,Not Eligible
301,Matty Alou,Not Inducted,Not Inducted
6033,Matty Fitzgerald,Not Eligible,Not Eligible
12502,Matty McIntyre,Not Inducted,Not Inducted
494,Maurice Archdeacon,Not Eligible,Not Eligible
6009,Maurice Fisher,Not Eligible,Not Eligible
19629,Maurice Van Robays,Not Eligible,Not Eligible
2696,Mauricio Cabrera,Not Eligible,Not Eligible
5172,Mauricio Dubon,Not Eligible,Not Eligible
11169,Mauricio Llovera,Not Eligible,Not Eligible
16246,Mauricio Robles,Not Eligible,Not Eligible
7082,Mauro Gomez,Not Eligible,Not Eligible
7230,Mauro Gozzo,Not Eligible,Not Eligible
21192,Mauro Zarate,Not Eligible,Not Eligible
10011,Maury Kent,Not Eligible,Not Eligible
13874,Maury Newlin,Not Eligible,Not Eligible
19496,Maury Uhler,Not Eligible,Not Eligible
20667,Maury Wills,Not Inducted,Not Inducted
345,Max Alvis,Not Eligible,Not Eligible
1552,Max Bishop,Not Inducted,Not Inducted
2617,Max Butcher,Not Inducted,Not Inducted
2902,Max Carey,Not Inducted,Inducted
3095,Max Castillo,Not Eligible,Not Eligible
6019,Max Fiske,Not Eligible,Not Eligible
6046,Max Flack,Not Inducted,Not Inducted
6380,Max Fried,Not Eligible,Not Eligible
10018,Max Kepler,Not Eligible,Not Eligible
10413,Max Kranick,Not Eligible,Not Eligible
10665,Max Lanier,Not Inducted,Not Inducted
10789,Max Lazar,Not Eligible,Not Eligible
10946,Max Leon,Not Eligible,Not Eligible
11557,Max Macon,Not Eligible,Not Eligible
11873,Max Marshall,Not Eligible,Not Eligible
12866,Max Meyer,Not Eligible,Not Eligible
13383,Max Moroff,Not Eligible,Not Eligible
13550,Max Muncy,Not Eligible,Not Eligible
15331,Max Povse,Not Eligible,Not Eligible
15622,Max Ramirez,Not Eligible,Not Eligible
16510,Max Rosenfeld,Not Eligible,Not Eligible
17053,Max Scherzer,Not Eligible,Not Eligible
17137,Max Schrock,Not Eligible,Not Eligible
17146,Max Schuemann,Not Eligible,Not Eligible
18201,Max St. Pierre,Not Eligible,Not Eligible
18283,Max Stassi,Not Eligible,Not Eligible
18677,Max Surkont,Not Eligible,Not Eligible
19722,Max Venable,Not Inducted,Not Inducted
20335,Max West,Not Eligible,Not Eligible
20334,Max West,Not Eligible,Not Eligible
20726,Max Wilson,Not Eligible,Not Eligible
7514,Mayckol Guaipe,Not Eligible,Not Eligible
17898,Mayo Smith,Not Eligible,Not Eligible
3846,Mays Copeland,Not Eligible,Not Eligible
3336,McKay Christensen,Not Eligible,Not Eligible
13277,McKinley Moore,Not Eligible,Not Eligible
1877,Medric Boucher,Not Eligible,Not Eligible
19791,Meibrys Viloria,Not Eligible,Not Eligible
280,Mel Almada,Not Eligible,Not Eligible
1227,Mel Behney,Not Eligible,Not Eligible
1855,Mel Bosser,Not Eligible,Not Eligible
3433,Mel Clark,Not Eligible,Not Eligible
4772,Mel Deutsch,Not Eligible,Not Eligible
7725,Mel Hall,Not Inducted,Not Inducted
7863,Mel Harder,Not Inducted,Not Inducted
8219,Mel Held,Not Eligible,Not Eligible
8639,Mel Hoderlein,Not Eligible,Not Eligible
9164,Mel Ingram,Not Eligible,Not Eligible
10036,Mel Kerr,Not Eligible,Not Eligible
12178,Mel Mazzera,Not Eligible,Not Eligible
12411,Mel McGaha,Not Eligible,Not Eligible
13826,Mel Nelson,Not Eligible,Not Eligible
14419,Mel Ott,Not Inducted,Inducted
14609,Mel Parnell,Inducted,Not Inducted
15381,Mel Preibisch,Not Eligible,Not Eligible
15497,Mel Queen,Not Eligible,Not Eligible
15496,Mel Queen,Not Eligible,Not Eligible
16148,Mel Roach,Not Eligible,Not Eligible
16396,Mel Rojas,Not Inducted,Not Inducted
17651,Mel Simons,Not Eligible,Not Eligible
18439,Mel Stocker,Not Eligible,Not Eligible
18478,Mel Stottlemyre,Not Inducted,Not Inducted
18479,Mel Stottlemyre,Not Eligible,Not Eligible
20997,Mel Wright,Not Eligible,Not Eligible
14893,Melido Perez,Not Eligible,Not Eligible
2697,Melky Cabrera,Not Inducted,Not Inducted
12827,Melky Mesa,Not Eligible,Not Eligible
20867,Mellie Wolfgang,Not Eligible,Not Eligible
2457,Melvin Bunch,Not Eligible,Not Eligible
5042,Melvin Dorta,Not Eligible,Not Eligible
12791,Melvin Mercedes,Not Eligible,Not Eligible
13295,Melvin Mora,Not Inducted,Not Inducted
13951,Melvin Nieves,Not Eligible,Not Eligible
16484,Melvin Rosario,Not Eligible,Not Eligible
11338,Mem Lovett,Not Eligible,Not Eligible
11425,Memo Luna,Not Eligible,Not Eligible
11300,Mendy Lopez,Not Eligible,Not Eligible
7130,Merandy Gonzalez,Not Eligible,Not Eligible
60,Merito Acosta,Not Eligible,Not Eligible
19578,Merkin Valdez,Not Eligible,Not Eligible
3690,Merl Combs,Not Eligible,Not Eligible
126,Merle Adkins,Not Eligible,Not Eligible
17343,Merle Settlemire,Not Eligible,Not Eligible
10368,Merlin Kopp,Not Eligible,Not Eligible
13962,Merlin Nippert,Not Eligible,Not Eligible
9946,Merrill Kelly,Not Eligible,Not Eligible
12140,Merrill May,Not Eligible,Not Eligible
15671,Merritt Ranew,Not Eligible,Not Eligible
7636,Mert Hackett,Not Eligible,Not Eligible
3759,Merv Connors,Not Eligible,Not Eligible
15893,Merv Rettenmund,Not Inducted,Not Inducted
17435,Merv Shea,Not Inducted,Not Inducted
9262,Merwin Jacobson,Not Eligible,Not Eligible
13654,Miah Murray,Not Eligible,Not Eligible
1912,Micah Bowie,Not Eligible,Not Eligible
6297,Micah Franklin,Not Eligible,Not Eligible
8686,Micah Hoffpauir,Not Eligible,Not Eligible
9506,Micah Johnson,Not Eligible,Not Eligible
14462,Micah Owings,Not Eligible,Not Eligible
613,Michael Aubrey,Not Eligible,Not Eligible
977,Michael Barrett,Not Inducted,Not Inducted
1653,Michael Blazek,Not Eligible,Not Eligible
1886,Michael Bourn,Not Inducted,Not Inducted
1896,Michael Bowden,Not Eligible,Not Eligible
2008,Michael Brady,Not Eligible,Not Eligible
2042,Michael Brantley,Not Eligible,Not Eligible
2591,Michael Busch,Not Eligible,Not Eligible
2816,Michael Campbell,Not Eligible,Not Eligible
3272,Michael Chavis,Not Eligible,Not Eligible
3324,Michael Choice,Not Eligible,Not Eligible
3625,Michael Coleman,Not Eligible,Not Eligible
3713,Michael Conforto,Not Eligible,Not Eligible
4143,Michael Crotta,Not Eligible,Not Eligible
4208,Michael Cuddyer,Not Inducted,Not Inducted
5154,Michael Driscoll,Not Eligible,Not Eligible
5837,Michael Feliz,Not Eligible,Not Eligible
6451,Michael Fulmer,Not Eligible,Not Eligible
7494,Michael Grove,Not Eligible,Not Eligible
7962,Michael Harris,Not Eligible,Not Eligible
8230,Michael Helman,Not Eligible,Not Eligible
8347,Michael Hermosillo,Not Eligible,Not Eligible
8739,Michael Hollimon,Not Eligible,Not Eligible
9232,Michael Jackson,Not Inducted,Not Inducted
9947,Michael Kelly,Not Eligible,Not Eligible
10177,Michael Kirkman,Not Eligible,Not Eligible
10329,Michael Kohn,Not Eligible,Not Eligible
10363,Michael Kopech,Not Eligible,Not Eligible
11316,Michael Lorenzen,Not Eligible,Not Eligible
11814,Michael Mariot,Not Eligible,Not Eligible
11970,Michael Martinez,Not Eligible,Not Eligible
12017,Michael Massey,Not Eligible,Not Eligible
12195,Michael McAtee,Not Eligible,Not Eligible
12348,Michael McDermott,Not Eligible,Not Eligible
12468,Michael McGreevy,Not Eligible,Not Eligible
12529,Michael McKenry,Not Eligible,Not Eligible
12784,Michael Mercado,Not Eligible,Not Eligible
13848,Michael Neu,Not Eligible,Not Eligible
14558,Michael Papierski,Not Eligible,Not Eligible
14894,Michael Perez,Not Eligible,Not Eligible
14973,Michael Petersen,Not Eligible,Not Eligible
15158,Michael Pineda,Not Eligible,Not Eligible
15205,Michael Plassmeyer,Not Eligible,Not Eligible
15784,Michael Reed,Not Eligible,Not Eligible
15892,Michael Restovich,Not Eligible,Not Eligible
16546,Michael Roth,Not Eligible,Not Eligible
16601,Michael Rucker,Not Eligible,Not Eligible
16941,Michael Saunders,Not Eligible,Not Eligible
17198,Michael Schwimer,Not Eligible,Not Eligible
17591,Michael Siani,Not Eligible,Not Eligible
18312,Michael Stefanic,Not Eligible,Not Eligible
18586,Michael Stutes,Not Eligible,Not Eligible
18912,Michael Taylor,Not Eligible,Not Eligible
18913,Michael Taylor,Not Eligible,Not Eligible
18948,Michael Tejera,Not Eligible,Not Eligible
19228,Michael Toglia,Not Eligible,Not Eligible
19260,Michael Tonkin,Not Eligible,Not Eligible
19415,Michael Tucker,Not Inducted,Not Inducted
19852,Michael Wacha,Not Eligible,Not Eligible
21015,Michael Wuertz,Not Eligible,Not Eligible
21088,Michael Ynoa,Not Eligible,Not Eligible
21146,Michael Young,Not Inducted,Not Inducted
13724,Micheal Nakamura,Not Eligible,Not Eligible
702,Michel Baez,Not Eligible,Not Eligible
8385,Michel Hernandez,Not Eligible,Not Eligible
14405,Michel Otañez,Not Eligible,Not Eligible
9898,Mick Kelleher,Not Inducted,Not Inducted
2043,Mickey Brantley,Not Eligible,Not Eligible
2759,Mickey Callaway,Not Eligible,Not Eligible
3560,Mickey Cochrane,Not Inducted,Inducted
3866,Mickey Corcoran,Not Eligible,Not Eligible
4782,Mickey Devine,Not Eligible,Not Eligible
5021,Mickey Doolin,Not Inducted,Not Inducted
6707,Mickey Gasper,Not Eligible,Not Eligible
7295,Mickey Grasso,Not Eligible,Not Eligible
7645,Mickey Haefner,Not Eligible,Not Eligible
7932,Mickey Harrington,Not Eligible,Not Eligible
7963,Mickey Harris,Not Eligible,Not Eligible
8045,Mickey Haslin,Not Eligible,Not Eligible
8061,Mickey Hatcher,Not Inducted,Not Inducted
8159,Mickey Heath,Not Eligible,Not Eligible
9013,Mickey Hughes,Not Eligible,Not Eligible
9305,Mickey Jannis,Not Eligible,Not Eligible
9891,Mickey Keliher,Not Eligible,Not Eligible
10244,Mickey Klutts,Not Eligible,Not Eligible
10431,Mickey Kreitner,Not Eligible,Not Eligible
11161,Mickey Livingston,Not Inducted,Not Inducted
11226,Mickey Lolich,Inducted,Inducted
11301,Mickey Lopez,Not Eligible,Not Eligible
11639,Mickey Mahler,Not Eligible,Not Eligible
11772,Mickey Mantle,Inducted,Inducted
12349,Mickey McDermott,Not Inducted,Not Inducted
12371,Mickey McDonald,Not Eligible,Not Eligible
12459,Mickey McGowan,Not Eligible,Not Eligible
12481,Mickey McGuire,Not Eligible,Not Eligible
12877,Mickey Micelotta,Not Eligible,Not Eligible
13187,Mickey Moniak,Not Eligible,Not Eligible
13321,Mickey Morandini,Not Inducted,Not Inducted
14281,Mickey O'Neil,Not Eligible,Not Eligible
14448,Mickey Owen,Not Inducted,Not Inducted
16136,Mickey Rivers,Not Inducted,Not Inducted
16255,Mickey Rocco,Not Eligible,Not Eligible
16680,Mickey Rutner,Not Eligible,Not Eligible
17227,Mickey Scott,Not Eligible,Not Eligible
18256,Mickey Stanley,Not Inducted,Not Inducted
18472,Mickey Storey,Not Eligible,Not Eligible
18998,Mickey Tettleton,Not Inducted,Not Inducted
19752,Mickey Vernon,Inducted,Not Inducted
20261,Mickey Welch,Inducted,Inducted
20347,Mickey Weston,Not Eligible,Not Eligible
20822,Mickey Witek,Not Eligible,Not Eligible
4238,Midre Cummings,Not Inducted,Not Inducted
15445,Migel Puente,Not Eligible,Not Eligible
145,Miguel Aguilar,Not Eligible,Not Eligible
289,Miguel Almonte,Not Eligible,Not Eligible
356,Miguel Amaya,Not Eligible,Not Eligible
455,Miguel Andujar,Not Eligible,Not Eligible
571,Miguel Asencio,Not Eligible,Not Eligible
1062,Miguel Batista,Not Inducted,Not Inducted
2698,Miguel Cabrera,Not Eligible,Not Eligible
2723,Miguel Cairo,Not Inducted,Not Inducted
3121,Miguel Castro,Not Eligible,Not Eligible
4657,Miguel Del Pozo,Not Eligible,Not Eligible
4660,Miguel Del Toro,Not Eligible,Not Eligible
4830,Miguel Diaz,Not Eligible,Not Eligible
4896,Miguel Dilone,Not Inducted,Not Inducted
6423,Miguel Fuentes,Not Eligible,Not Eligible
6620,Miguel Garcia,Not Eligible,Not Eligible
7083,Miguel Gomez,Not Eligible,Not Eligible
7132,Miguel Gonzalez,Not Eligible,Not Eligible
7133,Miguel Gonzalez,Not Eligible,Not Eligible
7131,Miguel Gonzalez,Not Eligible,Not Eligible
9409,Miguel Jimenez,Not Eligible,Not Eligible
12725,Miguel Mejia,Not Eligible,Not Eligible
13210,Miguel Montero,Not Inducted,Not Inducted
14195,Miguel Ojeda,Not Eligible,Not Eligible
14234,Miguel Olivo,Not Inducted,Not Inducted
14895,Miguel Perez,Not Eligible,Not Eligible
16397,Miguel Rojas,Not Eligible,Not Eligible
16830,Miguel Sanchez,Not Eligible,Not Eligible
16879,Miguel Sano,Not Eligible,Not Eligible
18019,Miguel Socolovich,Not Eligible,Not Eligible
18943,Miguel Tejada,Not Inducted,Not Inducted
19657,Miguel Vargas,Not Eligible,Not Eligible
21040,Miguel Yajure,Not Eligible,Not Eligible
4562,Miguel de la Hoz,Not Eligible,Not Eligible
97,Mike Adams,Not Inducted,Not Inducted
98,Mike Adams,Not Eligible,Not Eligible
111,Mike Adamson,Not Eligible,Not Eligible
196,Mike Aldrete,Not Inducted,Not Inducted
412,Mike Anderson,Not Eligible,Not Eligible
413,Mike Anderson,Not Eligible,Not Eligible
442,Mike Andrews,Not Eligible,Not Eligible
534,Mike Armstrong,Not Eligible,Not Eligible
650,Mike Aviles,Not Inducted,Not Inducted
682,Mike Bacsik,Not Eligible,Not Eligible
683,Mike Bacsik,Not Eligible,Not Eligible
783,Mike Balas,Not Eligible,Not Eligible
806,Mike Balenti,Not Eligible,Not Eligible
902,Mike Barlow,Not Eligible,Not Eligible
1090,Mike Baumann,Not Eligible,Not Eligible
1110,Mike Baxes,Not Eligible,Not Eligible
1111,Mike Baxter,Not Eligible,Not Eligible
1142,Mike Beard,Not Eligible,Not Eligible
1237,Mike Belfiore,Not Eligible,Not Eligible
1270,Mike Bell,Not Eligible,Not Eligible
1269,Mike Bell,Not Eligible,Not Eligible
1318,Mike Benjamin,Not Inducted,Not Inducted
1436,Mike Bertotti,Not Eligible,Not Eligible
1494,Mike Bielecki,Not Inducted,Not Inducted
1536,Mike Birkbeck,Not Eligible,Not Eligible
1553,Mike Bishop,Not Eligible,Not Eligible
1683,Mike Blowers,Not Inducted,Not Inducted
1695,Mike Blyzka,Not Eligible,Not Eligible
1710,Mike Boddicker,Not Inducted,Not Inducted
1761,Mike Bolsinger,Not Eligible,Not Eligible
1829,Mike Bordick,Not Inducted,Not Inducted
1892,Mike Bovee,Not Eligible,Not Eligible
2035,Mike Brannock,Not Eligible,Not Eligible
2115,Mike Brewer,Not Eligible,Not Eligible
2181,Mike Broadway,Not Eligible,Not Eligible
2218,Mike Brosseau,Not Eligible,Not Eligible
2299,Mike Brown,Not Eligible,Not Eligible
2298,Mike Brown,Not Eligible,Not Eligible
2351,Mike Bruhert,Not Eligible,Not Eligible
2357,Mike Brumley,Not Eligible,Not Eligible
2358,Mike Brumley,Not Eligible,Not Eligible
2419,Mike Buddie,Not Eligible,Not Eligible
2421,Mike Budnick,Not Eligible,Not Eligible
2510,Mike Burke,Not Eligible,Not Eligible
2551,Mike Burns,Not Eligible,Not Eligible
2574,Mike Burrows,Not Eligible,Not Eligible
2586,Mike Busby,Not Eligible,Not Eligible
2592,Mike Busch,Not Eligible,Not Eligible
2611,Mike Buskey,Not Eligible,Not Eligible
2618,Mike Butcher,Not Eligible,Not Eligible
2661,Mike Bynum,Not Eligible,Not Eligible
2730,Mike Caldwell,Not Inducted,Not Inducted
2777,Mike Cameron,Not Inducted,Not Inducted
2817,Mike Campbell,Not Eligible,Not Eligible
2866,Mike Cantwell,Not Eligible,Not Eligible
2872,Mike Capel,Not Eligible,Not Eligible
2942,Mike Carp,Not Eligible,Not Eligible
3020,Mike Caruso,Not Eligible,Not Eligible
3132,Mike Cather,Not Eligible,Not Eligible
3181,Mike Cervenak,Not Eligible,Not Eligible
3214,Mike Champion,Not Eligible,Not Eligible
3257,Mike Chartak,Not Eligible,Not Eligible
3331,Mike Chris,Not Eligible,Not Eligible
3351,Mike Christopher,Not Eligible,Not Eligible
3434,Mike Clark,Not Eligible,Not Eligible
3517,Mike Clevinger,Not Eligible,Not Eligible
3588,Mike Colangelo,Not Eligible,Not Eligible
3591,Mike Colbern,Not Eligible,Not Eligible
3700,Mike Compton,Not Eligible,Not Eligible
3804,Mike Cook,Not Eligible,Not Eligible
3813,Mike Coolbaugh,Not Eligible,Not Eligible
3867,Mike Corcoran,Not Eligible,Not Eligible
3891,Mike Corkins,Not Eligible,Not Eligible
3925,Mike Cosgrove,Not Eligible,Not Eligible
3929,Mike Costanzo,Not Eligible,Not Eligible
3949,Mike Couchee,Not Eligible,Not Eligible
4171,Mike Crudale,Not Eligible,Not Eligible
4203,Mike Cubbage,Not Eligible,Not Eligible
4212,Mike Cuellar,Inducted,Inducted
4250,Mike Cunningham,Not Eligible,Not Eligible
4294,Mike Cvengros,Not Eligible,Not Eligible
4339,Mike Dalton,Not Eligible,Not Eligible
4394,Mike Darr,Not Eligible,Not Eligible
4395,Mike Darr,Not Eligible,Not Eligible
4426,Mike Davey,Not Eligible,Not Eligible
4501,Mike Davis,Not Inducted,Not Inducted
4525,Mike Davison,Not Eligible,Not Eligible
4638,Mike DeGerick,Not Eligible,Not Eligible
4650,Mike DeJean,Not Inducted,Not Inducted
4735,Mike DePangher,Not Eligible,Not Eligible
4649,Mike Dejan,Not Eligible,Not Eligible
4745,Mike Derrick,Not Eligible,Not Eligible
4776,Mike Devereaux,Not Inducted,Not Inducted
4831,Mike Diaz,Not Eligible,Not Eligible
4875,Mike Difelice,Not Inducted,Not Inducted
4901,Mike Dimmel,Not Eligible,Not Eligible
4995,Mike Donlin,Not Inducted,Not Inducted
5017,Mike Donovan,Not Eligible,Not Eligible
5030,Mike Dorgan,Not Inducted,Not Inducted
5125,Mike Draper,Not Eligible,Not Eligible
5157,Mike Drissel,Not Eligible,Not Eligible
5252,Mike Dunn,Not Inducted,Not Inducted
5259,Mike Dunne,Not Eligible,Not Eligible
5269,Mike Dupree,Not Eligible,Not Eligible
5277,Mike Durant,Not Eligible,Not Eligible
5305,Mike Duvall,Not Eligible,Not Eligible
5319,Mike Dyer,Not Eligible,Not Eligible
5342,Mike Easler,Not Inducted,Not Inducted
5388,Mike Eden,Not Eligible,Not Eligible
5418,Mike Edwards,Not Eligible,Not Eligible
5417,Mike Edwards,Not Eligible,Not Eligible
5458,Mike Ekstrom,Not Eligible,Not Eligible
5574,Mike Epstein,Not Eligible,Not Eligible
5632,Mike Esposito,Not Eligible,Not Eligible
5778,Mike Farmer,Not Eligible,Not Eligible
5826,Mike Felder,Not Inducted,Not Inducted
5883,Mike Ferraro,Not Eligible,Not Eligible
5902,Mike Fetters,Not Inducted,Not Inducted
5928,Mike Fiers,Not Eligible,Not Eligible
5933,Mike Figga,Not Eligible,Not Eligible
5973,Mike Fiore,Not Eligible,Not Eligible
5987,Mike Fischlin,Not Inducted,Not Inducted
6035,Mike Fitzgerald,Not Inducted,Not Inducted
6034,Mike Fitzgerald,Not Eligible,Not Eligible
6058,Mike Flanagan,Not Inducted,Not Inducted
6135,Mike Flynn,Not Eligible,Not Eligible
6154,Mike Foltynewicz,Not Eligible,Not Eligible
6160,Mike Fontenot,Not Eligible,Not Eligible
6180,Mike Ford,Not Eligible,Not Eligible
6194,Mike Fornieles,Not Inducted,Not Inducted
6292,Mike Frank,Not Eligible,Not Eligible
6341,Mike Freeman,Not Eligible,Not Eligible
6424,Mike Fuentes,Not Eligible,Not Eligible
6470,Mike Fyhrie,Not Eligible,Not Eligible
6530,Mike Gallego,Not Inducted,Not Inducted
6538,Mike Gallo,Not Eligible,Not Eligible
6576,Mike Garbark,Not Eligible,Not Eligible
6621,Mike Garcia,Inducted,Not Inducted
6622,Mike Garcia,Not Eligible,Not Eligible
6642,Mike Gardiner,Not Eligible,Not Eligible
6671,Mike Garman,Not Eligible,Not Eligible
6721,Mike Gates,Not Eligible,Not Eligible
6729,Mike Gaule,Not Eligible,Not Eligible
6735,Mike Gazella,Not Eligible,Not Eligible
6791,Mike Gerber,Not Eligible,Not Eligible
6988,Mike Glavine,Not Eligible,Not Eligible
7051,Mike Golden,Not Eligible,Not Eligible
7064,Mike Goliat,Not Eligible,Not Eligible
7134,Mike Gonzalez,Not Inducted,Not Inducted
7135,Mike Gonzalez,Not Inducted,Not Inducted
7156,Mike Goodfellow,Not Eligible,Not Eligible
7182,Mike Gordon,Not Eligible,Not Eligible
7212,Mike Gosling,Not Eligible,Not Eligible
7243,Mike Grace,Not Eligible,Not Eligible
7242,Mike Grace,Not Eligible,Not Eligible
7247,Mike Grady,Not Inducted,Not Inducted
7379,Mike Greenwell,Not Inducted,Not Inducted
7423,Mike Griffin,Not Inducted,Not Inducted
7424,Mike Griffin,Not Eligible,Not Eligible
7511,Mike Grzanich,Not Eligible,Not Eligible
7526,Mike Guerra,Not Eligible,Not Eligible
7557,Mike Gulan,Not Eligible,Not Eligible
7789,Mike Hampton,Not Inducted,Not Inducted
7806,Mike Handiboe,Not Eligible,Not Eligible
7888,Mike Hargrove,Not Inducted,Not Inducted
7890,Mike Harkey,Not Eligible,Not Eligible
8001,Mike Hart,Not Eligible,Not Eligible
8002,Mike Hart,Not Eligible,Not Eligible
8012,Mike Hartley,Not Eligible,Not Eligible
8078,Mike Hauschild,Not Eligible,Not Eligible
8160,Mike Heath,Not Inducted,Not Inducted
8166,Mike Heathcott,Not Eligible,Not Eligible
8174,Mike Hechinger,Not Eligible,Not Eligible
8178,Mike Hedlund,Not Eligible,Not Eligible
8187,Mike Hegan,Not Inducted,Not Inducted
8287,Mike Henneman,Not Inducted,Not Inducted
8424,Mike Herrera,Not Eligible,Not Eligible
8446,Mike Hershberger,Not Inducted,Not Inducted
8461,Mike Hessman,Not Eligible,Not Eligible
8477,Mike Heydon,Not Eligible,Not Eligible
8489,Mike Hickey,Not Eligible,Not Eligible
8590,Mike Hinckley,Not Eligible,Not Eligible
8594,Mike Hines,Not Eligible,Not Eligible
8786,Mike Holtz,Not Eligible,Not Eligible
8804,Mike Hooper,Not Eligible,Not Eligible
8820,Mike Hopkins,Not Eligible,Not Eligible
8907,Mike Howard,Not Eligible,Not Eligible
8954,Mike Hubbard,Not Eligible,Not Eligible
8992,Mike Huff,Not Eligible,Not Eligible
9051,Mike Humphreys,Not Eligible,Not Eligible
9146,Mike Ignasiak,Not Eligible,Not Eligible
9196,Mike Ivie,Not Inducted,Not Inducted
9233,Mike Jackson,Not Eligible,Not Eligible
9253,Mike Jacobs,Not Eligible,Not Eligible
9254,Mike Jacobs,Not Eligible,Not Eligible
9296,Mike James,Not Eligible,Not Eligible
9340,Mike Jeffcoat,Not Inducted,Not Inducted
9380,Mike Jerzembeck,Not Eligible,Not Eligible
9508,Mike Johnson,Not Eligible,Not Eligible
9507,Mike Johnson,Not Eligible,Not Eligible
9550,Mike Johnston,Not Eligible,Not Eligible
9632,Mike Jones,Not Eligible,Not Eligible
9633,Mike Jones,Not Eligible,Not Eligible
9676,Mike Jordan,Not Eligible,Not Eligible
9690,Mike Jorgensen,Not Inducted,Not Inducted
9714,Mike Joyce,Not Eligible,Not Eligible
9716,Mike Judd,Not Eligible,Not Eligible
9741,Mike Jurewicz,Not Eligible,Not Eligible
9763,Mike Kahoe,Not Inducted,Not Inducted
9887,Mike Kekich,Not Eligible,Not Eligible
9912,Mike Kelley,Not Eligible,Not Eligible
9948,Mike Kelly,Not Eligible,Not Eligible
9949,Mike Kelly,Not Eligible,Not Eligible
10057,Mike Kickham,Not Eligible,Not Eligible
10082,Mike Kilkenny,Not Eligible,Not Eligible
10093,Mike Kilroy,Not Eligible,Not Eligible
10128,Mike King,Not Eligible,Not Eligible
10135,Mike Kingery,Not Inducted,Not Inducted
10142,Mike Kinkade,Not Eligible,Not Eligible
10149,Mike Kinnunen,Not Eligible,Not Eligible
10170,Mike Kircher,Not Eligible,Not Eligible
10276,Mike Knode,Not Eligible,Not Eligible
10351,Mike Konnick,Not Eligible,Not Eligible
10367,Mike Koplove,Not Eligible,Not Eligible
10384,Mike Kosman,Not Eligible,Not Eligible
10427,Mike Kreevich,Not Inducted,Not Inducted
10462,Mike Krsnich,Not Eligible,Not Eligible
10475,Mike Krukow,Not Inducted,Not Inducted
10506,Mike Kume,Not Eligible,Not Eligible
10547,Mike LaCoss,Not Inducted,Not Inducted
10745,Mike LaValliere,Not Inducted,Not Inducted
10565,Mike Laga,Not Eligible,Not Eligible
10600,Mike Lamb,Not Inducted,Not Inducted
10676,Mike Lansing,Not Eligible,Not Eligible
10761,Mike Lawlor,Not Eligible,Not Eligible
10806,Mike Leake,Not Inducted,Not Inducted
10830,Mike Ledwith,Not Eligible,Not Eligible
10859,Mike Lee,Not Eligible,Not Eligible
10885,Mike Lehane,Not Eligible,Not Eligible
11048,Mike Lieberthal,Not Inducted,Not Inducted
11072,Mike Lincoln,Not Eligible,Not Eligible
11177,Mike Loan,Not Eligible,Not Eligible
11358,Mike Lowell,Not Inducted,Not Inducted
11370,Mike Loynd,Not Eligible,Not Eligible
11420,Mike Lum,Not Inducted,Not Inducted
11469,Mike Lynch,Not Eligible,Not Eligible
11470,Mike Lynch,Not Eligible,Not Eligible
11511,Mike MacDougal,Not Inducted,Not Inducted
11514,Mike Macfarlane,Not Inducted,Not Inducted
11518,Mike Macha,Not Eligible,Not Eligible
11571,Mike Madden,Not Eligible,Not Eligible
11583,Mike Maddux,Not Inducted,Not Inducted
11612,Mike Magnante,Not Inducted,Not Inducted
11651,Mike Mahoney,Not Eligible,Not Eligible
11650,Mike Mahoney,Not Eligible,Not Eligible
11674,Mike Maksudian,Not Eligible,Not Eligible
11765,Mike Mansell,Not Eligible,Not Eligible
11817,Mike Marjama,Not Eligible,Not Eligible
11834,Mike Maroth,Not Eligible,Not Eligible
11875,Mike Marshall,Not Inducted,Not Inducted
11874,Mike Marshall,Not Inducted,Not Inducted
11924,Mike Martin,Not Eligible,Not Eligible
12012,Mike Mason,Not Eligible,Not Eligible
12018,Mike Massey,Not Eligible,Not Eligible
12038,Mike Matheny,Not Inducted,Not Inducted
12082,Mike Matthews,Not Eligible,Not Eligible
12090,Mike Mattimore,Not Eligible,Not Eligible
12155,Mike Mayers,Not Eligible,Not Eligible
12282,Mike McClendon,Not Eligible,Not Eligible
12301,Mike McCormack,Not Eligible,Not Eligible
12311,Mike McCormick,Not Inducted,Not Inducted
12310,Mike McCormick,Not Inducted,Not Inducted
12318,Mike McCoy,Not Eligible,Not Eligible
12350,Mike McDermott,Not Eligible,Not Eligible
12418,Mike McGeary,Not Inducted,Not Inducted
12608,Mike McNally,Not Inducted,Not Inducted
12636,Mike McQueen,Not Eligible,Not Eligible
12767,Mike Mendoza,Not Eligible,Not Eligible
12778,Mike Menosky,Not Eligible,Not Eligible
12781,Mike Meola,Not Eligible,Not Eligible
12838,Mike Metcalfe,Not Eligible,Not Eligible
12910,Mike Milchin,Not Eligible,Not Eligible
12917,Mike Miley,Not Eligible,Not Eligible
12990,Mike Miller,Not Eligible,Not Eligible
13057,Mike Milosevich,Not Eligible,Not Eligible
13061,Mike Mimbs,Not Eligible,Not Eligible
13077,Mike Minor,Not Eligible,Not Eligible
13096,Mike Misuraca,Not Eligible,Not Eligible
13114,Mike Mitchell,Not Eligible,Not Eligible
13133,Mike Modak,Not Eligible,Not Eligible
13148,Mike Mohler,Not Eligible,Not Eligible
13219,Mike Montgomery,Not Eligible,Not Eligible
13278,Mike Moore,Not Inducted,Not Inducted
13323,Mike Mordecai,Not Inducted,Not Inducted
13362,Mike Morgan,Inducted,Not Inducted
13374,Mike Moriarty,Not Eligible,Not Eligible
13377,Mike Morin,Not Eligible,Not Eligible
13415,Mike Morrison,Not Eligible,Not Eligible
13426,Mike Morse,Not Inducted,Not Inducted
13484,Mike Moustakas,Not Eligible,Not Eligible
13488,Mike Mowrey,Not Inducted,Not Inducted
13495,Mike Moynahan,Not Eligible,Not Eligible
13516,Mike Muldoon,Not Eligible,Not Eligible
13565,Mike Munoz,Not Inducted,Not Inducted
13621,Mike Murphy,Not Eligible,Not Eligible
13676,Mike Mussina,Not Inducted,Inducted
13698,Mike Myers,Not Inducted,Not Inducted
13719,Mike Nagy,Not Eligible,Not Eligible
13734,Mike Napoli,Not Inducted,Not Inducted
13776,Mike Naymick,Not Eligible,Not Eligible
13803,Mike Neill,Not Eligible,Not Eligible
13917,Mike Nickeas,Not Eligible,Not Eligible
14024,Mike Norris,Not Inducted,Not Inducted
14092,Mike O'Berry,Not Eligible,Not Eligible
14135,Mike O'Connor,Not Eligible,Not Eligible
14291,Mike O'Neill,Not Eligible,Not Eligible
14327,Mike O'Rourke,Not Eligible,Not Eligible
14187,Mike Ohlman,Not Eligible,Not Eligible
14262,Mike Olt,Not Eligible,Not Eligible
14303,Mike Oquist,Not Eligible,Not Eligible
14437,Mike Overy,Not Eligible,Not Eligible
14503,Mike Page,Not Eligible,Not Eligible
14513,Mike Pagliarulo,Not Inducted,Not Inducted
14525,Mike Palagyi,Not Eligible,Not Eligible
14532,Mike Palm,Not Eligible,Not Eligible
14575,Mike Parisi,Not Eligible,Not Eligible
14626,Mike Parrott,Not Eligible,Not Eligible
14651,Mike Pasquella,Not Eligible,Not Eligible
14683,Mike Patterson,Not Eligible,Not Eligible
14702,Mike Paul,Not Eligible,Not Eligible
14722,Mike Paxton,Not Eligible,Not Eligible
14728,Mike Payne,Not Eligible,Not Eligible
14734,Mike Pazik,Not Eligible,Not Eligible
14785,Mike Pelfrey,Not Inducted,Not Inducted
14896,Mike Perez,Not Eligible,Not Eligible
15074,Mike Phillips,Not Inducted,Not Inducted
15089,Mike Piazza,Inducted,Inducted
15230,Mike Poepping,Not Eligible,Not Eligible
15305,Mike Porzio,Not Eligible,Not Eligible
15321,Mike Potter,Not Eligible,Not Eligible
15325,Mike Potts,Not Eligible,Not Eligible
15362,Mike Powers,Not Eligible,Not Eligible
15383,Mike Prendergast,Not Eligible,Not Eligible
15428,Mike Proly,Not Eligible,Not Eligible
15487,Mike Quade,Not Eligible,Not Eligible
15547,Mike Rabelo,Not Eligible,Not Eligible
15551,Mike Raczka,Not Eligible,Not Eligible
15659,Mike Ramsey,Not Eligible,Not Eligible
15658,Mike Ramsey,Not Eligible,Not Eligible
15762,Mike Redmond,Not Inducted,Not Inducted
15806,Mike Regan,Not Eligible,Not Eligible
15837,Mike Reinbach,Not Eligible,Not Eligible
15863,Mike Remlinger,Not Inducted,Not Inducted
16008,Mike Richardt,Not Eligible,Not Eligible
16127,Mike Rivera,Not Eligible,Not Eligible
16149,Mike Roach,Not Eligible,Not Eligible
16153,Mike Roarke,Not Eligible,Not Eligible
16200,Mike Robertson,Not Eligible,Not Eligible
16260,Mike Rochford,Not Eligible,Not Eligible
16349,Mike Roesler,Not Eligible,Not Eligible
16380,Mike Rogodzinski,Not Eligible,Not Eligible
16421,Mike Romano,Not Eligible,Not Eligible
16495,Mike Rose,Not Eligible,Not Eligible
16556,Mike Rouse,Not Eligible,Not Eligible
16573,Mike Rowland,Not Eligible,Not Eligible
16703,Mike Ryan,Not Eligible,Not Eligible
16702,Mike Ryan,Not Eligible,Not Eligible
16701,Mike Ryan,Not Inducted,Not Inducted
16709,Mike Ryba,Not Inducted,Not Inducted
16729,Mike Sadek,Not Eligible,Not Eligible
16752,Mike Saipe,Not Eligible,Not Eligible
16859,Mike Sandlock,Not Eligible,Not Eligible
16982,Mike Scanlon,Not Eligible,Not Eligible
17043,Mike Schemer,Not Eligible,Not Eligible
17094,Mike Schmidt,Inducted,Inducted
17122,Mike Schooler,Not Eligible,Not Eligible
17168,Mike Schultz,Not Eligible,Not Eligible
17169,Mike Schultz,Not Eligible,Not Eligible
17185,Mike Schwabe,Not Eligible,Not Eligible
17203,Mike Scioscia,Not Inducted,Not Inducted
17228,Mike Scott,Not Inducted,Not Inducted
17314,Mike Sember,Not Eligible,Not Eligible
17395,Mike Shannon,Not Eligible,Not Eligible
17407,Mike Sharperson,Not Eligible,Not Eligible
17429,Mike Shawaryn,Not Eligible,Not Eligible
17436,Mike Shea,Not Eligible,Not Eligible
17527,Mike Shildt,Not Eligible,Not Eligible
17644,Mike Simms,Not Eligible,Not Eligible
17647,Mike Simon,Not Eligible,Not Eligible
17683,Mike Sirotka,Not Eligible,Not Eligible
17740,Mike Slattery,Not Eligible,Not Eligible
17902,Mike Smith,Not Eligible,Not Eligible
17900,Mike Smith,Not Eligible,Not Eligible
17901,Mike Smith,Not Eligible,Not Eligible
17899,Mike Smith,Not Eligible,Not Eligible
17951,Mike Smithson,Not Eligible,Not Eligible
18064,Mike Soroka,Not Eligible,Not Eligible
18197,Mike Squires,Not Inducted,Not Inducted
18257,Mike Stanley,Not Inducted,Not Inducted
18263,Mike Stanton,Not Eligible,Not Eligible
18264,Mike Stanton,Not Inducted,Not Inducted
18342,Mike Stenhouse,Not Eligible,Not Eligible
18493,Mike Strahler,Not Eligible,Not Eligible
18647,Mike Sullivan,Not Inducted,Not Inducted
18646,Mike Sullivan,Not Eligible,Not Eligible
18747,Mike Sweeney,Not Inducted,Not Inducted
18858,Mike Tauchman,Not Eligible,Not Eligible
19068,Mike Thomas,Not Eligible,Not Eligible
19114,Mike Thompson,Not Eligible,Not Eligible
19115,Mike Thompson,Not Eligible,Not Eligible
19165,Mike Thurman,Not Eligible,Not Eligible
19176,Mike Tiernan,Not Inducted,Not Inducted
19191,Mike Timlin,Not Inducted,Not Inducted
19258,Mike Tonis,Not Eligible,Not Eligible
19297,Mike Torrez,Not Inducted,Not Inducted
19363,Mike Tresh,Not Inducted,Not Inducted
19380,Mike Trombley,Not Inducted,Not Inducted
19386,Mike Trost,Not Eligible,Not Eligible
19391,Mike Trout,Not Eligible,Not Eligible
19402,Mike Trujillo,Not Eligible,Not Eligible
19483,Mike Tyson,Not Inducted,Not Inducted
19499,Mike Ulicny,Not Eligible,Not Eligible
19556,Mike Vail,Not Inducted,Not Inducted
19724,Mike Venafro,Not Eligible,Not Eligible
19728,Mike Vento,Not Eligible,Not Eligible
19952,Mike Walker,Not Eligible,Not Eligible
19951,Mike Walker,Not Eligible,Not Eligible
19991,Mike Wallace,Not Eligible,Not Eligible
20022,Mike Walsh,Not Eligible,Not Eligible
20035,Mike Walters,Not Eligible,Not Eligible
20101,Mike Warren,Not Eligible,Not Eligible
20225,Mike Wegener,Not Eligible,Not Eligible
20262,Mike Welch,Not Eligible,Not Eligible
20268,Mike Welday,Not Eligible,Not Eligible
20428,Mike White,Not Eligible,Not Eligible
20615,Mike Williams,Not Inducted,Not Inducted
20657,Mike Willis,Not Eligible,Not Eligible
20727,Mike Wilson,Not Eligible,Not Eligible
20728,Mike Wilson,Not Eligible,Not Eligible
20833,Mike Witt,Not Inducted,Not Inducted
20900,Mike Wood,Not Eligible,Not Eligible
20912,Mike Woodard,Not Eligible,Not Eligible
20998,Mike Wright,Not Eligible,Not Eligible
21058,Mike Yastrzemski,Not Eligible,Not Eligible
21095,Mike York,Not Eligible,Not Eligible
21147,Mike Young,Not Eligible,Not Eligible
21178,Mike Zagurski,Not Eligible,Not Eligible
21264,Mike Zunino,Not Eligible,Not Eligible
11652,Mikie Mahtook,Not Eligible,Not Eligible
12026,Miles Mastrobuoni,Not Eligible,Not Eligible
12904,Miles Mikolas,Not Eligible,Not Eligible
8998,Miller Huggins,Inducted,Inducted
278,Milo Allison,Not Eligible,Not Eligible
2843,Milo Candini,Not Eligible,Not Eligible
11199,Milo Lockwood,Not Eligible,Not Eligible
13847,Milo Netzel,Not Eligible,Not Eligible
1702,Milt Bocek,Not Eligible,Not Eligible
1758,Milt Bolling,Not Eligible,Not Eligible
2676,Milt Byrnes,Not Eligible,Not Eligible
4293,Milt Cuyler,Not Eligible,Not Eligible
6508,Milt Galatzer,Not Eligible,Not Eligible
6716,Milt Gaston,Not Inducted,Not Inducted
7251,Milt Graff,Not Eligible,Not Eligible
7322,Milt Gray,Not Eligible,Not Eligible
8558,Milt Hill,Not Eligible,Not Eligible
9677,Milt Jordan,Not Eligible,Not Eligible
12141,Milt May,Not Inducted,Not Inducted
13935,Milt Nielsen,Not Eligible,Not Eligible
14562,Milt Pappas,Not Inducted,Not Inducted
15623,Milt Ramirez,Not Eligible,Not Eligible
15785,Milt Reed,Not Eligible,Not Eligible
17229,Milt Scott,Not Eligible,Not Eligible
17554,Milt Shoffner,Not Eligible,Not Eligible
17903,Milt Smith,Not Eligible,Not Eligible
18307,Milt Steengrafe,Not Eligible,Not Eligible
18435,Milt Stock,Not Inducted,Not Inducted
19116,Milt Thompson,Not Inducted,Not Inducted
20157,Milt Watson,Not Eligible,Not Eligible
20263,Milt Welch,Not Eligible,Not Eligible
20447,Milt Whitehead,Not Eligible,Not Eligible
20515,Milt Wilcox,Not Inducted,Not Inducted
1991,Milton Bradley,Not Inducted,Not Inducted
12768,Minnie Mendoza,Not Eligible,Not Eligible
13079,Minnie Minoso,Inducted,Inducted
16398,Minnie Rojas,Not Eligible,Not Eligible
601,Mitch Atkins,Not Eligible,Not Eligible
3288,Mitch Chetkovich,Not Eligible,Not Eligible
6697,Mitch Garver,Not Eligible,Not Eligible
7820,Mitch Haniger,Not Eligible,Not Eligible
7964,Mitch Harris,Not Eligible,Not Eligible
9634,Mitch Jones,Not Eligible,Not Eligible
9904,Mitch Keller,Not Eligible,Not Eligible
11457,Mitch Lyden,Not Eligible,Not Eligible
11654,Mitch Maier,Not Eligible,Not Eligible
12751,Mitch Meluskey,Not Eligible,Not Eligible
13334,Mitch Moreland,Not Eligible,Not Eligible
18130,Mitch Spence,Not Eligible,Not Eligible
18374,Mitch Stetter,Not Eligible,Not Eligible
18803,Mitch Talbot,Not Eligible,Not Eligible
19917,Mitch Walding,Not Eligible,Not Eligible
20215,Mitch Webster,Not Inducted,Not Inducted
20429,Mitch White,Not Eligible,Not Eligible
20616,Mitch Williams,Not Inducted,Not Inducted
1725,Mitchell Boggs,Not Eligible,Not Eligible
14504,Mitchell Page,Not Eligible,Not Eligible
14594,Mitchell Parker,Not Eligible,Not Eligible
16873,Mo Sanford,Not Eligible,Not Eligible
19690,Mo Vaughn,Not Inducted,Not Inducted
1363,Moe Berg,Not Inducted,Not Inducted
2581,Moe Burtschy,Not Eligible,Not Eligible
5113,Moe Drabowsky,Not Inducted,Not Inducted
6298,Moe Franklin,Not Eligible,Not Eligible
13369,Moe Morhardt,Not Eligible,Not Eligible
16956,Moe Savransky,Not Eligible,Not Eligible
19004,Moe Thacker,Not Eligible,Not Eligible
302,Moises Alou,Not Inducted,Not Inducted
17606,Moises Sierra,Not Eligible,Not Eligible
4016,Molly Craft,Not Eligible,Not Eligible
13279,Molly Moore,Not Eligible,Not Eligible
3523,Monk Cline,Not Eligible,Not Eligible
5168,Monk Dubiel,Not Eligible,Not Eligible
13115,Monroe Mitchell,Not Eligible,Not Eligible
5278,Montana DuRapau,Not Eligible,Not Eligible
1469,Monte Beville,Not Eligible,Not Eligible
4140,Monte Cross,Not Inducted,Not Inducted
7978,Monte Harrison,Not Eligible,Not Eligible
9179,Monte Irvin,Not Eligible,Not Eligible
12404,Monte McFarland,Not Eligible,Not Eligible
14753,Monte Pearson,Not Inducted,Not Inducted
15023,Monte Pfeffer,Not Eligible,Not Eligible
20187,Monte Weaver,Not Eligible,Not Eligible
1026,Monty Basgall,Not Eligible,Not Eligible
5768,Monty Fariss,Not Eligible,Not Eligible
9999,Monty Kennedy,Not Eligible,Not Eligible
13220,Monty Montgomery,Not Eligible,Not Eligible
15029,Monty Pfyl,Not Eligible,Not Eligible
18512,Monty Stratton,Not Eligible,Not Eligible
18730,Monty Swartz,Not Eligible,Not Eligible
1460,Mookie Betts,Not Eligible,Not Eligible
20729,Mookie Wilson,Not Inducted,Not Inducted
7264,Moonlight Graham,Not Eligible,Not Eligible
1112,Moose Baxter,Not Eligible,Not Eligible
3390,Moose Clabaugh,Not Eligible,Not Eligible
7623,Moose Haas,Not Inducted,Not Inducted
18045,Moose Solters,Not Eligible,Not Eligible
18567,Moose Stubing,Not Eligible,Not Eligible
2300,Mordecai Brown,Inducted,Inducted
4439,Mordecai Davidson,Not Eligible,Not Eligible
2442,Morgan Bulkeley,Not Eligible,Not Eligible
2519,Morgan Burkhart,Not Eligible,Not Eligible
5563,Morgan Ensberg,Not Eligible,Not Eligible
13622,Morgan Murphy,Not Inducted,Not Inducted
121,Morrie Aderholt,Not Eligible,Not Eligible
544,Morrie Arnovich,Not Eligible,Not Eligible
4097,Morrie Critchley,Not Eligible,Not Eligible
11925,Morrie Martin,Not Inducted,Not Inducted
15693,Morrie Rath,Not Eligible,Not Eligible
17057,Morrie Schick,Not Eligible,Not Eligible
18311,Morrie Steevens,Not Eligible,Not Eligible
11572,Morris Madden,Not Eligible,Not Eligible
13846,Morris Nettles,Not Eligible,Not Eligible
3841,Mort Cooper,Not Inducted,Not Inducted
6096,Mort Flohr,Not Eligible,Not Eligible
16981,Mort Scanlan,Not Eligible,Not Eligible
8695,Mortimer Hogan,Not Eligible,Not Eligible
5436,Mose Eggert,Not Eligible,Not Eligible
18043,Mose Solomon,Not Eligible,Not Eligible
21074,Moses Yellow Horse,Not Eligible,Not Eligible
12637,Mox McQuery,Not Eligible,Not Eligible
4925,Moxie Divis,Not Eligible,Not Eligible
8278,Moxie Hengel,Not Eligible,Not Eligible
11777,Moxie Manuel,Not Eligible,Not Eligible
12717,Moxie Meixell,Not Eligible,Not Eligible
7290,Mudcat Grant,Not Inducted,Not Inducted
16611,Muddy Ruel,Not Inducted,Not Inducted
8730,Mul Holland,Not Eligible,Not Eligible
7624,Mule Haas,Not Inducted,Not Inducted
17545,Mule Shirley,Not Eligible,Not Eligible
18696,Mule Suttles,Not Eligible,Not Eligible
20158,Mule Watson,Not Eligible,Not Eligible
9836,Munenori Kawasaki,Not Eligible,Not Eligible
4260,Murphy Currie,Not Eligible,Not Eligible
17904,Murphy Smith,Not Eligible,Not Eligible
19978,Murray Wall,Not Eligible,Not Eligible
4857,Murry Dickson,Not Inducted,Not Inducted
20617,Mutt Williams,Not Eligible,Not Eligible
20730,Mutt Wilson,Not Eligible,Not Eligible
5562,Mutz Ens,Not Eligible,Not Eligible
6971,Mychal Givens,Not Eligible,Not Eligible
9335,Myles Jaye,Not Eligible,Not Eligible
18517,Myles Straw,Not Eligible,Not Eligible
19069,Myles Thomas,Not Eligible,Not Eligible
8623,Myril Hoag,Not Inducted,Not Inducted
2301,Myrl Brown,Not Eligible,Not Eligible
256,Myron Allen,Not Eligible,Not Eligible
7454,Myron Grimshaw,Not Eligible,Not Eligible
20430,Myron White,Not Eligible,Not Eligible
19953,Mysterious Walker,Not Eligible,Not Eligible
4088,Nabil Crismatt,Not Eligible,Not Eligible
334,Nacho Alvarez,Not Eligible,Not Eligible
5875,Nanny Fernandez,Not Eligible,Not Eligible
19551,Naoyuki Uwasawa,Not Eligible,Not Eligible
10576,Nap Lajoie,Inducted,Inducted
15920,Nap Reyes,Not Eligible,Not Eligible
16602,Nap Rucker,Not Inducted,Not Inducted
17437,Nap Shea,Not Eligible,Not Eligible
2767,Napoleon Calzado,Not Eligible,Not Eligible
4122,Narciso Crook,Not Eligible,Not Eligible
5516,Narciso Elvira,Not Eligible,Not Eligible
3776,Nardi Contreras,Not Eligible,Not Eligible
20036,Nash Walters,Not Eligible,Not Eligible
14064,Nasim Nuñez,Not Eligible,Not Eligible
8503,Nat Hicks,Not Eligible,Not Eligible
8982,Nat Hudson,Not Eligible,Not Eligible
9389,Nat Jewett,Not Eligible,Not Eligible
443,Nate Andrews,Not Eligible,Not Eligible
1389,Nate Berkenstock,Not Eligible,Not Eligible
1625,Nate Bland,Not Eligible,Not Eligible
2455,Nate Bump,Not Eligible,Not Eligible
3593,Nate Colbert,Not Inducted,Not Inducted
3895,Nate Cornejo,Not Eligible,Not Eligible
5362,Nate Eaton,Not Eligible,Not Eligible
5915,Nate Field,Not Eligible,Not Eligible
6010,Nate Fisher,Not Eligible,Not Eligible
6351,Nate Freiman,Not Eligible,Not Eligible
9635,Nate Jones,Not Eligible,Not Eligible
9808,Nate Karns,Not Eligible,Not Eligible
9921,Nate Kellogg,Not Eligible,Not Eligible
12574,Nate McLouth,Not Inducted,Not Inducted
13067,Nate Minchey,Not Eligible,Not Eligible
13183,Nate Mondou,Not Eligible,Not Eligible
14227,Nate Oliver,Not Eligible,Not Eligible
14311,Nate Orf,Not Eligible,Not Eligible
14754,Nate Pearson,Not Eligible,Not Eligible
16201,Nate Robertson,Not Eligible,Not Eligible
16403,Nate Rolison,Not Eligible,Not Eligible
17058,Nate Schierholtz,Not Eligible,Not Eligible
17905,Nate Smith,Not Eligible,Not Eligible
17973,Nate Snell,Not Eligible,Not Eligible
18114,Nate Spears,Not Eligible,Not Eligible
19000,Nate Teut,Not Eligible,Not Eligible
113,Nathan Adcock,Not Eligible,Not Eligible
5568,Nathan Eovaldi,Not Eligible,Not Eligible
8121,Nathan Haynes,Not Eligible,Not Eligible
11418,Nathan Lukes,Not Eligible,Not Eligible
11356,Nathaniel Lowe,Not Eligible,Not Eligible
772,Neal Baker,Not Eligible,Not Eligible
814,Neal Ball,Not Eligible,Not Eligible
2009,Neal Brady,Not Eligible,Not Eligible
3947,Neal Cotts,Not Inducted,Not Inducted
5966,Neal Finn,Not Eligible,Not Eligible
8168,Neal Heaton,Not Inducted,Not Inducted
8450,Neal Hertweck,Not Eligible,Not Eligible
13673,Neal Musser,Not Eligible,Not Eligible
20148,Neal Watlington,Not Eligible,Not Eligible
15043,Nealy Phelps,Not Eligible,Not Eligible
18407,Neb Stewart,Not Eligible,Not Eligible
1665,Ned Bligh,Not Eligible,Not Eligible
3753,Ned Connor,Not Eligible,Not Eligible
4110,Ned Crompton,Not Eligible,Not Eligible
4290,Ned Cuthbert,Not Inducted,Not Inducted
6698,Ned Garver,Not Inducted,Not Inducted
6701,Ned Garvin,Not Eligible,Not Eligible
7826,Ned Hanlon,Not Inducted,Inducted
7965,Ned Harris,Not Eligible,Not Eligible
15004,Ned Pettigrew,Not Eligible,Not Eligible
15299,Ned Porter,Not Eligible,Not Eligible
21104,Ned Yost,Not Eligible,Not Eligible
14167,Nefi Ogando,Not Eligible,Not Eligible
5838,Neftali Feliz,Not Eligible,Not Eligible
18086,Neftali Soto,Not Eligible,Not Eligible
14897,Neifi Perez,Not Inducted,Not Inducted
257,Neil Allen,Not Inducted,Not Inducted
1425,Neil Berry,Not Eligible,Not Eligible
3332,Neil Chrisley,Not Eligible,Not Eligible
5907,Neil Fiala,Not Eligible,Not Eligible
15624,Neil Ramirez,Not Eligible,Not Eligible
18590,Neil Stynes,Not Eligible,Not Eligible
19889,Neil Wagner,Not Eligible,Not Eligible
19954,Neil Walker,Not Eligible,Not Eligible
20210,Neil Weber,Not Eligible,Not Eligible
20731,Neil Wilson,Not Eligible,Not Eligible
17494,Neill Sheridan,Not Eligible,Not Eligible
6261,Nellie Fox,Inducted,Inducted
15319,Nellie Pott,Not Eligible,Not Eligible
15322,Nels Potter,Not Inducted,Not Inducted
2147,Nelson Briles,Not Inducted,Not Inducted
2464,Nelson Burbrink,Not Eligible,Not Eligible
3316,Nelson Chittum,Not Eligible,Not Eligible
4194,Nelson Cruz,Not Eligible,Not Eligible
4193,Nelson Cruz,Not Eligible,Not Eligible
5941,Nelson Figueroa,Not Eligible,Not Eligible
7367,Nelson Greene,Not Eligible,Not Eligible
10129,Nelson King,Not Eligible,Not Eligible
11126,Nelson Liriano,Not Inducted,Not Inducted
12044,Nelson Mathews,Not Eligible,Not Eligible
14018,Nelson Norman,Not Eligible,Not Eligible
16915,Nelson Santovenia,Not Eligible,Not Eligible
17640,Nelson Simmons,Not Eligible,Not Eligible
19718,Nelson Velazquez,Not Eligible,Not Eligible
6498,Nemo Gaines,Not Eligible,Not Eligible
10894,Nemo Leibold,Not Inducted,Not Inducted
16316,Nerio Rodriguez,Not Eligible,Not Eligible
3270,Nestor Chavez,Not Eligible,Not Eligible
3361,Nestor Chylak,Not Eligible,Not Eligible
3918,Nestor Cortes,Not Eligible,Not Eligible
581,Nevin Ashley,Not Eligible,Not Eligible
258,Newt Allen,Not Eligible,Not Eligible
7734,Newt Halliday,Not Eligible,Not Eligible
9080,Newt Hunter,Not Eligible,Not Eligible
10101,Newt Kimball,Not Eligible,Not Eligible
15665,Newt Randall,Not Eligible,Not Eligible
14493,Nicholas Padilla,Not Eligible,Not Eligible
120,Nick Adenhart,Not Eligible,Not Eligible
151,Nick Ahmed,Not Eligible,Not Eligible
259,Nick Allen,Not Eligible,Not Eligible
260,Nick Allen,Not Eligible,Not Eligible
268,Nick Allgeyer,Not Eligible,Not Eligible
316,Nick Altrock,Inducted,Not Inducted
414,Nick Anderson,Not Eligible,Not Eligible
647,Nick Avila,Not Eligible,Not Eligible
1497,Nick Bierbrodt,Not Eligible,Not Eligible
1582,Nick Blackburn,Not Eligible,Not Eligible
2472,Nick Burdi,Not Eligible,Not Eligible
2613,Nick Buss,Not Eligible,Not Eligible
2879,Nick Capra,Not Eligible,Not Eligible
3012,Nick Carter,Not Eligible,Not Eligible
3068,Nick Castellanos,Not Eligible,Not Eligible
3343,Nick Christiani,Not Eligible,Not Eligible
3388,Nick Ciuffo,Not Eligible,Not Eligible
4226,Nick Cullop,Not Eligible,Not Eligible
4227,Nick Cullop,Not Eligible,Not Eligible
4688,Nick Delmonico,Not Eligible,Not Eligible
4907,Nick Dini,Not Eligible,Not Eligible
5220,Nick Dumovich,Not Eligible,Not Eligible
5296,Nick Duron,Not Eligible,Not Eligible
5598,Nick Esasky,Not Eligible,Not Eligible
5661,Nick Etten,Not Eligible,Not Eligible
5683,Nick Evans,Not Eligible,Not Eligible
6202,Nick Fortes,Not Eligible,Not Eligible
6299,Nick Franklin,Not Eligible,Not Eligible
6640,Nick Gardewine,Not Eligible,Not Eligible
7097,Nick Gonzales,Not Eligible,Not Eligible
7172,Nick Goody,Not Eligible,Not Eligible
7183,Nick Gordon,Not Eligible,Not Eligible
7203,Nick Gorneault,Not Eligible,Not Eligible
7226,Nick Goulish,Not Eligible,Not Eligible
7350,Nick Green,Not Eligible,Not Eligible
7382,Nick Greenwood,Not Eligible,Not Eligible
7653,Nick Hagadone,Not Eligible,Not Eligible
8161,Nick Heath,Not Eligible,Not Eligible
8386,Nick Hernandez,Not Eligible,Not Eligible
9055,Nick Hundley,Not Inducted,Not Inducted
9509,Nick Johnson,Not Inducted,Not Inducted
9758,Nick Kahl,Not Eligible,Not Eligible
10137,Nick Kingham,Not Eligible,Not Eligible
10302,Nick Koback,Not Eligible,Not Eligible
11031,Nick Leyva,Not Eligible,Not Eligible
11202,Nick Lodolo,Not Eligible,Not Eligible
11208,Nick Loftin,Not Eligible,Not Eligible
11581,Nick Maddox,Not Eligible,Not Eligible
11593,Nick Madrigal,Not Eligible,Not Eligible
11804,Nick Margevicius,Not Eligible,Not Eligible
11818,Nick Markakis,Not Eligible,Not Eligible
11832,Nick Maronde,Not Eligible,Not Eligible
11971,Nick Martinez,Not Eligible,Not Eligible
11991,Nick Martini,Not Eligible,Not Eligible
12015,Nick Masset,Not Eligible,Not Eligible
12060,Nick Maton,Not Eligible,Not Eligible
12676,Nick Mears,Not Eligible,Not Eligible
13752,Nick Nastrini,Not Eligible,Not Eligible
13798,Nick Neidert,Not Eligible,Not Eligible
13827,Nick Nelson,Not Eligible,Not Eligible
13852,Nick Neugebauer,Not Eligible,Not Eligible
14003,Nick Noonan,Not Eligible,Not Eligible
15091,Nick Picciuto,Not Eligible,Not Eligible
15195,Nick Pivetta,Not Eligible,Not Eligible
15219,Nick Plummer,Not Eligible,Not Eligible
15254,Nick Polly,Not Eligible,Not Eligible
15379,Nick Pratto,Not Eligible,Not Eligible
15461,Nick Punto,Not Inducted,Not Inducted
15625,Nick Ramirez,Not Eligible,Not Eligible
15792,Nick Reeder,Not Eligible,Not Eligible
15808,Nick Regilio,Not Eligible,Not Eligible
16202,Nick Robertson,Not Eligible,Not Eligible
16633,Nick Rumbelow,Not Eligible,Not Eligible
16858,Nick Sandlin,Not Eligible,Not Eligible
17021,Nick Scharf,Not Eligible,Not Eligible
17326,Nick Senzel,Not Eligible,Not Eligible
18028,Nick Sogard,Not Eligible,Not Eligible
18031,Nick Solak,Not Eligible,Not Eligible
18291,Nick Stavinoha,Not Eligible,Not Eligible
18537,Nick Strincevich,Not Eligible,Not Eligible
18770,Nick Swisher,Not Inducted,Not Inducted
18971,Nick Tepesch,Not Eligible,Not Eligible
18995,Nick Testa,Not Eligible,Not Eligible
19357,Nick Tremark,Not Eligible,Not Eligible
19383,Nick Tropeano,Not Eligible,Not Eligible
19758,Nick Vespi,Not Eligible,Not Eligible
19794,Nick Vincent,Not Eligible,Not Eligible
20551,Nick Willhite,Not Eligible,Not Eligible
20618,Nick Williams,Not Eligible,Not Eligible
20810,Nick Wise,Not Eligible,Not Eligible
20837,Nick Wittgren,Not Eligible,Not Eligible
21099,Nick Yorke,Not Eligible,Not Eligible
21148,Nick Young,Not Eligible,Not Eligible
18013,Nicklaus Snyder,Not Eligible,Not Eligible
11302,Nicky Lopez,Not Eligible,Not Eligible
8659,Nico Hoerner,Not Eligible,Not Eligible
20732,Nigel Wilson,Not Eligible,Not Eligible
19440,Nik Turley,Not Eligible,Not Eligible
16049,Nikco Riesgo,Not Eligible,Not Eligible
7161,Niko Goodrum,Not Eligible,Not Eligible
9831,Niko Kavadas,Not Eligible,Not Eligible
9678,Niles Jordan,Not Eligible,Not Eligible
212,Nin Alexander,Not Eligible,Not Eligible
1779,Nino Bongiovanni,Not Eligible,Not Eligible
5599,Nino Escalera,Not Eligible,Not Eligible
5628,Nino Espinosa,Not Eligible,Not Eligible
9636,Nippy Jones,Not Eligible,Not Eligible
16434,Niuman Romero,Not Eligible,Not Eligible
16317,Nivaldo Rodriguez,Not Eligible,Not Eligible
4502,Noah Davis,Not Eligible,Not Eligible
11367,Noah Lowry,Not Eligible,Not Eligible
18777,Noah Syndergaard,Not Eligible,Not Eligible
13566,Noe Munoz,Not Eligible,Not Eligible
15626,Noe Ramirez,Not Eligible,Not Eligible
4216,Noel Cuevas,Not Eligible,Not Eligible
11890,Noelvi Marte,Not Eligible,Not Eligible
509,Nolan Arenado,Not Eligible,Not Eligible
6158,Nolan Fontana,Not Eligible,Not Eligible
7197,Nolan Gorman,Not Eligible,Not Eligible
9637,Nolan Jones,Not Eligible,Not Eligible
15836,Nolan Reimold,Not Eligible,Not Eligible
16704,Nolan Ryan,Inducted,Inducted
17015,Nolan Schanuel,Not Eligible,Not Eligible
16006,Nolen Richardson,Not Eligible,Not Eligible
6636,Nomar Garciaparra,Not Inducted,Not Inducted
12172,Nomar Mazara,Not Eligible,Not Eligible
7669,Noodles Hahn,Not Eligible,Not Eligible
11217,Nook Logan,Not Eligible,Not Eligible
10211,Norbert Kleinke,Not Eligible,Not Eligible
11926,Norberto Martin,Not Eligible,Not Eligible
16629,Norge Ruiz,Not Eligible,Not Eligible
472,Nori Aoki,Not Eligible,Not Eligible
13725,Norihiro Nakamura,Not Eligible,Not Eligible
456,Norm Angelini,Not Eligible,Not Eligible
773,Norm Baker,Not Eligible,Not Eligible
1038,Norm Bass,Not Eligible,Not Eligible
2025,Norm Branch,Not Eligible,Not Eligible
2302,Norm Brown,Not Eligible,Not Eligible
3043,Norm Cash,Inducted,Not Inducted
3256,Norm Charlton,Not Inducted,Not Inducted
6870,Norm Gigon,Not Eligible,Not Eligible
7016,Norm Glockson,Not Eligible,Not Eligible
10688,Norm Larker,Not Eligible,Not Eligible
10892,Norm Lehr,Not Eligible,Not Eligible
12592,Norm McMillan,Not Eligible,Not Eligible
12622,Norm McNeil,Not Eligible,Not Eligible
12645,Norm McRae,Not Eligible,Not Eligible
12991,Norm Miller,Not Inducted,Not Inducted
17076,Norm Schlueter,Not Eligible,Not Eligible
17509,Norm Sherry,Not Eligible,Not Eligible
17594,Norm Siebern,Not Inducted,Not Inducted
19995,Norm Wallen,Not Eligible,Not Eligible
21197,Norm Zauchin,Not Eligible,Not Eligible
6980,Norman Glaser,Not Eligible,Not Eligible
15214,Norman Plitt,Not Eligible,Not Eligible
16584,Normie Roy,Not Eligible,Not Eligible
8827,Norris Hopper,Not Eligible,Not Eligible
6855,Norwood Gibson,Not Eligible,Not Eligible
13363,Nyjer Morgan,Not Eligible,Not Eligible
14078,Nyls Nyman,Not Eligible,Not Eligible
4858,O'Koyea Dickson,Not Eligible,Not Eligible
18762,Oad Swigart,Not Eligible,Not Eligible
5046,Octavio Dotel,Not Inducted,Not Inducted
14898,Odalis Perez,Not Inducted,Not Inducted
12383,Oddibe McDowell,Not Eligible,Not Eligible
7692,Odell Hale,Not Inducted,Not Inducted
9638,Odell Jones,Not Eligible,Not Eligible
4503,Odie Davis,Not Eligible,Not Eligible
15300,Odie Porter,Not Eligible,Not Eligible
4761,Odrisamer Despaigne,Not Eligible,Not Eligible
8425,Odubel Herrera,Not Eligible,Not Eligible
19,Ody Abbott,Not Eligible,Not Eligible
13781,Offa Neal,Not Eligible,Not Eligible
1942,Oil Can Boyd,Not Inducted,Not Inducted
8298,Olaf Henriksen,Not Eligible,Not Eligible
15554,Old Hoss Radbourn,Not Inducted,Inducted
14248,Ole Olsen,Not Eligible,Not Eligible
2303,Oliver Brown,Not Eligible,Not Eligible
5120,Oliver Drake,Not Eligible,Not Eligible
5253,Oliver Dunn,Not Eligible,Not Eligible
8559,Oliver Hill,Not Eligible,Not Eligible
11798,Oliver Marcell,Not Eligible,Not Eligible
11828,Oliver Marmol,Not Eligible,Not Eligible
14344,Oliver Ortega,Not Eligible,Not Eligible
14899,Oliver Perez,Not Eligible,Not Eligible
14361,Oliverio Ortiz,Not Eligible,Not Eligible
1143,Ollie Beard,Not Eligible,Not Eligible
1231,Ollie Bejma,Not Eligible,Not Eligible
2304,Ollie Brown,Not Inducted,Not Inducted
3151,Ollie Caylor,Not Eligible,Not Eligible
6428,Ollie Fuhrman,Not Eligible,Not Eligible
7854,Ollie Hanson,Not Eligible,Not Eligible
9421,Ollie Johns,Not Eligible,Not Eligible
10204,Ollie Klee,Not Eligible,Not Eligible
11836,Ollie Marquardt,Not Eligible,Not Eligible
14268,Ollie O'Mara,Not Eligible,Not Eligible
15098,Ollie Pickering,Not Eligible,Not Eligible
16964,Ollie Sax,Not Eligible,Not Eligible
17906,Ollie Smith,Not Eligible,Not Eligible
19416,Ollie Tucker,Not Eligible,Not Eligible
19825,Ollie Voigt,Not Eligible,Not Eligible
20269,Ollie Welf,Not Eligible,Not Eligible
16743,Olmedo Saenz,Not Eligible,Not Eligible
1299,Omar Beltre,Not Eligible,Not Eligible
4299,Omar Daal,Not Inducted,Not Inducted
9156,Omar Infante,Not Inducted,Not Inducted
13344,Omar Moreno,Not Inducted,Not Inducted
13745,Omar Narvaez,Not Eligible,Not Eligible
14219,Omar Olivares,Not Inducted,Not Inducted
15533,Omar Quintanilla,Not Eligible,Not Eligible
19818,Omar Vizquel,Inducted,Not Inducted
16912,Omir Santos,Not Eligible,Not Eligible
4949,Ona Dodd,Not Eligible,Not Eligible
12000,Onan Masaoka,Not Eligible,Not Eligible
4195,Oneil Cruz,Not Eligible,Not Eligible
6623,Onelki Garcia,Not Eligible,Not Eligible
3707,Onix Concepcion,Not Eligible,Not Eligible
8530,Oral Hildebrand,Not Inducted,Not Inducted
14274,Oran O'Neal,Not Eligible,Not Eligible
17374,Orator Shafer,Not Inducted,Not Inducted
13345,Orber Moreno,Not Eligible,Not Eligible
8449,Orel Hershiser,Inducted,Not Inducted
11972,Orelvis Martinez,Not Eligible,Not Eligible
11852,Oreste Marrero,Not Eligible,Not Eligible
4764,Orestes Destrade,Not Eligible,Not Eligible
546,Orie Arntzen,Not Eligible,Not Eligible
10026,Orie Kerlin,Not Eligible,Not Eligible
10025,Orion Kerkering,Not Eligible,Not Eligible
8635,Oris Hockett,Not Eligible,Not Eligible
335,Orlando Alvarez,Not Eligible,Not Eligible
502,Orlando Arcia,Not Eligible,Not Eligible
2699,Orlando Cabrera,Not Inducted,Not Inducted
2742,Orlando Calixte,Not Eligible,Not Eligible
3172,Orlando Cepeda,Inducted,Inducted
7136,Orlando Gonzalez,Not Eligible,Not Eligible
8387,Orlando Hernandez,Not Eligible,Not Eligible
8983,Orlando Hudson,Not Inducted,Not Inducted
9189,Orlando Isales,Not Eligible,Not Eligible
12406,Orlando McFarlane,Not Eligible,Not Eligible
12785,Orlando Mercado,Not Eligible,Not Eligible
12787,Orlando Merced,Not Inducted,Not Inducted
12992,Orlando Miller,Not Eligible,Not Eligible
14533,Orlando Palmeiro,Not Inducted,Not Inducted
14812,Orlando Peña,Not Inducted,Not Inducted
15627,Orlando Ramirez,Not Eligible,Not Eligible
15965,Orlando Ribalta,Not Eligible,Not Eligible
16831,Orlando Sanchez,Not Eligible,Not Eligible
20188,Orlie Weaver,Not Eligible,Not Eligible
3642,Orlin Collier,Not Eligible,Not Eligible
2645,Ormond Butler,Not Eligible,Not Eligible
802,Orson Baldwin,Not Eligible,Not Eligible
3658,Orth Collins,Not Eligible,Not Eligible
7495,Orval Grove,Not Inducted,Not Inducted
14432,Orval Overall,Not Eligible,Not Eligible
526,Orville Armbrust,Not Eligible,Not Eligible
9689,Orville Jorgens,Not Eligible,Not Eligible
669,Oscar Azocar,Not Eligible,Not Eligible
1493,Oscar Bielaski,Not Eligible,Not Eligible
2305,Oscar Brown,Not Eligible,Not Eligible
3255,Oscar Charleston,Not Eligible,Not Eligible
3589,Oscar Colás,Not Eligible,Not Eligible
5205,Oscar Dugey,Not Eligible,Not Eligible
5653,Oscar Estrada,Not Eligible,Not Eligible
6427,Oscar Fuhr,Not Eligible,Not Eligible
6551,Oscar Gamble,Not Inducted,Not Inducted
6786,Oscar Georgy,Not Eligible,Not Eligible
7137,Oscar Gonzalez,Not Eligible,Not Eligible
7265,Oscar Graham,Not Eligible,Not Eligible
7449,Oscar Grimes,Not Eligible,Not Eligible
7986,Oscar Harstad,Not Eligible,Not Eligible
8300,Oscar Henriquez,Not Eligible,Not Eligible
8388,Oscar Hernandez,Not Eligible,Not Eligible
8842,Oscar Horstmann,Not Eligible,Not Eligible
9639,Oscar Jones,Not Eligible,Not Eligible
9717,Oscar Judd,Not Eligible,Not Eligible
12739,Oscar Melillo,Not Inducted,Not Inducted
12786,Oscar Mercado,Not Eligible,Not Eligible
13567,Oscar Munoz,Not Eligible,Not Eligible
15469,Oscar Purner,Not Eligible,Not Eligible
16247,Oscar Robles,Not Eligible,Not Eligible
16350,Oscar Roettger,Not Eligible,Not Eligible
16766,Oscar Salazar,Not Eligible,Not Eligible
17603,Oscar Siemer,Not Eligible,Not Eligible
18230,Oscar Stanage,Not Inducted,Not Inducted
18521,Oscar Streit,Not Eligible,Not Eligible
18867,Oscar Taveras,Not Eligible,Not Eligible
19424,Oscar Tuero,Not Eligible,Not Eligible
19787,Oscar Villarreal,Not Eligible,Not Eligible
19955,Oscar Walker,Not Eligible,Not Eligible
20342,Oscar Westerberg,Not Eligible,Not Eligible
20841,Oscar Woehrlin,Not Eligible,Not Eligible
21189,Oscar Zamora,Not Eligible,Not Eligible
12066,Osiris Matos,Not Eligible,Not Eligible
1024,Osleivis Basabe,Not Eligible,Not Eligible
13303,Osmer Morales,Not Eligible,Not Eligible
17129,Ossee Schrecongost,Not Inducted,Not Inducted
336,Ossie Alvarez,Not Eligible,Not Eligible
1622,Ossie Blanco,Not Eligible,Not Eligible
1687,Ossie Bluege,Not Inducted,Not Inducted
3264,Ossie Chavarria,Not Eligible,Not Eligible
6271,Ossie France,Not Eligible,Not Eligible
14368,Ossie Orwoll,Not Eligible,Not Eligible
19813,Ossie Vitt,Not Inducted,Not Inducted
1489,Osvaldo Bido,Not Eligible,Not Eligible
5876,Osvaldo Fernandez,Not Eligible,Not Eligible
11973,Osvaldo Martinez,Not Eligible,Not Eligible
14859,Oswald Peraza,Not Eligible,Not Eligible
503,Oswaldo Arcia,Not Eligible,Not Eligible
2700,Oswaldo Cabrera,Not Eligible,Not Eligible
11664,Oswaldo Mairena,Not Eligible,Not Eligible
13768,Oswaldo Navarro,Not Eligible,Not Eligible
14860,Oswaldo Peraza,Not Eligible,Not Eligible
3435,Otey Clark,Not Eligible,Not Eligible
13965,Otho Nitcholas,Not Eligible,Not Eligible
2034,Otis Brannan,Not Eligible,Not Eligible
3013,Otis Carter,Not Eligible,Not Eligible
3543,Otis Clymer,Not Eligible,Not Eligible
4504,Otis Davis,Not Eligible,Not Eligible
9510,Otis Johnson,Not Eligible,Not Eligible
10607,Otis Lambeth,Not Eligible,Not Eligible
10772,Otis Lawry,Not Eligible,Not Eligible
12993,Otis Miller,Not Eligible,Not Eligible
13974,Otis Nixon,Not Inducted,Not Inducted
18441,Otis Stocksdale,Not Eligible,Not Eligible
19148,Otis Thornton,Not Eligible,Not Eligible
1688,Otto Bluege,Not Eligible,Not Eligible
4646,Otto Deininger,Not Eligible,Not Eligible
4725,Otto Denning,Not Eligible,Not Eligible
8457,Otto Hess,Not Inducted,Not Inducted
8962,Otto Huber,Not Eligible,Not Eligible
9255,Otto Jacobs,Not Eligible,Not Eligible
10247,Otto Knabe,Not Inducted,Not Inducted
10466,Otto Krueger,Not Eligible,Not Eligible
11303,Otto Lopez,Not Eligible,Not Eligible
12503,Otto McIvor,Not Eligible,Not Eligible
12994,Otto Miller,Not Inducted,Not Inducted
13849,Otto Neu,Not Eligible,Not Eligible
15895,Otto Rettig,Not Eligible,Not Eligible
17121,Otto Schomberg,Not Eligible,Not Eligible
19720,Otto Velez,Not Inducted,Not Inducted
19820,Otto Vogel,Not Eligible,Not Eligible
20619,Otto Williams,Not Eligible,Not Eligible
19361,Overton Tremper,Not Eligible,Not Eligible
13914,Ovid Nicholson,Not Eligible,Not Eligible
3787,Owen Conway,Not Eligible,Not Eligible
6388,Owen Friend,Not Eligible,Not Eligible
9761,Owen Kahn,Not Eligible,Not Eligible
12995,Owen Miller,Not Eligible,Not Eligible
17029,Owen Scheetz,Not Eligible,Not Eligible
17396,Owen Shannon,Not Eligible,Not Eligible
20431,Owen White,Not Eligible,Not Eligible
20733,Owen Wilson,Not Eligible,Not Eligible
2989,Ownie Carroll,Not Eligible,Not Eligible
5378,Ox Eckhardt,Not Eligible,Not Eligible
12996,Ox Miller,Not Eligible,Not Eligible
176,Ozzie Albies,Not Eligible,Not Eligible
2860,Ozzie Canseco,Not Eligible,Not Eligible
7548,Ozzie Guillen,Not Inducted,Not Inducted
14372,Ozzie Osborn,Not Eligible,Not Eligible
17907,Ozzie Smith,Inducted,Inducted
19193,Ozzie Timmons,Not Eligible,Not Eligible
19611,Ozzie Van Brabant,Not Eligible,Not Eligible
19807,Ozzie Virgil,Not Inducted,Not Inducted
19806,Ozzie Virgil,Not Eligible,Not Eligible
3729,P. J. Conlon,Not Eligible,Not Eligible
6167,P. J. Forbes,Not Eligible,Not Eligible
8518,P. J. Higgins,Not Eligible,Not Eligible
20037,P. J. Walters,Not Eligible,Not Eligible
11304,Pablo Lopez,Not Eligible,Not Eligible
11974,Pablo Martinez,Not Eligible,Not Eligible
14471,Pablo Ozuna,Not Eligible,Not Eligible
15921,Pablo Reyes,Not Eligible,Not Eligible
16862,Pablo Sandoval,Not Eligible,Not Eligible
19277,Pablo Torrealba,Not Eligible,Not Eligible
4894,Packy Dillon,Not Eligible,Not Eligible
13758,Packy Naughton,Not Eligible,Not Eligible
16372,Packy Rogers,Not Eligible,Not Eligible
16318,Paco Rodriguez,Not Eligible,Not Eligible
1091,Paddy Baumann,Not Eligible,Not Eligible
5155,Paddy Driscoll,Not Eligible,Not Eligible
7368,Paddy Greene,Not Eligible,Not Eligible
11162,Paddy Livingston,Not Eligible,Not Eligible
12156,Paddy Mayes,Not Eligible,Not Eligible
14136,Paddy O'Connor,Not Eligible,Not Eligible
15523,Paddy Quinn,Not Eligible,Not Eligible
17612,Paddy Siglin,Not Eligible,Not Eligible
17908,Paddy Smith,Not Eligible,Not Eligible
8531,Palmer Hildebrand,Not Eligible,Not Eligible
8426,Pancho Herrera,Not Eligible,Not Eligible
16574,Pants Rowland,Not Eligible,Not Eligible
5626,Paolo Espino,Not Eligible,Not Eligible
18732,Park Swartzel,Not Eligible,Not Eligible
20734,Parke Wilson,Not Eligible,Not Eligible
2134,Parker Bridwell,Not Eligible,Not Eligible
5264,Parker Dunshee,Not Eligible,Not Eligible
11819,Parker Markel,Not Eligible,Not Eligible
12668,Parker Meadows,Not Eligible,Not Eligible
13668,Parker Mushinski,Not Eligible,Not Eligible
13915,Parson Nicholson,Not Eligible,Not Eligible
14950,Parson Perryman,Not Eligible,Not Eligible
12067,Pascual Matos,Not Eligible,Not Eligible
14900,Pascual Perez,Not Inducted,Not Inducted
3563,Pasqual Coco,Not Eligible,Not Eligible
150,Pat Ahearne,Not Eligible,Not Eligible
459,Pat Ankenman,Not Eligible,Not Eligible
1732,Pat Bohen,Not Eligible,Not Eligible
1827,Pat Borders,Not Inducted,Not Inducted
1889,Pat Bourque,Not Eligible,Not Eligible
2511,Pat Burke,Not Eligible,Not Eligible
2562,Pat Burrell,Not Inducted,Not Inducted
2745,Pat Callaghan,Not Eligible,Not Eligible
2881,Pat Capri,Not Eligible,Not Eligible
2887,Pat Caraway,Not Eligible,Not Eligible
2941,Pat Carney,Not Eligible,Not Eligible
2990,Pat Carroll,Not Eligible,Not Eligible
3507,Pat Clements,Not Eligible,Not Eligible
3659,Pat Collins,Not Inducted,Not Inducted
3691,Pat Combs,Not Eligible,Not Eligible
3842,Pat Cooper,Not Eligible,Not Eligible
3903,Pat Corrales,Not Eligible,Not Eligible
4053,Pat Crawford,Not Eligible,Not Eligible
4062,Pat Creeden,Not Eligible,Not Eligible
4087,Pat Crisham,Not Eligible,Not Eligible
4355,Pat Daneker,Not Eligible,Not Eligible
4381,Pat Darcy,Not Eligible,Not Eligible
4593,Pat Dealy,Not Eligible,Not Eligible
4599,Pat Dean,Not Eligible,Not Eligible
4607,Pat Deasley,Not Eligible,Not Eligible
4647,Pat Deisel,Not Eligible,Not Eligible
4884,Pat Dillard,Not Eligible,Not Eligible
4945,Pat Dobson,Not Inducted,Not Inducted
4954,Pat Dodson,Not Eligible,Not Eligible
4984,Pat Donahue,Not Eligible,Not Eligible
5186,Pat Duff,Not Eligible,Not Eligible
5230,Pat Duncan,Not Eligible,Not Eligible
6052,Pat Flaherty,Not Eligible,Not Eligible
6362,Pat French,Not Eligible,Not Eligible
6385,Pat Friel,Not Eligible,Not Eligible
6928,Pat Gillick,Not Eligible,Not Eligible
7084,Pat Gomez,Not Eligible,Not Eligible
7425,Pat Griffin,Not Eligible,Not Eligible
7836,Pat Hannivan,Not Eligible,Not Eligible
7865,Pat Hardgrove,Not Eligible,Not Eligible
8020,Pat Hartnett,Not Eligible,Not Eligible
8324,Pat Hentgen,Not Inducted,Not Inducted
8580,Pat Hilly,Not Eligible,Not Eligible
8871,Pat House,Not Eligible,Not Eligible
8928,Pat Howell,Not Eligible,Not Eligible
9134,Pat Hynes,Not Eligible,Not Eligible
9268,Pat Jacquez,Not Eligible,Not Eligible
9318,Pat Jarvis,Not Eligible,Not Eligible
9858,Pat Keedy,Not Eligible,Not Eligible
9951,Pat Kelly,Not Inducted,Not Inducted
9950,Pat Kelly,Not Eligible,Not Eligible
9952,Pat Kelly,Not Eligible,Not Eligible
10080,Pat Kilhullen,Not Eligible,Not Eligible
10694,Pat Larkin,Not Eligible,Not Eligible
10936,Pat Lennon,Not Eligible,Not Eligible
11053,Pat Light,Not Eligible,Not Eligible
11133,Pat Listach,Not Eligible,Not Eligible
11374,Pat Luby,Not Eligible,Not Eligible
11489,Pat Lyons,Not Eligible,Not Eligible
11642,Pat Mahomes,Not Inducted,Not Inducted
11711,Pat Malone,Not Inducted,Not Inducted
11717,Pat Maloney,Not Eligible,Not Eligible
11927,Pat Martin,Not Eligible,Not Eligible
12269,Pat McCauley,Not Eligible,Not Eligible
12319,Pat McCoy,Not Eligible,Not Eligible
12424,Pat McGee,Not Eligible,Not Eligible
12430,Pat McGehee,Not Eligible,Not Eligible
12449,Pat McGlothin,Not Eligible,Not Eligible
12560,Pat McLaughlin,Not Eligible,Not Eligible
12588,Pat McManus,Not Eligible,Not Eligible
12627,Pat McNulty,Not Eligible,Not Eligible
12674,Pat Meares,Not Eligible,Not Eligible
13092,Pat Misch,Not Eligible,Not Eligible
13318,Pat Moran,Not Inducted,Not Inducted
13537,Pat Mullin,Not Inducted,Not Inducted
13623,Pat Murphy,Not Eligible,Not Eligible
13624,Pat Murphy,Not Eligible,Not Eligible
13655,Pat Murray,Not Eligible,Not Eligible
13841,Pat Neshek,Not Inducted,Not Inducted
13883,Pat Newnam,Not Eligible,Not Eligible
14127,Pat O'Connell,Not Eligible,Not Eligible
14378,Pat Osburn,Not Eligible,Not Eligible
14478,Pat Pacillo,Not Eligible,Not Eligible
14516,Pat Paige,Not Eligible,Not Eligible
14595,Pat Parker,Not Eligible,Not Eligible
14684,Pat Patterson,Not Eligible,Not Eligible
14947,Pat Perry,Not Eligible,Not Eligible
15001,Pat Pettee,Not Eligible,Not Eligible
15363,Pat Powers,Not Eligible,Not Eligible
15474,Pat Putnam,Not Eligible,Not Eligible
15575,Pat Ragan,Not Inducted,Not Inducted
15678,Pat Rapp,Not Inducted,Not Inducted
15976,Pat Rice,Not Eligible,Not Eligible
16265,Pat Rockett,Not Eligible,Not Eligible
16465,Pat Rooney,Not Eligible,Not Eligible
16983,Pat Scanlon,Not Eligible,Not Eligible
16984,Pat Scanlon,Not Eligible,Not Eligible
16985,Pat Scantlebury,Not Eligible,Not Eligible
17279,Pat Seerey,Not Eligible,Not Eligible
17495,Pat Sheridan,Not Eligible,Not Eligible
17641,Pat Simmons,Not Eligible,Not Eligible
18505,Pat Strange,Not Eligible,Not Eligible
18648,Pat Sullivan,Not Eligible,Not Eligible
18649,Pat Sullivan,Not Eligible,Not Eligible
18788,Pat Tabler,Not Inducted,Not Inducted
19217,Pat Tobin,Not Eligible,Not Eligible
19511,Pat Underwood,Not Eligible,Not Eligible
19558,Pat Valaika,Not Eligible,Not Eligible
19721,Pat Veltman,Not Eligible,Not Eligible
19725,Pat Venditte,Not Eligible,Not Eligible
20143,Pat Watkins,Not Eligible,Not Eligible
20391,Pat Whitaker,Not Eligible,Not Eligible
20999,Pat Wright,Not Eligible,Not Eligible
21175,Pat Zachry,Not Inducted,Not Inducted
733,Patrick Bailey,Not Eligible,Not Eligible
3858,Patrick Corbin,Not Eligible,Not Eligible
6925,Patrick Gillespie,Not Eligible,Not Eligible
8828,Patrick Horan,Not Eligible,Not Eligible
10195,Patrick Kivlehan,Not Eligible,Not Eligible
10698,Patrick Larkins,Not Eligible,Not Eligible
12173,Patrick Mazeika,Not Eligible,Not Eligible
12526,Patrick McKenna,Not Eligible,Not Eligible
13625,Patrick Murphy,Not Eligible,Not Eligible
14244,Patrick O'Loughlin,Not Eligible,Not Eligible
16863,Patrick Sandoval,Not Eligible,Not Eligible
17183,Patrick Schuster,Not Eligible,Not Eligible
20232,Patrick Weigel,Not Eligible,Not Eligible
20803,Patrick Wisdom,Not Eligible,Not Eligible
5018,Patsy Donovan,Not Inducted,Not Inducted
5054,Patsy Dougherty,Not Inducted,Not Inducted
6053,Patsy Flaherty,Not Eligible,Not Eligible
6828,Patsy Gharrity,Not Inducted,Not Inducted
12409,Patsy McGaffigan,Not Eligible,Not Eligible
14328,Patsy O'Rourke,Not Eligible,Not Eligible
18937,Patsy Tebeau,Not Inducted,Not Inducted
20,Paul Abbott,Not Inducted,Not Inducted
587,Paul Assenmacher,Not Inducted,Not Inducted
782,Paul Bako,Not Inducted,Not Inducted
1583,Paul Blackburn,Not Eligible,Not Eligible
1602,Paul Blair,Not Inducted,Not Inducted
1832,Paul Boris,Not Eligible,Not Eligible
2306,Paul Brown,Not Eligible,Not Eligible
2566,Paul Burris,Not Eligible,Not Eligible
2587,Paul Busby,Not Eligible,Not Eligible
2667,Paul Byrd,Not Inducted,Not Inducted
2764,Paul Calvert,Not Eligible,Not Eligible
2819,Paul Campbell,Not Eligible,Not Eligible
2818,Paul Campbell,Not Eligible,Not Eligible
2903,Paul Carey,Not Eligible,Not Eligible
2955,Paul Carpenter,Not Eligible,Not Eligible
3014,Paul Carter,Not Eligible,Not Eligible
3027,Paul Casanova,Not Inducted,Not Inducted
3108,Paul Castner,Not Eligible,Not Eligible
3285,Paul Chervinko,Not Eligible,Not Eligible
3496,Paul Clemens,Not Eligible,Not Eligible
3805,Paul Cook,Not Eligible,Not Eligible
4301,Paul Dade,Not Eligible,Not Eligible
4653,Paul DeJong,Not Eligible,Not Eligible
4600,Paul Dean,Not Eligible,Not Eligible
4746,Paul Derringer,Not Inducted,Not Inducted
4841,Paul Dicken,Not Eligible,Not Eligible
5102,Paul Doyle,Not Eligible,Not Eligible
5352,Paul Easterling,Not Eligible,Not Eligible
5403,Paul Edmondson,Not Eligible,Not Eligible
5586,Paul Erickson,Not Eligible,Not Eligible
5767,Paul Faries,Not Eligible,Not Eligible
6022,Paul Fittery,Not Eligible,Not Eligible
6039,Paul Fitzke,Not Eligible,Not Eligible
6084,Paul Fletcher,Not Eligible,Not Eligible
6101,Paul Florence,Not Eligible,Not Eligible
6267,Paul Foytack,Not Inducted,Not Inducted
6413,Paul Fry,Not Eligible,Not Eligible
6758,Paul Gehrman,Not Eligible,Not Eligible
6856,Paul Gibson,Not Eligible,Not Eligible
6866,Paul Giel,Not Eligible,Not Eligible
6926,Paul Gillespie,Not Eligible,Not Eligible
6929,Paul Gilliford,Not Eligible,Not Eligible
7056,Paul Goldschmidt,Not Eligible,Not Eligible
7398,Paul Gregory,Not Eligible,Not Eligible
8028,Paul Hartzell,Not Eligible,Not Eligible
8595,Paul Hines,Inducted,Not Inducted
8599,Paul Hinrichs,Not Eligible,Not Eligible
8604,Paul Hinson,Not Eligible,Not Eligible
8651,Paul Hodgson,Not Eligible,Not Eligible
8812,Paul Hoover,Not Eligible,Not Eligible
8821,Paul Hopkins,Not Eligible,Not Eligible
8877,Paul Householder,Not Eligible,Not Eligible
8908,Paul Howard,Not Eligible,Not Eligible
9302,Paul Janish,Not Eligible,Not Eligible
9324,Paul Jata,Not Eligible,Not Eligible
9511,Paul Johnson,Not Eligible,Not Eligible
9800,Paul Kardow,Not Eligible,Not Eligible
10079,Paul Kilgus,Not Eligible,Not Eligible
10347,Paul Konerko,Not Inducted,Not Inducted
10444,Paul Krichell,Not Eligible,Not Eligible
10677,Paul LaPalme,Not Eligible,Not Eligible
10889,Paul Lehner,Not Eligible,Not Eligible
11079,Paul Lindblad,Not Inducted,Not Inducted
11174,Paul Lo Duca,Not Inducted,Not Inducted
11641,Paul Maholm,Not Inducted,Not Inducted
11720,Paul Maloy,Not Eligible,Not Eligible
11792,Paul Marak,Not Eligible,Not Eligible
11928,Paul Martin,Not Eligible,Not Eligible
12023,Paul Masterson,Not Eligible,Not Eligible
12192,Paul McAnulty,Not Eligible,Not Eligible
12279,Paul McClellan,Not Eligible,Not Eligible
12336,Paul McCullough,Not Eligible,Not Eligible
12651,Paul McSweeney,Not Eligible,Not Eligible
12745,Paul Meloan,Not Eligible,Not Eligible
12776,Paul Menhart,Not Eligible,Not Eligible
12997,Paul Miller,Not Eligible,Not Eligible
13073,Paul Minner,Not Inducted,Not Inducted
13085,Paul Mirabella,Not Inducted,Not Inducted
13116,Paul Mitchell,Not Eligible,Not Eligible
13163,Paul Molitor,Inducted,Inducted
13451,Paul Moskau,Not Eligible,Not Eligible
13674,Paul Musser,Not Eligible,Not Eligible
13980,Paul Noce,Not Eligible,Not Eligible
14140,Paul O'Dea,Not Eligible,Not Eligible
14292,Paul O'Neill,Not Inducted,Not Inducted
14457,Paul Owens,Not Eligible,Not Eligible
14837,Paul Penson,Not Eligible,Not Eligible
15010,Paul Pettit,Not Eligible,Not Eligible
15075,Paul Phillips,Not Eligible,Not Eligible
15278,Paul Popovich,Not Inducted,Not Inducted
15351,Paul Powell,Not Eligible,Not Eligible
15492,Paul Quantrill,Not Inducted,Not Inducted
15562,Paul Radford,Not Inducted,Not Inducted
15696,Paul Ratliff,Not Eligible,Not Eligible
15898,Paul Reuschel,Not Eligible,Not Eligible
15989,Paul Richards,Not Eligible,Not Eligible
16051,Paul Rigdon,Not Eligible,Not Eligible
16636,Paul Runge,Not Eligible,Not Eligible
16666,Paul Russell,Not Eligible,Not Eligible
16993,Paul Schaal,Not Inducted,Not Inducted
17128,Paul Schramka,Not Eligible,Not Eligible
17133,Paul Schreiber,Not Eligible,Not Eligible
17323,Paul Sentell,Not Eligible,Not Eligible
17334,Paul Serna,Not Eligible,Not Eligible
17352,Paul Sewald,Not Eligible,Not Eligible
17582,Paul Shuey,Not Inducted,Not Inducted
17596,Paul Siebert,Not Eligible,Not Eligible
17707,Paul Skenes,Not Eligible,Not Eligible
17909,Paul Smith,Not Eligible,Not Eligible
17910,Paul Smith,Not Eligible,Not Eligible
18068,Paul Sorrento,Not Inducted,Not Inducted
18147,Paul Speraw,Not Eligible,Not Eligible
18165,Paul Splittorff,Not Inducted,Not Inducted
18168,Paul Spoljaric,Not Eligible,Not Eligible
18500,Paul Strand,Not Eligible,Not Eligible
18570,Paul Stuffel,Not Eligible,Not Eligible
18769,Paul Swingle,Not Eligible,Not Eligible
19142,Paul Thormodsgard,Not Eligible,Not Eligible
19303,Paul Toth,Not Eligible,Not Eligible
19853,Paul Wachtel,Not Eligible,Not Eligible
19890,Paul Wagner,Not Eligible,Not Eligible
20048,Paul Waner,Not Inducted,Inducted
20052,Paul Wanninger,Not Eligible,Not Eligible
20670,Paul Wilmet,Not Eligible,Not Eligible
20735,Paul Wilson,Not Eligible,Not Eligible
21181,Paul Zahniser,Not Eligible,Not Eligible
21267,Paul Zuvella,Not Eligible,Not Eligible
14314,Paulo Orlando,Not Eligible,Not Eligible
17911,Pavin Smith,Not Eligible,Not Eligible
4054,Paxton Crawford,Not Eligible,Not Eligible
8313,Payton Henry,Not Eligible,Not Eligible
4539,Pea Ridge Day,Not Eligible,Not Eligible
4505,Peaches Davis,Not Eligible,Not Eligible
7266,Peaches Graham,Not Eligible,Not Eligible
14293,Peaches O'Neill,Not Eligible,Not Eligible
11363,Peanuts Lowrey,Not Inducted,Not Inducted
3303,Pearce Chiles,Not Eligible,Not Eligible
337,Pedro Alvarez,Not Eligible,Not Eligible
492,Pedro Araujo,Not Eligible,Not Eligible
589,Pedro Astacio,Not Inducted,Not Inducted
648,Pedro Avila,Not Eligible,Not Eligible
703,Pedro Baez,Not Eligible,Not Eligible
1155,Pedro Beato,Not Eligible,Not Eligible
1821,Pedro Borbon,Not Inducted,Not Inducted
1822,Pedro Borbon,Not Eligible,Not Eligible
3065,Pedro Castellano,Not Eligible,Not Eligible
3380,Pedro Ciriaco,Not Eligible,Not Eligible
4840,Pedro Dibut,Not Eligible,Not Eligible
5832,Pedro Feliciano,Not Eligible,Not Eligible
5839,Pedro Feliz,Not Inducted,Not Inducted
5942,Pedro Figueroa,Not Eligible,Not Eligible
6114,Pedro Florimon,Not Eligible,Not Eligible
6624,Pedro Garcia,Not Eligible,Not Eligible
7138,Pedro Gonzalez,Not Eligible,Not Eligible
7437,Pedro Grifol,Not Eligible,Not Eligible
7532,Pedro Guerrero,Not Inducted,Not Inducted
8389,Pedro Hernandez,Not Eligible,Not Eligible
10948,Pedro León,Not Eligible,Not Eligible
11127,Pedro Liriano,Not Eligible,Not Eligible
11305,Pedro Lopez,Not Eligible,Not Eligible
11976,Pedro Martinez,Inducted,Inducted
11975,Pedro Martinez,Not Eligible,Not Eligible
13568,Pedro Munoz,Not Eligible,Not Eligible
14511,Pedro Pagés,Not Eligible,Not Eligible
14724,Pedro Payano,Not Eligible,Not Eligible
15650,Pedro Ramos,Not Inducted,Not Inducted
16891,Pedro Santana,Not Eligible,Not Eligible
17349,Pedro Severino,Not Eligible,Not Eligible
18550,Pedro Strop,Not Eligible,Not Eligible
18718,Pedro Swann,Not Eligible,Not Eligible
19562,Pedro Valdes,Not Eligible,Not Eligible
19788,Pedro Villarreal,Not Eligible,Not Eligible
19803,Pedro Viola,Not Eligible,Not Eligible
15797,Pee Wee Reese,Inducted,Inducted
19700,Peek-A-Boo Veach,Not Eligible,Not Eligible
817,Pelham Ballenger,Not Eligible,Not Eligible
5960,Pembroke Finlayson,Not Eligible,Not Eligible
13585,Penn Murfee,Not Eligible,Not Eligible
7170,Pep Goodwin,Not Eligible,Not Eligible
7966,Pep Harris,Not Eligible,Not Eligible
15599,Pep Rambert,Not Eligible,Not Eligible
21149,Pep Young,Not Inducted,Not Inducted
6373,Pepe Frias,Not Eligible,Not Eligible
11735,Pepe Mangual,Not Eligible,Not Eligible
11929,Pepper Martin,Not Inducted,Not Inducted
14843,Pepper Peploski,Not Eligible,Not Eligible
6675,Perci Garner,Not Eligible,Not Eligible
3626,Percy Coleman,Not Eligible,Not Eligible
9640,Percy Jones,Not Eligible,Not Eligible
4261,Perry Currin,Not Eligible,Not Eligible
20309,Perry Werden,Not Eligible,Not Eligible
213,Pete Alexander,Not Inducted,Inducted
261,Pete Allen,Not Eligible,Not Eligible
297,Pete Alonso,Not Eligible,Not Eligible
481,Pete Appleton,Not Inducted,Not Inducted
2182,Pete Broberg,Not Eligible,Not Eligible
2333,Pete Browning,Not Inducted,Not Inducted
2555,Pete Burnside,Not Eligible,Not Eligible
3060,Pete Cassidy,Not Eligible,Not Eligible
3071,Pete Castiglione,Not Eligible,Not Eligible
3171,Pete Center,Not Eligible,Not Eligible
3258,Pete Charton,Not Eligible,Not Eligible
3301,Pete Childs,Not Eligible,Not Eligible
3373,Pete Cimino,Not Eligible,Not Eligible
3544,Pete Coachman,Not Eligible,Not Eligible
3701,Pete Compton,Not Eligible,Not Eligible
3788,Pete Conway,Not Eligible,Not Eligible
3923,Pete Coscarart,Not Eligible,Not Eligible
3936,Pete Cote,Not Eligible,Not Eligible
4020,Pete Craig,Not Eligible,Not Eligible
4068,Pete Cregan,Not Eligible,Not Eligible
4156,Pete Crow-Armstrong,Not Eligible,Not Eligible
4303,Pete Daglia,Not Eligible,Not Eligible
4323,Pete Dalena,Not Eligible,Not Eligible
4330,Pete Daley,Not Eligible,Not Eligible
4367,Pete Daniels,Not Eligible,Not Eligible
5004,Pete Donnelly,Not Eligible,Not Eligible
5008,Pete Donohue,Not Inducted,Not Inducted
5076,Pete Dowling,Not Eligible,Not Eligible
5470,Pete Elko,Not Eligible,Not Eligible
5731,Pete Fahrer,Not Eligible,Not Eligible
5735,Pete Fairbanks,Not Eligible,Not Eligible
5742,Pete Falcone,Not Inducted,Not Inducted
5751,Pete Falsey,Not Eligible,Not Eligible
5952,Pete Filson,Not Eligible,Not Eligible
6262,Pete Fox,Not Inducted,Not Inducted
6391,Pete Fries,Not Eligible,Not Eligible
6535,Pete Galligan,Not Eligible,Not Eligible
6744,Pete Gebrian,Not Eligible,Not Eligible
6888,Pete Gilbert,Not Eligible,Not Eligible
7323,Pete Gray,Not Eligible,Not Eligible
7774,Pete Hamm,Not Eligible,Not Eligible
7902,Pete Harnisch,Not Inducted,Not Inducted
8046,Pete Hasney,Not Eligible,Not Eligible
8292,Pete Henning,Not Eligible,Not Eligible
8390,Pete Hernandez,Not Eligible,Not Eligible
8560,Pete Hill,Not Eligible,Not Eligible
8858,Pete Hotaling,Not Eligible,Not Eligible
9151,Pete Incaviglia,Not Inducted,Not Inducted
9422,Pete Johns,Not Eligible,Not Eligible
10076,Pete Kilduff,Not Eligible,Not Eligible
10273,Pete Knisely,Not Eligible,Not Eligible
10314,Pete Koegel,Not Eligible,Not Eligible
10401,Pete Kozma,Not Eligible,Not Eligible
10545,Pete LaCock,Not Eligible,Not Eligible
10561,Pete LaForest,Not Eligible,Not Eligible
10552,Pete Ladd,Not Eligible,Not Eligible
10609,Pete Lamer,Not Eligible,Not Eligible
10678,Pete Lapan,Not Eligible,Not Eligible
10783,Pete Layden,Not Eligible,Not Eligible
10965,Pete LePine,Not Eligible,Not Eligible
11134,Pete Lister,Not Eligible,Not Eligible
11219,Pete Lohman,Not Eligible,Not Eligible
11270,Pete Loos,Not Eligible,Not Eligible
11342,Pete Lovrich,Not Eligible,Not Eligible
11544,Pete Mackanin,Not Eligible,Not Eligible
11621,Pete Magrini,Not Eligible,Not Eligible
12213,Pete McBride,Not Eligible,Not Eligible
12274,Pete McClanahan,Not Eligible,Not Eligible
12648,Pete McShannic,Not Eligible,Not Eligible
12695,Pete Meegan,Not Eligible,Not Eligible
12902,Pete Mikkelsen,Not Eligible,Not Eligible
13051,Pete Milne,Not Eligible,Not Eligible
13405,Pete Morris,Not Eligible,Not Eligible
13726,Pete Naktenis,Not Eligible,Not Eligible
13757,Pete Naton,Not Eligible,Not Eligible
14004,Pete Noonan,Not Eligible,Not Eligible
14109,Pete O'Brien,Not Eligible,Not Eligible
14110,Pete O'Brien,Not Eligible,Not Eligible
14111,Pete O'Brien,Not Inducted,Not Inducted
14334,Pete Orr,Not Eligible,Not Eligible
15600,Pete Rambo,Not Eligible,Not Eligible
15753,Pete Redfern,Not Eligible,Not Eligible
15849,Pete Reiser,Not Inducted,Not Inducted
16010,Pete Richert,Not Inducted,Not Inducted
16497,Pete Rose,Not Eligible,Not Eligible
16496,Pete Rose,Inducted,Not Inducted
16638,Pete Runnels,Not Inducted,Not Inducted
17095,Pete Schmidt,Not Eligible,Not Eligible
17112,Pete Schneider,Not Eligible,Not Eligible
17127,Pete Schourek,Not Inducted,Not Inducted
17230,Pete Scott,Not Eligible,Not Eligible
17519,Pete Shields,Not Eligible,Not Eligible
17664,Pete Sims,Not Eligible,Not Eligible
17695,Pete Sivess,Not Eligible,Not Eligible
17912,Pete Smith,Not Inducted,Not Inducted
17913,Pete Smith,Not Eligible,Not Eligible
18234,Pete Standridge,Not Eligible,Not Eligible
18242,Pete Stanicek,Not Eligible,Not Eligible
18605,Pete Suder,Not Inducted,Not Inducted
18682,Pete Susko,Not Eligible,Not Eligible
18748,Pete Sweeney,Not Eligible,Not Eligible
18914,Pete Taylor,Not Eligible,Not Eligible
19346,Pete Treacey,Not Eligible,Not Eligible
19437,Pete Turgeon,Not Eligible,Not Eligible
19665,Pete Varney,Not Eligible,Not Eligible
19849,Pete Vuckovich,Not Inducted,Not Inducted
19956,Pete Walker,Not Eligible,Not Eligible
20074,Pete Ward,Not Eligible,Not Eligible
20218,Pete Weckbecker,Not Eligible,Not Eligible
20386,Pete Whisenant,Not Eligible,Not Eligible
20736,Pete Wilson,Not Eligible,Not Eligible
20847,Pete Wojey,Not Eligible,Not Eligible
20901,Pete Wood,Not Eligible,Not Eligible
20923,Pete Woodruff,Not Eligible,Not Eligible
21150,Pete Young,Not Eligible,Not Eligible
1376,Peter Bergeron,Not Eligible,Not Eligible
1885,Peter Bourjos,Not Inducted,Not Inducted
3738,Peter Connell,Not Eligible,Not Eligible
8939,Peter Hoy,Not Eligible,Not Eligible
10606,Peter Lambert,Not Eligible,Not Eligible
13494,Peter Moylan,Not Inducted,Not Inducted
13571,Peter Munro,Not Eligible,Not Eligible
14112,Peter O'Brien,Not Eligible,Not Eligible
18044,Peter Solomon,Not Eligible,Not Eligible
18558,Peter Strzelecki,Not Eligible,Not Eligible
21254,Peter Zoccolillo,Not Eligible,Not Eligible
1224,Petie Behan,Not Eligible,Not Eligible
1071,Peyton Battenfield,Not Eligible,Not Eligible
2475,Peyton Burdick,Not Eligible,Not Eligible
17914,Phenomenal Smith,Not Eligible,Not Eligible
774,Phil Baker,Not Eligible,Not Eligible
1203,Phil Bedgood,Not Eligible,Not Eligible
1483,Phil Bickford,Not Eligible,Not Eligible
1992,Phil Bradley,Not Eligible,Not Eligible
3146,Phil Cavarretta,Not Inducted,Not Inducted
3437,Phil Clark,Not Eligible,Not Eligible
3436,Phil Clark,Not Eligible,Not Eligible
3585,Phil Coke,Not Eligible,Not Eligible
3660,Phil Collins,Not Eligible,Not Eligible
3827,Phil Cooney,Not Eligible,Not Eligible
3889,Phil Coridan,Not Eligible,Not Eligible
5058,Phil Douglas,Not Eligible,Not Eligible
5217,Phil Dumatrait,Not Eligible,Not Eligible
5596,Phil Ervin,Not Eligible,Not Eligible
6487,Phil Gagliano,Not Inducted,Not Inducted
6536,Phil Gallivan,Not Eligible,Not Eligible
6676,Phil Garner,Not Inducted,Not Inducted
6759,Phil Geier,Not Eligible,Not Eligible
8077,Phil Haugstad,Not Eligible,Not Eligible
8291,Phil Hennigan,Not Eligible,Not Eligible
8318,Phil Hensiek,Not Eligible,Not Eligible
8480,Phil Hiatt,Not Eligible,Not Eligible
8996,Phil Huffman,Not Eligible,Not Eligible
9014,Phil Hughes,Not Inducted,Not Inducted
9186,Phil Irwin,Not Eligible,Not Eligible
10049,Phil Ketter,Not Eligible,Not Eligible
10207,Phil Klein,Not Eligible,Not Eligible
10257,Phil Knell,Not Eligible,Not Eligible
10880,Phil Leftwich,Not Eligible,Not Eligible
11019,Phil Lewis,Not Eligible,Not Eligible
11115,Phil Linz,Not Eligible,Not Eligible
11235,Phil Lombardi,Not Eligible,Not Eligible
11739,Phil Mankowski,Not Eligible,Not Eligible
11800,Phil Marchildon,Not Eligible,Not Eligible
12003,Phil Masi,Not Inducted,Not Inducted
12061,Phil Maton,Not Eligible,Not Eligible
12337,Phil McCullough,Not Eligible,Not Eligible
12703,Phil Meeler,Not Eligible,Not Eligible
13416,Phil Morrison,Not Eligible,Not Eligible
13498,Phil Mudrock,Not Eligible,Not Eligible
13753,Phil Nastu,Not Eligible,Not Eligible
13860,Phil Nevin,Not Inducted,Not Inducted
13933,Phil Niekro,Inducted,Inducted
14036,Phil Norton,Not Eligible,Not Eligible
14345,Phil Ortega,Not Inducted,Not Inducted
14426,Phil Ouellette,Not Eligible,Not Eligible
14505,Phil Page,Not Eligible,Not Eligible
14518,Phil Paine,Not Eligible,Not Eligible
15202,Phil Plantier,Not Eligible,Not Eligible
15364,Phil Powers,Not Eligible,Not Eligible
15739,Phil Reardon,Not Eligible,Not Eligible
15745,Phil Reccius,Not Eligible,Not Eligible
15749,Phil Redding,Not Eligible,Not Eligible
15807,Phil Regan,Not Inducted,Not Inducted
16142,Phil Rizzuto,Inducted,Inducted
16459,Phil Roof,Not Inducted,Not Inducted
16558,Phil Routcliffe,Not Eligible,Not Eligible
16969,Phil Saylor,Not Eligible,Not Eligible
17291,Phil Seibel,Not Eligible,Not Eligible
17741,Phil Slattery,Not Eligible,Not Eligible
18363,Phil Stephenson,Not Eligible,Not Eligible
18414,Phil Stidham,Not Eligible,Not Eligible
18440,Phil Stockman,Not Eligible,Not Eligible
18523,Phil Stremmel,Not Eligible,Not Eligible
19226,Phil Todt,Not Eligible,Not Eligible
19253,Phil Tomney,Not Eligible,Not Eligible
19848,Phil Voyles,Not Eligible,Not Eligible
20244,Phil Weintraub,Not Eligible,Not Eligible
20817,Phil Wisner,Not Eligible,Not Eligible
1022,Philip Barzilla,Not Eligible,Not Eligible
7215,Philip Gosselin,Not Eligible,Not Eligible
9042,Philip Humber,Not Eligible,Not Eligible
21011,Philip Wrigley,Not Eligible,Not Eligible
4864,Phillip Diehl,Not Eligible,Not Eligible
5684,Phillip Evans,Not Eligible,Not Eligible
624,Phillippe Aumont,Not Eligible,Not Eligible
19579,Phillips Valdez,Not Eligible,Not Eligible
16849,Phoenix Sanders,Not Eligible,Not Eligible
11930,Phonney Martin,Not Eligible,Not Eligible
17197,Pi Schwert,Not Eligible,Not Eligible
4887,Pickles Dillhoefer,Not Eligible,Not Eligible
15465,Pid Purdy,Not Eligible,Not Eligible
2329,Pidge Browne,Not Eligible,Not Eligible
13364,Pidgey Morgan,Not Eligible,Not Eligible
19344,Pie Traynor,Not Inducted,Inducted
9512,Pierce Johnson,Not Eligible,Not Eligible
20075,Piggy Ward,Not Eligible,Not Eligible
19070,Pinch Thomas,Not Inducted,Not Inducted
1711,Ping Bodie,Not Eligible,Not Eligible
8098,Pink Hawley,Not Inducted,Not Inducted
7886,Pinky Hargrave,Not Inducted,Not Inducted
8519,Pinky Higgins,Not Inducted,Not Inducted
9691,Pinky Jorgensen,Not Eligible,Not Eligible
18717,Pinky Swander,Not Eligible,Not Eligible
20475,Pinky Whitney,Not Inducted,Not Inducted
20931,Pinky Woods,Not Eligible,Not Eligible
10316,Pip Koehler,Not Eligible,Not Eligible
6936,Pit Gilman,Not Eligible,Not Eligible
15240,Placido Polanco,Not Inducted,Not Inducted
20234,Podge Weihe,Not Eligible,Not Eligible
15798,Pokey Reese,Not Eligible,Not Eligible
14936,Pol Perritt,Not Inducted,Not Inducted
12550,Polly McLarry,Not Eligible,Not Eligible
20864,Polly Wolfe,Not Eligible,Not Eligible
4417,Pompeyo Davalillo,Not Eligible,Not Eligible
16747,Pony Sager,Not Eligible,Not Eligible
9707,Pop Joy,Not Eligible,Not Eligible
16097,Pop Rising,Not Eligible,Not Eligible
17136,Pop Schriver,Not Inducted,Not Inducted
17915,Pop Smith,Not Inducted,Not Inducted
18014,Pop Snyder,Not Inducted,Not Inducted
18758,Pop Swett,Not Eligible,Not Eligible
20620,Pop Williams,Not Eligible,Not Eligible
17916,Pop-boy Smith,Not Eligible,Not Eligible
308,Porfi Altamirano,Not Eligible,Not Eligible
8643,Porter Hodge,Not Eligible,Not Eligible
19682,Porter Vaughan,Not Eligible,Not Eligible
16344,Preacher Roe,Not Inducted,Not Inducted
1416,Prelander Berroa,Not Eligible,Not Eligible
15756,Prentice Redman,Not Eligible,Not Eligible
4178,Press Cruthers,Not Eligible,Not Eligible
3393,Preston Claiborne,Not Eligible,Not Eligible
7085,Preston Gomez,Not Eligible,Not Eligible
7550,Preston Guilmet,Not Eligible,Not Eligible
7828,Preston Hanna,Not Eligible,Not Eligible
19417,Preston Tucker,Not Eligible,Not Eligible
20076,Preston Ward,Not Eligible,Not Eligible
20737,Preston Wilson,Not Inducted,Not Inducted
6825,Pretzels Getzien,Not Eligible,Not Eligible
5919,Prince Fielder,Not Inducted,Not Inducted
14081,Prince Oana,Not Eligible,Not Eligible
12203,Pryor McBee,Not Eligible,Not Eligible
12388,Pryor McElveen,Not Eligible,Not Eligible
6546,Pud Galvin,Inducted,Inducted
1335,Pug Bennett,Not Eligible,Not Eligible
3150,Pug Cavet,Not Eligible,Not Eligible
7426,Pug Griffin,Not Eligible,Not Eligible
7351,Pumpsie Green,Not Eligible,Not Eligible
10280,Punch Knoll,Not Eligible,Not Eligible
7062,Purnal Goldy,Not Eligible,Not Eligible
18938,Pussy Tebeau,Not Eligible,Not Eligible
2679,Putsy Caballero,Not Eligible,Not Eligible
19734,Quilvio Veras,Not Eligible,Not Eligible
19389,Quincy Trouppe,Not Eligible,Not Eligible
11539,Quinn Mack,Not Eligible,Not Eligible
15408,Quinn Priester,Not Eligible,Not Eligible
1426,Quintin Berry,Not Eligible,Not Eligible
12321,Quinton McCracken,Not Inducted,Not Inducted
18382,R C Stevens,Not Eligible,Not Eligible
4850,R. A. Dickey,Not Inducted,Not Inducted
165,R. J. Alaniz,Not Eligible,Not Eligible
338,R. J. Alvarez,Not Eligible,Not Eligible
15940,R. J. Reynolds,Not Eligible,Not Eligible
18768,R. J. Swindle,Not Eligible,Not Eligible
8567,R.E. Hillebrand,Not Eligible,Not Eligible
1348,Rabbit Benton,Not Eligible,Not Eligible
11794,Rabbit Maranville,Not Inducted,Inducted
16236,Rabbit Robinson,Not Eligible,Not Eligible
20104,Rabbit Warstler,Not Inducted,Not Inducted
5322,Radhames Dykhoff,Not Eligible,Not Eligible
11165,Radhames Liz,Not Eligible,Not Eligible
1595,Rae Blaemire,Not Eligible,Not Eligible
283,Rafael Almeida,Not Eligible,Not Eligible
1063,Rafael Batista,Not Eligible,Not Eligible
1107,Rafael Bautista,Not Eligible,Not Eligible
1281,Rafael Belliard,Not Inducted,Not Inducted
1447,Rafael Betancourt,Not Inducted,Not Inducted
1887,Rafael Bournigal,Not Eligible,Not Eligible
2937,Rafael Carmona,Not Eligible,Not Eligible
4778,Rafael Devers,Not Eligible,Not Eligible
4969,Rafael Dolis,Not Eligible,Not Eligible
6463,Rafael Furcal,Not Inducted,Not Inducted
10625,Rafael Landestoy,Not Eligible,Not Eligible
11306,Rafael Lopez,Not Eligible,Not Eligible
11799,Rafael Marchan,Not Eligible,Not Eligible
11931,Rafael Martin,Not Eligible,Not Eligible
12688,Rafael Medina,Not Eligible,Not Eligible
13196,Rafael Montalvo,Not Eligible,Not Eligible
13211,Rafael Montero,Not Eligible,Not Eligible
14047,Rafael Novoa,Not Eligible,Not Eligible
14346,Rafael Ortega,Not Eligible,Not Eligible
14534,Rafael Palmeiro,Inducted,Not Inducted
14901,Rafael Perez,Not Eligible,Not Eligible
15536,Rafael Quirico,Not Eligible,Not Eligible
15628,Rafael Ramirez,Not Inducted,Not Inducted
16248,Rafael Robles,Not Eligible,Not Eligible
16319,Rafael Rodriguez,Not Eligible,Not Eligible
16469,Rafael Roque,Not Eligible,Not Eligible
16892,Rafael Santana,Not Eligible,Not Eligible
16903,Rafael Santo Domingo,Not Eligible,Not Eligible
18063,Rafael Soriano,Not Inducted,Not Inducted
19580,Rafael Valdez,Not Eligible,Not Eligible
19674,Rafael Vasquez,Not Eligible,Not Eligible
21089,Rafael Ynoa,Not Eligible,Not Eligible
5737,Rags Faircloth,Not Eligible,Not Eligible
18823,Raimel Tapia,Not Eligible,Not Eligible
9144,Raisel Iglesias,Not Eligible,Not Eligible
4506,Rajai Davis,Not Inducted,Not Inducted
156,Raleigh Aitchison,Not Eligible,Not Eligible
1144,Ralph Beard,Not Eligible,Not Eligible
1271,Ralph Bell,Not Eligible,Not Eligible
1538,Ralph Birkofer,Not Eligible,Not Eligible
1869,Ralph Botting,Not Eligible,Not Eligible
2022,Ralph Branca,Not Inducted,Not Inducted
2127,Ralph Brickner,Not Eligible,Not Eligible
2384,Ralph Bryant,Not Eligible,Not Eligible
2654,Ralph Buxton,Not Eligible,Not Eligible
2731,Ralph Caldwell,Not Eligible,Not Eligible
2882,Ralph Capron,Not Eligible,Not Eligible
2991,Ralph Carroll,Not Eligible,Not Eligible
3387,Ralph Citarella,Not Eligible,Not Eligible
3703,Ralph Comstock,Not Eligible,Not Eligible
5419,Ralph Edwards,Not Eligible,Not Eligible
5587,Ralph Erickson,Not Eligible,Not Eligible
6488,Ralph Gagliano,Not Eligible,Not Eligible
6625,Ralph Garcia,Not Eligible,Not Eligible
6678,Ralph Garr,Not Inducted,Not Inducted
6704,Ralph Garza,Not Eligible,Not Eligible
6990,Ralph Glaze,Not Eligible,Not Eligible
7150,Ralph Good,Not Eligible,Not Eligible
7748,Ralph Ham,Not Eligible,Not Eligible
7785,Ralph Hamner,Not Eligible,Not Eligible
8134,Ralph Head,Not Eligible,Not Eligible
8650,Ralph Hodgin,Not Eligible,Not Eligible
8865,Ralph Houk,Not Eligible,Not Eligible
9718,Ralph Judd,Not Eligible,Not Eligible
10112,Ralph Kiner,Inducted,Inducted
10432,Ralph Kreitz,Not Eligible,Not Eligible
10681,Ralph LaPointe,Not Eligible,Not Eligible
11421,Ralph Lumenti,Not Eligible,Not Eligible
12093,Ralph Mattis,Not Eligible,Not Eligible
12117,Ralph Mauriello,Not Eligible,Not Eligible
12219,Ralph McCabe,Not Eligible,Not Eligible
12294,Ralph McConnaughey,Not Eligible,Not Eligible
12564,Ralph McLaurin,Not Eligible,Not Eligible
12572,Ralph McLeod,Not Eligible,Not Eligible
12882,Ralph Michaels,Not Eligible,Not Eligible
12999,Ralph Miller,Not Eligible,Not Eligible
12998,Ralph Miller,Not Eligible,Not Eligible
13000,Ralph Miller,Not Eligible,Not Eligible
13026,Ralph Milliard,Not Eligible,Not Eligible
13121,Ralph Mitterling,Not Eligible,Not Eligible
15266,Ralph Pond,Not Eligible,Not Eligible
16955,Ralph Savidge,Not Eligible,Not Eligible
17187,Ralph Schwamb,Not Eligible,Not Eligible
17375,Ralph Shafer,Not Eligible,Not Eligible
17402,Ralph Sharman,Not Eligible,Not Eligible
17534,Ralph Shinners,Not Eligible,Not Eligible
18552,Ralph Stroud,Not Eligible,Not Eligible
18985,Ralph Terry,Not Inducted,Not Inducted
20233,Ralph Weigel,Not Eligible,Not Eligible
20771,Ralph Winegarner,Not Eligible,Not Eligible
20954,Ralph Works,Not Eligible,Not Eligible
21151,Ralph Young,Not Eligible,Not Eligible
12769,Ramiro Mendoza,Not Inducted,Not Inducted
14813,Ramiro Peña,Not Eligible,Not Eligible
651,Ramon Aviles,Not Eligible,Not Eligible
2701,Ramon Cabrera,Not Eligible,Not Eligible
2884,Ramon Caraballo,Not Eligible,Not Eligible
3123,Ramon Castro,Not Eligible,Not Eligible
3122,Ramon Castro,Not Inducted,Not Inducted
3708,Ramon Conde,Not Eligible,Not Eligible
5861,Ramon Fermin,Not Eligible,Not Eligible
6108,Ramon Flores,Not Eligible,Not Eligible
6627,Ramon Garcia,Not Eligible,Not Eligible
6626,Ramon Garcia,Not Eligible,Not Eligible
8392,Ramon Hernandez,Not Inducted,Not Inducted
8391,Ramon Hernandez,Not Eligible,Not Eligible
10741,Ramon Laureano,Not Eligible,Not Eligible
11307,Ramon Lopez,Not Eligible,Not Eligible
11762,Ramon Manon,Not Eligible,Not Eligible
11978,Ramon Martinez,Not Inducted,Not Inducted
11977,Ramon Martinez,Not Inducted,Not Inducted
13226,Ramon Monzant,Not Eligible,Not Eligible
13332,Ramon Morel,Not Eligible,Not Eligible
13968,Ramon Nivar,Not Eligible,Not Eligible
14362,Ramon Ortiz,Not Inducted,Not Inducted
14814,Ramon Peña,Not Eligible,Not Eligible
15629,Ramon Ramirez,Not Eligible,Not Eligible
15630,Ramon Ramirez,Not Eligible,Not Eligible
16435,Ramon Romero,Not Eligible,Not Eligible
16540,Ramon Rosso,Not Eligible,Not Eligible
16900,Ramon Santiago,Not Inducted,Not Inducted
18849,Ramon Tatis,Not Eligible,Not Eligible
19292,Ramon Torres,Not Eligible,Not Eligible
19382,Ramon Troncoso,Not Eligible,Not Eligible
19538,Ramon Urias,Not Eligible,Not Eligible
19696,Ramon Vazquez,Not Eligible,Not Eligible
20216,Ramon Webster,Not Eligible,Not Eligible
4580,Ramon de los Santos,Not Eligible,Not Eligible
13538,Rance Mulliniks,Not Inducted,Not Inducted
15212,Rance Pless,Not Eligible,Not Eligible
7408,Randal Grichuk,Not Eligible,Not Eligible
4679,Randall Delgado,Not Eligible,Not Eligible
17648,Randall Simon,Not Eligible,Not Eligible
1498,Randor Bierd,Not Eligible,Not Eligible
549,Randy Arozarena,Not Eligible,Not Eligible
565,Randy Asadoor,Not Eligible,Not Eligible
1039,Randy Bass,Not Eligible,Not Eligible
1699,Randy Bobb,Not Eligible,Not Eligible
1708,Randy Bockus,Not Eligible,Not Eligible
2307,Randy Brown,Not Eligible,Not Eligible
2605,Randy Bush,Not Inducted,Not Inducted
2659,Randy Byers,Not Eligible,Not Eligible
3321,Randy Choate,Not Inducted,Not Inducted
4942,Randy Dobnak,Not Eligible,Not Eligible
5490,Randy Elliott,Not Eligible,Not Eligible
6109,Randy Flores,Not Eligible,Not Eligible
7086,Randy Gomez,Not Eligible,Not Eligible
7568,Randy Gumpert,Not Inducted,Not Inducted
8184,Randy Heflin,Not Eligible,Not Eligible
8294,Randy Hennis,Not Eligible,Not Eligible
9056,Randy Hundley,Not Inducted,Not Inducted
9065,Randy Hunt,Not Eligible,Not Eligible
9234,Randy Jackson,Not Inducted,Not Inducted
9513,Randy Johnson,Inducted,Inducted
9514,Randy Johnson,Not Eligible,Not Eligible
9515,Randy Johnson,Not Eligible,Not Eligible
9641,Randy Jones,Not Inducted,Not Inducted
9884,Randy Keisler,Not Eligible,Not Eligible
10283,Randy Knorr,Not Inducted,Not Inducted
10410,Randy Kramer,Not Eligible,Not Eligible
10522,Randy Kutcher,Not Eligible,Not Eligible
10968,Randy Lerch,Not Inducted,Not Inducted
11997,Randy Martz,Not Eligible,Not Eligible
12231,Randy McCament,Not Eligible,Not Eligible
12433,Randy McGilberry,Not Eligible,Not Eligible
12832,Randy Messenger,Not Eligible,Not Eligible
13001,Randy Miller,Not Eligible,Not Eligible
13031,Randy Milligan,Not Eligible,Not Eligible
13142,Randy Moffitt,Not Inducted,Not Inducted
13280,Randy Moore,Not Inducted,Not Inducted
13699,Randy Myers,Not Inducted,Not Inducted
13940,Randy Niemann,Not Eligible,Not Eligible
14040,Randy Nosek,Not Eligible,Not Eligible
14275,Randy O'Neal,Not Eligible,Not Eligible
15732,Randy Ready,Not Inducted,Not Inducted
16340,Randy Rodríguez,Not Eligible,Not Eligible
16485,Randy Rosario,Not Eligible,Not Eligible
16630,Randy Ruiz,Not Eligible,Not Eligible
16986,Randy Scarbery,Not Eligible,Not Eligible
17191,Randy Schwartz,Not Eligible,Not Eligible
18199,Randy St. Claire,Not Eligible,Not Eligible
18321,Randy Stein,Not Eligible,Not Eligible
18370,Randy Sterling,Not Eligible,Not Eligible
18844,Randy Tate,Not Eligible,Not Eligible
19251,Randy Tomlin,Not Eligible,Not Eligible
19710,Randy Velarde,Not Inducted,Not Inducted
19745,Randy Veres,Not Eligible,Not Eligible
19676,Randy Vásquez,Not Eligible,Not Eligible
20287,Randy Wells,Not Eligible,Not Eligible
20517,Randy Wiles,Not Eligible,Not Eligible
20621,Randy Williams,Not Eligible,Not Eligible
20792,Randy Winn,Not Inducted,Not Inducted
20853,Randy Wolf,Not Inducted,Not Inducted
21030,Randy Wynne,Not Eligible,Not Eligible
15704,Rangel Ravelo,Not Eligible,Not Eligible
18597,Ranger Suarez,Not Eligible,Not Eligible
9517,Rankin Johnson,Not Eligible,Not Eligible
9516,Rankin Johnson,Not Eligible,Not Eligible
4929,Rap Dixon,Not Eligible,Not Eligible
21001,Rasty Wright,Not Eligible,Not Eligible
21000,Rasty Wright,Not Eligible,Not Eligible
10790,Raudel Lazo,Not Eligible,Not Eligible
15731,Raudy Read,Not Eligible,Not Eligible
186,Raul Alcantara,Not Eligible,Not Eligible
3028,Raul Casanova,Not Eligible,Not Eligible
3271,Raul Chavez,Not Inducted,Not Inducted
7139,Raul Gonzalez,Not Eligible,Not Eligible
9138,Raul Ibanez,Not Inducted,Not Inducted
13182,Raul Mondesi,Not Inducted,Not Inducted
16832,Raul Sanchez,Not Eligible,Not Eligible
19563,Raul Valdes,Not Eligible,Not Eligible
11784,Ravelo Manzanillo,Not Eligible,Not Eligible
5358,Rawly Eastwick,Not Eligible,Not Eligible
878,Ray Bare,Not Eligible,Not Eligible
892,Ray Barker,Not Eligible,Not Eligible
1060,Ray Bates,Not Eligible,Not Eligible
1312,Ray Benge,Not Inducted,Not Inducted
1412,Ray Berres,Not Inducted,Not Inducted
1574,Ray Black,Not Eligible,Not Eligible
1592,Ray Blades,Not Inducted,Not Inducted
1659,Ray Blemker,Not Eligible,Not Eligible
1726,Ray Boggs,Not Eligible,Not Eligible
1812,Ray Boone,Not Inducted,Not Inducted
1943,Ray Boyd,Not Eligible,Not Eligible
2308,Ray Brown,Not Eligible,Not Eligible
2309,Ray Brown,Not Eligible,Not Eligible
2567,Ray Burris,Not Inducted,Not Inducted
2614,Ray Busse,Not Eligible,Not Eligible
2732,Ray Caldwell,Not Inducted,Not Inducted
2755,Ray Callahan,Not Eligible,Not Eligible
3193,Ray Chadwick,Not Eligible,Not Eligible
3244,Ray Chapman,Not Eligible,Not Eligible
3627,Ray Coleman,Not Eligible,Not Eligible
3661,Ray Collins,Not Eligible,Not Eligible
3859,Ray Corbin,Not Eligible,Not Eligible
3924,Ray Cosey,Not Eligible,Not Eligible
4114,Ray Crone,Not Eligible,Not Eligible
4232,Ray Culp,Not Inducted,Not Inducted
4251,Ray Cunningham,Not Eligible,Not Eligible
4354,Ray Dandridge,Not Eligible,Not Eligible
4428,Ray Daviault,Not Eligible,Not Eligible
4708,Ray Demmitt,Not Eligible,Not Eligible
4940,Ray Dobens,Not Eligible,Not Eligible
5290,Ray Durham,Not Inducted,Not Inducted
6011,Ray Fisher,Not Inducted,Not Inducted
6036,Ray Fitzgerald,Not Eligible,Not Eligible
6061,Ray Flanigan,Not Eligible,Not Eligible
6065,Ray Flaskamper,Not Eligible,Not Eligible
6148,Ray Foley,Not Eligible,Not Eligible
6161,Ray Fontenot,Not Eligible,Not Eligible
6211,Ray Fosse,Not Inducted,Not Inducted
6276,Ray Francis,Not Eligible,Not Eligible
6363,Ray French,Not Eligible,Not Eligible
6659,Ray Gardner,Not Eligible,Not Eligible
6834,Ray Giannelli,Not Eligible,Not Eligible
7173,Ray Goolsby,Not Eligible,Not Eligible
7176,Ray Gordinier,Not Eligible,Not Eligible
7450,Ray Grimes,Not Eligible,Not Eligible
7693,Ray Hale,Not Eligible,Not Eligible
7792,Ray Hamrick,Not Eligible,Not Eligible
7920,Ray Harrell,Not Eligible,Not Eligible
8021,Ray Hartranft,Not Eligible,Not Eligible
8066,Ray Hathaway,Not Eligible,Not Eligible
8123,Ray Hayward,Not Eligible,Not Eligible
8125,Ray Hayworth,Not Inducted,Not Inducted
8330,Ray Herbert,Not Inducted,Not Inducted
8678,Ray Hoffman,Not Eligible,Not Eligible
8711,Ray Holbert,Not Eligible,Not Eligible
9203,Ray Jablonski,Not Eligible,Not Eligible
9256,Ray Jacobs,Not Eligible,Not Eligible
9310,Ray Jansen,Not Eligible,Not Eligible
9319,Ray Jarvis,Not Eligible,Not Eligible
9823,Ray Katt,Not Eligible,Not Eligible
9854,Ray Keating,Not Eligible,Not Eligible
10000,Ray Kennedy,Not Eligible,Not Eligible
10037,Ray Kerr,Not Eligible,Not Eligible
10130,Ray King,Not Inducted,Not Inducted
10272,Ray Knight,Not Inducted,Not Inducted
10277,Ray Knode,Not Eligible,Not Eligible
10339,Ray Kolp,Not Inducted,Not Inducted
10425,Ray Krawczyk,Not Eligible,Not Eligible
10434,Ray Kremer,Not Inducted,Not Inducted
10590,Ray Lamanno,Not Eligible,Not Eligible
10601,Ray Lamb,Not Eligible,Not Eligible
10668,Ray Lankford,Not Inducted,Not Inducted
11382,Ray Lucas,Not Eligible,Not Eligible
11540,Ray Mack,Not Eligible,Not Eligible
11932,Ray Martin,Not Eligible,Not Eligible
12345,Ray McDavid,Not Eligible,Not Eligible
12681,Ray Medeiros,Not Eligible,Not Eligible
13002,Ray Miller,Not Eligible,Not Eligible
13003,Ray Miller,Not Eligible,Not Eligible
13068,Ray Miner,Not Eligible,Not Eligible
13221,Ray Montgomery,Not Eligible,Not Eligible
13281,Ray Moore,Not Inducted,Not Inducted
13325,Ray Morehart,Not Eligible,Not Eligible
13365,Ray Morgan,Not Eligible,Not Eligible
13462,Ray Moss,Not Eligible,Not Eligible
13487,Ray Mowe,Not Eligible,Not Eligible
13506,Ray Mueller,Not Inducted,Not Inducted
13656,Ray Murray,Not Eligible,Not Eligible
13740,Ray Narleski,Not Eligible,Not Eligible
13828,Ray Nelson,Not Eligible,Not Eligible
13882,Ray Newman,Not Eligible,Not Eligible
13978,Ray Noble,Not Eligible,Not Eligible
14113,Ray O'Brien,Not Eligible,Not Eligible
14237,Ray Olmedo,Not Eligible,Not Eligible
14467,Ray Oyler,Not Eligible,Not Eligible
14847,Ray Pepper,Not Eligible,Not Eligible
14966,Ray Peters,Not Eligible,Not Eligible
15044,Ray Phelps,Not Eligible,Not Eligible
15120,Ray Pierce,Not Eligible,Not Eligible
15223,Ray Poat,Not Eligible,Not Eligible
15274,Ray Poole,Not Eligible,Not Eligible
15352,Ray Powell,Not Eligible,Not Eligible
15412,Ray Prim,Not Eligible,Not Eligible
16017,Ray Richmond,Not Eligible,Not Eligible
16093,Ray Rippelmeyer,Not Eligible,Not Eligible
16178,Ray Roberts,Not Eligible,Not Eligible
16389,Ray Rohwer,Not Eligible,Not Eligible
16405,Ray Rolling,Not Eligible,Not Eligible
16728,Ray Sadecki,Not Inducted,Not Inducted
16734,Ray Sadler,Not Eligible,Not Eligible
16850,Ray Sanders,Not Eligible,Not Eligible
16987,Ray Scarborough,Not Inducted,Not Inducted
17008,Ray Schalk,Not Inducted,Inducted
17078,Ray Schmandt,Not Eligible,Not Eligible
17256,Ray Searage,Not Eligible,Not Eligible
17319,Ray Semproch,Not Eligible,Not Eligible
17446,Ray Shearer,Not Eligible,Not Eligible
17484,Ray Shepardson,Not Eligible,Not Eligible
17557,Ray Shook,Not Eligible,Not Eligible
17562,Ray Shore,Not Eligible,Not Eligible
17917,Ray Smith,Not Eligible,Not Eligible
18025,Ray Soff,Not Eligible,Not Eligible
18277,Ray Starr,Not Eligible,Not Eligible
18328,Ray Steineder,Not Eligible,Not Eligible
18355,Ray Stephens,Not Eligible,Not Eligible
18489,Ray Stoviak,Not Eligible,Not Eligible
19071,Ray Thomas,Not Eligible,Not Eligible
19181,Ray Tift,Not Eligible,Not Eligible
19347,Ray Treadaway,Not Eligible,Not Eligible
20115,Ray Washburn,Not Inducted,Not Inducted
20217,Ray Webster,Not Eligible,Not Eligible
20854,Ray Wolf,Not Eligible,Not Eligible
21091,Ray Yochim,Not Eligible,Not Eligible
2487,Raymond Burgos,Not Eligible,Not Eligible
3254,Raymond Charles,Not Eligible,Not Eligible
7697,Raymond Haley,Not Eligible,Not Eligible
5622,Raynel Espinal,Not Eligible,Not Eligible
10826,Razor Ledbetter,Not Eligible,Not Eligible
17532,Razor Shines,Not Eligible,Not Eligible
16667,Reb Russell,Not Eligible,Not Eligible
14079,Rebel Oakes,Not Eligible,Not Eligible
8591,Rece Hinds,Not Eligible,Not Eligible
99,Red Adams,Not Eligible,Not Eligible
362,Red Ames,Inducted,Not Inducted
415,Red Anderson,Not Eligible,Not Eligible
691,Red Badgro,Not Eligible,Not Eligible
859,Red Barbary,Not Eligible,Not Eligible
898,Red Barkley,Not Eligible,Not Eligible
927,Red Barnes,Not Eligible,Not Eligible
978,Red Barrett,Not Inducted,Not Inducted
987,Red Barron,Not Eligible,Not Eligible
1533,Red Bird,Not Eligible,Not Eligible
1559,Red Bittmann,Not Eligible,Not Eligible
1690,Red Bluhm,Not Eligible,Not Eligible
1803,Red Booles,Not Eligible,Not Eligible
1839,Red Borom,Not Eligible,Not Eligible
1931,Red Bowser,Not Eligible,Not Eligible
2451,Red Bullock,Not Eligible,Not Eligible
3141,Red Causey,Not Eligible,Not Eligible
3732,Red Connally,Not Eligible,Not Eligible
3911,Red Corriden,Not Eligible,Not Eligible
3999,Red Cox,Not Eligible,Not Eligible
4985,Red Donahue,Inducted,Not Inducted
5020,Red Dooin,Not Inducted,Not Inducted
5033,Red Dorman,Not Eligible,Not Eligible
5077,Red Downey,Not Eligible,Not Eligible
5086,Red Downs,Not Eligible,Not Eligible
5297,Red Durrett,Not Eligible,Not Eligible
5441,Red Ehret,Not Inducted,Not Inducted
5523,Red Embree,Not Eligible,Not Eligible
5685,Red Evans,Not Eligible,Not Eligible
5715,Red Faber,Not Inducted,Inducted
6012,Red Fisher,Not Eligible,Not Eligible
7570,Red Gunkel,Not Eligible,Not Eligible
7879,Red Hardy,Not Eligible,Not Eligible
8126,Red Hayworth,Not Eligible,Not Eligible
8665,Red Hoff,Not Eligible,Not Eligible
8780,Red Holt,Not Eligible,Not Eligible
8929,Red Howell,Not Eligible,Not Eligible
9642,Red Jones,Not Eligible,Not Eligible
9727,Red Juelich,Not Eligible,Not Eligible
9908,Red Kellett,Not Eligible,Not Eligible
9953,Red Kelly,Not Eligible,Not Eligible
10087,Red Killefer,Not Eligible,Not Eligible
10212,Red Kleinow,Not Eligible,Not Eligible
10439,Red Kress,Not Inducted,Not Inducted
10671,Red Lanning,Not Eligible,Not Eligible
11254,Red Long,Not Eligible,Not Eligible
11383,Red Lucas,Not Inducted,Not Inducted
11450,Red Lutz,Not Eligible,Not Eligible
11478,Red Lynn,Not Eligible,Not Eligible
11813,Red Marion,Not Eligible,Not Eligible
12019,Red Massey,Not Eligible,Not Eligible
12351,Red McDermott,Not Eligible,Not Eligible
12516,Red McKee,Not Eligible,Not Eligible
13004,Red Miller,Not Eligible,Not Eligible
13366,Red Morgan,Not Eligible,Not Eligible
13553,Red Munger,Not Inducted,Not Inducted
13574,Red Munson,Not Eligible,Not Eligible
13586,Red Murff,Not Eligible,Not Eligible
13657,Red Murray,Not Inducted,Not Inducted
13829,Red Nelson,Not Eligible,Not Eligible
14002,Red Nonnenkamp,Not Eligible,Not Eligible
14205,Red Oldham,Not Eligible,Not Eligible
14390,Red Ostergard,Not Eligible,Not Eligible
14458,Red Owens,Not Eligible,Not Eligible
14685,Red Patterson,Not Eligible,Not Eligible
14773,Red Peery,Not Eligible,Not Eligible
15076,Red Phillips,Not Eligible,Not Eligible
15423,Red Proctor,Not Eligible,Not Eligible
16179,Red Roberts,Not Eligible,Not Eligible
16402,Red Rolfe,Not Inducted,Not Inducted
16406,Red Rollings,Not Eligible,Not Eligible
16620,Red Ruffing,Not Inducted,Inducted
17061,Red Schillings,Not Eligible,Not Eligible
17115,Red Schoendienst,Inducted,Inducted
17397,Red Shannon,Not Eligible,Not Eligible
17438,Red Shea,Not Eligible,Not Eligible
17496,Red Sheridan,Not Eligible,Not Eligible
17921,Red Smith,Not Eligible,Not Eligible
17919,Red Smith,Not Eligible,Not Eligible
17920,Red Smith,Not Eligible,Not Eligible
17918,Red Smith,Not Eligible,Not Eligible
17962,Red Smyth,Not Eligible,Not Eligible
18330,Red Steiner,Not Eligible,Not Eligible
18724,Red Swanson,Not Eligible,Not Eligible
19072,Red Thomas,Not Eligible,Not Eligible
19271,Red Torkelson,Not Eligible,Not Eligible
19274,Red Torphy,Not Eligible,Not Eligible
19331,Red Tramback,Not Eligible,Not Eligible
19350,Red Treadway,Not Eligible,Not Eligible
19996,Red Waller,Not Eligible,Not Eligible
20201,Red Webb,Not Eligible,Not Eligible
20738,Red Wilson,Not Inducted,Not Inducted
20834,Red Witt,Not Eligible,Not Eligible
20919,Red Woodhead,Not Eligible,Not Eligible
20964,Red Worthington,Not Eligible,Not Eligible
6226,Reddy Foster,Not Eligible,Not Eligible
7406,Reddy Grey,Not Eligible,Not Eligible
11541,Reddy Mack,Not Eligible,Not Eligible
6685,Reed Garrett,Not Eligible,Not Eligible
9518,Reed Johnson,Not Inducted,Not Inducted
4878,Reese Diggs,Not Eligible,Not Eligible
12482,Reese McGuire,Not Eligible,Not Eligible
14258,Reese Olson,Not Eligible,Not Eligible
12511,Reeve McKay,Not Eligible,Not Eligible
23,Reggie Abercrombie,Not Eligible,Not Eligible
803,Reggie Baldwin,Not Eligible,Not Eligible
3514,Reggie Cleveland,Not Inducted,Not Inducted
7237,Reggie Grabowski,Not Eligible,Not Eligible
7967,Reggie Harris,Not Eligible,Not Eligible
9235,Reggie Jackson,Inducted,Inducted
9345,Reggie Jefferson,Not Eligible,Not Eligible
12272,Reggie McClain,Not Eligible,Not Eligible
14407,Reggie Otero,Not Eligible,Not Eligible
14686,Reggie Patterson,Not Eligible,Not Eligible
16021,Reggie Richter,Not Eligible,Not Eligible
16108,Reggie Ritter,Not Eligible,Not Eligible
16852,Reggie Sanders,Not Inducted,Not Inducted
16851,Reggie Sanders,Not Eligible,Not Eligible
17922,Reggie Smith,Not Inducted,Not Inducted
18915,Reggie Taylor,Not Eligible,Not Eligible
20044,Reggie Walton,Not Eligible,Not Eligible
20623,Reggie Williams,Not Eligible,Not Eligible
20622,Reggie Williams,Not Eligible,Not Eligible
20660,Reggie Willits,Not Eligible,Not Eligible
10886,Regis Leheny,Not Eligible,Not Eligible
2146,Reid Brignac,Not Eligible,Not Eligible
3896,Reid Cornelius,Not Eligible,Not Eligible
4766,Reid Detmers,Not Eligible,Not Eligible
7190,Reid Gorecki,Not Eligible,Not Eligible
13905,Reid Nichols,Not Eligible,Not Eligible
10255,Reiss Knehr,Not Eligible,Not Eligible
16878,Reiver Sanmartin,Not Eligible,Not Eligible
8348,Remy Hermoso,Not Eligible,Not Eligible
4587,Ren Deagle,Not Eligible,Not Eligible
9954,Ren Kelly,Not Eligible,Not Eligible
21023,Ren Wylie,Not Eligible,Not Eligible
14062,Renato Nunez,Not Eligible,Not Eligible
548,Rene Arocha,Not Eligible,Not Eligible
7098,Rene Gonzales,Not Inducted,Not Inducted
10541,Rene Lachemann,Not Eligible,Not Eligible
13201,Rene Monteagudo,Not Eligible,Not Eligible
15170,Rene Pinto,Not Eligible,Not Eligible
15922,Rene Reyes,Not Eligible,Not Eligible
16128,Rene Rivera,Not Eligible,Not Eligible
19301,Rene Tosoni,Not Eligible,Not Eligible
19564,Rene Valdes,Not Eligible,Not Eligible
11933,Renie Martin,Not Eligible,Not Eligible
18343,Rennie Stennett,Not Inducted,Not Inducted
1435,Reno Bertoia,Not Inducted,Not Inducted
15171,Renyel Pinto,Not Eligible,Not Eligible
5706,Reuben Ewing,Not Eligible,Not Eligible
18364,Reuben Stephenson,Not Eligible,Not Eligible
938,Rex Barney,Not Eligible,Not Eligible
2219,Rex Brothers,Not Eligible,Not Eligible
3159,Rex Cecil,Not Eligible,Not Eligible
4532,Rex Dawson,Not Eligible,Not Eligible
4789,Rex DeVogt,Not Eligible,Not Eligible
8968,Rex Hudler,Not Inducted,Not Inducted
8984,Rex Hudson,Not Eligible,Not Eligible
9551,Rex Johnston,Not Eligible,Not Eligible
17923,Rex Smith,Not Eligible,Not Eligible
6425,Rey Fuentes,Not Eligible,Not Eligible
13769,Rey Navarro,Not Eligible,Not Eligible
14309,Rey Ordonez,Not Eligible,Not Eligible
14522,Rey Palacios,Not Eligible,Not Eligible
15529,Rey Quinones,Not Eligible,Not Eligible
16833,Rey Sanchez,Not Inducted,Not Inducted
13387,Reyes Moronta,Not Eligible,Not Eligible
7520,Reymin Guduan,Not Eligible,Not Eligible
6628,Reynaldo Garcia,Not Eligible,Not Eligible
11308,Reynaldo Lopez,Not Eligible,Not Eligible
3893,Rheal Cormier,Not Inducted,Not Inducted
11345,Rhett Lowder,Not Eligible,Not Eligible
4196,Rhiner Cruz,Not Eligible,Not Eligible
9015,Rhyne Hughes,Not Eligible,Not Eligible
8852,Rhys Hoskins,Not Eligible,Not Eligible
9643,Ri Jones,Not Eligible,Not Eligible
15672,Ribs Raney,Not Eligible,Not Eligible
9679,Ricardo Jordan,Not Eligible,Not Eligible
15172,Ricardo Pinto,Not Eligible,Not Eligible
16076,Ricardo Rincon,Not Inducted,Not Inducted
16321,Ricardo Rodriguez,Not Eligible,Not Eligible
16320,Ricardo Rodriguez,Not Eligible,Not Eligible
16834,Ricardo Sanchez,Not Eligible,Not Eligible
19293,Ricardo Torres,Not Eligible,Not Eligible
9165,Riccardo Ingram,Not Eligible,Not Eligible
351,Rich Amaral,Not Inducted,Not Inducted
615,Rich Aude,Not Eligible,Not Eligible
625,Rich Aurilia,Not Inducted,Not Inducted
928,Rich Barnes,Not Eligible,Not Eligible
999,Rich Barry,Not Eligible,Not Eligible
1048,Rich Batchelor,Not Eligible,Not Eligible
1177,Rich Beck,Not Eligible,Not Eligible
1188,Rich Becker,Not Eligible,Not Eligible
1828,Rich Bordi,Not Eligible,Not Eligible
2646,Rich Butler,Not Eligible,Not Eligible
3304,Rich Chiles,Not Eligible,Not Eligible
3578,Rich Coggins,Not Eligible,Not Eligible
4152,Rich Croushore,Not Eligible,Not Eligible
4411,Rich Dauer,Not Inducted,Not Inducted
4693,Rich DeLucia,Not Inducted,Not Inducted
5293,Rich Durning,Not Eligible,Not Eligible
6153,Rich Folkers,Not Eligible,Not Eligible
6510,Rich Gale,Not Eligible,Not Eligible
6582,Rich Garces,Not Inducted,Not Inducted
6748,Rich Gedman,Not Inducted,Not Inducted
7214,Rich Gossage,Not Inducted,Inducted
7632,Rich Hacker,Not Eligible,Not Eligible
7804,Rich Hand,Not Eligible,Not Eligible
7862,Rich Harden,Not Eligible,Not Eligible
8561,Rich Hill,Not Eligible,Not Eligible
8607,Rich Hinton,Not Eligible,Not Eligible
9081,Rich Hunter,Not Eligible,Not Eligible
11225,Rich Loiselle,Not Eligible,Not Eligible
12537,Rich McKinney,Not Eligible,Not Eligible
13204,Rich Monteleone,Not Inducted,Not Inducted
13304,Rich Morales,Not Eligible,Not Eligible
13658,Rich Murray,Not Eligible,Not Eligible
14074,Rich Nye,Not Eligible,Not Eligible
15450,Rich Puig,Not Eligible,Not Eligible
15799,Rich Reese,Not Inducted,Not Inducted
15882,Rich Renteria,Not Eligible,Not Eligible
16203,Rich Robertson,Not Eligible,Not Eligible
16204,Rich Robertson,Not Eligible,Not Eligible
16266,Rich Rodas,Not Eligible,Not Eligible
16322,Rich Rodriguez,Not Inducted,Not Inducted
16409,Rich Rollins,Not Inducted,Not Inducted
16575,Rich Rowland,Not Eligible,Not Eligible
16635,Rich Rundles,Not Eligible,Not Eligible
16946,Rich Sauveur,Not Eligible,Not Eligible
17037,Rich Scheid,Not Eligible,Not Eligible
17351,Rich Severson,Not Eligible,Not Eligible
18675,Rich Surhoff,Not Eligible,Not Eligible
19117,Rich Thompson,Not Eligible,Not Eligible
19118,Rich Thompson,Not Eligible,Not Eligible
19119,Rich Thompson,Not Eligible,Not Eligible
19379,Rich Troedson,Not Eligible,Not Eligible
20961,Rich Wortham,Not Eligible,Not Eligible
21080,Rich Yett,Not Eligible,Not Eligible
1658,Richard Bleier,Not Eligible,Not Eligible
5047,Richard Dotson,Not Inducted,Not Inducted
6023,Richard Fitts,Not Eligible,Not Eligible
8504,Richard Hidalgo,Not Eligible,Not Eligible
11334,Richard Lovelady,Not Eligible,Not Eligible
16323,Richard Rodriguez,Not Eligible,Not Eligible
19535,Richard Urena,Not Eligible,Not Eligible
573,Richie Ashburn,Inducted,Inducted
893,Richie Barker,Not Eligible,Not Eligible
8171,Richie Hebner,Not Inducted,Not Inducted
11020,Richie Lewis,Not Eligible,Not Eligible
11934,Richie Martin,Not Eligible,Not Eligible
13168,Richie Moloney,Not Eligible,Not Eligible
13700,Richie Myers,Not Eligible,Not Eligible
14523,Richie Palacios,Not Eligible,Not Eligible
17038,Richie Scheinblum,Not Eligible,Not Eligible
17361,Richie Sexson,Not Inducted,Not Inducted
17381,Richie Shaffer,Not Eligible,Not Eligible
21249,Richie Zisk,Not Inducted,Not Inducted
100,Rick Adams,Not Eligible,Not Eligible
147,Rick Aguilera,Not Inducted,Not Inducted
416,Rick Anderson,Not Eligible,Not Eligible
417,Rick Anderson,Not Eligible,Not Eligible
460,Rick Ankiel,Not Inducted,Not Inducted
616,Rick Auerbach,Not Inducted,Not Inducted
633,Rick Austin,Not Eligible,Not Eligible
804,Rick Baldwin,Not Eligible,Not Eligible
1083,Rick Bauer,Not Eligible,Not Eligible
1226,Rick Behenna,Not Eligible,Not Eligible
1593,Rick Bladt,Not Eligible,Not Eligible
1848,Rick Bosetti,Not Eligible,Not Eligible
2522,Rick Burleson,Not Inducted,Not Inducted
2790,Rick Camp,Not Eligible,Not Eligible
3176,Rick Cerone,Not Inducted,Not Inducted
4642,Rick DeHart,Not Eligible,Not Eligible
4716,Rick Dempsey,Inducted,Not Inducted
5548,Rick Engle,Not Eligible,Not Eligible
5887,Rick Ferrell,Not Inducted,Inducted
7191,Rick Gorecki,Not Eligible,Not Eligible
7293,Rick Grapenthin,Not Eligible,Not Eligible
7369,Rick Greene,Not Eligible,Not Eligible
8213,Rick Heiserman,Not Eligible,Not Eligible
8226,Rick Helling,Not Inducted,Not Inducted
8293,Rick Henninger,Not Eligible,Not Eligible
8444,Rick Herrscher,Not Eligible,Not Eligible
8790,Rick Honeycutt,Not Inducted,Not Inducted
9030,Rick Huisman,Not Eligible,Not Eligible
9297,Rick James,Not Eligible,Not Eligible
9644,Rick Jones,Not Eligible,Not Eligible
9700,Rick Joseph,Not Eligible,Not Eligible
10046,Rick Kester,Not Eligible,Not Eligible
10441,Rick Kreuger,Not Eligible,Not Eligible
10450,Rick Krivda,Not Eligible,Not Eligible
10621,Rick Lancellotti,Not Eligible,Not Eligible
10658,Rick Langford,Not Inducted,Not Inducted
10798,Rick Leach,Not Inducted,Not Inducted
11131,Rick Lisi,Not Eligible,Not Eligible
11404,Rick Luecken,Not Eligible,Not Eligible
11496,Rick Lysander,Not Eligible,Not Eligible
11640,Rick Mahler,Not Inducted,Not Inducted
11756,Rick Manning,Not Inducted,Not Inducted
12098,Rick Matula,Not Eligible,Not Eligible
13005,Rick Miller,Not Inducted,Not Inducted
13180,Rick Monday,Not Inducted,Not Inducted
14463,Rick Ownbey,Not Eligible,Not Eligible
14596,Rick Parker,Not Eligible,Not Eligible
14967,Rick Peters,Not Eligible,Not Eligible
15284,Rick Porcello,Not Eligible,Not Eligible
15786,Rick Reed,Not Inducted,Not Inducted
15814,Rick Reichardt,Not Inducted,Not Inducted
15875,Rick Renick,Not Eligible,Not Eligible
15899,Rick Reuschel,Inducted,Not Inducted
15956,Rick Rhoden,Not Inducted,Not Inducted
16324,Rick Rodriguez,Not Eligible,Not Eligible
16961,Rick Sawyer,Not Eligible,Not Eligible
17143,Rick Schu,Not Eligible,Not Eligible
17567,Rick Short,Not Eligible,Not Eligible
18026,Rick Sofield,Not Eligible,Not Eligible
18332,Rick Steirer,Not Eligible,Not Eligible
18335,Rick Stelmaszek,Not Eligible,Not Eligible
18685,Rick Sutcliffe,Not Inducted,Not Inducted
18753,Rick Sweet,Not Eligible,Not Eligible
19901,Rick Waits,Not Inducted,Not Inducted
20432,Rick White,Not Inducted,Not Inducted
20541,Rick Wilkins,Not Inducted,Not Inducted
20624,Rick Williams,Not Eligible,Not Eligible
20811,Rick Wise,Not Inducted,Not Inducted
21014,Rick Wrona,Not Eligible,Not Eligible
19618,Rick van den Hurk,Not Eligible,Not Eligible
3438,Rickey Clark,Not Eligible,Not Eligible
4014,Rickey Cradle,Not Eligible,Not Eligible
8259,Rickey Henderson,Inducted,Inducted
9879,Rickey Keeton,Not Eligible,Not Eligible
20223,Rickie Weeks,Not Inducted,Not Inducted
101,Ricky Adams,Not Eligible,Not Eligible
1775,Ricky Bones,Not Inducted,Not Inducted
1866,Ricky Bottalico,Not Inducted,Not Inducted
7593,Ricky Gutierrez,Not Inducted,Not Inducted
8844,Ricky Horton,Not Eligible,Not Eligible
9645,Ricky Jones,Not Eligible,Not Eligible
9680,Ricky Jordan,Not Eligible,Not Eligible
9798,Ricky Karcher,Not Eligible,Not Eligible
10827,Ricky Ledee,Not Inducted,Not Inducted
13830,Ricky Nelson,Not Eligible,Not Eligible
13994,Ricky Nolasco,Not Inducted,Not Inducted
14408,Ricky Otero,Not Eligible,Not Eligible
15103,Ricky Pickett,Not Eligible,Not Eligible
16436,Ricky Romero,Not Eligible,Not Eligible
17294,Ricky Seilheimer,Not Eligible,Not Eligible
18460,Ricky Stone,Not Eligible,Not Eligible
19378,Ricky Trlicek,Not Eligible,Not Eligible
19634,Ricky Vanasco,Not Eligible,Not Eligible
21002,Ricky Wright,Not Eligible,Not Eligible
2196,Rico Brogna,Not Eligible,Not Eligible
3019,Rico Carty,Not Inducted,Not Inducted
6629,Rico Garcia,Not Eligible,Not Eligible
13983,Rico Noel,Not Eligible,Not Eligible
14999,Rico Petrocelli,Not Inducted,Not Inducted
16541,Rico Rossy,Not Eligible,Not Eligible
20122,Rico Washington,Not Eligible,Not Eligible
18365,Riggs Stephenson,Not Inducted,Not Inducted
1295,Rigo Beltran,Not Eligible,Not Eligible
5756,Rikkert Faneyte,Not Eligible,Not Eligible
102,Riley Adams,Not Eligible,Not Eligible
7370,Riley Greene,Not Eligible,Not Eligible
14114,Riley O'Brien,Not Eligible,Not Eligible
15167,Riley Pint,Not Eligible,Not Eligible
17924,Riley Smith,Not Eligible,Not Eligible
10666,Rimp Lanier,Not Eligible,Not Eligible
20625,Rinaldo Williams,Not Eligible,Not Eligible
13171,Rinty Monahan,Not Eligible,Not Eligible
16631,Rio Ruiz,Not Eligible,Not Eligible
3628,Rip Coleman,Not Eligible,Not Eligible
3662,Rip Collins,Not Inducted,Not Inducted
3789,Rip Conway,Not Eligible,Not Eligible
7659,Rip Hagerman,Not Eligible,Not Eligible
9681,Rip Jordan,Not Eligible,Not Eligible
15556,Rip Radcliff,Not Inducted,Not Inducted
15887,Rip Repulski,Not Eligible,Not Eligible
16668,Rip Russell,Not Eligible,Not Eligible
17358,Rip Sewell,Not Inducted,Not Inducted
19846,Rip Vowinkel,Not Eligible,Not Eligible
19868,Rip Wade,Not Eligible,Not Eligible
20375,Rip Wheeler,Not Eligible,Not Eligible
3663,Ripper Collins,Not Eligible,Not Eligible
7979,Rit Harrison,Not Eligible,Not Eligible
16705,River Ryan,Not Eligible,Not Eligible
1554,Rivington Bisland,Not Eligible,Not Eligible
3777,Roansy Contreras,Not Eligible,Not Eligible
444,Rob Andrews,Not Eligible,Not Eligible
1272,Rob Bell,Not Eligible,Not Eligible
1287,Rob Belloir,Not Eligible,Not Eligible
1900,Rob Bowen,Not Eligible,Not Eligible
2044,Rob Brantly,Not Eligible,Not Eligible
2647,Rob Butler,Not Eligible,Not Eligible
4631,Rob Deer,Not Inducted,Not Inducted
4670,Rob Delaney,Not Eligible,Not Eligible
4839,Rob Dibble,Not Eligible,Not Eligible
5138,Rob Dressler,Not Eligible,Not Eligible
5175,Rob Ducey,Not Inducted,Not Inducted
5501,Rob Ellis,Not Eligible,Not Eligible
6660,Rob Gardner,Not Eligible,Not Eligible
9519,Rob Johnson,Not Eligible,Not Eligible
9779,Rob Kaminsky,Not Eligible,Not Eligible
11414,Rob Lukachyk,Not Eligible,Not Eligible
11553,Rob Mackowiak,Not Eligible,Not Eligible
11694,Rob Mallicoat,Not Eligible,Not Eligible
12115,Rob Maurer,Not Eligible,Not Eligible
13626,Rob Murphy,Not Inducted,Not Inducted
13831,Rob Nelson,Not Eligible,Not Eligible
15090,Rob Picciolo,Not Eligible,Not Eligible
15565,Rob Radlosky,Not Eligible,Not Eligible
15688,Rob Rasmussen,Not Eligible,Not Eligible
15802,Rob Refsnyder,Not Eligible,Not Eligible
16012,Rob Richie,Not Eligible,Not Eligible
16706,Rob Ryan,Not Eligible,Not Eligible
16927,Rob Sasser,Not Eligible,Not Eligible
16972,Rob Scahill,Not Eligible,Not Eligible
17282,Rob Segedin,Not Eligible,Not Eligible
18149,Rob Sperring,Not Eligible,Not Eligible
18244,Rob Stanifer,Not Eligible,Not Eligible
18947,Rob Tejeda,Not Eligible,Not Eligible
19137,Rob Thomson,Not Eligible,Not Eligible
20520,Rob Wilfong,Not Inducted,Not Inducted
20941,Rob Woodward,Not Eligible,Not Eligible
20946,Rob Wooten,Not Eligible,Not Eligible
21196,Rob Zastryzny,Not Eligible,Not Eligible
13838,Robb Nen,Not Inducted,Not Inducted
15512,Robb Quinlan,Not Eligible,Not Eligible
1191,Robbie Beckett,Not Eligible,Not Eligible
5590,Robbie Erlin,Not Eligible,Not Eligible
7485,Robbie Grossman,Not Eligible,Not Eligible
15717,Robbie Ray,Not Eligible,Not Eligible
16532,Robbie Ross,Not Eligible,Not Eligible
20243,Robbie Weinhardt,Not Eligible,Not Eligible
20769,Robbie Wine,Not Eligible,Not Eligible
7778,Robby Hammock,Not Eligible,Not Eligible
17231,Robby Scott,Not Eligible,Not Eligible
19120,Robby Thompson,Not Inducted,Not Inducted
6630,Robel Garcia,Not Eligible,Not Eligible
427,Robert Andino,Not Inducted,Not Inducted
535,Robert Armstrong,Not Eligible,Not Eligible
2310,Robert Brown,Not Eligible,Not Eligible
2999,Robert Carson,Not Eligible,Not Eligible
3567,Robert Coello,Not Eligible,Not Eligible
4950,Robert Dodd,Not Eligible,Not Eligible
5208,Robert Dugger,Not Eligible,Not Eligible
5424,Robert Eenhoorn,Not Eligible,Not Eligible
5502,Robert Ellis,Not Eligible,Not Eligible
5910,Robert Fick,Not Inducted,Not Inducted
6227,Robert Foster,Not Eligible,Not Eligible
6631,Robert Garcia,Not Eligible,Not Eligible
6709,Robert Gasser,Not Eligible,Not Eligible
6857,Robert Gibson,Not Eligible,Not Eligible
7513,Robert Gsellman,Not Eligible,Not Eligible
11525,Robert Machado,Not Eligible,Not Eligible
11718,Robert Maloney,Not Eligible,Not Eligible
11778,Robert Manuel,Not Eligible,Not Eligible
13441,Robert Mosebach,Not Eligible,Not Eligible
14902,Robert Perez,Not Eligible,Not Eligible
14951,Robert Person,Not Eligible,Not Eligible
15652,Robert Ramsay,Not Eligible,Not Eligible
15718,Robert Ray,Not Eligible,Not Eligible
18366,Robert Stephenson,Not Eligible,Not Eligible
18383,Robert Stevens,Not Eligible,Not Eligible
18436,Robert Stock,Not Eligible,Not Eligible
18598,Robert Suarez,Not Eligible,Not Eligible
20358,Robert Whalen,Not Eligible,Not Eligible
294,Roberto Alomar,Inducted,Inducted
3505,Roberto Clemente,Inducted,Inducted
5275,Roberto Duran,Not Eligible,Not Eligible
7087,Roberto Gomez,Not Eligible,Not Eligible
8393,Roberto Hernandez,Not Inducted,Not Inducted
8394,Roberto Hernandez,Not Inducted,Not Inducted
9955,Roberto Kelly,Not Inducted,Not Inducted
12726,Roberto Mejia,Not Eligible,Not Eligible
14048,Roberto Novoa,Not Eligible,Not Eligible
14363,Roberto Ortiz,Not Eligible,Not Eligible
14401,Roberto Osuna,Not Eligible,Not Eligible
14903,Roberto Perez,Not Eligible,Not Eligible
14956,Roberto Petagine,Not Eligible,Not Eligible
14815,Roberto Peña,Not Eligible,Not Eligible
15631,Roberto Ramirez,Not Eligible,Not Eligible
16129,Roberto Rivera,Not Eligible,Not Eligible
16325,Roberto Rodriguez,Not Eligible,Not Eligible
19658,Roberto Vargas,Not Eligible,Not Eligible
9371,Robin Jennings,Not Eligible,Not Eligible
16180,Robin Roberts,Inducted,Inducted
19729,Robin Ventura,Not Inducted,Not Inducted
21163,Robin Yount,Inducted,Inducted
2839,Robinson Cancel,Not Eligible,Not Eligible
2857,Robinson Cano,Not Eligible,Not Eligible
3275,Robinson Checo,Not Eligible,Not Eligible
3309,Robinson Chirinos,Not Eligible,Not Eligible
11028,Robinson Leyer,Not Eligible,Not Eligible
4832,Robinzon Diaz,Not Eligible,Not Eligible
788,Rocco Baldelli,Not Eligible,Not Eligible
1488,Rocky Biddle,Not Eligible,Not Eligible
2131,Rocky Bridges,Not Inducted,Not Inducted
3284,Rocky Cherry,Not Eligible,Not Eligible
3299,Rocky Childress,Not Eligible,Not Eligible
3590,Rocky Colavito,Inducted,Inducted
3848,Rocky Coppinger,Not Eligible,Not Eligible
6511,Rocky Gale,Not Eligible,Not Eligible
10463,Rocky Krsnich,Not Eligible,Not Eligible
13832,Rocky Nelson,Not Eligible,Not Eligible
18461,Rocky Stone,Not Eligible,Not Eligible
262,Rod Allen,Not Eligible,Not Eligible
857,Rod Barajas,Not Inducted,Not Inducted
1178,Rod Beck,Not Inducted,Not Inducted
1766,Rod Bolton,Not Eligible,Not Eligible
1801,Rod Booker,Not Eligible,Not Eligible
2116,Rod Brewer,Not Eligible,Not Eligible
2899,Rod Carew,Inducted,Inducted
3908,Rod Correia,Not Eligible,Not Eligible
4021,Rod Craig,Not Eligible,Not Eligible
4624,Rod Dedeaux,Not Eligible,Not Eligible
6706,Rod Gaspar,Not Eligible,Not Eligible
6894,Rod Gilbreath,Not Eligible,Not Eligible
7232,Rod Graber,Not Eligible,Not Eligible
8260,Rod Henderson,Not Eligible,Not Eligible
9791,Rod Kanehl,Not Eligible,Not Eligible
11099,Rod Lindsey,Not Eligible,Not Eligible
13006,Rod Miller,Not Eligible,Not Eligible
13701,Rod Myers,Not Eligible,Not Eligible
13906,Rod Nichols,Not Eligible,Not Eligible
17246,Rod Scurry,Not Eligible,Not Eligible
13570,Roddery Muñoz,Not Eligible,Not Eligible
11067,Rodney Linares,Not Eligible,Not Eligible
12324,Rodney McCray,Not Eligible,Not Eligible
13702,Rodney Myers,Not Eligible,Not Eligible
17232,Rodney Scott,Not Eligible,Not Eligible
3124,Rodolfo Castro,Not Eligible,Not Eligible
11309,Rodrigo Lopez,Not Inducted,Not Inducted
16486,Rodrigo Rosario,Not Eligible,Not Eligible
17709,Roe Skidmore,Not Eligible,Not Eligible
15632,Roel Ramirez,Not Eligible,Not Eligible
5469,Roenis Elias,Not Eligible,Not Eligible
339,Rogelio Alvarez,Not Eligible,Not Eligible
529,Rogelio Armenteros,Not Eligible,Not Eligible
11979,Rogelio Martinez,Not Eligible,Not Eligible
734,Roger Bailey,Not Eligible,Not Eligible
1394,Roger Bernadina,Not Eligible,Not Eligible
1929,Roger Bowman,Not Eligible,Not Eligible
2100,Roger Bresnahan,Not Inducted,Inducted
2904,Roger Carey,Not Eligible,Not Eligible
3165,Roger Cedeno,Not Inducted,Not Inducted
3497,Roger Clemens,Not Inducted,Not Inducted
3754,Roger Connor,Inducted,Inducted
4022,Roger Craig,Not Inducted,Not Inducted
4588,Roger Deago,Not Eligible,Not Eligible
4734,Roger Denzer,Not Eligible,Not Eligible
5588,Roger Erickson,Not Eligible,Not Eligible
6323,Roger Freed,Not Eligible,Not Eligible
7750,Roger Hambright,Not Eligible,Not Eligible
8781,Roger Holt,Not Eligible,Not Eligible
10072,Roger Kieschnick,Not Eligible,Not Eligible
10563,Roger LaFrancois,Not Eligible,Not Eligible
11815,Roger Maris,Inducted,Inducted
11846,Roger Marquis,Not Eligible,Not Eligible
12013,Roger Mason,Not Eligible,Not Eligible
12238,Roger McCardell,Not Eligible,Not Eligible
12384,Roger McDowell,Not Inducted,Not Inducted
12517,Roger McKee,Not Eligible,Not Eligible
12846,Roger Metzger,Not Inducted,Not Inducted
13007,Roger Miller,Not Eligible,Not Eligible
13346,Roger Moret,Not Eligible,Not Eligible
13833,Roger Nelson,Not Eligible,Not Eligible
14717,Roger Pavlik,Not Eligible,Not Eligible
14761,Roger Peckinpaugh,Not Inducted,Not Inducted
15886,Roger Repoz,Not Eligible,Not Eligible
16773,Roger Salkeld,Not Eligible,Not Eligible
16777,Roger Salmon,Not Eligible,Not Eligible
16801,Roger Samuels,Not Eligible,Not Eligible
17729,Roger Slagle,Not Eligible,Not Eligible
17947,Roger Smithberg,Not Eligible,Not Eligible
20189,Roger Weaver,Not Eligible,Not Eligible
20866,Roger Wolff,Not Eligible,Not Eligible
8837,Rogers Hornsby,Inducted,Inducted
6977,Roland Gladu,Not Eligible,Not Eligible
8241,Roland Hemond,Not Eligible,Not Eligible
8930,Roland Howell,Not Eligible,Not Eligible
4563,Roland de la Maza,Not Eligible,Not Eligible
555,Rolando Arrojo,Not Eligible,Not Eligible
16463,Rolando Roomes,Not Eligible,Not Eligible
4385,Rolla Daringer,Not Eligible,Not Eligible
11787,Rolla Mapel,Not Eligible,Not Eligible
5957,Rollie Fingers,Inducted,Inducted
8247,Rollie Hemsley,Not Inducted,Not Inducted
13775,Rollie Naylor,Not Eligible,Not Eligible
17469,Rollie Sheldon,Not Eligible,Not Eligible
18419,Rollie Stiles,Not Eligible,Not Eligible
21209,Rollie Zeider,Not Eligible,Not Eligible
3806,Rollin Cook,Not Eligible,Not Eligible
1437,Roman Bertrand,Not Eligible,Not Eligible
3681,Roman Colon,Not Eligible,Not Eligible
12727,Roman Mejias,Not Eligible,Not Eligible
12760,Roman Mendez,Not Eligible,Not Eligible
15524,Roman Quinn,Not Eligible,Not Eligible
3210,Rome Chambers,Not Eligible,Not Eligible
11021,Rommie Lewis,Not Eligible,Not Eligible
16835,Romulo Sanchez,Not Eligible,Not Eligible
7140,Romy Gonzalez,Not Eligible,Not Eligible
263,Ron Allen,Not Eligible,Not Eligible
1584,Ron Blackburn,Not Eligible,Not Eligible
1654,Ron Blazier,Not Eligible,Not Eligible
1674,Ron Blomberg,Not Eligible,Not Eligible
2027,Ron Brand,Not Eligible,Not Eligible
2385,Ron Bryant,Not Eligible,Not Eligible
2761,Ron Calloway,Not Eligible,Not Eligible
2820,Ron Campbell,Not Eligible,Not Eligible
3044,Ron Cash,Not Eligible,Not Eligible
3185,Ron Cey,Not Inducted,Not Inducted
3439,Ron Clark,Not Eligible,Not Eligible
3807,Ron Cook,Not Eligible,Not Eligible
3820,Ron Coomer,Not Eligible,Not Eligible
4388,Ron Darling,Not Inducted,Not Inducted
4508,Ron Davis,Not Inducted,Not Inducted
4507,Ron Davis,Not Eligible,Not Eligible
4910,Ron Diorio,Not Eligible,Not Eligible
5254,Ron Dunn,Not Eligible,Not Eligible
5739,Ron Fairly,Not Inducted,Not Inducted
6110,Ron Flores,Not Eligible,Not Eligible
6564,Ron Gant,Not Inducted,Not Inducted
6639,Ron Gardenhire,Not Eligible,Not Eligible
7543,Ron Guidry,Not Inducted,Not Inducted
7846,Ron Hansen,Not Inducted,Not Inducted
8050,Ron Hassey,Not Inducted,Not Inducted
8314,Ron Henry,Not Eligible,Not Eligible
8327,Ron Herbel,Not Eligible,Not Eligible
8648,Ron Hodges,Not Inducted,Not Inducted
9066,Ron Hunt,Not Inducted,Not Inducted
9236,Ron Jackson,Not Eligible,Not Eligible
9237,Ron Jackson,Not Inducted,Not Inducted
9520,Ron Johnson,Not Eligible,Not Eligible
9646,Ron Jones,Not Eligible,Not Eligible
9803,Ron Karkovice,Not Inducted,Not Inducted
9905,Ron Keller,Not Eligible,Not Eligible
10192,Ron Kittle,Not Inducted,Not Inducted
10219,Ron Klimkowski,Not Eligible,Not Eligible
10223,Ron Kline,Not Inducted,Not Inducted
10754,Ron Law,Not Eligible,Not Eligible
10879,Ron LeFlore,Not Eligible,Not Eligible
11190,Ron Locke,Not Eligible,Not Eligible
11227,Ron Lolich,Not Eligible,Not Eligible
11634,Ron Mahay,Not Inducted,Not Inducted
11809,Ron Marinaccio,Not Eligible,Not Eligible
12054,Ron Mathis,Not Eligible,Not Eligible
12803,Ron Meridith,Not Eligible,Not Eligible
13139,Ron Moeller,Not Eligible,Not Eligible
13496,Ron Mrozinski,Not Eligible,Not Eligible
13671,Ron Musselman,Not Eligible,Not Eligible
13787,Ron Necciai,Not Eligible,Not Eligible
13793,Ron Negray,Not Eligible,Not Eligible
13963,Ron Nischwitz,Not Eligible,Not Eligible
14029,Ron Northey,Not Inducted,Not Inducted
14160,Ron Oester,Not Inducted,Not Inducted
14931,Ron Perranoski,Not Inducted,Not Inducted
15093,Ron Piche,Not Eligible,Not Eligible
15438,Ron Pruitt,Not Eligible,Not Eligible
15787,Ron Reed,Not Inducted,Not Inducted
16059,Ron Rightnowar,Not Eligible,Not Eligible
16237,Ron Robinson,Not Eligible,Not Eligible
16348,Ron Roenicke,Not Eligible,Not Eligible
16416,Ron Romanick,Not Eligible,Not Eligible
16788,Ron Samford,Not Eligible,Not Eligible
16902,Ron Santo,Inducted,Inducted
17145,Ron Schueler,Not Eligible,Not Eligible
17487,Ron Shepherd,Not Eligible,Not Eligible
17558,Ron Shoop,Not Eligible,Not Eligible
17756,Ron Slocum,Not Eligible,Not Eligible
18422,Ron Stillwell,Not Eligible,Not Eligible
18462,Ron Stone,Not Eligible,Not Eligible
18773,Ron Swoboda,Not Eligible,Not Eligible
18916,Ron Taylor,Not Inducted,Not Inducted
19016,Ron Theobald,Not Eligible,Not Eligible
19197,Ron Tingley,Not Eligible,Not Eligible
19255,Ron Tompkins,Not Eligible,Not Eligible
19790,Ron Villone,Not Inducted,Not Inducted
20123,Ron Washington,Not Inducted,Not Inducted
20658,Ron Willis,Not Eligible,Not Eligible
20829,Ron Witmeyer,Not Eligible,Not Eligible
20932,Ron Woods,Not Eligible,Not Eligible
20967,Ron Wotus,Not Eligible,Not Eligible
21003,Ron Wright,Not Eligible,Not Eligible
65,Ronald Acuña,Not Eligible,Not Eligible
1240,Ronald Belisario,Not Eligible,Not Eligible
1746,Ronald Bolanos,Not Eligible,Not Eligible
7609,Ronald Guzman,Not Eligible,Not Eligible
8427,Ronald Herrera,Not Eligible,Not Eligible
19296,Ronald Torreyes,Not Eligible,Not Eligible
20433,Rondell White,Not Inducted,Not Inducted
9521,Rondin Johnson,Not Eligible,Not Eligible
1623,Ronel Blanco,Not Eligible,Not Eligible
15941,Ronn Reynolds,Not Eligible,Not Eligible
1282,Ronnie Belliard,Not Inducted,Not Inducted
4533,Ronnie Dawson,Not Eligible,Not Eligible
3166,Ronny Cedeno,Not Inducted,Not Inducted
8301,Ronny Henriquez,Not Eligible,Not Eligible
12116,Ronny Mauricio,Not Eligible,Not Eligible
13008,Ronny Miller,Not Eligible,Not Eligible
14710,Ronny Paulino,Not Eligible,Not Eligible
16326,Ronny Rodriguez,Not Eligible,Not Eligible
9522,Rontrez Johnson,Not Eligible,Not Eligible
6632,Rony Garcia,Not Eligible,Not Eligible
4509,Rookie Davis,Not Eligible,Not Eligible
18749,Rooney Sweeney,Not Eligible,Not Eligible
2311,Roosevelt Brown,Not Eligible,Not Eligible
7980,Roric Harrison,Not Eligible,Not Eligible
16327,Rosario Rodriguez,Not Eligible,Not Eligible
3953,Roscoe Coughlin,Not Eligible,Not Eligible
13009,Roscoe Miller,Not Eligible,Not Eligible
8428,Rosell Herrera,Not Eligible,Not Eligible
16499,Rosie Rosebraugh,Not Eligible,Not Eligible
6633,Rosman Garcia,Not Eligible,Not Eligible
929,Ross Barnes,Not Eligible,Not Eligible
1094,Ross Baumgarten,Not Eligible,Not Eligible
4771,Ross Detwiler,Not Eligible,Not Eligible
7015,Ross Gload,Not Inducted,Not Inducted
7456,Ross Grimsley,Not Eligible,Not Eligible
7457,Ross Grimsley,Not Inducted,Not Inducted
9647,Ross Jones,Not Eligible,Not Eligible
13438,Ross Moschitto,Not Eligible,Not Eligible
14186,Ross Ohlendorf,Not Eligible,Not Eligible
15353,Ross Powell,Not Eligible,Not Eligible
15942,Ross Reynolds,Not Eligible,Not Eligible
18539,Ross Stripling,Not Eligible,Not Eligible
20855,Ross Wolf,Not Eligible,Not Eligible
21159,Ross Youngs,Not Inducted,Inducted
16707,Rosy Ryan,Not Inducted,Not Inducted
14152,Rougned Odor,Not Eligible,Not Eligible
20481,Rowan Wick,Not Eligible,Not Eligible
5491,Rowdy Elliott,Not Eligible,Not Eligible
18955,Rowdy Tellez,Not Eligible,Not Eligible
14163,Rowland Office,Not Inducted,Not Inducted
16150,Roxey Roach,Not Eligible,Not Eligible
10775,Roxie Lawson,Not Eligible,Not Eligible
17981,Roxy Snipes,Not Eligible,Not Eligible
20038,Roxy Walters,Not Inducted,Not Inducted
1212,Roy Beecher,Not Eligible,Not Eligible
2026,Roy Branch,Not Eligible,Not Eligible
2048,Roy Brashear,Not Eligible,Not Eligible
2364,Roy Bruner,Not Eligible,Not Eligible
2793,Roy Campanella,Inducted,Inducted
2932,Roy Carlyle,Not Eligible,Not Eligible
3107,Roy Castleton,Not Eligible,Not Eligible
3440,Roy Clark,Not Eligible,Not Eligible
3868,Roy Corcoran,Not Eligible,Not Eligible
3888,Roy Corhan,Not Eligible,Not Eligible
4008,Roy Crabb,Not Eligible,Not Eligible
4176,Roy Crumpler,Not Eligible,Not Eligible
4224,Roy Cullenbine,Not Inducted,Not Inducted
4872,Roy Dietzel,Not Eligible,Not Eligible
5355,Roy Easterwood,Not Eligible,Not Eligible
5471,Roy Ellam,Not Eligible,Not Eligible
5513,Roy Elsh,Not Eligible,Not Eligible
5686,Roy Evans,Not Eligible,Not Eligible
5719,Roy Face,Not Inducted,Not Inducted
6228,Roy Foster,Not Eligible,Not Eligible
6999,Roy Gleason,Not Eligible,Not Eligible
7052,Roy Golden,Not Eligible,Not Eligible
7267,Roy Graham,Not Eligible,Not Eligible
7451,Roy Grimes,Not Eligible,Not Eligible
7497,Roy Grover,Not Eligible,Not Eligible
7730,Roy Halladay,Inducted,Inducted
7847,Roy Hansen,Not Eligible,Not Eligible
8024,Roy Hartsfield,Not Eligible,Not Eligible
8029,Roy Hartzell,Not Inducted,Not Inducted
8088,Roy Hawes,Not Eligible,Not Eligible
8212,Roy Heiser,Not Eligible,Not Eligible
8317,Roy Henshaw,Not Eligible,Not Eligible
8619,Roy Hitt,Not Eligible,Not Eligible
8931,Roy Howell,Not Inducted,Not Inducted
9016,Roy Hughes,Not Eligible,Not Eligible
9123,Roy Hutson,Not Eligible,Not Eligible
9320,Roy Jarvis,Not Eligible,Not Eligible
9525,Roy Johnson,Not Eligible,Not Eligible
9523,Roy Johnson,Not Eligible,Not Eligible
9524,Roy Johnson,Not Inducted,Not Inducted
9554,Roy Joiner,Not Eligible,Not Eligible
10860,Roy Lee,Not Eligible,Not Eligible
9238,Roy Lee Jackson,Not Inducted,Not Inducted
10982,Roy Leslie,Not Eligible,Not Eligible
11399,Roy Luebbe,Not Eligible,Not Eligible
11629,Roy Mahaffey,Not Eligible,Not Eligible
12593,Roy McMillan,Not Inducted,Not Inducted
12700,Roy Meeker,Not Eligible,Not Eligible
13117,Roy Mitchell,Not Eligible,Not Eligible
13282,Roy Moore,Not Eligible,Not Eligible
13319,Roy Moran,Not Eligible,Not Eligible
13907,Roy Nichols,Not Eligible,Not Eligible
14403,Roy Oswalt,Not Inducted,Not Inducted
14597,Roy Parker,Not Eligible,Not Eligible
14606,Roy Parmelee,Not Inducted,Not Inducted
14610,Roy Parnell,Not Eligible,Not Eligible
14636,Roy Partee,Not Eligible,Not Eligible
14687,Roy Patterson,Not Eligible,Not Eligible
15557,Roy Radebaugh,Not Eligible,Not Eligible
16854,Roy Sanders,Not Eligible,Not Eligible
16853,Roy Sanders,Not Eligible,Not Eligible
17009,Roy Schalk,Not Eligible,Not Eligible
17491,Roy Sherid,Not Eligible,Not Eligible
17609,Roy Sievers,Not Inducted,Not Inducted
17768,Roy Smalley,Not Inducted,Not Inducted
17767,Roy Smalley,Not Inducted,Not Inducted
17925,Roy Smith,Not Eligible,Not Eligible
17926,Roy Smith,Not Eligible,Not Eligible
18140,Roy Spencer,Not Inducted,Not Inducted
18217,Roy Staiger,Not Eligible,Not Eligible
18804,Roy Talcott,Not Eligible,Not Eligible
19073,Roy Thomas,Not Inducted,Not Inducted
19074,Roy Thomas,Not Eligible,Not Eligible
19565,Roy Valdes,Not Eligible,Not Eligible
19691,Roy Vaughn,Not Eligible,Not Eligible
19957,Roy Walker,Not Eligible,Not Eligible
20171,Roy Weatherly,Not Inducted,Not Inducted
20434,Roy White,Not Inducted,Not Inducted
20545,Roy Wilkinson,Not Eligible,Not Eligible
20739,Roy Wilson,Not Eligible,Not Eligible
20812,Roy Wise,Not Eligible,Not Eligible
20825,Roy Witherup,Not Eligible,Not Eligible
20902,Roy Wood,Not Eligible,Not Eligible
21004,Roy Wright,Not Eligible,Not Eligible
21237,Roy Zimmerman,Not Eligible,Not Eligible
3487,Royce Clayton,Not Inducted,Not Inducted
11022,Royce Lewis,Not Eligible,Not Eligible
11111,Royce Lint,Not Eligible,Not Eligible
16079,Royce Ring,Not Eligible,Not Eligible
18420,Royle Stillman,Not Eligible,Not Eligible
4569,Rubby De La Rosa,Not Eligible,Not Eligible
1349,Rube Benton,Not Inducted,Not Inducted
2101,Rube Bressler,Not Inducted,Not Inducted
4639,Rube DeGroff,Not Eligible,Not Eligible
4762,Rube Dessau,Not Eligible,Not Eligible
5442,Rube Ehrhardt,Not Eligible,Not Eligible
5503,Rube Ellis,Not Eligible,Not Eligible
5984,Rube Fischer,Not Eligible,Not Eligible
6229,Rube Foster,Not Eligible,Not Eligible
6230,Rube Foster,Not Eligible,Not Eligible
6826,Rube Geyer,Not Eligible,Not Eligible
10186,Rube Kisinger,Not Eligible,Not Eligible
10455,Rube Kroh,Not Eligible,Not Eligible
11452,Rube Lutzke,Not Eligible,Not Eligible
11757,Rube Manning,Not Eligible,Not Eligible
11835,Rube Marquard,Inducted,Inducted
11876,Rube Marshall,Not Eligible,Not Eligible
12750,Rube Melton,Not Eligible,Not Eligible
14049,Rube Novotney,Not Eligible,Not Eligible
14207,Rube Oldring,Not Inducted,Not Inducted
14611,Rube Parnham,Not Eligible,Not Eligible
14968,Rube Peters,Not Eligible,Not Eligible
17024,Rube Schauer,Not Eligible,Not Eligible
17307,Rube Sellers,Not Eligible,Not Eligible
19764,Rube Vickers,Not Eligible,Not Eligible
19800,Rube Vinson,Not Eligible,Not Eligible
19858,Rube Waddell,Inducted,Inducted
19910,Rube Walberg,Not Inducted,Not Inducted
19958,Rube Walker,Not Inducted,Not Inducted
20077,Rube Ward,Not Eligible,Not Eligible
21055,Rube Yarrison,Not Eligible,Not Eligible
353,Ruben Amaro,Not Inducted,Not Inducted
354,Ruben Amaro,Not Eligible,Not Eligible
7088,Ruben Gomez,Not Inducted,Not Inducted
7219,Ruben Gotay,Not Eligible,Not Eligible
12037,Ruben Mateo,Not Eligible,Not Eligible
15502,Ruben Quevedo,Not Eligible,Not Eligible
16130,Ruben Rivera,Not Eligible,Not Eligible
16328,Ruben Rodriguez,Not Eligible,Not Eligible
17607,Ruben Sierra,Not Inducted,Not Inducted
18944,Ruben Tejada,Not Eligible,Not Eligible
11410,Ruddy Lugo,Not Eligible,Not Eligible
517,Rudy Arias,Not Eligible,Not Eligible
560,Rudy Arroyo,Not Eligible,Not Eligible
696,Rudy Baerwald,Not Eligible,Not Eligible
8395,Rudy Hernandez,Not Eligible,Not Eligible
8396,Rudy Hernandez,Not Eligible,Not Eligible
9039,Rudy Hulswitt,Not Eligible,Not Eligible
9777,Rudy Kallio,Not Eligible,Not Eligible
9969,Rudy Kemmler,Not Eligible,Not Eligible
10228,Rudy Kling,Not Eligible,Not Eligible
10256,Rudy Kneisch,Not Eligible,Not Eligible
10755,Rudy Law,Not Eligible,Not Eligible
10962,Rudy Leopold,Not Eligible,Not Eligible
12142,Rudy May,Not Inducted,Not Inducted
12782,Rudy Meoli,Not Eligible,Not Eligible
13010,Rudy Miller,Not Eligible,Not Eligible
13063,Rudy Minarcin,Not Eligible,Not Eligible
14459,Rudy Owens,Not Eligible,Not Eligible
14795,Rudy Pemberton,Not Eligible,Not Eligible
15803,Rudy Regalado,Not Eligible,Not Eligible
16615,Rudy Rufer,Not Eligible,Not Eligible
17195,Rudy Schwenck,Not Eligible,Not Eligible
17255,Rudy Seanez,Not Inducted,Not Inducted
18052,Rudy Sommers,Not Eligible,Not Eligible
21096,Rudy York,Not Inducted,Not Inducted
3460,Rufe Clarke,Not Eligible,Not Eligible
6778,Rufe Gentry,Not Eligible,Not Eligible
11068,Rufino Linares,Not Eligible,Not Eligible
12669,Rufus Meadows,Not Eligible,Not Eligible
17927,Rufus Smith,Not Eligible,Not Eligible
505,Rugger Ardizoia,Not Eligible,Not Eligible
8397,Runelvys Hernandez,Not Eligible,Not Eligible
19266,Rupe Toppin,Not Eligible,Not Eligible
13046,Rupert Mills,Not Eligible,Not Eligible
9648,Ruppert Jones,Not Inducted,Not Inducted
3096,Rusney Castillo,Not Eligible,Not Eligible
103,Russ Adams,Not Eligible,Not Eligible
1086,Russ Bauers,Not Eligible,Not Eligible
2869,Russ Canzler,Not Eligible,Not Eligible
3352,Russ Christopher,Not Eligible,Not Eligible
4510,Russ Davis,Not Eligible,Not Eligible
4748,Russ Derry,Not Eligible,Not Eligible
5556,Russ Ennis,Not Eligible,Not Eligible
6181,Russ Ford,Not Eligible,Not Eligible
6858,Russ Gibson,Not Eligible,Not Eligible
7726,Russ Hall,Not Eligible,Not Eligible
8237,Russ Heman,Not Eligible,Not Eligible
9526,Russ Johnson,Not Eligible,Not Eligible
9968,Russ Kemmerer,Not Eligible,Not Eligible
10031,Russ Kerns,Not Eligible,Not Eligible
11480,Russ Lyon,Not Eligible,Not Eligible
12444,Russ McGinnis,Not Eligible,Not Eligible
12522,Russ McKelvy,Not Eligible,Not Eligible
12704,Russ Meers,Not Eligible,Not Eligible
12867,Russ Meyer,Not Inducted,Not Inducted
13011,Russ Miller,Not Eligible,Not Eligible
13118,Russ Mitchell,Not Eligible,Not Eligible
13381,Russ Morman,Not Eligible,Not Eligible
13714,Russ Nagelson,Not Eligible,Not Eligible
13975,Russ Nixon,Not Inducted,Not Inducted
14364,Russ Ortiz,Not Inducted,Not Inducted
16989,Russ Scarritt,Not Eligible,Not Eligible
18015,Russ Snyder,Not Inducted,Not Inducted
18185,Russ Springer,Not Inducted,Not Inducted
18650,Russ Sullivan,Not Eligible,Not Eligible
18715,Russ Swan,Not Eligible,Not Eligible
19609,Russ Van Atta,Not Eligible,Not Eligible
21010,Russ Wrightstone,Not Eligible,Not Eligible
21152,Russ Young,Not Eligible,Not Eligible
2045,Russell Branyan,Not Inducted,Not Inducted
11935,Russell Martin,Not Inducted,Not Inducted
14822,Russell Pence,Not Eligible,Not Eligible
6796,Rusty Gerhardt,Not Eligible,Not Eligible
7386,Rusty Greer,Not Eligible,Not Eligible
10509,Rusty Kuntz,Not Eligible,Not Eligible
12618,Rusty McNealy,Not Eligible,Not Eligible
12660,Rusty Meacham,Not Eligible,Not Eligible
14969,Rusty Peters,Not Inducted,Not Inducted
15990,Rusty Richards,Not Eligible,Not Eligible
16683,Rusty Ryal,Not Eligible,Not Eligible
16942,Rusty Saunders,Not Eligible,Not Eligible
18287,Rusty Staub,Inducted,Not Inducted
19187,Rusty Tillman,Not Eligible,Not Eligible
19294,Rusty Torres,Not Eligible,Not Eligible
21054,Rusty Yarnall,Not Eligible,Not Eligible
104,Ryan Adams,Not Eligible,Not Eligible
146,Ryan Aguilar,Not Eligible,Not Eligible
1669,Ryan Bliss,Not Eligible,Not Eligible
1844,Ryan Borucki,Not Eligible,Not Eligible
1901,Ryan Bowen,Not Eligible,Not Eligible
1993,Ryan Bradley,Not Eligible,Not Eligible
2049,Ryan Brasier,Not Eligible,Not Eligible
2054,Ryan Braun,Not Eligible,Not Eligible
2055,Ryan Braun,Not Eligible,Not Eligible
2107,Ryan Brett,Not Eligible,Not Eligible
2403,Ryan Buchter,Not Eligible,Not Eligible
2418,Ryan Budde,Not Eligible,Not Eligible
2440,Ryan Bukvich,Not Eligible,Not Eligible
2558,Ryan Burr,Not Eligible,Not Eligible
2956,Ryan Carpenter,Not Eligible,Not Eligible
3064,Ryan Castellani,Not Eligible,Not Eligible
3340,Ryan Christenson,Not Eligible,Not Eligible
3358,Ryan Church,Not Eligible,Not Eligible
3808,Ryan Cook,Not Eligible,Not Eligible
3872,Ryan Cordell,Not Eligible,Not Eligible
3960,Ryan Court,Not Eligible,Not Eligible
4717,Ryan Dempster,Not Inducted,Not Inducted
4724,Ryan Dennick,Not Eligible,Not Eligible
5036,Ryan Dorow,Not Eligible,Not Eligible
5063,Ryan Doumit,Not Inducted,Not Inducted
5133,Ryan Drese,Not Eligible,Not Eligible
5216,Ryan Dull,Not Eligible,Not Eligible
5329,Ryan Eades,Not Eligible,Not Eligible
5823,Ryan Feierabend,Not Eligible,Not Eligible
5844,Ryan Feltner,Not Eligible,Not Eligible
5877,Ryan Fernandez,Not Eligible,Not Eligible
6054,Ryan Flaherty,Not Eligible,Not Eligible
6300,Ryan Franklin,Not Inducted,Not Inducted
6325,Ryan Freel,Not Eligible,Not Eligible
6666,Ryan Garko,Not Eligible,Not Eligible
6696,Ryan Garton,Not Eligible,Not Eligible
7022,Ryan Glynn,Not Eligible,Not Eligible
7048,Ryan Goins,Not Eligible,Not Eligible
7801,Ryan Hancock,Not Eligible,Not Eligible
7819,Ryan Hanigan,Not Inducted,Not Inducted
8018,Ryan Hartman,Not Eligible,Not Eligible
8086,Ryan Hawblitzel,Not Eligible,Not Eligible
8234,Ryan Helsley,Not Eligible,Not Eligible
8274,Ryan Hendrix,Not Eligible,Not Eligible
8909,Ryan Howard,Not Inducted,Not Inducted
9240,Ryan Jackson,Not Eligible,Not Eligible
9239,Ryan Jackson,Not Eligible,Not Eligible
9343,Ryan Jeffers,Not Eligible,Not Eligible
9375,Ryan Jensen,Not Eligible,Not Eligible
9692,Ryan Jorgensen,Not Eligible,Not Eligible
9776,Ryan Kalish,Not Eligible,Not Eligible
9811,Ryan Karp,Not Eligible,Not Eligible
9956,Ryan Kelly,Not Eligible,Not Eligible
10215,Ryan Klesko,Not Inducted,Not Inducted
10327,Ryan Kohlmeier,Not Eligible,Not Eligible
10430,Ryan Kreidler,Not Eligible,Not Eligible
10514,Ryan Kurosaki,Not Eligible,Not Eligible
10593,Ryan LaMarre,Not Eligible,Not Eligible
10657,Ryan Langerhans,Not Inducted,Not Inducted
10747,Ryan Lavarnway,Not Eligible,Not Eligible
11230,Ryan Lollis,Not Eligible,Not Eligible
11255,Ryan Long,Not Eligible,Not Eligible
11329,Ryan Loutos,Not Eligible,Not Eligible
11397,Ryan Ludwick,Not Inducted,Not Inducted
11597,Ryan Madson,Not Inducted,Not Inducted
12077,Ryan Mattheus,Not Eligible,Not Eligible
12215,Ryan McBroom,Not Eligible,Not Eligible
12483,Ryan McGuire,Not Eligible,Not Eligible
12527,Ryan McKenna,Not Eligible,Not Eligible
12580,Ryan McMahon,Not Eligible,Not Eligible
12713,Ryan Meisinger,Not Eligible,Not Eligible
12818,Ryan Merritt,Not Eligible,Not Eligible
13012,Ryan Miller,Not Eligible,Not Eligible
13078,Ryan Minor,Not Eligible,Not Eligible
13482,Ryan Mountcastle,Not Eligible,Not Eligible
13981,Ryan Noda,Not Eligible,Not Eligible
14075,Ryan Nye,Not Eligible,Not Eligible
14183,Ryan O'Hearn,Not Eligible,Not Eligible
14264,Ryan O'Malley,Not Eligible,Not Eligible
14329,Ryan O'Rourke,Not Eligible,Not Eligible
14840,Ryan Pepiot,Not Eligible,Not Eligible
14948,Ryan Perry,Not Eligible,Not Eligible
15389,Ryan Pressly,Not Eligible,Not Eligible
15548,Ryan Raburn,Not Inducted,Not Inducted
15566,Ryan Radmanovich,Not Eligible,Not Eligible
15821,Ryan Reid,Not Eligible,Not Eligible
16181,Ryan Roberts,Not Eligible,Not Eligible
16384,Ryan Rohlinger,Not Eligible,Not Eligible
16576,Ryan Rowland-Smith,Not Eligible,Not Eligible
16592,Ryan Rua,Not Eligible,Not Eligible
16642,Ryan Rupe,Not Eligible,Not Eligible
16739,Ryan Sadowski,Not Eligible,Not Eligible
17062,Ryan Schimpf,Not Eligible,Not Eligible
17444,Ryan Shealy,Not Eligible,Not Eligible
17503,Ryan Sherriff,Not Eligible,Not Eligible
17965,Ryan Snare,Not Eligible,Not Eligible
18125,Ryan Speier,Not Eligible,Not Eligible
18158,Ryan Spilborghs,Not Eligible,Not Eligible
18515,Ryan Strausborger,Not Eligible,Not Eligible
18750,Ryan Sweeney,Not Eligible,Not Eligible
18970,Ryan Tepera,Not Eligible,Not Eligible
19018,Ryan Theriot,Not Eligible,Not Eligible
19121,Ryan Thompson,Not Eligible,Not Eligible
19122,Ryan Thompson,Not Eligible,Not Eligible
19418,Ryan Tucker,Not Eligible,Not Eligible
19742,Ryan Verdugo,Not Eligible,Not Eligible
19775,Ryan Vilade,Not Eligible,Not Eligible
19822,Ryan Vogelsong,Not Inducted,Not Inducted
19891,Ryan Wagner,Not Eligible,Not Eligible
19959,Ryan Walker,Not Eligible,Not Eligible
20173,Ryan Weathers,Not Eligible,Not Eligible
20202,Ryan Webb,Not Eligible,Not Eligible
20211,Ryan Weber,Not Eligible,Not Eligible
20376,Ryan Wheeler,Not Eligible,Not Eligible
21051,Ryan Yarbrough,Not Eligible,Not Eligible
21207,Ryan Zeferjahn,Not Eligible,Not Eligible
21238,Ryan Zimmerman,Not Eligible,Not Eligible
9649,Ryder Jones,Not Eligible,Not Eligible
16708,Ryder Ryan,Not Eligible,Not Eligible
849,Rylan Bannon,Not Eligible,Not Eligible
11128,Rymer Liriano,Not Eligible,Not Eligible
5283,Ryne Duren,Not Inducted,Not Inducted
7912,Ryne Harper,Not Eligible,Not Eligible
13834,Ryne Nelson,Not Eligible,Not Eligible
16841,Ryne Sandberg,Not Inducted,Inducted
18236,Ryne Stanek,Not Eligible,Not Eligible
20870,Rynie Wolters,Not Eligible,Not Eligible
8141,Ryon Healy,Not Eligible,Not Eligible
9141,Ryota Igarashi,Not Eligible,Not Eligible
9650,Sad Sam Jones,Not Inducted,Not Inducted
8862,Sadie Houck,Not Eligible,Not Eligible
12581,Sadie McMahon,Not Eligible,Not Eligible
829,Sal Bando,Not Inducted,Not Inducted
2620,Sal Butera,Not Eligible,Not Eligible
2826,Sal Campfield,Not Eligible,Not Eligible
2828,Sal Campisi,Not Eligible,Not Eligible
5799,Sal Fasano,Not Inducted,Not Inducted
6356,Sal Frelick,Not Eligible,Not Eligible
7013,Sal Gliatto,Not Eligible,Not Eligible
11592,Sal Madrid,Not Eligible,Not Eligible
11611,Sal Maglie,Not Inducted,Not Inducted
16422,Sal Romano,Not Eligible,Not Eligible
21167,Sal Yvars,Not Eligible,Not Eligible
948,Salome Barojas,Not Eligible,Not Eligible
19295,Salomon Torres,Not Inducted,Not Inducted
14598,Salty Parker,Not Eligible,Not Eligible
14904,Salvador Perez,Not Eligible,Not Eligible
138,Sam Agnew,Not Eligible,Not Eligible
193,Sam Aldegheri,Not Eligible,Not Eligible
677,Sam Bachman,Not Eligible,Not Eligible
899,Sam Barkley,Not Eligible,Not Eligible
930,Sam Barnes,Not Eligible,Not Eligible
1736,Sam Bohne,Not Eligible,Not Eligible
1902,Sam Bowen,Not Eligible,Not Eligible
1903,Sam Bowens,Not Eligible,Not Eligible
2069,Sam Breadon,Not Eligible,Not Eligible
2084,Sam Brenegan,Not Eligible,Not Eligible
2312,Sam Brown,Not Eligible,Not Eligible
2726,Sam Calderone,Not Eligible,Not Eligible
2821,Sam Campbell,Not Eligible,Not Eligible
3245,Sam Chapman,Not Inducted,Not Inducted
3302,Sam Childs,Not Eligible,Not Eligible
3486,Sam Clay,Not Eligible,Not Eligible
3829,Sam Coonrod,Not Eligible,Not Eligible
3974,Sam Covington,Not Eligible,Not Eligible
4034,Sam Crane,Not Eligible,Not Eligible
4035,Sam Crane,Not Eligible,Not Eligible
4055,Sam Crawford,Inducted,Inducted
4313,Sam Dailey,Not Eligible,Not Eligible
4627,Sam Deduno,Not Eligible,Not Eligible
4701,Sam Demel,Not Eligible,Not Eligible
4733,Sam Dente,Not Eligible,Not Eligible
4953,Sam Dodge,Not Eligible,Not Eligible
5237,Sam Dungan,Not Eligible,Not Eligible
5327,Sam Dyson,Not Eligible,Not Eligible
5405,Sam Edmonston,Not Eligible,Not Eligible
5707,Sam Ewing,Not Eligible,Not Eligible
5916,Sam Field,Not Eligible,Not Eligible
5988,Sam Fishburn,Not Eligible,Not Eligible
6085,Sam Fletcher,Not Eligible,Not Eligible
6342,Sam Freeman,Not Eligible,Not Eligible
6403,Sam Frock,Not Eligible,Not Eligible
6434,Sam Fuld,Not Eligible,Not Eligible
6733,Sam Gaviglio,Not Eligible,Not Eligible
6774,Sam Gentile,Not Eligible,Not Eligible
6859,Sam Gibson,Not Eligible,Not Eligible
6916,Sam Gillen,Not Eligible,Not Eligible
7324,Sam Gray,Not Inducted,Not Inducted
7660,Sam Haggerty,Not Eligible,Not Eligible
7677,Sam Hairston,Not Eligible,Not Eligible
7984,Sam Harshaney,Not Eligible,Not Eligible
8325,Sam Hentges,Not Eligible,Not Eligible
8575,Sam Hilliard,Not Eligible,Not Eligible
8592,Sam Hinds,Not Eligible,Not Eligible
8815,Sam Hope,Not Eligible,Not Eligible
8833,Sam Horn,Not Eligible,Not Eligible
8910,Sam Howard,Not Eligible,Not Eligible
8993,Sam Huff,Not Eligible,Not Eligible
9241,Sam Jackson,Not Eligible,Not Eligible
9387,Sam Jethroe,Not Eligible,Not Eligible
9651,Sam Jones,Not Inducted,Not Inducted
10054,Sam Khalifa,Not Eligible,Not Eligible
10102,Sam Kimber,Not Eligible,Not Eligible
10131,Sam King,Not Eligible,Not Eligible
10705,Sam LaRocque,Not Eligible,Not Eligible
10646,Sam Lanford,Not Eligible,Not Eligible
10659,Sam Langford,Not Eligible,Not Eligible
10825,Sam LeCure,Not Eligible,Not Eligible
10872,Sam Leever,Inducted,Not Inducted
10983,Sam Leslie,Not Inducted,Not Inducted
11256,Sam Long,Not Eligible,Not Eligible
11368,Sam Lowry,Not Eligible,Not Eligible
11880,Sam Marsonek,Not Eligible,Not Eligible
12153,Sam Mayer,Not Eligible,Not Eligible
12298,Sam McConnell,Not Eligible,Not Eligible
12297,Sam McConnell,Not Eligible,Not Eligible
12385,Sam McDowell,Not Inducted,Not Inducted
12575,Sam McMackin,Not Eligible,Not Eligible
12728,Sam Mejias,Not Eligible,Not Eligible
12732,Sam Mele,Not Inducted,Not Inducted
12821,Sam Mertes,Not Inducted,Not Inducted
12919,Sam Militello,Not Eligible,Not Eligible
13141,Sam Moffet,Not Eligible,Not Eligible
13164,Sam Moll,Not Eligible,Not Eligible
13320,Sam Moran,Not Eligible,Not Eligible
13721,Sam Nahem,Not Eligible,Not Eligible
13743,Sam Narron,Not Eligible,Not Eligible
13742,Sam Narron,Not Eligible,Not Eligible
13896,Sam Nicholl,Not Eligible,Not Eligible
14506,Sam Page,Not Eligible,Not Eligible
14619,Sam Parrilla,Not Eligible,Not Eligible
14928,Sam Perlozzo,Not Eligible,Not Eligible
15315,Sam Post,Not Eligible,Not Eligible
15977,Sam Rice,Not Inducted,Inducted
17311,Sam Selman,Not Eligible,Not Eligible
17427,Sam Shaw,Not Eligible,Not Eligible
19123,Sam Thompson,Inducted,Inducted
19341,Sam Travis,Not Eligible,Not Eligible
19387,Sam Trott,Not Eligible,Not Eligible
19427,Sam Tuivailala,Not Eligible,Not Eligible
19766,Sam Vico,Not Eligible,Not Eligible
20190,Sam Weaver,Not Eligible,Not Eligible
20336,Sam West,Not Inducted,Not Inducted
20435,Sam White,Not Eligible,Not Eligible
20813,Sam Wise,Not Inducted,Not Inducted
20924,Sam Woodruff,Not Eligible,Not Eligible
21005,Sam Wright,Not Eligible,Not Eligible
21255,Sam Zoldak,Not Eligible,Not Eligible
18917,Samad Taylor,Not Eligible,Not Eligible
4256,Sammy Curran,Not Eligible,Not Eligible
5121,Sammy Drake,Not Eligible,Not Eligible
5504,Sammy Ellis,Not Eligible,Not Eligible
5633,Sammy Esposito,Not Inducted,Not Inducted
6814,Sammy Gervacio,Not Eligible,Not Eligible
7694,Sammy Hale,Not Inducted,Not Inducted
8713,Sammy Holbrook,Not Eligible,Not Eligible
9017,Sammy Hughes,Not Eligible,Not Eligible
12702,Sammy Meeks,Not Eligible,Not Eligible
14854,Sammy Peralta,Not Eligible,Not Eligible
18040,Sammy Solis,Not Eligible,Not Eligible
18076,Sammy Sosa,Inducted,Not Inducted
18408,Sammy Stewart,Not Inducted,Not Inducted
18502,Sammy Strang,Not Inducted,Not Inducted
18918,Sammy Taylor,Not Eligible,Not Eligible
19763,Sammy Vick,Not Eligible,Not Eligible
20436,Sammy White,Not Inducted,Not Inducted
2668,Samuel Byrd,Not Eligible,Not Eligible
5716,Sandro Fabian,Not Eligible,Not Eligible
187,Sandy Alcantara,Not Eligible,Not Eligible
296,Sandy Alomar,Not Inducted,Not Inducted
295,Sandy Alomar,Not Inducted,Not Inducted
367,Sandy Amoros,Not Eligible,Not Eligible
704,Sandy Baez,Not Eligible,Not Eligible
2490,Sandy Burk,Not Eligible,Not Eligible
3770,Sandy Consuegra,Not Eligible,Not Eligible
7427,Sandy Griffin,Not Eligible,Not Eligible
10391,Sandy Koufax,Not Inducted,Inducted
10947,Sandy Leon,Not Eligible,Not Eligible
11980,Sandy Martinez,Not Eligible,Not Eligible
12352,Sandy McDermott,Not Eligible,Not Eligible
12379,Sandy McDougal,Not Eligible,Not Eligible
13761,Sandy Nava,Not Eligible,Not Eligible
15135,Sandy Piez,Not Eligible,Not Eligible
16487,Sandy Rosario,Not Eligible,Not Eligible
19501,Sandy Ullrich,Not Eligible,Not Eligible
19567,Sandy Valdespino,Not Eligible,Not Eligible
19638,Sandy Vance,Not Eligible,Not Eligible
20511,Sandy Wihtol,Not Eligible,Not Eligible
10861,Sang-Hoon Lee,Not Eligible,Not Eligible
3049,Santiago Casilla,Not Inducted,Not Inducted
5623,Santiago Espinal,Not Eligible,Not Eligible
7610,Santiago Guzman,Not Eligible,Not Eligible
14905,Santiago Perez,Not Eligible,Not Eligible
15633,Santiago Ramirez,Not Eligible,Not Eligible
16488,Santiago Rosario,Not Eligible,Not Eligible
183,Santo Alcala,Not Eligible,Not Eligible
15666,Sap Randall,Not Eligible,Not Eligible
3733,Sarge Connally,Not Inducted,Not Inducted
14517,Satchel Paige,Not Eligible,Not Eligible
10344,Satoru Komiyama,Not Eligible,Not Eligible
16131,Saul Rivera,Not Eligible,Not Eligible
16381,Saul Rogovin,Not Eligible,Not Eligible
6962,Sawyer Gipson-Long,Not Eligible,Not Eligible
7352,Scarborough Green,Not Eligible,Not Eligible
16568,Schoolboy Rowe,Not Inducted,Not Inducted
18162,Scipio Spinks,Not Eligible,Not Eligible
6771,Scooter Gennett,Not Eligible,Not Eligible
17520,Scot Shields,Not Inducted,Not Inducted
19124,Scot Thompson,Not Eligible,Not Eligible
195,Scott Aldred,Not Eligible,Not Eligible
214,Scott Alexander,Not Eligible,Not Eligible
418,Scott Anderson,Not Eligible,Not Eligible
542,Scott Arnold,Not Eligible,Not Eligible
594,Scott Atchison,Not Eligible,Not Eligible
715,Scott Bailes,Not Eligible,Not Eligible
775,Scott Baker,Not Eligible,Not Eligible
776,Scott Baker,Not Inducted,Not Inducted
835,Scott Bankhead,Not Inducted,Not Inducted
903,Scott Barlow,Not Eligible,Not Eligible
931,Scott Barnes,Not Eligible,Not Eligible
1664,Scott Blewett,Not Eligible,Not Eligible
1994,Scott Bradley,Not Eligible,Not Eligible
2213,Scott Brosius,Not Inducted,Not Inducted
2227,Scott Brow,Not Eligible,Not Eligible
2313,Scott Brown,Not Eligible,Not Eligible
2445,Scott Bullett,Not Eligible,Not Eligible
2992,Scott Carroll,Not Eligible,Not Eligible
3024,Scott Cary,Not Eligible,Not Eligible
3061,Scott Cassidy,Not Eligible,Not Eligible
3290,Scott Chiamparino,Not Eligible,Not Eligible
3291,Scott Chiasson,Not Eligible,Not Eligible
3814,Scott Coolbaugh,Not Eligible,Not Eligible
3843,Scott Cooper,Not Eligible,Not Eligible
3847,Scott Copeland,Not Eligible,Not Eligible
3967,Scott Cousins,Not Eligible,Not Eligible
4526,Scott Davison,Not Eligible,Not Eligible
4801,Scott Diamond,Not Eligible,Not Eligible
4960,Scott Dohmann,Not Eligible,Not Eligible
5087,Scott Downs,Not Inducted,Not Inducted
5255,Scott Dunn,Not Eligible,Not Eligible
5335,Scott Earl,Not Eligible,Not Eligible
5425,Scott Effross,Not Eligible,Not Eligible
5459,Scott Elarton,Not Inducted,Not Inducted
5461,Scott Elbert,Not Eligible,Not Eligible
5589,Scott Erickson,Not Inducted,Not Inducted
5710,Scott Eyre,Not Inducted,Not Inducted
5829,Scott Feldman,Not Inducted,Not Inducted
6086,Scott Fletcher,Not Inducted,Not Inducted
6197,Scott Forster,Not Eligible,Not Eligible
6321,Scott Fredrickson,Not Eligible,Not Eligible
6679,Scott Garrelts,Not Inducted,Not Inducted
7678,Scott Hairston,Not Inducted,Not Inducted
7864,Scott Hardesty,Not Eligible,Not Eligible
8055,Scott Hastings,Not Eligible,Not Eligible
8069,Scott Hatteberg,Not Inducted,Not Inducted
8202,Scott Heineman,Not Eligible,Not Eligible
8242,Scott Hemond,Not Eligible,Not Eligible
8764,Scott Holman,Not Eligible,Not Eligible
9101,Scott Hurst,Not Eligible,Not Eligible
9682,Scott Jordan,Not Eligible,Not Eligible
9778,Scott Kamieniecki,Not Inducted,Not Inducted
9805,Scott Karl,Not Eligible,Not Eligible
9843,Scott Kazmir,Not Eligible,Not Eligible
10136,Scott Kingery,Not Eligible,Not Eligible
10229,Scott Klingenbeck,Not Eligible,Not Eligible
10913,Scott Leius,Not Eligible,Not Eligible
11024,Scott Lewis,Not Eligible,Not Eligible
11023,Scott Lewis,Not Eligible,Not Eligible
11104,Scott Linebrink,Not Inducted,Not Inducted
11146,Scott Little,Not Eligible,Not Eligible
11164,Scott Livingstone,Not Eligible,Not Eligible
11320,Scott Loucks,Not Eligible,Not Eligible
11441,Scott Lusader,Not Eligible,Not Eligible
11458,Scott Lydy,Not Eligible,Not Eligible
11562,Scott MacRae,Not Eligible,Not Eligible
11661,Scott Maine,Not Eligible,Not Eligible
12051,Scott Mathieson,Not Eligible,Not Eligible
12143,Scott May,Not Eligible,Not Eligible
12273,Scott McClain,Not Eligible,Not Eligible
12452,Scott McGough,Not Eligible,Not Eligible
12469,Scott McGregor,Not Inducted,Not Inducted
12692,Scott Medvin,Not Eligible,Not Eligible
12868,Scott Meyer,Not Eligible,Not Eligible
13283,Scott Moore,Not Eligible,Not Eligible
13526,Scott Mullen,Not Eligible,Not Eligible
13558,Scott Munninghoff,Not Eligible,Not Eligible
13576,Scott Munter,Not Eligible,Not Eligible
13936,Scott Nielsen,Not Eligible,Not Eligible
14030,Scott Northey,Not Eligible,Not Eligible
14086,Scott Oberg,Not Eligible,Not Eligible
14249,Scott Olsen,Not Eligible,Not Eligible
14688,Scott Patterson,Not Eligible,Not Eligible
14949,Scott Perry,Not Eligible,Not Eligible
15229,Scott Podsednik,Not Inducted,Not Inducted
15308,Scott Pose,Not Eligible,Not Eligible
15424,Scott Proctor,Not Eligible,Not Eligible
15563,Scott Radinsky,Not Inducted,Not Inducted
15667,Scott Randall,Not Eligible,Not Eligible
15822,Scott Reid,Not Eligible,Not Eligible
15978,Scott Rice,Not Eligible,Not Eligible
16018,Scott Richmond,Not Eligible,Not Eligible
16401,Scott Rolen,Inducted,Inducted
16616,Scott Ruffcorn,Not Eligible,Not Eligible
16651,Scott Ruskin,Not Eligible,Not Eligible
16855,Scott Sanders,Not Eligible,Not Eligible
16857,Scott Sanderson,Not Inducted,Not Inducted
16937,Scott Sauerbeck,Not Eligible,Not Eligible
17025,Scott Schebler,Not Eligible,Not Eligible
17117,Scott Schoeneweis,Not Inducted,Not Inducted
17245,Scott Scudder,Not Eligible,Not Eligible
17248,Scott Seabol,Not Eligible,Not Eligible
17339,Scott Servais,Not Inducted,Not Inducted
17341,Scott Service,Not Inducted,Not Inducted
17470,Scott Sheldon,Not Eligible,Not Eligible
17699,Scott Sizemore,Not Eligible,Not Eligible
17985,Scott Snodgress,Not Eligible,Not Eligible
18016,Scott Sobkowiak,Not Eligible,Not Eligible
18156,Scott Spiezio,Not Inducted,Not Inducted
18216,Scott Stahoviak,Not Eligible,Not Eligible
18409,Scott Stewart,Not Eligible,Not Eligible
18513,Scott Stratton,Not Eligible,Not Eligible
18531,Scott Strickland,Not Eligible,Not Eligible
18651,Scott Sullivan,Not Inducted,Not Inducted
18920,Scott Taylor,Not Eligible,Not Eligible
18919,Scott Taylor,Not Eligible,Not Eligible
18986,Scott Terry,Not Eligible,Not Eligible
19141,Scott Thorman,Not Eligible,Not Eligible
19500,Scott Ullger,Not Eligible,Not Eligible
19631,Scott Van Slyke,Not Eligible,Not Eligible
20144,Scott Watkins,Not Eligible,Not Eligible
20506,Scott Wiggins,Not Eligible,Not Eligible
20645,Scott Williamson,Not Eligible,Not Eligible
20762,Scott Winchester,Not Eligible,Not Eligible
11588,Scotti Madison,Not Eligible,Not Eligible
17747,Scottie Slayback,Not Eligible,Not Eligible
192,Scotty Alcock,Not Eligible,Not Eligible
955,Scotty Barr,Not Eligible,Not Eligible
9159,Scotty Ingerton,Not Eligible,Not Eligible
13284,Scrappy Moore,Not Eligible,Not Eligible
894,Sean Barker,Not Eligible,Not Eligible
1384,Sean Bergman,Not Eligible,Not Eligible
1427,Sean Berry,Not Inducted,Not Inducted
1873,Sean Bouchard,Not Eligible,Not Eligible
2512,Sean Burke,Not Eligible,Not Eligible
2528,Sean Burnett,Not Eligible,Not Eligible
2571,Sean Burroughs,Not Eligible,Not Eligible
3039,Sean Casey,Not Inducted,Not Inducted
4737,Sean DePaula,Not Eligible,Not Eligible
5022,Sean Doolittle,Not Eligible,Not Eligible
5062,Sean Douglass,Not Eligible,Not Eligible
6525,Sean Gallagher,Not Eligible,Not Eligible
6937,Sean Gilmartin,Not Eligible,Not Eligible
7353,Sean Green,Not Eligible,Not Eligible
7521,Sean Guenther,Not Eligible,Not Eligible
7746,Sean Halton,Not Eligible,Not Eligible
8286,Sean Henn,Not Eligible,Not Eligible
8622,Sean Hjelle,Not Eligible,Not Eligible
9842,Sean Kazmar,Not Eligible,Not Eligible
10770,Sean Lawrence,Not Eligible,Not Eligible
11357,Sean Lowe,Not Eligible,Not Eligible
11719,Sean Maloney,Not Eligible,Not Eligible
11724,Sean Manaea,Not Eligible,Not Eligible
11877,Sean Marshall,Not Eligible,Not Eligible
13533,Sean Mulligan,Not Eligible,Not Eligible
13627,Sean Murphy,Not Eligible,Not Eligible
13863,Sean Newcomb,Not Eligible,Not Eligible
13997,Sean Nolin,Not Eligible,Not Eligible
14397,Sean O'Sullivan,Not Eligible,Not Eligible
15281,Sean Poppen,Not Eligible,Not Eligible
15823,Sean Reid-Foley,Not Eligible,Not Eligible
15943,Sean Reynolds,Not Eligible,Not Eligible
16329,Sean Rodriguez,Not Eligible,Not Eligible
16639,Sean Runyan,Not Eligible,Not Eligible
18141,Sean Spencer,Not Eligible,Not Eligible
19321,Sean Tracey,Not Eligible,Not Eligible
20337,Sean West,Not Eligible,Not Eligible
20437,Sean White,Not Eligible,Not Eligible
20459,Sean Whiteside,Not Eligible,Not Eligible
16135,Sebastian Rivero,Not Eligible,Not Eligible
21200,Seby Zavala,Not Eligible,Not Eligible
18706,Seiya Suzuki,Not Eligible,Not Eligible
16143,Sendy Rleal,Not Eligible,Not Eligible
4977,Seranthony Dominguez,Not Eligible,Not Eligible
188,Sergio Alcantara,Not Eligible,Not Eligible
5602,Sergio Escalona,Not Eligible,Not Eligible
5890,Sergio Ferrer,Not Eligible,Not Eligible
13120,Sergio Mitre,Not Eligible,Not Eligible
16249,Sergio Robles,Not Eligible,Not Eligible
16446,Sergio Romo,Not Eligible,Not Eligible
16913,Sergio Santos,Not Eligible,Not Eligible
19581,Sergio Valdez,Not Eligible,Not Eligible
1219,Seth Beer,Not Eligible,Not Eligible
2314,Seth Brown,Not Eligible,Not Eligible
5473,Seth Elledge,Not Eligible,Not Eligible
5659,Seth Etherton,Not Eligible,Not Eligible
6302,Seth Frankoff,Not Eligible,Not Eligible
7402,Seth Greisinger,Not Eligible,Not Eligible
7747,Seth Halvorsen,Not Eligible,Not Eligible
9527,Seth Johnson,Not Eligible,Not Eligible
11411,Seth Lugo,Not Eligible,Not Eligible
11730,Seth Maness,Not Eligible,Not Eligible
11981,Seth Martinez,Not Eligible,Not Eligible
12288,Seth McClung,Not Eligible,Not Eligible
12729,Seth Mejias-Brean,Not Eligible,Not Eligible
13327,Seth Morehead,Not Eligible,Not Eligible
16437,Seth Romero,Not Eligible,Not Eligible
16517,Seth Rosin,Not Eligible,Not Eligible
17615,Seth Sigsby,Not Eligible,Not Eligible
17928,Seth Smith,Not Inducted,Not Inducted
14177,Seunghwan Oh,Not Eligible,Not Eligible
7141,Severino Gonzalez,Not Eligible,Not Eligible
20626,Shad Williams,Not Eligible,Not Eligible
17642,Shae Simmons,Not Eligible,Not Eligible
17412,Shag Shaughnessy,Not Eligible,Not Eligible
19125,Shag Thompson,Not Eligible,Not Eligible
8829,Shags Horan,Not Eligible,Not Eligible
11993,Shairon Martis,Not Eligible,Not Eligible
445,Shane Andrews,Not Eligible,Not Eligible
1120,Shane Baz,Not Eligible,Not Eligible
1490,Shane Bieber,Not Eligible,Not Eligible
1908,Shane Bowers,Not Eligible,Not Eligible
2914,Shane Carle,Not Eligible,Not Eligible
3928,Shane Costa,Not Eligible,Not Eligible
7371,Shane Greene,Not Eligible,Not Eligible
7745,Shane Halter,Not Eligible,Not Eligible
10343,Shane Komine,Not Eligible,Not Eligible
11094,Shane Lindsay,Not Eligible,Not Eligible
11330,Shane Loux,Not Eligible,Not Eligible
11542,Shane Mack,Not Eligible,Not Eligible
12275,Shane McClanahan,Not Eligible,Not Eligible
13172,Shane Monahan,Not Eligible,Not Eligible
13728,Shane Nance,Not Eligible,Not Eligible
14988,Shane Peterson,Not Eligible,Not Eligible
15706,Shane Rawley,Not Inducted,Not Inducted
15944,Shane Reynolds,Not Inducted,Not Inducted
16238,Shane Robinson,Not Eligible,Not Eligible
18142,Shane Spencer,Not Eligible,Not Eligible
19451,Shane Turner,Not Eligible,Not Eligible
19767,Shane Victorino,Not Inducted,Not Inducted
21107,Shane Youman,Not Eligible,Not Eligible
14827,Shannon Penn,Not Eligible,Not Eligible
18410,Shannon Stewart,Not Inducted,Not Inducted
20823,Shannon Withem,Not Eligible,Not Eligible
3664,Shano Collins,Not Inducted,Not Inducted
8696,Shanty Hogan,Not Inducted,Not Inducted
419,Shaun Anderson,Not Eligible,Not Eligible
6040,Shaun Fitzmaurice,Not Eligible,Not Eligible
11802,Shaun Marcum,Not Eligible,Not Eligible
31,Shawn Abner,Not Eligible,Not Eligible
536,Shawn Armstrong,Not Eligible,Not Eligible
1017,Shawn Barton,Not Eligible,Not Eligible
1851,Shawn Boskie,Not Eligible,Not Eligible
2791,Shawn Camp,Not Inducted,Not Inducted
3190,Shawn Chacon,Not Eligible,Not Eligible
5169,Shawn Dubin,Not Eligible,Not Eligible
5644,Shawn Estes,Not Inducted,Not Inducted
6889,Shawn Gilbert,Not Eligible,Not Eligible
7354,Shawn Green,Not Inducted,Not Inducted
7880,Shawn Hare,Not Eligible,Not Eligible
8562,Shawn Hill,Not Eligible,Not Eligible
8568,Shawn Hillegas,Not Eligible,Not Eligible
8765,Shawn Holman,Not Eligible,Not Eligible
9386,Shawn Jeter,Not Eligible,Not Eligible
9913,Shawn Kelley,Not Inducted,Not Inducted
13376,Shawn Morimando,Not Eligible,Not Eligible
14265,Shawn O'Malley,Not Eligible,Not Eligible
16053,Shawn Riggans,Not Eligible,Not Eligible
17272,Shawn Sedlacek,Not Eligible,Not Eligible
19236,Shawn Tolleson,Not Eligible,Not Eligible
20947,Shawn Wooten,Not Eligible,Not Eligible
5265,Shawon Dunston,Not Inducted,Not Inducted
20395,Shay Whitcomb,Not Eligible,Not Eligible
1336,Shayne Bennett,Not Eligible,Not Eligible
4986,She Donahue,Not Eligible,Not Eligible
8569,Shea Hillenbrand,Not Eligible,Not Eligible
10656,Shea Langeliers,Not Eligible,Not Eligible
18163,Shea Spitzbarth,Not Eligible,Not Eligible
11257,Shed Long,Not Eligible,Not Eligible
13013,Shelby Miller,Not Eligible,Not Eligible
2556,Sheldon Burnside,Not Eligible,Not Eligible
9652,Sheldon Jones,Not Eligible,Not Eligible
10915,Sheldon Lejeune,Not Eligible,Not Eligible
11699,Sheldon Mallory,Not Eligible,Not Eligible
13855,Sheldon Neuse,Not Eligible,Not Eligible
5231,Shelley Duncan,Not Eligible,Not Eligible
1609,Sheriff Blake,Not Inducted,Not Inducted
11228,Sherm Lollar,Not Inducted,Not Inducted
3856,Sherman Corbett,Not Eligible,Not Eligible
5420,Sherman Edwards,Not Eligible,Not Eligible
9528,Sherman Johnson,Not Eligible,Not Eligible
9653,Sherman Jones,Not Eligible,Not Eligible
10001,Sherman Kennedy,Not Eligible,Not Eligible
14083,Sherman Obando,Not Eligible,Not Eligible
11605,Sherry Magee,Inducted,Not Inducted
16205,Sherry Robertson,Not Inducted,Not Inducted
17929,Sherry Smith,Not Inducted,Not Inducted
476,Sherten Apostel,Not Eligible,Not Eligible
8040,Shigetoshi Hasegawa,Not Eligible,Not Eligible
3325,Shin-Soo Choo,Not Eligible,Not Eligible
18800,Shingo Takatsu,Not Eligible,Not Eligible
6430,Shintaro Fujinami,Not Eligible,Not Eligible
9242,Shoeless Joe Jackson,Not Inducted,Not Inducted
164,Shogo Akiyama,Not Eligible,Not Eligible
14191,Shohei Ohtani,Not Eligible,Not Eligible
675,Shooty Babitt,Not Eligible,Not Eligible
4629,Shorty Dee,Not Eligible,Not Eligible
4749,Shorty Des Jardien,Not Eligible,Not Eligible
6443,Shorty Fuller,Not Eligible,Not Eligible
6526,Shorty Gallagher,Not Eligible,Not Eligible
8919,Shorty Howe,Not Eligible,Not Eligible
9149,Shota Imanaga,Not Eligible,Not Eligible
8644,Shovel Hodge,Not Eligible,Not Eligible
21042,Shun Yamaguchi,Not Eligible,Not Eligible
9529,Si Johnson,Not Inducted,Not Inducted
14713,Si Pauxtis,Not Eligible,Not Eligible
17692,Sibby Sisti,Not Inducted,Not Inducted
1350,Sid Benton,Not Eligible,Not Eligible
2070,Sid Bream,Not Inducted,Not Inducted
5784,Sid Farrar,Not Eligible,Not Eligible
5878,Sid Fernandez,Not Inducted,Not Inducted
6732,Sid Gautreaux,Not Eligible,Not Eligible
7184,Sid Gordon,Not Inducted,Not Inducted
7307,Sid Graves,Not Eligible,Not Eligible
8985,Sid Hudson,Not Inducted,Not Inducted
13186,Sid Monge,Not Inducted,Not Inducted
14989,Sid Peterson,Not Eligible,Not Eligible
16162,Sid Roberson,Not Eligible,Not Eligible
16995,Sid Schacht,Not Eligible,Not Eligible
20874,Sid Womack,Not Eligible,Not Eligible
15269,Sidney Ponson,Not Inducted,Not Inducted
2214,Sig Broskie,Not Eligible,Not Eligible
7510,Sig Gryska,Not Eligible,Not Eligible
9277,Sig Jakucki,Not Eligible,Not Eligible
2833,Sil Campusano,Not Eligible,Not Eligible
14245,Silk O'Loughlin,Not Eligible,Not Eligible
6094,Silver Flint,Not Inducted,Not Inducted
10132,Silver King,Not Inducted,Not Inducted
1960,Silvino Bracho,Not Eligible,Not Eligible
11982,Silvio Martinez,Not Eligible,Not Eligible
2444,Sim Bullas,Not Eligible,Not Eligible
20935,Simeon Woods Richardson,Not Eligible,Not Eligible
13582,Simmy Murch,Not Eligible,Not Eligible
3125,Simon Castro,Not Eligible,Not Eligible
13680,Simon Muzziotti,Not Eligible,Not Eligible
13897,Simon Nicholls,Not Eligible,Not Eligible
15267,Simon Pond,Not Eligible,Not Eligible
16512,Simon Rosenthal,Not Eligible,Not Eligible
11033,Sixto Lezcano,Not Inducted,Not Inducted
16836,Sixto Sanchez,Not Eligible,Not Eligible
932,Skeeter Barnes,Not Eligible,Not Eligible
9893,Skeeter Kell,Not Eligible,Not Eligible
13887,Skeeter Newsome,Not Inducted,Not Inducted
16977,Skeeter Scalzi,Not Eligible,Not Eligible
17478,Skeeter Shelton,Not Eligible,Not Eligible
20203,Skeeter Webb,Not Inducted,Not Inducted
16151,Skel Roach,Not Eligible,Not Eligible
7268,Skinny Graham,Not Eligible,Not Eligible
5069,Skip Dowd,Not Eligible,Not Eligible
7553,Skip Guinn,Not Eligible,Not Eligible
9298,Skip James,Not Eligible,Not Eligible
9749,Skip Jutze,Not Eligible,Not Eligible
11200,Skip Lockwood,Not Inducted,Not Inducted
15186,Skip Pitlock,Not Eligible,Not Eligible
17177,Skip Schumaker,Not Inducted,Not Inducted
16182,Skipper Roberts,Not Eligible,Not Eligible
16159,Skippy Roberge,Not Eligible,Not Eligible
1762,Skye Bolt,Not Eligible,Not Eligible
17930,Skyrocket Smith,Not Eligible,Not Eligible
3156,Slade Cecconi,Not Eligible,Not Eligible
8167,Slade Heathcott,Not Eligible,Not Eligible
9683,Slats Jordan,Not Eligible,Not Eligible
264,Sled Allen,Not Eligible,Not Eligible
18652,Sleeper Sullivan,Not Eligible,Not Eligible
3106,Slick Castleman,Not Eligible,Not Eligible
14604,Slicker Parks,Not Eligible,Not Eligible
5524,Slim Embry,Not Eligible,Not Eligible
7921,Slim Harrell,Not Eligible,Not Eligible
7982,Slim Harriss,Not Eligible,Not Eligible
11331,Slim Love,Not Eligible,Not Eligible
12470,Slim McGrew,Not Eligible,Not Eligible
16774,Slim Sallee,Not Inducted,Not Inducted
5103,Slow Joe Doyle,Not Eligible,Not Eligible
9557,Smead Jolley,Not Eligible,Not Eligible
2479,Smoky Burgess,Not Inducted,Not Inducted
20903,Smoky Joe Wood,Not Inducted,Not Inducted
4592,Snake Deal,Not Eligible,Not Eligible
8315,Snake Henry,Not Eligible,Not Eligible
3727,Snipe Conley,Not Eligible,Not Eligible
7848,Snipe Hansen,Not Eligible,Not Eligible
5070,Snooks Dowd,Not Eligible,Not Eligible
18431,Snuffy Stirnweiss,Not Inducted,Not Inducted
18794,So Taguchi,Not Eligible,Not Eligible
17293,Socks Seibold,Not Eligible,Not Eligible
17366,Socks Seybold,Not Eligible,Not Eligible
2168,Socrates Brito,Not Eligible,Not Eligible
3015,Sol Carter,Not Eligible,Not Eligible
20438,Sol White,Not Eligible,Not Eligible
5122,Solly Drake,Not Eligible,Not Eligible
8248,Solly Hemus,Not Inducted,Not Inducted
8688,Solly Hofman,Not Inducted,Not Inducted
16771,Solly Salisbury,Not Eligible,Not Eligible
4930,Sonny Dixon,Not Eligible,Not Eligible
7325,Sonny Gray,Not Eligible,Not Eligible
8679,Sonny Hoffman,Not Eligible,Not Eligible
9243,Sonny Jackson,Not Inducted,Not Inducted
16595,Sonny Ruberto,Not Eligible,Not Eligible
17320,Sonny Senerchia,Not Eligible,Not Eligible
17597,Sonny Siebert,Not Inducted,Not Inducted
2822,Soup Campbell,Not Eligible,Not Eligible
20904,Spades Wood,Not Eligible,Not Eligible
105,Sparky Adams,Not Inducted,Not Inducted
420,Sparky Anderson,Not Eligible,Not Eligible
11460,Sparky Lyle,Not Inducted,Not Inducted
12224,Sparrow McCaffrey,Not Eligible,Not Eligible
13436,Sparrow Morton,Not Eligible,Not Eligible
7892,Spec Harkness,Not Eligible,Not Eligible
17439,Spec Shea,Not Eligible,Not Eligible
9957,Speed Kelly,Not Eligible,Not Eligible
11936,Speed Martin,Not Eligible,Not Eligible
19960,Speed Walker,Not Eligible,Not Eligible
7968,Spence Harris,Not Eligible,Not Eligible
106,Spencer Adams,Not Eligible,Not Eligible
553,Spencer Arrighetti,Not Eligible,Not Eligible
1560,Spencer Bivens,Not Eligible,Not Eligible
8162,Spencer Heath,Not Eligible,Not Eligible
8848,Spencer Horwitz,Not Eligible,Not Eligible
8911,Spencer Howard,Not Eligible,Not Eligible
10060,Spencer Kieboom,Not Eligible,Not Eligible
14696,Spencer Patton,Not Eligible,Not Eligible
15460,Spencer Pumpelly,Not Eligible,Not Eligible
17194,Spencer Schwellenbach,Not Eligible,Not Eligible
18309,Spencer Steer,Not Eligible,Not Eligible
18533,Spencer Strider,Not Eligible,Not Eligible
19272,Spencer Torkelson,Not Eligible,Not Eligible
19442,Spencer Turnbull,Not Eligible,Not Eligible
20145,Spenser Watkins,Not Eligible,Not Eligible
3441,Spider Clark,Not Eligible,Not Eligible
9693,Spider Jorgensen,Not Eligible,Not Eligible
20525,Spider Wilhelm,Not Eligible,Not Eligible
2010,Spike Brady,Not Eligible,Not Eligible
12801,Spike Merena,Not Eligible,Not Eligible
14449,Spike Owen,Not Inducted,Not Inducted
17398,Spike Shannon,Not Eligible,Not Eligible
5527,Spoke Emery,Not Eligible,Not Eligible
9257,Spook Jacobs,Not Eligible,Not Eligible
12186,Sport McAllister,Not Eligible,Not Eligible
15245,Spottswood Poles,Not Eligible,Not Eligible
3220,Spud Chandler,Not Inducted,Not Inducted
9530,Spud Johnson,Not Eligible,Not Eligible
15323,Squire Potter,Not Eligible,Not Eligible
15149,Squiz Pillion,Not Eligible,Not Eligible
9654,Stacy Jones,Not Eligible,Not Eligible
446,Stan Andrews,Not Eligible,Not Eligible
711,Stan Bahnsen,Not Inducted,Not Inducted
1097,Stan Baumgartner,Not Eligible,Not Eligible
1238,Stan Belinda,Not Inducted,Not Inducted
1319,Stan Benjamin,Not Eligible,Not Eligible
3461,Stan Clarke,Not Eligible,Not Eligible
3519,Stan Cliburn,Not Eligible,Not Eligible
3970,Stan Coveleski,Not Inducted,Inducted
5762,Stan Fansler,Not Eligible,Not Eligible
5849,Stan Ferens,Not Eligible,Not Eligible
6529,Stan Galle,Not Eligible,Not Eligible
7063,Stan Goletz,Not Eligible,Not Eligible
7326,Stan Gray,Not Eligible,Not Eligible
7630,Stan Hack,Not Inducted,Not Inducted
8748,Stan Hollmig,Not Eligible,Not Eligible
9330,Stan Javier,Not Inducted,Not Inducted
9346,Stan Jefferson,Not Eligible,Not Eligible
9531,Stan Johnson,Not Eligible,Not Eligible
9555,Stan Jok,Not Eligible,Not Eligible
10237,Stan Klopp,Not Eligible,Not Eligible
11272,Stan Lopata,Not Inducted,Not Inducted
13669,Stan Musial,Inducted,Inducted
14546,Stan Palys,Not Eligible,Not Eligible
14557,Stan Papi,Not Eligible,Not Eligible
14637,Stan Partenheimer,Not Eligible,Not Eligible
14719,Stan Pawloski,Not Eligible,Not Eligible
14953,Stan Perzanowski,Not Eligible,Not Eligible
15193,Stan Pitula,Not Eligible,Not Eligible
15793,Stan Rees,Not Eligible,Not Eligible
16243,Stan Robison,Not Eligible,Not Eligible
16399,Stan Rojek,Not Eligible,Not Eligible
16586,Stan Royer,Not Eligible,Not Eligible
18131,Stan Spence,Not Eligible,Not Eligible
18143,Stan Spencer,Not Eligible,Not Eligible
18150,Stan Sperry,Not Eligible,Not Eligible
18725,Stan Swanson,Not Eligible,Not Eligible
19075,Stan Thomas,Not Eligible,Not Eligible
19979,Stan Wall,Not Eligible,Not Eligible
20305,Stan Wentzel,Not Eligible,Not Eligible
20627,Stan Williams,Not Inducted,Not Inducted
21077,Stan Yerkes,Not Eligible,Not Eligible
3126,Starlin Castro,Not Eligible,Not Eligible
11891,Starling Marte,Not Eligible,Not Eligible
20628,Steamboat Williams,Not Eligible,Not Eligible
6059,Steamer Flanagan,Not Eligible,Not Eligible
19961,Steele Walker,Not Eligible,Not Eligible
4078,Stefan Crichton,Not Eligible,Not Eligible
20354,Stefan Wever,Not Eligible,Not Eligible
16438,Stefen Romero,Not Eligible,Not Eligible
2897,Stephen Cardullo,Not Eligible,Not Eligible
5141,Stephen Drew,Not Inducted,Not Inducted
5930,Stephen Fife,Not Eligible,Not Eligible
7091,Stephen Gonsalves,Not Eligible,Not Eligible
10336,Stephen Kolek,Not Eligible,Not Eligible
10695,Stephen Larkin,Not Eligible,Not Eligible
13986,Stephen Nogosek,Not Eligible,Not Eligible
15182,Stephen Piscotty,Not Eligible,Not Eligible
15440,Stephen Pryor,Not Eligible,Not Eligible
16042,Stephen Ridings,Not Eligible,Not Eligible
17948,Stephen Smitherman,Not Eligible,Not Eligible
18507,Stephen Strasburg,Not Eligible,Not Eligible
18830,Stephen Tarpley,Not Eligible,Not Eligible
19823,Stephen Vogt,Not Eligible,Not Eligible
8617,Sterling Hitchcock,Not Inducted,Not Inducted
17405,Sterling Sharp,Not Eligible,Not Eligible
17745,Sterling Slaughter,Not Eligible,Not Eligible
18557,Sterling Stryker,Not Eligible,Not Eligible
127,Steve Adkins,Not Eligible,Not Eligible
363,Steve Ames,Not Eligible,Not Eligible
428,Steve Andrade,Not Eligible,Not Eligible
521,Steve Arlin,Not Eligible,Not Eligible
643,Steve Avery,Not Inducted,Not Inducted
735,Steve Bailey,Not Eligible,Not Eligible
777,Steve Baker,Not Eligible,Not Eligible
786,Steve Balboni,Not Inducted,Not Inducted
866,Steve Barber,Not Eligible,Not Eligible
865,Steve Barber,Not Inducted,Not Inducted
956,Steve Barr,Not Eligible,Not Eligible
1166,Steve Bechler,Not Eligible,Not Eligible
1208,Steve Bedrosian,Not Inducted,Not Inducted
1225,Steve Behel,Not Eligible,Not Eligible
1277,Steve Bellan,Not Eligible,Not Eligible
1500,Steve Bieser,Not Eligible,Not Eligible
1515,Steve Bilko,Not Inducted,Not Inducted
1525,Steve Biras,Not Eligible,Not Eligible
1644,Steve Blass,Not Inducted,Not Inducted
1645,Steve Blateric,Not Eligible,Not Eligible
1840,Steve Boros,Not Eligible,Not Eligible
1883,Steve Bourgeois,Not Eligible,Not Eligible
1920,Steve Bowling,Not Eligible,Not Eligible
2011,Steve Brady,Not Eligible,Not Eligible
2056,Steve Braun,Not Inducted,Not Inducted
2192,Steve Brodie,Not Inducted,Not Inducted
2315,Steve Brown,Not Eligible,Not Eligible
2387,Steve Brye,Not Eligible,Not Eligible
2423,Steve Buechele,Not Inducted,Not Inducted
2513,Steve Burke,Not Eligible,Not Eligible
2588,Steve Busby,Not Eligible,Not Eligible
2929,Steve Carlton,Inducted,Inducted
3016,Steve Carter,Not Eligible,Not Eligible
3315,Steve Chitren,Not Eligible,Not Eligible
3348,Steve Christmas,Not Eligible,Not Eligible
3384,Steve Cishek,Not Eligible,Not Eligible
3515,Steve Clevenger,Not Eligible,Not Eligible
3687,Steve Colyer,Not Eligible,Not Eligible
3693,Steve Comer,Not Eligible,Not Eligible
3741,Steve Connelly,Not Eligible,Not Eligible
3811,Steve Cooke,Not Eligible,Not Eligible
4000,Steve Cox,Not Eligible,Not Eligible
4056,Steve Crawford,Not Inducted,Not Inducted
4239,Steve Cummings,Not Eligible,Not Eligible
4264,Steve Curry,Not Eligible,Not Eligible
4511,Steve Davis,Not Eligible,Not Eligible
4512,Steve Davis,Not Eligible,Not Eligible
4622,Steve Decker,Not Eligible,Not Eligible
4661,Steve Delabar,Not Eligible,Not Eligible
4706,Steve Demeter,Not Eligible,Not Eligible
4879,Steve Dignan,Not Eligible,Not Eligible
4885,Steve Dillard,Not Eligible,Not Eligible
4895,Steve Dillon,Not Eligible,Not Eligible
4931,Steve Dixon,Not Eligible,Not Eligible
5146,Steve Dreyer,Not Eligible,Not Eligible
5256,Steve Dunn,Not Eligible,Not Eligible
5257,Steve Dunn,Not Eligible,Not Eligible
5263,Steve Dunning,Not Eligible,Not Eligible
5382,Steve Eddy,Not Eligible,Not Eligible
5396,Steve Edlefsen,Not Eligible,Not Eligible
5510,Steve Ellsworth,Not Eligible,Not Eligible
5544,Steve Engel,Not Eligible,Not Eligible
5687,Steve Evans,Not Eligible,Not Eligible
5752,Steve Falteisek,Not Eligible,Not Eligible
5783,Steve Farr,Not Inducted,Not Inducted
5948,Steve Filipowicz,Not Eligible,Not Eligible
5965,Steve Finley,Not Inducted,Not Inducted
5976,Steve Fireovid,Not Eligible,Not Eligible
6231,Steve Foster,Not Eligible,Not Eligible
6233,Steve Foucault,Not Eligible,Not Eligible
6369,Steve Frey,Not Eligible,Not Eligible
6501,Steve Gajkowski,Not Eligible,Not Eligible
6692,Steve Garrison,Not Eligible,Not Eligible
6699,Steve Garvey,Inducted,Inducted
6768,Steve Geltz,Not Eligible,Not Eligible
6800,Steve Gerkin,Not Eligible,Not Eligible
6844,Steve Gibralter,Not Eligible,Not Eligible
7355,Steve Green,Not Eligible,Not Eligible
7443,Steve Grilli,Not Eligible,Not Eligible
7469,Steve Gromek,Not Inducted,Not Inducted
7770,Steve Hamilton,Not Inducted,Not Inducted
7781,Steve Hammond,Not Eligible,Not Eligible
7882,Steve Hargan,Not Inducted,Not Inducted
8067,Steve Hathaway,Not Eligible,Not Eligible
8261,Steve Henderson,Not Inducted,Not Inducted
8451,Steve Hertz,Not Eligible,Not Eligible
8758,Steve Holm,Not Eligible,Not Eligible
8850,Steve Hosey,Not Eligible,Not Eligible
8888,Steve Hovley,Not Eligible,Not Eligible
8912,Steve Howard,Not Eligible,Not Eligible
8920,Steve Howe,Not Inducted,Not Inducted
9085,Steve Huntz,Not Eligible,Not Eligible
9352,Steve Jeltz,Not Eligible,Not Eligible
9532,Steve Johnson,Not Eligible,Not Eligible
9655,Steve Jones,Not Eligible,Not Eligible
9815,Steve Karsay,Not Inducted,Not Inducted
9845,Steve Kealey,Not Eligible,Not Eligible
9972,Steve Kemp,Not Inducted,Not Inducted
10012,Steve Kent,Not Eligible,Not Eligible
10064,Steve Kiefer,Not Eligible,Not Eligible
10133,Steve King,Not Eligible,Not Eligible
10225,Steve Kline,Not Inducted,Not Inducted
10224,Steve Kline,Not Eligible,Not Eligible
10371,Steve Korcheck,Not Eligible,Not Eligible
10407,Steve Kraly,Not Eligible,Not Eligible
10490,Steve Kuczek,Not Eligible,Not Eligible
10555,Steve Ladew,Not Eligible,Not Eligible
10581,Steve Lake,Not Inducted,Not Inducted
10696,Steve Larkin,Not Eligible,Not Eligible
10776,Steve Lawson,Not Eligible,Not Eligible
10924,Steve Lembo,Not Eligible,Not Eligible
11034,Steve Libby,Not Eligible,Not Eligible
11232,Steve Lomasney,Not Eligible,Not Eligible
11239,Steve Lombardozzi,Not Eligible,Not Eligible
11238,Steve Lombardozzi,Not Eligible,Not Eligible
11372,Steve Lubratich,Not Eligible,Not Eligible
11400,Steve Luebber,Not Eligible,Not Eligible
11490,Steve Lyons,Not Eligible,Not Eligible
11552,Steve Macko,Not Eligible,Not Eligible
12087,Steve Matthias,Not Eligible,Not Eligible
12264,Steve McCatty,Not Eligible,Not Eligible
12746,Steve Melter,Not Eligible,Not Eligible
12828,Steve Mesner,Not Eligible,Not Eligible
13071,Steve Mingori,Not Inducted,Not Inducted
13083,Steve Mintz,Not Eligible,Not Eligible
13222,Steve Montgomery,Not Eligible,Not Eligible
13578,Steve Mura,Not Eligible,Not Eligible
13720,Steve Nagy,Not Eligible,Not Eligible
13923,Steve Nicosia,Not Eligible,Not Eligible
14294,Steve O'Neill,Not Inducted,Not Inducted
14213,Steve Olin,Not Eligible,Not Eligible
14301,Steve Ontiveros,Not Eligible,Not Eligible
14300,Steve Ontiveros,Not Inducted,Not Inducted
14527,Steve Palermo,Not Eligible,Not Eligible
14621,Steve Parris,Not Eligible,Not Eligible
14638,Steve Partenheimer,Not Eligible,Not Eligible
14747,Steve Pearce,Not Inducted,Not Inducted
14770,Steve Peek,Not Eligible,Not Eligible
14781,Steve Pegues,Not Eligible,Not Eligible
14970,Steve Peters,Not Eligible,Not Eligible
15084,Steve Phoenix,Not Eligible,Not Eligible
15549,Steve Rachunok,Not Eligible,Not Eligible
15581,Steve Rain,Not Eligible,Not Eligible
15669,Steve Randolph,Not Eligible,Not Eligible
15697,Steve Ratzer,Not Eligible,Not Eligible
15788,Steve Reed,Not Inducted,Not Inducted
15878,Steve Renko,Not Inducted,Not Inducted
16043,Steve Ridzik,Not Inducted,Not Inducted
16330,Steve Rodriguez,Not Eligible,Not Eligible
16373,Steve Rogers,Not Inducted,Not Inducted
16509,Steve Rosenberg,Not Eligible,Not Eligible
16516,Steve Roser,Not Eligible,Not Eligible
16965,Steve Sax,Not Inducted,Not Inducted
16991,Steve Scarsone,Not Eligible,Not Eligible
17101,Steve Schmoll,Not Eligible,Not Eligible
17135,Steve Schrenk,Not Eligible,Not Eligible
17257,Steve Searcy,Not Eligible,Not Eligible
17313,Steve Selsky,Not Eligible,Not Eligible
17324,Steve Senteney,Not Eligible,Not Eligible
17440,Steve Shea,Not Eligible,Not Eligible
17479,Steve Shemo,Not Eligible,Not Eligible
17521,Steve Shields,Not Eligible,Not Eligible
17526,Steve Shifflett,Not Eligible,Not Eligible
17546,Steve Shirley,Not Eligible,Not Eligible
17658,Steve Simpson,Not Eligible,Not Eligible
17666,Steve Sinclair,Not Eligible,Not Eligible
17686,Steve Sisco,Not Eligible,Not Eligible
17748,Steve Slayton,Not Eligible,Not Eligible
17963,Steve Smyth,Not Eligible,Not Eligible
18022,Steve Soderstrom,Not Eligible,Not Eligible
18109,Steve Sparks,Not Eligible,Not Eligible
18108,Steve Sparks,Not Eligible,Not Eligible
18186,Steve Springer,Not Eligible,Not Eligible
18212,Steve Staggs,Not Eligible,Not Eligible
18243,Steve Stanicek,Not Eligible,Not Eligible
18338,Steve Stemle,Not Eligible,Not Eligible
18463,Steve Stone,Not Inducted,Not Inducted
18553,Steve Stroughter,Not Eligible,Not Eligible
18671,Steve Sundra,Not Eligible,Not Eligible
18681,Steve Susdorf,Not Eligible,Not Eligible
18757,Steve Swetonic,Not Eligible,Not Eligible
18771,Steve Swisher,Not Eligible,Not Eligible
19262,Steve Toole,Not Eligible,Not Eligible
19278,Steve Torrealba,Not Eligible,Not Eligible
19322,Steve Trachsel,Not Inducted,Not Inducted
19392,Steve Trout,Not Inducted,Not Inducted
20055,Steve Wapnick,Not Eligible,Not Eligible
20129,Steve Waterbury,Not Eligible,Not Eligible
20146,Steve Watkins,Not Eligible,Not Eligible
20392,Steve Whitaker,Not Eligible,Not Eligible
20439,Steve White,Not Eligible,Not Eligible
20740,Steve Wilson,Not Eligible,Not Eligible
20845,Steve Wojciechowski,Not Eligible,Not Eligible
20913,Steve Woodard,Not Eligible,Not Eligible
21067,Steve Yeager,Not Inducted,Not Inducted
21078,Steve Yerkes,Not Eligible,Not Eligible
21223,Steve Ziem,Not Eligible,Not Eligible
949,Steven Baron,Not Eligible,Not Eligible
2052,Steven Brault,Not Eligible,Not Eligible
4197,Steven Cruz,Not Eligible,Not Eligible
5207,Steven Duggar,Not Eligible,Not Eligible
8563,Steven Hill,Not Eligible,Not Eligible
9244,Steven Jackson,Not Eligible,Not Eligible
10529,Steven Kwan,Not Eligible,Not Eligible
10977,Steven Lerud,Not Eligible,Not Eligible
12102,Steven Matz,Not Eligible,Not Eligible
13491,Steven Moya,Not Eligible,Not Eligible
14198,Steven Okert,Not Eligible,Not Eligible
15809,Steven Register,Not Eligible,Not Eligible
17471,Steven Shell,Not Eligible,Not Eligible
18093,Steven Souza,Not Eligible,Not Eligible
19237,Steven Tolleson,Not Eligible,Not Eligible
20741,Steven Wilson,Not Eligible,Not Eligible
21006,Steven Wright,Not Eligible,Not Eligible
20534,Stevie Wilkerson,Not Eligible,Not Eligible
1749,Stew Bolen,Not Eligible,Not Eligible
1909,Stew Bowers,Not Eligible,Not Eligible
3520,Stew Cliburn,Not Eligible,Not Eligible
8667,Stew Hofferth,Not Eligible,Not Eligible
1417,Steward Berroa,Not Eligible,Not Eligible
15151,Stolmy Pimentel,Not Eligible,Not Eligible
6686,Stone Garrett,Not Eligible,Not Eligible
12451,Stoney McGlynn,Not Eligible,Not Eligible
4513,Storm Davis,Not Inducted,Not Inducted
12496,Stover McIlwain,Not Eligible,Not Eligible
17555,Strick Shofner,Not Eligible,Not Eligible
3462,Stu Clarke,Not Eligible,Not Eligible
3606,Stu Cole,Not Eligible,Not Eligible
6136,Stu Flythe,Not Eligible,Not Eligible
11196,Stu Locklin,Not Eligible,Not Eligible
11937,Stu Martin,Not Eligible,Not Eligible
13014,Stu Miller,Not Inducted,Not Inducted
14765,Stu Pederson,Not Eligible,Not Eligible
15258,Stu Pomeranz,Not Eligible,Not Eligible
18845,Stu Tate,Not Eligible,Not Eligible
5736,Stuart Fairchild,Not Eligible,Not Eligible
19452,Stuart Turner,Not Eligible,Not Eligible
2316,Stub Brown,Not Eligible,Not Eligible
17931,Stub Smith,Not Eligible,Not Eligible
3403,Stubby Clapp,Not Eligible,Not Eligible
11614,Stubby Magner,Not Eligible,Not Eligible
14434,Stubby Overmire,Not Inducted,Not Inducted
824,Studs Bancker,Not Eligible,Not Eligible
12497,Stuffy McInnis,Not Inducted,Not Inducted
18411,Stuffy Stewart,Not Eligible,Not Eligible
12809,Stump Merrill,Not Eligible,Not Eligible
18692,Suds Sutherland,Not Eligible,Not Eligible
2721,Sugar Cain,Not Eligible,Not Eligible
11808,Sugar Ray Marimon,Not Eligible,Not Eligible
1930,Sumner Bowman,Not Eligible,Not Eligible
3463,Sumpter Clarke,Not Eligible,Not Eligible
4343,Sun Daly,Not Eligible,Not Eligible
10098,Sun-Woo Kim,Not Eligible,Not Eligible
18653,Suter Sullivan,Not Eligible,Not Eligible
12220,Swat McCabe,Not Eligible,Not Eligible
10711,Swede Larsen,Not Eligible,Not Eligible
16096,Swede Risberg,Not Eligible,Not Eligible
18568,Sy Studley,Not Eligible,Not Eligible
3584,Syd Cohen,Not Eligible,Not Eligible
14115,Syd O'Brien,Not Eligible,Not Eligible
17932,Syd Smith,Not Eligible,Not Eligible
9533,Syl Johnson,Not Inducted,Not Inducted
17649,Syl Simon,Not Eligible,Not Eligible
1132,T. J. Beam,Not Eligible,Not Eligible
1735,T. J. Bohn,Not Eligible,Not Eligible
8872,T. J. House,Not Eligible,Not Eligible
12045,T. J. Mathews,Not Eligible,Not Eligible
12405,T. J. McFarland,Not Eligible,Not Eligible
16132,T. J. Rivera,Not Eligible,Not Eligible
19419,T. J. Tucker,Not Eligible,Not Eligible
21218,T. J. Zeuch,Not Eligible,Not Eligible
2386,T. R. Bryden,Not Eligible,Not Eligible
6381,TJ Friedl,Not Eligible,Not Eligible
8822,TJ Hopkins,Not Eligible,Not Eligible
20742,Tack Wilson,Not Eligible,Not Eligible
10730,Tacks Latimer,Not Eligible,Not Eligible
15525,Tad Quinn,Not Eligible,Not Eligible
9147,Tadahito Iguchi,Not Eligible,Not Eligible
21007,Taffy Wright,Not Eligible,Not Eligible
19962,Taijuan Walker,Not Eligible,Not Eligible
1995,Taj Bradley,Not Eligible,Not Eligible
14001,Takahito Nomura,Not Eligible,Not Eligible
9818,Takashi Kashiwada,Not Eligible,Not Eligible
16753,Takashi Saito,Not Eligible,Not Eligible
14068,Talmadge Nunnari,Not Eligible,Not Eligible
421,Tanner Anderson,Not Eligible,Not Eligible
840,Tanner Banks,Not Eligible,Not Eligible
1478,Tanner Bibee,Not Eligible,Not Eligible
7185,Tanner Gordon,Not Eligible,Not Eligible
8863,Tanner Houck,Not Eligible,Not Eligible
15587,Tanner Rainey,Not Eligible,Not Eligible
16152,Tanner Roark,Not Eligible,Not Eligible
17048,Tanner Scheppers,Not Eligible,Not Eligible
17233,Tanner Scott,Not Eligible,Not Eligible
19428,Tanner Tully,Not Eligible,Not Eligible
18585,Tanyon Sturtze,Not Inducted,Not Inducted
17723,Tarik Skubal,Not Eligible,Not Eligible
2188,Tarrik Brock,Not Eligible,Not Eligible
340,Tavo Alvarez,Not Eligible,Not Eligible
16931,Tayler Saucedo,Not Eligible,Not Eligible
17234,Tayler Scott,Not Eligible,Not Eligible
2402,Taylor Buchholz,Not Eligible,Not Eligible
3464,Taylor Clarke,Not Eligible,Not Eligible
3607,Taylor Cole,Not Eligible,Not Eligible
4514,Taylor Davis,Not Eligible,Not Eligible
5064,Taylor Douthit,Not Inducted,Not Inducted
5232,Taylor Duncan,Not Eligible,Not Eligible
5814,Taylor Featherston,Not Eligible,Not Eligible
7356,Taylor Green,Not Eligible,Not Eligible
7538,Taylor Guerrieri,Not Eligible,Not Eligible
7545,Taylor Guilbeau,Not Eligible,Not Eligible
7579,Taylor Gushue,Not Eligible,Not Eligible
8150,Taylor Hearn,Not Eligible,Not Eligible
8564,Taylor Hill,Not Eligible,Not Eligible
9656,Taylor Jones,Not Eligible,Not Eligible
9684,Taylor Jordan,Not Eligible,Not Eligible
9736,Taylor Jungmann,Not Eligible,Not Eligible
10328,Taylor Kohlwey,Not Eligible,Not Eligible
13474,Taylor Motter,Not Eligible,Not Eligible
15077,Taylor Phillips,Not Eligible,Not Eligible
16374,Taylor Rogers,Not Eligible,Not Eligible
17376,Taylor Shafer,Not Eligible,Not Eligible
18816,Taylor Tankersley,Not Eligible,Not Eligible
18933,Taylor Teagarden,Not Eligible,Not Eligible
19126,Taylor Thompson,Not Eligible,Not Eligible
19334,Taylor Trammell,Not Eligible,Not Eligible
20002,Taylor Walls,Not Eligible,Not Eligible
20078,Taylor Ward,Not Eligible,Not Eligible
20490,Taylor Widener,Not Eligible,Not Eligible
20629,Taylor Williams,Not Eligible,Not Eligible
7533,Tayron Guerrero,Not Eligible,Not Eligible
26,Ted Abernathy,Not Eligible,Not Eligible
27,Ted Abernathy,Not Inducted,Not Inducted
1145,Ted Beard,Not Eligible,Not Eligible
1636,Ted Blankenship,Not Eligible,Not Eligible
1932,Ted Bowsfield,Not Eligible,Not Eligible
3133,Ted Cather,Not Eligible,Not Eligible
3369,Ted Cieslak,Not Eligible,Not Eligible
4001,Ted Cox,Not Eligible,Not Eligible
4440,Ted Davidson,Not Eligible,Not Eligible
5354,Ted Easterly,Not Eligible,Not Eligible
6182,Ted Ford,Not Eligible,Not Eligible
7223,Ted Goulait,Not Eligible,Not Eligible
7327,Ted Gray,Not Eligible,Not Eligible
7561,Ted Gullic,Not Eligible,Not Eligible
9705,Ted Jourdan,Not Eligible,Not Eligible
9841,Ted Kazanski,Not Eligible,Not Eligible
10002,Ted Kennedy,Not Eligible,Not Eligible
10210,Ted Kleinhans,Not Eligible,Not Eligible
10243,Ted Kluszewski,Inducted,Inducted
10482,Ted Kubiak,Not Inducted,Not Inducted
10964,Ted Lepcio,Not Inducted,Not Inducted
11025,Ted Lewis,Not Eligible,Not Eligible
11061,Ted Lilly,Not Inducted,Not Inducted
11491,Ted Lyons,Not Inducted,Inducted
11983,Ted Martinez,Not Eligible,Not Eligible
12780,Ted Menze,Not Eligible,Not Eligible
14142,Ted Odenwald,Not Eligible,Not Eligible
14259,Ted Olson,Not Eligible,Not Eligible
14507,Ted Page,Not Eligible,Not Eligible
14718,Ted Pawelek,Not Eligible,Not Eligible
14994,Ted Petoskey,Not Eligible,Not Eligible
15354,Ted Power,Not Inducted,Not Inducted
15789,Ted Reed,Not Eligible,Not Eligible
16740,Ted Sadowski,Not Eligible,Not Eligible
16951,Ted Savage,Not Eligible,Not Eligible
17032,Ted Scheffler,Not Eligible,Not Eligible
17134,Ted Schreiber,Not Eligible,Not Eligible
17329,Ted Sepkowski,Not Eligible,Not Eligible
17643,Ted Simmons,Inducted,Inducted
17700,Ted Sizemore,Not Inducted,Not Inducted
18654,Ted Sullivan,Not Eligible,Not Eligible
18826,Ted Tappe,Not Eligible,Not Eligible
19454,Ted Turner,Not Eligible,Not Eligible
19453,Ted Turner,Not Eligible,Not Eligible
19494,Ted Uhlaender,Not Eligible,Not Eligible
20264,Ted Welch,Not Eligible,Not Eligible
20494,Ted Wieand,Not Eligible,Not Eligible
20514,Ted Wilborn,Not Eligible,Not Eligible
20546,Ted Wilks,Not Inducted,Not Inducted
20630,Ted Williams,Inducted,Inducted
20668,Ted Wills,Not Eligible,Not Eligible
20776,Ted Wingfield,Not Eligible,Not Eligible
20905,Ted Wood,Not Eligible,Not Eligible
8526,Teddy Higuera,Not Eligible,Not Eligible
9849,Teddy Kearns,Not Eligible,Not Eligible
467,Tejay Antone,Not Eligible,Not Eligible
8398,Teoscar Hernandez,Not Eligible,Not Eligible
7189,Terrance Gore,Not Eligible,Not Eligible
11361,Terrell Lowery,Not Eligible,Not Eligible
19869,Terrell Wade,Not Eligible,Not Eligible
11258,Terrence Long,Not Eligible,Not Eligible
19692,Terrin Vavra,Not Eligible,Not Eligible
17750,Terrmel Sledge,Not Eligible,Not Eligible
107,Terry Adams,Not Inducted,Not Inducted
1273,Terry Bell,Not Eligible,Not Eligible
1470,Terry Bevington,Not Eligible,Not Eligible
1672,Terry Blocker,Not Eligible,Not Eligible
1723,Terry Bogener,Not Eligible,Not Eligible
2000,Terry Bradshaw,Not Eligible,Not Eligible
2216,Terry Bross,Not Eligible,Not Eligible
2446,Terry Bulling,Not Eligible,Not Eligible
2575,Terry Burrows,Not Eligible,Not Eligible
3442,Terry Clark,Not Eligible,Not Eligible
3665,Terry Collins,Not Eligible,Not Eligible
3739,Terry Connell,Not Eligible,Not Eligible
3900,Terry Cornutt,Not Eligible,Not Eligible
4002,Terry Cox,Not Eligible,Not Eligible
4167,Terry Crowley,Not Inducted,Not Inducted
5565,Terry Enyart,Not Eligible,Not Eligible
5688,Terry Evans,Not Eligible,Not Eligible
5845,Terry Felton,Not Eligible,Not Eligible
6198,Terry Forster,Not Inducted,Not Inducted
6263,Terry Fox,Not Eligible,Not Eligible
6287,Terry Francona,Not Inducted,Not Inducted
7901,Terry Harmon,Not Inducted,Not Inducted
7913,Terry Harper,Not Eligible,Not Eligible
9018,Terry Hughes,Not Eligible,Not Eligible
9049,Terry Humphrey,Not Eligible,Not Eligible
9657,Terry Jones,Not Eligible,Not Eligible
9694,Terry Jorgensen,Not Eligible,Not Eligible
10003,Terry Kennedy,Not Inducted,Not Inducted
10697,Terry Larkin,Not Eligible,Not Eligible
10799,Terry Leach,Not Inducted,Not Inducted
10862,Terry Lee,Not Eligible,Not Eligible
11026,Terry Ley,Not Eligible,Not Eligible
11492,Terry Lyons,Not Eligible,Not Eligible
12046,Terry Mathews,Not Eligible,Not Eligible
12343,Terry McDaniel,Not Eligible,Not Eligible
12353,Terry McDermott,Not Eligible,Not Eligible
12472,Terry McGriff,Not Eligible,Not Eligible
13285,Terry Moore,Not Inducted,Not Inducted
13517,Terry Mulholland,Not Inducted,Not Inducted
14755,Terry Pearson,Not Eligible,Not Eligible
14825,Terry Pendleton,Not Inducted,Not Inducted
15449,Terry Puhl,Not Inducted,Not Inducted
17588,Terry Shumpert,Not Inducted,Not Inducted
18323,Terry Steinbach,Not Inducted,Not Inducted
18921,Terry Taylor,Not Eligible,Not Eligible
19180,Terry Tiffee,Not Eligible,Not Eligible
19455,Terry Turner,Not Inducted,Not Inducted
20288,Terry Wells,Not Eligible,Not Eligible
20461,Terry Whitfield,Not Inducted,Not Inducted
20673,Terry Wilshusen,Not Eligible,Not Eligible
622,Tex Aulds,Not Eligible,Not Eligible
2916,Tex Carleton,Not Eligible,Not Eligible
3516,Tex Clevenger,Not Eligible,Not Eligible
3975,Tex Covington,Not Eligible,Not Eligible
5597,Tex Erwin,Not Eligible,Not Eligible
8680,Tex Hoffman,Not Eligible,Not Eligible
8941,Tex Hoyle,Not Eligible,Not Eligible
9027,Tex Hughson,Not Eligible,Not Eligible
9337,Tex Jeanes,Not Eligible,Not Eligible
9658,Tex Jones,Not Eligible,Not Eligible
12372,Tex McDonald,Not Eligible,Not Eligible
13835,Tex Nelson,Not Eligible,Not Eligible
15436,Tex Pruiett,Not Eligible,Not Eligible
17547,Tex Shirley,Not Eligible,Not Eligible
20743,Tex Wilson,Not Eligible,Not Eligible
20820,Tex Wisterzil,Not Eligible,Not Eligible
1852,Thad Bosley,Not Inducted,Not Inducted
19188,Thad Tillotson,Not Eligible,Not Eligible
20212,Thad Weber,Not Eligible,Not Eligible
20079,Thaddeus Ward,Not Eligible,Not Eligible
5654,Thairo Estrada,Not Eligible,Not Eligible
13993,The Only Nolan,Not Eligible,Not Eligible
2082,Theodore Breitenstein,Not Inducted,Not Inducted
3760,Theodore Conover,Not Eligible,Not Eligible
2552,Thomas Burns,Inducted,Not Inducted
4802,Thomas Diamond,Not Eligible,Not Eligible
5616,Thomas Eshelman,Not Eligible,Not Eligible
5917,Thomas Field,Not Eligible,Not Eligible
6941,Thomas Gilmore,Not Eligible,Not Eligible
7198,Thomas Gorman,Not Eligible,Not Eligible
7428,Thomas Griffin,Not Eligible,Not Eligible
8057,Thomas Hatch,Not Eligible,Not Eligible
8142,Thomas Healy,Not Eligible,Not Eligible
8913,Thomas Howard,Not Inducted,Not Inducted
9269,Thomas Jacquez,Not Eligible,Not Eligible
11259,Thomas Long,Not Eligible,Not Eligible
11471,Thomas Lynch,Not Eligible,Not Eligible
11625,Thomas Maguire,Not Eligible,Not Eligible
11712,Thomas Malone,Not Eligible,Not Eligible
13782,Thomas Neal,Not Eligible,Not Eligible
14550,Thomas Pannone,Not Eligible,Not Eligible
15945,Thomas Reynolds,Not Eligible,Not Eligible
16748,Thomas Saggese,Not Eligible,Not Eligible
18778,Thomas Szapucki,Not Eligible,Not Eligible
19199,Thomas Tinney,Not Eligible,Not Eligible
10162,Thornton Kipper,Not Eligible,Not Eligible
10863,Thornton Lee,Not Inducted,Not Inducted
8091,Thorny Hawkes,Not Eligible,Not Eligible
13575,Thurman Munson,Inducted,Inducted
19420,Thurman Tucker,Not Eligible,Not Eligible
19771,Thyago Vieira,Not Eligible,Not Eligible
18464,Tige Stone,Not Eligible,Not Eligible
15757,Tike Redman,Not Eligible,Not Eligible
17377,Tillie Shafer,Not Eligible,Not Eligible
19963,Tillie Walker,Not Inducted,Not Inducted
2169,Tilson Brito,Not Eligible,Not Eligible
128,Tim Adleman,Not Eligible,Not Eligible
422,Tim Anderson,Not Eligible,Not Eligible
979,Tim Barrett,Not Eligible,Not Eligible
1193,Tim Beckham,Not Eligible,Not Eligible
1235,Tim Belcher,Not Inducted,Not Inducted
1244,Tim Belk,Not Eligible,Not Eligible
1541,Tim Birtsas,Not Eligible,Not Eligible
1591,Tim Blackwell,Not Inducted,Not Inducted
1721,Tim Bogar,Not Eligible,Not Eligible
1897,Tim Bowden,Not Eligible,Not Eligible
2514,Tim Burke,Not Eligible,Not Eligible
2669,Tim Byrdak,Not Inducted,Not Inducted
3347,Tim Christman,Not Eligible,Not Eligible
3666,Tim Collins,Not Eligible,Not Eligible
3765,Tim Conroy,Not Eligible,Not Eligible
3828,Tim Cooney,Not Eligible,Not Eligible
3870,Tim Corcoran,Not Eligible,Not Eligible
3869,Tim Corcoran,Not Eligible,Not Eligible
3933,Tim Costo,Not Eligible,Not Eligible
4012,Tim Crabtree,Not Eligible,Not Eligible
4077,Tim Crews,Not Eligible,Not Eligible
4223,Tim Cullen,Not Eligible,Not Eligible
4515,Tim Davis,Not Eligible,Not Eligible
4886,Tim Dillard,Not Eligible,Not Eligible
4987,Tim Donahue,Not Eligible,Not Eligible
5142,Tim Drew,Not Eligible,Not Eligible
5163,Tim Drummond,Not Eligible,Not Eligible
5818,Tim Federowicz,Not Eligible,Not Eligible
6064,Tim Flannery,Not Inducted,Not Inducted
6098,Tim Flood,Not Eligible,Not Eligible
6152,Tim Foli,Not Inducted,Not Inducted
6203,Tim Fortugno,Not Eligible,Not Eligible
7409,Tim Griesenbeck,Not Eligible,Not Eligible
7793,Tim Hamulack,Not Eligible,Not Eligible
7889,Tim Harikkala,Not Eligible,Not Eligible
7893,Tim Harkness,Not Eligible,Not Eligible
8275,Tim Hendryx,Not Eligible,Not Eligible
8431,Tim Herrin,Not Eligible,Not Eligible
8565,Tim Hill,Not Eligible,Not Eligible
8853,Tim Hosley,Not Eligible,Not Eligible
8986,Tim Hudson,Not Inducted,Not Inducted
9034,Tim Hulett,Not Inducted,Not Inducted
9046,Tim Hummel,Not Eligible,Not Eligible
9102,Tim Hurst,Not Eligible,Not Eligible
9131,Tim Hyers,Not Eligible,Not Eligible
9174,Tim Ireland,Not Eligible,Not Eligible
9534,Tim Johnson,Not Eligible,Not Eligible
9659,Tim Jones,Not Eligible,Not Eligible
9685,Tim Jordan,Not Eligible,Not Eligible
9863,Tim Keefe,Inducted,Inducted
10483,Tim Kubinski,Not Eligible,Not Eligible
10583,Tim Laker,Not Inducted,Not Inducted
10737,Tim Laudner,Not Eligible,Not Eligible
10781,Tim Layana,Not Eligible,Not Eligible
10814,Tim Leary,Not Inducted,Not Inducted
11069,Tim Lincecum,Not Inducted,Not Inducted
11183,Tim Locastro,Not Eligible,Not Eligible
11229,Tim Lollar,Not Eligible,Not Eligible
11277,Tim Lopes,Not Eligible,Not Eligible
11758,Tim Manning,Not Eligible,Not Eligible
12119,Tim Mauser,Not Eligible,Not Eligible
12170,Tim Mayza,Not Eligible,Not Eligible
12221,Tim McCabe,Not Eligible,Not Eligible
12262,Tim McCarver,Not Inducted,Not Inducted
12439,Tim McGinley,Not Eligible,Not Eligible
12500,Tim McIntosh,Not Eligible,Not Eligible
12520,Tim McKeithan,Not Eligible,Not Eligible
12614,Tim McNamara,Not Eligible,Not Eligible
12752,Tim Melville,Not Eligible,Not Eligible
13583,Tim Murchison,Not Eligible,Not Eligible
13587,Tim Murnane,Not Eligible,Not Eligible
13711,Tim Naehring,Not Eligible,Not Eligible
14009,Tim Nordbrook,Not Eligible,Not Eligible
14330,Tim O'Rourke,Not Eligible,Not Eligible
14260,Tim Olson,Not Eligible,Not Eligible
14990,Tim Peterson,Not Eligible,Not Eligible
15216,Tim Plodinec,Not Eligible,Not Eligible
15447,Tim Pugh,Not Eligible,Not Eligible
15485,Tim Pyznarski,Not Eligible,Not Eligible
15583,Tim Raines,Inducted,Inducted
15584,Tim Raines,Not Eligible,Not Eligible
15750,Tim Redding,Not Eligible,Not Eligible
16778,Tim Salmon,Not Inducted,Not Inducted
17235,Tim Scott,Not Eligible,Not Eligible
17506,Tim Sherrill,Not Eligible,Not Eligible
17535,Tim Shinnick,Not Eligible,Not Eligible
18121,Tim Spehr,Not Eligible,Not Eligible
18171,Tim Spooneybarger,Not Eligible,Not Eligible
18289,Tim Stauffer,Not Inducted,Not Inducted
18445,Tim Stoddard,Not Inducted,Not Inducted
18807,Tim Talton,Not Eligible,Not Eligible
18999,Tim Teufel,Not Inducted,Not Inducted
19127,Tim Thompson,Not Eligible,Not Eligible
19240,Tim Tolman,Not Eligible,Not Eligible
19514,Tim Unroe,Not Eligible,Not Eligible
19622,Tim Van Egmond,Not Eligible,Not Eligible
19907,Tim Wakefield,Not Inducted,Not Inducted
19993,Tim Wallach,Not Inducted,Not Inducted
20906,Tim Wood,Not Eligible,Not Eligible
20957,Tim Worrell,Not Inducted,Not Inducted
21153,Tim Young,Not Eligible,Not Eligible
14906,Timo Perez,Not Eligible,Not Eligible
9660,Timothy Jones,Not Eligible,Not Eligible
17454,Timothy Sheehan,Not Eligible,Not Eligible
16137,Tink Riviere,Not Eligible,Not Eligible
19456,Tink Turner,Not Eligible,Not Eligible
11984,Tino Martinez,Not Inducted,Not Inducted
6953,Tinsley Ginn,Not Eligible,Not Eligible
1781,Tiny Bonham,Not Inducted,Not Inducted
3229,Tiny Chaplin,Not Eligible,Not Eligible
7269,Tiny Graham,Not Eligible,Not Eligible
14376,Tiny Osborne,Not Eligible,Not Eligible
14295,Tip O'Neill,Not Inducted,Not Inducted
19218,Tip Tobin,Not Eligible,Not Eligible
11985,Tippy Martinez,Not Inducted,Not Inducted
6288,Tito Francona,Not Inducted,Not Inducted
6426,Tito Fuentes,Not Inducted,Not Inducted
10638,Tito Landrum,Not Eligible,Not Eligible
13770,Tito Navarro,Not Eligible,Not Eligible
15660,Toad Ramsey,Not Eligible,Not Eligible
18469,Tobi Stoner,Not Eligible,Not Eligible
13703,Tobias Myers,Not Eligible,Not Eligible
609,Toby Atwell,Not Eligible,Not Eligible
1836,Toby Borland,Not Eligible,Not Eligible
7727,Toby Hall,Not Eligible,Not Eligible
7916,Toby Harrah,Not Inducted,Not Inducted
8399,Toby Hernandez,Not Eligible,Not Eligible
11493,Toby Lyons,Not Eligible,Not Eligible
2388,Tod Brynan,Not Eligible,Not Eligible
4516,Tod Davis,Not Eligible,Not Eligible
4722,Tod Dennehey,Not Eligible,Not Eligible
17753,Tod Sloan,Not Eligible,Not Eligible
1242,Todd Belitz,Not Eligible,Not Eligible
1353,Todd Benzinger,Not Eligible,Not Eligible
2553,Todd Burns,Not Eligible,Not Eligible
3569,Todd Coffey,Not Eligible,Not Eligible
4198,Todd Cruz,Not Eligible,Not Eligible
4252,Todd Cunningham,Not Eligible,Not Eligible
5258,Todd Dunn,Not Eligible,Not Eligible
5266,Todd Dunwoody,Not Eligible,Not Eligible
5579,Todd Erdos,Not Eligible,Not Eligible
5985,Todd Fischer,Not Eligible,Not Eligible
6317,Todd Frazier,Not Eligible,Not Eligible
6405,Todd Frohwirth,Not Eligible,Not Eligible
7372,Todd Greene,Not Inducted,Not Inducted
7815,Todd Haney,Not Eligible,Not Eligible
8235,Todd Helton,Inducted,Inducted
8733,Todd Hollandsworth,Not Inducted,Not Inducted
9057,Todd Hundley,Not Inducted,Not Inducted
9661,Todd Jones,Not Inducted,Not Inducted
11086,Todd Linden,Not Eligible,Not Eligible
15377,Todd Pratt,Not Inducted,Not Inducted
15763,Todd Redmond,Not Eligible,Not Eligible
15901,Todd Revenig,Not Eligible,Not Eligible
16102,Todd Ritchie,Not Eligible,Not Eligible
16141,Todd Rizzo,Not Eligible,Not Eligible
17260,Todd Sears,Not Eligible,Not Eligible
17301,Todd Self,Not Eligible,Not Eligible
18386,Todd Steverson,Not Eligible,Not Eligible
18480,Todd Stottlemyre,Not Inducted,Not Inducted
19628,Todd Van Poppel,Not Inducted,Not Inducted
19964,Todd Walker,Not Inducted,Not Inducted
20272,Todd Wellemeyer,Not Eligible,Not Eligible
20631,Todd Williams,Not Eligible,Not Eligible
20958,Todd Worrell,Not Inducted,Not Inducted
21211,Todd Zeile,Not Inducted,Not Inducted
15189,Togie Pittinger,Not Eligible,Not Eligible
53,Tom Acker,Not Eligible,Not Eligible
306,Tom Alston,Not Eligible,Not Eligible
458,Tom Angley,Not Eligible,Not Eligible
582,Tom Asmussen,Not Eligible,Not Eligible
778,Tom Baker,Not Eligible,Not Eligible
779,Tom Baker,Not Eligible,Not Eligible
850,Tom Bannon,Not Eligible,Not Eligible
904,Tom Barlow,Not Eligible,Not Eligible
1000,Tom Barry,Not Eligible,Not Eligible
1428,Tom Berry,Not Eligible,Not Eligible
1767,Tom Bolton,Not Eligible,Not Eligible
1837,Tom Borland,Not Eligible,Not Eligible
1996,Tom Bradley,Not Eligible,Not Eligible
2090,Tom Brennan,Not Eligible,Not Eligible
2117,Tom Brewer,Not Eligible,Not Eligible
2205,Tom Brookens,Not Inducted,Not Inducted
2319,Tom Brown,Not Eligible,Not Eligible
2317,Tom Brown,Not Eligible,Not Eligible
2318,Tom Brown,Not Inducted,Not Inducted
2334,Tom Browning,Not Inducted,Not Inducted
2362,Tom Brunansky,Not Inducted,Not Inducted
2368,Tom Bruno,Not Eligible,Not Eligible
2480,Tom Burgess,Not Eligible,Not Eligible
2481,Tom Burgmeier,Not Inducted,Not Inducted
2554,Tom Burns,Not Inducted,Not Inducted
2559,Tom Burr,Not Eligible,Not Eligible
2612,Tom Buskey,Not Eligible,Not Eligible
2649,Tom Butters,Not Eligible,Not Eligible
2710,Tom Cafego,Not Eligible,Not Eligible
2715,Tom Cahill,Not Eligible,Not Eligible
2844,Tom Candiotti,Not Inducted,Not Inducted
2867,Tom Cantwell,Not Eligible,Not Eligible
2905,Tom Carey,Not Eligible,Not Eligible
2906,Tom Carey,Not Eligible,Not Eligible
2994,Tom Carroll,Not Eligible,Not Eligible
2993,Tom Carroll,Not Eligible,Not Eligible
3138,Tom Catterson,Not Eligible,Not Eligible
3283,Tom Cheney,Not Eligible,Not Eligible
3313,Tom Chism,Not Eligible,Not Eligible
3541,Tom Clyde,Not Eligible,Not Eligible
3597,Tom Colcolough,Not Eligible,Not Eligible
3742,Tom Connelly,Not Eligible,Not Eligible
3748,Tom Connolly,Not Eligible,Not Eligible
3926,Tom Cosgrove,Not Eligible,Not Eligible
3942,Tom Cotter,Not Eligible,Not Eligible
4123,Tom Crooke,Not Eligible,Not Eligible
4331,Tom Daley,Not Eligible,Not Eligible
4344,Tom Daly,Not Eligible,Not Eligible
4345,Tom Daly,Not Inducted,Not Inducted
4427,Tom Davey,Not Eligible,Not Eligible
4666,Tom Delahanty,Not Eligible,Not Eligible
4769,Tom Dettore,Not Eligible,Not Eligible
4932,Tom Dixon,Not Eligible,Not Eligible
4951,Tom Dodd,Not Eligible,Not Eligible
4967,Tom Dolan,Not Eligible,Not Eligible
5009,Tom Donohue,Not Eligible,Not Eligible
5019,Tom Donovan,Not Eligible,Not Eligible
5028,Tom Doran,Not Eligible,Not Eligible
5055,Tom Dougherty,Not Eligible,Not Eligible
5078,Tom Downey,Not Eligible,Not Eligible
5088,Tom Dowse,Not Eligible,Not Eligible
5110,Tom Dozier,Not Eligible,Not Eligible
5123,Tom Drake,Not Eligible,Not Eligible
5128,Tom Drees,Not Eligible,Not Eligible
5158,Tom Drohan,Not Eligible,Not Eligible
5214,Tom Dukes,Not Eligible,Not Eligible
5223,Tom Dunbar,Not Eligible,Not Eligible
5339,Tom Earley,Not Eligible,Not Eligible
5390,Tom Edens,Not Eligible,Not Eligible
5432,Tom Egan,Not Inducted,Not Inducted
5689,Tom Evans,Not Eligible,Not Eligible
5700,Tom Evers,Not Eligible,Not Eligible
5891,Tom Ferrick,Not Eligible,Not Eligible
5946,Tom Filer,Not Eligible,Not Eligible
6014,Tom Fisher,Not Eligible,Not Eligible
6013,Tom Fisher,Not Eligible,Not Eligible
6044,Tom Fitzsimmons,Not Eligible,Not Eligible
6062,Tom Flanigan,Not Eligible,Not Eligible
6074,Tom Fleming,Not Eligible,Not Eligible
6087,Tom Fletcher,Not Eligible,Not Eligible
6150,Tom Foley,Not Inducted,Not Inducted
6149,Tom Foley,Not Eligible,Not Eligible
6183,Tom Ford,Not Eligible,Not Eligible
6187,Tom Fordham,Not Eligible,Not Eligible
6199,Tom Forster,Not Eligible,Not Eligible
6460,Tom Funk,Not Eligible,Not Eligible
6712,Tom Gastall,Not Eligible,Not Eligible
6820,Tom Gettinger,Not Eligible,Not Eligible
6917,Tom Gillen,Not Eligible,Not Eligible
6920,Tom Gilles,Not Eligible,Not Eligible
6982,Tom Glass,Not Eligible,Not Eligible
6989,Tom Glavine,Inducted,Inducted
7171,Tom Goodwin,Not Inducted,Not Inducted
7186,Tom Gordon,Not Inducted,Not Inducted
7200,Tom Gorman,Not Eligible,Not Eligible
7201,Tom Gorman,Not Eligible,Not Eligible
7199,Tom Gorman,Not Eligible,Not Eligible
7207,Tom Gorzelanny,Not Inducted,Not Inducted
7291,Tom Grant,Not Eligible,Not Eligible
7393,Tom Gregorio,Not Eligible,Not Eligible
7411,Tom Grieve,Not Eligible,Not Eligible
7429,Tom Griffin,Not Inducted,Not Inducted
7500,Tom Grubbs,Not Eligible,Not Eligible
7560,Tom Gulley,Not Eligible,Not Eligible
7573,Tom Gunning,Not Eligible,Not Eligible
7649,Tom Hafey,Not Eligible,Not Eligible
7728,Tom Hall,Not Inducted,Not Inducted
7732,Tom Haller,Not Inducted,Not Inducted
7771,Tom Hamilton,Not Eligible,Not Eligible
7981,Tom Harrison,Not Eligible,Not Eligible
8003,Tom Hart,Not Eligible,Not Eligible
8081,Tom Hausman,Not Eligible,Not Eligible
8137,Tom Healey,Not Eligible,Not Eligible
8207,Tom Heintzelman,Not Eligible,Not Eligible
8280,Tom Henke,Not Inducted,Not Inducted
8409,Tom Hernon,Not Eligible,Not Eligible
8411,Tom Herr,Not Inducted,Not Inducted
8432,Tom Herrin,Not Eligible,Not Eligible
8458,Tom Hess,Not Eligible,Not Eligible
8533,Tom Hilgendorf,Not Eligible,Not Eligible
8873,Tom House,Not Eligible,Not Eligible
9020,Tom Hughes,Not Eligible,Not Eligible
9019,Tom Hughes,Not Eligible,Not Eligible
9021,Tom Hughes,Not Inducted,Not Inducted
9022,Tom Hughes,Not Eligible,Not Eligible
9043,Tom Hume,Not Inducted,Not Inducted
9088,Tom Hurd,Not Eligible,Not Eligible
9126,Tom Hutton,Not Inducted,Not Inducted
9360,Tom Jenkins,Not Eligible,Not Eligible
9535,Tom Johnson,Not Eligible,Not Eligible
9662,Tom Jones,Not Eligible,Not Eligible
9686,Tom Jordan,Not Eligible,Not Eligible
9790,Tom Kane,Not Eligible,Not Eligible
9850,Tom Kearns,Not Eligible,Not Eligible
9914,Tom Kelley,Not Eligible,Not Eligible
9958,Tom Kelly,Not Eligible,Not Eligible
10154,Tom Kinslow,Not Inducted,Not Inducted
10174,Tom Kirk,Not Eligible,Not Eligible
10203,Tom Klawitter,Not Eligible,Not Eligible
10294,Tom Knowlson,Not Eligible,Not Eligible
10317,Tom Koehler,Not Eligible,Not Eligible
10411,Tom Kramer,Not Eligible,Not Eligible
10617,Tom Lampkin,Not Inducted,Not Inducted
10672,Tom Lanning,Not Eligible,Not Eligible
10722,Tom Lasorda,Not Eligible,Not Eligible
10760,Tom Lawless,Not Eligible,Not Eligible
10805,Tom Leahy,Not Eligible,Not Eligible
10864,Tom Lee,Not Eligible,Not Eligible
10987,Tom Letcher,Not Eligible,Not Eligible
11120,Tom Lipp,Not Eligible,Not Eligible
11213,Tom Loftus,Not Eligible,Not Eligible
11260,Tom Long,Not Eligible,Not Eligible
11261,Tom Long,Not Eligible,Not Eligible
11332,Tom Lovelace,Not Eligible,Not Eligible
11339,Tom Lovett,Not Eligible,Not Eligible
11433,Tom Lundstedt,Not Eligible,Not Eligible
11472,Tom Lynch,Not Eligible,Not Eligible
11620,Tom Magrann,Not Eligible,Not Eligible
11635,Tom Maher,Not Eligible,Not Eligible
11673,Tom Makowski,Not Eligible,Not Eligible
11766,Tom Mansell,Not Eligible,Not Eligible
11860,Tom Marsh,Not Eligible,Not Eligible
11938,Tom Martin,Not Inducted,Not Inducted
12025,Tom Mastny,Not Eligible,Not Eligible
12200,Tom McAvoy,Not Eligible,Not Eligible
12214,Tom McBride,Not Eligible,Not Eligible
12253,Tom McCarthy,Not Eligible,Not Eligible
12254,Tom McCarthy,Not Eligible,Not Eligible
12329,Tom McCreery,Not Eligible,Not Eligible
12454,Tom McGovern,Not Eligible,Not Eligible
12466,Tom McGraw,Not Eligible,Not Eligible
12484,Tom McGuire,Not Eligible,Not Eligible
12561,Tom McLaughlin,Not Eligible,Not Eligible
12594,Tom McMillan,Not Eligible,Not Eligible
12615,Tom McNamara,Not Eligible,Not Eligible
12834,Tom Messitt,Not Eligible,Not Eligible
12835,Tom Metcalf,Not Eligible,Not Eligible
13015,Tom Miller,Not Eligible,Not Eligible
13016,Tom Miller,Not Eligible,Not Eligible
13367,Tom Morgan,Not Inducted,Not Inducted
13417,Tom Morrison,Not Eligible,Not Eligible
13422,Tom Morrissey,Not Eligible,Not Eligible
13628,Tom Murphy,Not Inducted,Not Inducted
13629,Tom Murphy,Not Eligible,Not Eligible
13659,Tom Murray,Not Eligible,Not Eligible
13717,Tom Nagle,Not Eligible,Not Eligible
13788,Tom Needham,Not Inducted,Not Inducted
13867,Tom Newell,Not Eligible,Not Eligible
13927,Tom Niedenfuer,Not Inducted,Not Inducted
13946,Tom Nieto,Not Eligible,Not Eligible
13954,Tom Niland,Not Eligible,Not Eligible
14037,Tom Norton,Not Eligible,Not Eligible
14117,Tom O'Brien,Not Eligible,Not Eligible
14116,Tom O'Brien,Not Eligible,Not Eligible
14182,Tom O'Hara,Not Eligible,Not Eligible
14266,Tom O'Malley,Not Eligible,Not Eligible
14331,Tom O'Rourke,Not Eligible,Not Eligible
14228,Tom Oliver,Not Eligible,Not Eligible
14304,Tom Oran,Not Eligible,Not Eligible
14481,Tom Paciorek,Not Inducted,Not Inducted
14487,Tom Padden,Not Eligible,Not Eligible
14515,Tom Pagnozzi,Not Inducted,Not Inducted
14627,Tom Parrott,Not Eligible,Not Eligible
14633,Tom Parsons,Not Eligible,Not Eligible
14689,Tom Patterson,Not Eligible,Not Eligible
14697,Tom Patton,Not Eligible,Not Eligible
15078,Tom Phillips,Not Eligible,Not Eligible
15083,Tom Phoebus,Not Eligible,Not Eligible
15235,Tom Poholsky,Not Eligible,Not Eligible
15275,Tom Poorman,Not Eligible,Not Eligible
15283,Tom Poquette,Not Eligible,Not Eligible
15355,Tom Power,Not Eligible,Not Eligible
15378,Tom Pratt,Not Eligible,Not Eligible
15415,Tom Prince,Not Inducted,Not Inducted
15490,Tom Qualters,Not Eligible,Not Eligible
15513,Tom Quinlan,Not Eligible,Not Eligible
15526,Tom Quinn,Not Eligible,Not Eligible
15573,Tom Raftery,Not Eligible,Not Eligible
15579,Tom Ragland,Not Eligible,Not Eligible
15834,Tom Reilly,Not Eligible,Not Eligible
16007,Tom Richardson,Not Eligible,Not Eligible
16252,Tom Robson,Not Eligible,Not Eligible
16375,Tom Rogers,Not Eligible,Not Eligible
16423,Tom Romano,Not Eligible,Not Eligible
16637,Tom Runnells,Not Eligible,Not Eligible
16710,Tom Ryder,Not Eligible,Not Eligible
16744,Tom Saffell,Not Eligible,Not Eligible
16929,Tom Satriano,Not Inducted,Not Inducted
17261,Tom Seaton,Not Eligible,Not Eligible
17262,Tom Seats,Not Eligible,Not Eligible
17263,Tom Seaver,Inducted,Inducted
17365,Tom Sexton,Not Eligible,Not Eligible
17447,Tom Shearn,Not Eligible,Not Eligible
17455,Tom Sheehan,Not Eligible,Not Eligible
17559,Tom Shopay,Not Eligible,Not Eligible
17627,Tom Silverio,Not Eligible,Not Eligible
17659,Tom Simpson,Not Eligible,Not Eligible
17933,Tom Smith,Not Eligible,Not Eligible
17934,Tom Smith,Not Eligible,Not Eligible
18144,Tom Spencer,Not Eligible,Not Eligible
18246,Tom Stankard,Not Eligible,Not Eligible
18265,Tom Stanton,Not Eligible,Not Eligible
18481,Tom Stouch,Not Eligible,Not Eligible
18580,Tom Sturdivant,Not Inducted,Not Inducted
18656,Tom Sullivan,Not Eligible,Not Eligible
18657,Tom Sullivan,Not Eligible,Not Eligible
18655,Tom Sullivan,Not Eligible,Not Eligible
18672,Tom Sunkel,Not Eligible,Not Eligible
18956,Tom Tellmann,Not Eligible,Not Eligible
18965,Tom Tennant,Not Eligible,Not Eligible
18978,Tom Terrell,Not Eligible,Not Eligible
19031,Tom Thobe,Not Eligible,Not Eligible
19076,Tom Thomas,Not Eligible,Not Eligible
19192,Tom Timmermann,Not Eligible,Not Eligible
19207,Tom Tischinski,Not Eligible,Not Eligible
19352,Tom Trebelhorn,Not Eligible,Not Eligible
19364,Tom Tresh,Not Eligible,Not Eligible
19422,Tom Tuckey,Not Eligible,Not Eligible
19457,Tom Turner,Not Eligible,Not Eligible
19507,Tom Umphlett,Not Eligible,Not Eligible
19512,Tom Underwood,Not Inducted,Not Inducted
19527,Tom Upton,Not Eligible,Not Eligible
19530,Tom Urbani,Not Eligible,Not Eligible
19755,Tom Veryzer,Not Inducted,Not Inducted
19765,Tom Vickery,Not Eligible,Not Eligible
19859,Tom Waddell,Not Eligible,Not Eligible
19966,Tom Walker,Not Eligible,Not Eligible
19965,Tom Walker,Not Eligible,Not Eligible
20023,Tom Walsh,Not Eligible,Not Eligible
20383,Tom Whelan,Not Eligible,Not Eligible
20497,Tom Wiedenbauer,Not Eligible,Not Eligible
20498,Tom Wieghaus,Not Eligible,Not Eligible
20526,Tom Wilhelmsen,Not Eligible,Not Eligible
20632,Tom Williams,Not Eligible,Not Eligible
20744,Tom Wilson,Not Eligible,Not Eligible
20745,Tom Wilson,Not Eligible,Not Eligible
20794,Tom Winsett,Not Eligible,Not Eligible
21008,Tom Wright,Not Eligible,Not Eligible
21062,Tom Yawkey,Not Eligible,Not Eligible
21081,Tom Yewcic,Not Eligible,Not Eligible
21097,Tom York,Not Inducted,Not Inducted
21173,Tom Zachary,Not Inducted,Not Inducted
13924,Tomas Nido,Not Eligible,Not Eligible
14907,Tomas Perez,Not Inducted,Not Inducted
18954,Tomas Telis,Not Eligible,Not Eligible
4570,Tomas de la Rosa,Not Eligible,Not Eligible
2,Tommie Aaron,Not Eligible,Not Eligible
135,Tommie Agee,Not Inducted,Not Inducted
15946,Tommie Reynolds,Not Eligible,Not Eligible
17688,Tommie Sisk,Not Eligible,Not Eligible
602,Tommy Atkins,Not Eligible,Not Eligible
980,Tommy Barrett,Not Eligible,Not Eligible
1129,Tommy Beals,Not Eligible,Not Eligible
1475,Tommy Bianco,Not Eligible,Not Eligible
1727,Tommy Boggs,Not Eligible,Not Eligible
1769,Tommy Bond,Not Inducted,Not Inducted
2132,Tommy Bridges,Not Inducted,Not Inducted
2320,Tommy Brown,Not Eligible,Not Eligible
2673,Tommy Byrne,Not Inducted,Not Inducted
3040,Tommy Casey,Not Eligible,Not Eligible
3465,Tommy Clarke,Not Inducted,Not Inducted
3749,Tommy Connolly,Not Eligible,Not Eligible
3871,Tommy Corcoran,Inducted,Not Inducted
4199,Tommy Cruz,Not Eligible,Not Eligible
4517,Tommy Davis,Not Inducted,Not Inducted
4518,Tommy Davis,Not Eligible,Not Eligible
4601,Tommy Dean,Not Eligible,Not Eligible
5071,Tommy Dowd,Not Inducted,Not Inducted
5104,Tommy Doyle,Not Eligible,Not Eligible
5398,Tommy Edman,Not Eligible,Not Eligible
5693,Tommy Everidge,Not Eligible,Not Eligible
5956,Tommy Fine,Not Eligible,Not Eligible
6959,Tommy Giordano,Not Eligible,Not Eligible
6987,Tommy Glaviano,Not Eligible,Not Eligible
7275,Tommy Gramly,Not Eligible,Not Eligible
7373,Tommy Greene,Not Eligible,Not Eligible
7391,Tommy Gregg,Not Eligible,Not Eligible
7435,Tommy Griffith,Not Inducted,Not Inducted
7855,Tommy Hanson,Not Eligible,Not Eligible
7914,Tommy Harper,Not Inducted,Not Inducted
8163,Tommy Heath,Not Eligible,Not Eligible
8232,Tommy Helms,Not Inducted,Not Inducted
8297,Tommy Henrich,Not Inducted,Not Inducted
8316,Tommy Henry,Not Eligible,Not Eligible
8608,Tommy Hinzo,Not Eligible,Not Eligible
8775,Tommy Holmes,Not Inducted,Not Inducted
8860,Tommy Hottovy,Not Eligible,Not Eligible
9023,Tommy Hughes,Not Eligible,Not Eligible
9082,Tommy Hunter,Not Eligible,Not Eligible
9187,Tommy Irwin,Not Eligible,Not Eligible
9417,Tommy John,Inducted,Not Inducted
9423,Tommy Johns,Not Eligible,Not Eligible
9701,Tommy Joseph,Not Eligible,Not Eligible
9762,Tommy Kahnle,Not Eligible,Not Eligible
10532,Tommy La Stella,Not Eligible,Not Eligible
10786,Tommy Layne,Not Eligible,Not Eligible
10800,Tommy Leach,Inducted,Not Inducted
11573,Tommy Madden,Not Eligible,Not Eligible
11786,Tommy Manzella,Not Eligible,Not Eligible
12031,Tommy Matchick,Not Eligible,Not Eligible
12255,Tommy McCarthy,Inducted,Inducted
12322,Tommy McCraw,Not Inducted,Not Inducted
12595,Tommy McMillan,Not Eligible,Not Eligible
12683,Tommy Medica,Not Eligible,Not Eligible
12694,Tommy Mee,Not Eligible,Not Eligible
13056,Tommy Milone,Not Eligible,Not Eligible
13286,Tommy Moore,Not Eligible,Not Eligible
13630,Tommy Murphy,Not Eligible,Not Eligible
13729,Tommy Nance,Not Eligible,Not Eligible
13804,Tommy Neill,Not Eligible,Not Eligible
13836,Tommy Nelson,Not Eligible,Not Eligible
14118,Tommy O'Brien,Not Eligible,Not Eligible
15030,Tommy Pham,Not Eligible,Not Eligible
15045,Tommy Phelps,Not Eligible,Not Eligible
15699,Tommy Raub,Not Eligible,Not Eligible
15848,Tommy Reis,Not Eligible,Not Eligible
16439,Tommy Romero,Not Eligible,Not Eligible
16868,Tommy Sandt,Not Eligible,Not Eligible
17359,Tommy Sewell,Not Eligible,Not Eligible
17456,Tommy Sheehan,Not Eligible,Not Eligible
17522,Tommy Shields,Not Eligible,Not Eligible
17935,Tommy Smith,Not Eligible,Not Eligible
18854,Tommy Tatum,Not Eligible,Not Eligible
18922,Tommy Taylor,Not Eligible,Not Eligible
19021,Tommy Thevenow,Not Inducted,Not Inducted
19077,Tommy Thomas,Not Inducted,Not Inducted
19129,Tommy Thompson,Not Eligible,Not Eligible
19128,Tommy Thompson,Not Eligible,Not Eligible
19256,Tommy Toms,Not Eligible,Not Eligible
19421,Tommy Tucker,Not Inducted,Not Inducted
19743,Tommy Vereker,Not Eligible,Not Eligible
20102,Tommy Warren,Not Eligible,Not Eligible
20147,Tommy Watkins,Not Eligible,Not Eligible
4561,Tommy de la Cruz,Not Eligible,Not Eligible
14184,Tomo Ohka,Not Inducted,Not Inducted
42,Tony Abreu,Not Eligible,Not Eligible
341,Tony Alvarez,Not Eligible,Not Eligible
523,Tony Armas,Not Inducted,Not Inducted
524,Tony Armas,Not Inducted,Not Inducted
543,Tony Arnold,Not Eligible,Not Eligible
821,Tony Balsamo,Not Eligible,Not Eligible
935,Tony Barnette,Not Eligible,Not Eligible
988,Tony Barron,Not Eligible,Not Eligible
1008,Tony Bartirome,Not Eligible,Not Eligible
1064,Tony Batista,Not Inducted,Not Inducted
1153,Tony Beasley,Not Eligible,Not Eligible
1401,Tony Bernazard,Not Inducted,Not Inducted
1624,Tony Blanco,Not Eligible,Not Eligible
1712,Tony Boeckel,Not Eligible,Not Eligible
2118,Tony Brewer,Not Eligible,Not Eligible
2178,Tony Brizzolara,Not Eligible,Not Eligible
2220,Tony Brottem,Not Eligible,Not Eligible
2792,Tony Campana,Not Eligible,Not Eligible
3097,Tony Castillo,Not Eligible,Not Eligible
3098,Tony Castillo,Not Inducted,Not Inducted
3289,Tony Chevez,Not Eligible,Not Eligible
3376,Tony Cingrani,Not Eligible,Not Eligible
3443,Tony Clark,Not Inducted,Not Inducted
3530,Tony Cloninger,Not Inducted,Not Inducted
3575,Tony Cogan,Not Eligible,Not Eligible
3718,Tony Conigliaro,Not Eligible,Not Eligible
4086,Tony Criscola,Not Eligible,Not Eligible
4200,Tony Cruz,Not Eligible,Not Eligible
4206,Tony Cuccinello,Not Inducted,Not Inducted
4265,Tony Curry,Not Eligible,Not Eligible
4368,Tony Daniels,Not Eligible,Not Eligible
4635,Tony DeFate,Not Eligible,Not Eligible
4636,Tony DeFrancesco,Not Eligible,Not Eligible
4738,Tony DePhillips,Not Eligible,Not Eligible
5667,Tony Eusebio,Not Eligible,Not Eligible
5722,Tony Faeth,Not Eligible,Not Eligible
5879,Tony Fernandez,Not Inducted,Not Inducted
5885,Tony Ferreira,Not Eligible,Not Eligible
5974,Tony Fiore,Not Eligible,Not Eligible
6210,Tony Fossas,Not Inducted,Not Inducted
6355,Tony Freitas,Not Eligible,Not Eligible
6829,Tony Ghelfi,Not Eligible,Not Eligible
6837,Tony Giarratano,Not Eligible,Not Eligible
6968,Tony Giuliani,Not Eligible,Not Eligible
7092,Tony Gonsolin,Not Eligible,Not Eligible
7142,Tony Gonzalez,Not Inducted,Not Inducted
7252,Tony Graffanino,Not Inducted,Not Inducted
7614,Tony Gwynn,Inducted,Inducted
7615,Tony Gwynn,Not Eligible,Not Eligible
8228,Tony Hellman,Not Eligible,Not Eligible
8845,Tony Horton,Not Eligible,Not Eligible
9258,Tony Jacobs,Not Eligible,Not Eligible
9536,Tony Johnson,Not Eligible,Not Eligible
9830,Tony Kaufmann,Not Inducted,Not Inducted
9973,Tony Kemp,Not Eligible,Not Eligible
10479,Tony Kubek,Not Eligible,Not Eligible
10715,Tony LaRussa,Not Eligible,Not Eligible
10793,Tony Lazzeri,Not Inducted,Inducted
11262,Tony Longmire,Not Eligible,Not Eligible
11437,Tony Lupien,Not Eligible,Not Eligible
11494,Tony Lyons,Not Eligible,Not Eligible
11543,Tony Mack,Not Eligible,Not Eligible
11688,Tony Malinosky,Not Eligible,Not Eligible
11986,Tony Martinez,Not Eligible,Not Eligible
12544,Tony McKnight,Not Eligible,Not Eligible
12772,Tony Menendez,Not Eligible,Not Eligible
13480,Tony Mounce,Not Eligible,Not Eligible
13518,Tony Mullane,Not Inducted,Not Inducted
13631,Tony Murphy,Not Eligible,Not Eligible
13660,Tony Murray,Not Eligible,Not Eligible
13664,Tony Muser,Not Eligible,Not Eligible
14216,Tony Oliva,Inducted,Inducted
14307,Tony Ordenana,Not Eligible,Not Eligible
14576,Tony Parisse,Not Eligible,Not Eligible
14908,Tony Perez,Inducted,Inducted
14914,Tony Perezchica,Not Eligible,Not Eligible
14817,Tony Peña,Not Eligible,Not Eligible
14816,Tony Peña,Not Inducted,Not Inducted
14818,Tony Peña,Not Eligible,Not Eligible
15079,Tony Phillips,Not Inducted,Not Inducted
15121,Tony Pierce,Not Eligible,Not Eligible
15134,Tony Piet,Not Eligible,Not Eligible
15810,Tony Rego,Not Eligible,Not Eligible
15868,Tony Renda,Not Eligible,Not Eligible
15880,Tony Rensa,Not Eligible,Not Eligible
16157,Tony Robello,Not Eligible,Not Eligible
16331,Tony Rodriguez,Not Eligible,Not Eligible
16390,Tony Roig,Not Eligible,Not Eligible
16837,Tony Sanchez,Not Eligible,Not Eligible
16901,Tony Santillan,Not Eligible,Not Eligible
16943,Tony Saunders,Not Eligible,Not Eligible
17236,Tony Scott,Not Inducted,Not Inducted
17243,Tony Scruggs,Not Eligible,Not Eligible
17681,Tony Sipp,Not Inducted,Not Inducted
17936,Tony Smith,Not Eligible,Not Eligible
18030,Tony Solaita,Not Eligible,Not Eligible
18602,Tony Suck,Not Eligible,Not Eligible
18827,Tony Tarasco,Not Eligible,Not Eligible
18923,Tony Taylor,Not Inducted,Not Inducted
19261,Tony Tonneman,Not Eligible,Not Eligible
19268,Tony Torcato,Not Eligible,Not Eligible
19834,Tony Von Fricken,Not Eligible,Not Eligible
19967,Tony Walker,Not Eligible,Not Eligible
20159,Tony Watson,Not Eligible,Not Eligible
20295,Tony Welzer,Not Eligible,Not Eligible
20871,Tony Wolters,Not Eligible,Not Eligible
20875,Tony Womack,Not Inducted,Not Inducted
21098,Tony York,Not Eligible,Not Eligible
21270,Tony Zych,Not Eligible,Not Eligible
6890,Tookie Gilbert,Not Eligible,Not Eligible
4004,Toots Coyne,Not Eligible,Not Eligible
17585,Toots Shultz,Not Eligible,Not Eligible
16063,Topper Rigney,Not Eligible,Not Eligible
8023,Topsy Hartsel,Not Inducted,Not Inducted
11343,Torey Lovullo,Not Eligible,Not Eligible
9083,Torii Hunter,Not Inducted,Not Inducted
13580,Toru Murata,Not Eligible,Not Eligible
15390,Tot Pressnell,Not Eligible,Not Eligible
19305,Touki Toussaint,Not Eligible,Not Eligible
3850,Trace Coquillette,Not Eligible,Not Eligible
780,Tracy Baker,Not Eligible,Not Eligible
9663,Tracy Jones,Not Eligible,Not Eligible
18223,Tracy Stallard,Not Eligible,Not Eligible
20938,Tracy Woodson,Not Eligible,Not Eligible
8834,Trader Horne,Not Eligible,Not Eligible
855,Travis Baptist,Not Eligible,Not Eligible
1367,Travis Bergen,Not Eligible,Not Eligible
1587,Travis Blackley,Not Eligible,Not Eligible
1631,Travis Blankenhorn,Not Eligible,Not Eligible
1933,Travis Bowyer,Not Eligible,Not Eligible
2405,Travis Buck,Not Eligible,Not Eligible
3246,Travis Chapman,Not Eligible,Not Eligible
3292,Travis Chick,Not Eligible,Not Eligible
4527,Travis Dawkins,Not Eligible,Not Eligible
4703,Travis Demeritte,Not Eligible,Not Eligible
4720,Travis Denker,Not Eligible,Not Eligible
5156,Travis Driskill,Not Eligible,Not Eligible
6417,Travis Fryman,Not Inducted,Not Inducted
7652,Travis Hafner,Not Inducted,Not Inducted
7915,Travis Harper,Not Eligible,Not Eligible
9024,Travis Hughes,Not Eligible,Not Eligible
9193,Travis Ishikawa,Not Eligible,Not Eligible
9245,Travis Jackson,Not Inducted,Inducted
9304,Travis Jankowski,Not Eligible,Not Eligible
10584,Travis Lakins,Not Eligible,Not Eligible
10865,Travis Lee,Not Eligible,Not Eligible
12836,Travis Metcalf,Not Eligible,Not Eligible
13017,Travis Miller,Not Eligible,Not Eligible
15046,Travis Phelps,Not Eligible,Not Eligible
17070,Travis Schlichting,Not Eligible,Not Eligible
17428,Travis Shaw,Not Eligible,Not Eligible
17937,Travis Smith,Not Eligible,Not Eligible
17979,Travis Snider,Not Eligible,Not Eligible
18710,Travis Swaggerty,Not Eligible,Not Eligible
18795,Travis Taijeron,Not Eligible,Not Eligible
18833,Travis Tartamella,Not Eligible,Not Eligible
20907,Travis Wood,Not Eligible,Not Eligible
4390,Travis d'Arnaud,Not Eligible,Not Eligible
19130,Trayce Thompson,Not Eligible,Not Eligible
16239,Trayvon Robinson,Not Eligible,Not Eligible
19458,Trea Turner,Not Eligible,Not Eligible
4519,Trench Davis,Not Eligible,Not Eligible
5298,Trent Durrington,Not Eligible,Not Eligible
6833,Trent Giambrone,Not Eligible,Not Eligible
7459,Trent Grisham,Not Eligible,Not Eligible
8955,Trent Hubbard,Not Inducted,Not Inducted
9390,Trent Jewett,Not Eligible,Not Eligible
14157,Trent Oeltjen,Not Eligible,Not Eligible
19149,Trent Thornton,Not Eligible,Not Eligible
2212,Trenton Brooks,Not Eligible,Not Eligible
962,Tres Barrera,Not Eligible,Not Eligible
13018,Trever Miller,Not Inducted,Not Inducted
1084,Trevor Bauer,Not Eligible,Not Eligible
1274,Trevor Bell,Not Eligible,Not Eligible
2321,Trevor Brown,Not Eligible,Not Eligible
2716,Trevor Cahill,Not Eligible,Not Eligible
4159,Trevor Crowe,Not Eligible,Not Eligible
5540,Trevor Enders,Not Eligible,Not Eligible
7221,Trevor Gott,Not Eligible,Not Eligible
8532,Trevor Hildenberger,Not Eligible,Not Eligible
8681,Trevor Hoffman,Not Inducted,Inducted
9915,Trevor Kelley,Not Eligible,Not Eligible
10700,Trevor Larnach,Not Eligible,Not Eligible
12144,Trevor May,Not Eligible,Not Eligible
12373,Trevor McDonald,Not Eligible,Not Eligible
12705,Trevor Megill,Not Eligible,Not Eligible
14080,Trevor Oaks,Not Eligible,Not Eligible
15217,Trevor Plouffe,Not Eligible,Not Eligible
15991,Trevor Richards,Not Eligible,Not Eligible
16376,Trevor Rogers,Not Eligible,Not Eligible
16513,Trevor Rosenthal,Not Eligible,Not Eligible
18346,Trevor Stephan,Not Eligible,Not Eligible
18476,Trevor Story,Not Eligible,Not Eligible
20633,Trevor Williams,Not Eligible,Not Eligible
20746,Trevor Wilson,Not Eligible,Not Eligible
360,Trey Amburgey,Not Eligible,Not Eligible
1135,Trey Beamon,Not Eligible,Not Eligible
2680,Trey Cabbage,Not Eligible,Not Eligible
8579,Trey Hillman,Not Eligible,Not Eligible
8649,Trey Hodges,Not Eligible,Not Eligible
11122,Trey Lipscomb,Not Eligible,Not Eligible
11435,Trey Lunsford,Not Eligible,Not Eligible
11725,Trey Mancini,Not Eligible,Not Eligible
13287,Trey Moore,Not Eligible,Not Eligible
18751,Trey Sweeney,Not Eligible,Not Eligible
20775,Trey Wingenter,Not Eligible,Not Eligible
12650,Trick McSorley,Not Eligible,Not Eligible
13908,Tricky Nichols,Not Eligible,Not Eligible
4108,Tripp Cromer,Not Eligible,Not Eligible
17613,Tripp Sigman,Not Eligible,Not Eligible
18113,Tris Speaker,Inducted,Inducted
1179,Tristan Beck,Not Eligible,Not Eligible
7328,Tristan Gray,Not Eligible,Not Eligible
3029,Triston Casas,Not Eligible,Not Eligible
12530,Triston McKenzie,Not Eligible,Not Eligible
13976,Trot Nixon,Not Inducted,Not Inducted
132,Troy Afenir,Not Eligible,Not Eligible
2198,Troy Brohawn,Not Eligible,Not Eligible
3129,Troy Cate,Not Eligible,Not Eligible
6985,Troy Glaus,Not Inducted,Not Inducted
8430,Troy Herriage,Not Eligible,Not Eligible
12074,Troy Mattes,Not Eligible,Not Eligible
13789,Troy Neel,Not Eligible,Not Eligible
14210,Troy O'Leary,Not Inducted,Not Inducted
14698,Troy Patton,Not Eligible,Not Eligible
14861,Troy Percival,Not Inducted,Not Inducted
15443,Troy Puckett,Not Eligible,Not Eligible
17240,Troy Scribner,Not Eligible,Not Eligible
18449,Troy Stokes,Not Eligible,Not Eligible
18924,Troy Taylor,Not Eligible,Not Eligible
19429,Troy Tulowitzki,Not Inducted,Not Inducted
5331,Truck Eagan,Not Eligible,Not Eligible
7829,Truck Hannah,Not Eligible,Not Eligible
11617,Trystan Magnuson,Not Eligible,Not Eligible
13964,Tsuyoshi Nishioka,Not Eligible,Not Eligible
17533,Tsuyoshi Shinjo,Not Eligible,Not Eligible
19855,Tsuyoshi Wada,Not Eligible,Not Eligible
20265,Tub Welch,Not Eligible,Not Eligible
18145,Tubby Spencer,Not Eligible,Not Eligible
18218,Tuck Stainback,Not Inducted,Not Inducted
19459,Tuck Turner,Not Eligible,Not Eligible
579,Tucker Ashford,Not Eligible,Not Eligible
942,Tucker Barnhart,Not Eligible,Not Eligible
4441,Tucker Davidson,Not Eligible,Not Eligible
11797,Tucupita Marcano,Not Eligible,Not Eligible
7209,Tuffy Gosewisch,Not Eligible,Not Eligible
18412,Tuffy Stewart,Not Eligible,Not Eligible
564,Tug Arundel,Not Eligible,Not Eligible
9035,Tug Hulett,Not Eligible,Not Eligible
12467,Tug McGraw,Not Inducted,Not Inducted
19131,Tug Thompson,Not Eligible,Not Eligible
20747,Tug Wilson,Not Eligible,Not Eligible
18110,Tully Sparks,Not Inducted,Not Inducted
1374,Tun Berger,Not Eligible,Not Eligible
5796,Turk Farrell,Not Inducted,Not Inducted
11362,Turk Lown,Not Inducted,Not Inducted
20298,Turk Wendell,Not Inducted,Not Inducted
7482,Turkey Gross,Not Eligible,Not Eligible
18292,Turkey Stearnes,Not Eligible,Not Eligible
867,Turner Barber,Not Eligible,Not Eligible
20080,Turner Ward,Not Inducted,Not Inducted
19464,Twink Twining,Not Eligible,Not Eligible
114,Ty Adcock,Not Eligible,Not Eligible
1564,Ty Blach,Not Eligible,Not Eligible
2652,Ty Buttrey,Not Eligible,Not Eligible
3524,Ty Cline,Not Inducted,Not Inducted
3554,Ty Cobb,Inducted,Inducted
6272,Ty France,Not Eligible,Not Eligible
6499,Ty Gainey,Not Eligible,Not Eligible
8223,Ty Helfrich,Not Eligible,Not Eligible
9959,Ty Kelly,Not Eligible,Not Eligible
10562,Ty LaForest,Not Eligible,Not Eligible
11574,Ty Madden,Not Eligible,Not Eligible
15106,Ty Pickup,Not Eligible,Not Eligible
18855,Ty Taubenheim,Not Eligible,Not Eligible
19171,Ty Tice,Not Eligible,Not Eligible
19484,Ty Tyson,Not Eligible,Not Eligible
19614,Ty Van Burkleo,Not Eligible,Not Eligible
19997,Ty Waller,Not Eligible,Not Eligible
20507,Ty Wigginton,Not Inducted,Not Inducted
215,Tyler Alexander,Not Eligible,Not Eligible
423,Tyler Anderson,Not Eligible,Not Eligible
634,Tyler Austin,Not Eligible,Not Eligible
1028,Tyler Bashlor,Not Eligible,Not Eligible
1213,Tyler Beede,Not Eligible,Not Eligible
1575,Tyler Black,Not Eligible,Not Eligible
3263,Tyler Chatwood,Not Eligible,Not Eligible
3529,Tyler Clippard,Not Eligible,Not Eligible
3537,Tyler Cloyd,Not Eligible,Not Eligible
3667,Tyler Collins,Not Eligible,Not Eligible
3686,Tyler Colvin,Not Eligible,Not Eligible
4038,Tyler Cravy,Not Eligible,Not Eligible
4125,Tyler Cropley,Not Eligible,Not Eligible
4297,Tyler Cyr,Not Eligible,Not Eligible
4369,Tyler Danish,Not Eligible,Not Eligible
5189,Tyler Duffey,Not Eligible,Not Eligible
5858,Tyler Ferguson,Not Eligible,Not Eligible
6037,Tyler Fitzgerald,Not Eligible,Not Eligible
6119,Tyler Flowers,Not Eligible,Not Eligible
6343,Tyler Freeman,Not Eligible,Not Eligible
6779,Tyler Gentry,Not Eligible,Not Eligible
6891,Tyler Gilbert,Not Eligible,Not Eligible
6981,Tyler Glasnow,Not Eligible,Not Eligible
7038,Tyler Goeddel,Not Eligible,Not Eligible
7270,Tyler Graham,Not Eligible,Not Eligible
7357,Tyler Green,Not Eligible,Not Eligible
7374,Tyler Greene,Not Eligible,Not Eligible
8203,Tyler Heineman,Not Eligible,Not Eligible
8782,Tyler Holt,Not Eligible,Not Eligible
8785,Tyler Holton,Not Eligible,Not Eligible
8885,Tyler Houston,Not Eligible,Not Eligible
9195,Tyler Ivey,Not Eligible,Not Eligible
9334,Tyler Jay,Not Eligible,Not Eligible
9537,Tyler Johnson,Not Eligible,Not Eligible
10143,Tyler Kinley,Not Eligible,Not Eligible
10554,Tyler Ladendorf,Not Eligible,Not Eligible
11195,Tyler Locklear,Not Eligible,Not Eligible
11495,Tyler Lyons,Not Eligible,Not Eligible
11638,Tyler Mahle,Not Eligible,Not Eligible
12103,Tyler Matzek,Not Eligible,Not Eligible
13288,Tyler Moore,Not Eligible,Not Eligible
13735,Tyler Naquin,Not Eligible,Not Eligible
13861,Tyler Nevin,Not Eligible,Not Eligible
14296,Tyler O'Neill,Not Eligible,Not Eligible
14261,Tyler Olson,Not Eligible,Not Eligible
14656,Tyler Pastornicky,Not Eligible,Not Eligible
14729,Tyler Payne,Not Eligible,Not Eligible
15080,Tyler Phillips,Not Eligible,Not Eligible
15145,Tyler Pill,Not Eligible,Not Eligible
16206,Tyler Robertson,Not Eligible,Not Eligible
16377,Tyler Rogers,Not Eligible,Not Eligible
16755,Tyler Saladino,Not Eligible,Not Eligible
17703,Tyler Skaggs,Not Eligible,Not Eligible
17938,Tyler Smith,Not Eligible,Not Eligible
18023,Tyler Soderstrom,Not Eligible,Not Eligible
18367,Tyler Stephenson,Not Eligible,Not Eligible
18579,Tyler Sturdevant,Not Eligible,Not Eligible
19143,Tyler Thornburg,Not Eligible,Not Eligible
19870,Tyler Wade,Not Eligible,Not Eligible
19892,Tyler Wagner,Not Eligible,Not Eligible
19968,Tyler Walker,Not Eligible,Not Eligible
20204,Tyler Webb,Not Eligible,Not Eligible
20289,Tyler Wells,Not Eligible,Not Eligible
20440,Tyler White,Not Eligible,Not Eligible
20748,Tyler Wilson,Not Eligible,Not Eligible
21061,Tyler Yates,Not Eligible,Not Eligible
21259,Tyler Zuber,Not Eligible,Not Eligible
12706,Tylor Megill,Not Eligible,Not Eligible
7033,Tyrell Godwin,Not Eligible,Not Eligible
9361,Tyrell Jenkins,Not Eligible,Not Eligible
18925,Tyrone Taylor,Not Eligible,Not Eligible
2361,Tyson Brummett,Not Eligible,Not Eligible
13019,Tyson Miller,Not Eligible,Not Eligible
16533,Tyson Ross,Not Inducted,Not Inducted
11066,Tzu-Wei Lin,Not Eligible,Not Eligible
20124,U. L. Washington,Not Inducted,Not Inducted
8334,Ubaldo Heredia,Not Eligible,Not Eligible
9410,Ubaldo Jimenez,Not Inducted,Not Inducted
5664,Uel Eubanks,Not Eligible,Not Eligible
19532,Ugueth Urbina,Not Inducted,Not Inducted
17550,Urban Shocker,Not Inducted,Not Inducted
15099,Urbane Pickering,Not Eligible,Not Eligible
11412,Urbano Lugo,Not Eligible,Not Eligible
15166,Vada Pinson,Inducted,Not Inducted
8198,Val Heim,Not Eligible,Not Eligible
11670,Val Majewski,Not Eligible,Not Eligible
14644,Val Pascucci,Not Eligible,Not Eligible
15094,Val Picinich,Not Inducted,Not Inducted
16240,Val Robinson,Not Eligible,Not Eligible
1289,Valente Bellozo,Not Eligible,Not Eligible
4581,Valerio De Los Santos,Not Eligible,Not Eligible
5365,Vallie Eaves,Not Eligible,Not Eligible
19078,Valmy Thomas,Not Eligible,Not Eligible
6088,Van Fletcher,Not Eligible,Not Eligible
9960,Van Kelly,Not Eligible,Not Eligible
13554,Van Mungo,Not Inducted,Not Inducted
17980,Van Snider,Not Eligible,Not Eligible
4904,Vance Dinges,Not Eligible,Not Eligible
10756,Vance Law,Not Inducted,Not Inducted
11333,Vance Lovelace,Not Eligible,Not Eligible
12492,Vance McHenry,Not Eligible,Not Eligible
12494,Vance McIlree,Not Eligible,Not Eligible
14508,Vance Page,Not Eligible,Not Eligible
20749,Vance Wilson,Not Eligible,Not Eligible
20955,Vance Worley,Not Eligible,Not Eligible
424,Varney Anderson,Not Eligible,Not Eligible
5617,Vaughn Eshelman,Not Eligible,Not Eligible
7463,Vaughn Grissom,Not Eligible,Not Eligible
7392,Vean Gregg,Not Eligible,Not Eligible
8585,Vedie Himsl,Not Eligible,Not Eligible
5512,Verdo Elmore,Not Eligible,Not Eligible
19174,Verle Tiefenthaler,Not Eligible,Not Eligible
1341,Vern Benson,Not Eligible,Not Eligible
1484,Vern Bickford,Not Eligible,Not Eligible
4278,Vern Curtis,Not Eligible,Not Eligible
5233,Vern Duncan,Not Eligible,Not Eligible
5813,Vern Fear,Not Eligible,Not Eligible
6349,Vern Freiburger,Not Eligible,Not Eligible
6444,Vern Fuller,Not Eligible,Not Eligible
6762,Vern Geishert,Not Eligible,Not Eligible
7809,Vern Handrahan,Not Eligible,Not Eligible
8783,Vern Holtgrave,Not Eligible,Not Eligible
9025,Vern Hughes,Not Eligible,Not Eligible
10004,Vern Kennedy,Not Inducted,Not Inducted
10757,Vern Law,Not Inducted,Not Inducted
13368,Vern Morgan,Not Eligible,Not Eligible
14250,Vern Olsen,Not Eligible,Not Eligible
15679,Vern Rapp,Not Eligible,Not Eligible
16622,Vern Ruhle,Not Inducted,Not Inducted
18146,Vern Spencer,Not Eligible,Not Eligible
18356,Vern Stephens,Not Inducted,Not Inducted
19508,Vern Underhill,Not Eligible,Not Eligible
3510,Verne Clemons,Not Eligible,Not Eligible
20290,Vernon Wells,Not Inducted,Not Inducted
20672,Vernon Wilshere,Not Eligible,Not Eligible
181,Vic Albury,Not Eligible,Not Eligible
199,Vic Aldridge,Not Eligible,Not Eligible
943,Vic Barnhart,Not Eligible,Not Eligible
1576,Vic Black,Not Eligible,Not Eligible
1974,Vic Bradford,Not Eligible,Not Eligible
3909,Vic Correll,Not Eligible,Not Eligible
4383,Vic Darensbourg,Not Eligible,Not Eligible
4418,Vic Davalillo,Not Inducted,Not Inducted
6318,Vic Frazier,Not Eligible,Not Eligible
7969,Vic Harris,Not Eligible,Not Eligible
9306,Vic Janowicz,Not Eligible,Not Eligible
9538,Vic Johnson,Not Eligible,Not Eligible
9870,Vic Keen,Not Eligible,Not Eligible
10707,Vic LaRose,Not Eligible,Not Eligible
11236,Vic Lombardi,Not Eligible,Not Eligible
15356,Vic Power,Not Inducted,Not Inducted
15681,Vic Raschi,Not Inducted,Not Inducted
16332,Vic Rodriguez,Not Eligible,Not Eligible
16591,Vic Roznovsky,Not Eligible,Not Eligible
16750,Vic Saier,Not Eligible,Not Eligible
18066,Vic Sorrell,Not Inducted,Not Inducted
20322,Vic Wertz,Not Inducted,Not Inducted
20659,Vic Willis,Inducted,Inducted
366,Vicente Amor,Not Eligible,Not Eligible
2831,Vicente Campos,Not Eligible,Not Eligible
14494,Vicente Padilla,Not Inducted,Not Inducted
14524,Vicente Palacios,Not Eligible,Not Eligible
16447,Vicente Romo,Not Eligible,Not Eligible
189,Victor Alcantara,Not Eligible,Not Eligible
342,Victor Alvarez,Not Eligible,Not Eligible
490,Victor Arano,Not Eligible,Not Eligible
1395,Victor Bernal,Not Eligible,Not Eligible
2886,Victor Caratini,Not Eligible,Not Eligible
3608,Victor Cole,Not Eligible,Not Eligible
4201,Victor Cruz,Not Eligible,Not Eligible
4833,Victor Diaz,Not Eligible,Not Eligible
6574,Victor Garate,Not Eligible,Not Eligible
7143,Victor Gonzalez,Not Eligible,Not Eligible
11892,Victor Marte,Not Eligible,Not Eligible
11987,Victor Martinez,Not Inducted,Not Inducted
12029,Victor Mata,Not Eligible,Not Eligible
12682,Victor Mederos,Not Eligible,Not Eligible
15923,Victor Reyes,Not Eligible,Not Eligible
16250,Victor Robles,Not Eligible,Not Eligible
16489,Victor Rosario,Not Eligible,Not Eligible
16914,Victor Santos,Not Eligible,Not Eligible
17073,Victor Schlitzer,Not Eligible,Not Eligible
17237,Victor Scott,Not Eligible,Not Eligible
19819,Victor Vodnik,Not Eligible,Not Eligible
21186,Victor Zambrano,Not Eligible,Not Eligible
1686,Vida Blue,Not Inducted,Not Inducted
2353,Vidal Brujan,Not Eligible,Not Eligible
14069,Vidal Nuno,Not Eligible,Not Eligible
11529,Vimael Machin,Not Eligible,Not Eligible
2823,Vin Campbell,Not Eligible,Not Eligible
12177,Vin Mazzaro,Not Eligible,Not Eligible
1018,Vince Barton,Not Eligible,Not Eligible
1290,Vince Belnome,Not Eligible,Not Eligible
3102,Vince Castino,Not Eligible,Not Eligible
3594,Vince Colbert,Not Eligible,Not Eligible
3629,Vince Coleman,Not Inducted,Not Inducted
4314,Vince Dailey,Not Eligible,Not Eligible
4899,Vince DiMaggio,Not Inducted,Not Inducted
7099,Vince Gonzales,Not Eligible,Not Eligible
8840,Vince Horsman,Not Eligible,Not Eligible
13169,Vince Molyneaux,Not Eligible,Not Eligible
17499,Vince Sherlock,Not Eligible,Not Eligible
17523,Vince Shields,Not Eligible,Not Eligible
17589,Vince Shupe,Not Eligible,Not Eligible
19712,Vince Velasquez,Not Eligible,Not Eligible
19730,Vince Ventura,Not Eligible,Not Eligible
11731,Vincent Maney,Not Eligible,Not Eligible
13125,Vinegar Bend Mizell,Not Eligible,Not Eligible
3353,Vinnie Chulk,Not Eligible,Not Eligible
14650,Vinnie Pasquantino,Not Eligible,Not Eligible
14955,Vinnie Pestano,Not Eligible,Not Eligible
17939,Vinnie Smith,Not Eligible,Not Eligible
2880,Vinny Capra,Not Eligible,Not Eligible
3072,Vinny Castilla,Not Inducted,Not Inducted
13967,Vinny Nittoli,Not Eligible,Not Eligible
16553,Vinny Rottino,Not Eligible,Not Eligible
933,Virgil Barnes,Not Eligible,Not Eligible
3277,Virgil Cheeves,Not Eligible,Not Eligible
4520,Virgil Davis,Not Inducted,Not Inducted
9383,Virgil Jester,Not Eligible,Not Eligible
18224,Virgil Stallcup,Not Eligible,Not Eligible
19399,Virgil Trucks,Not Inducted,Not Inducted
19675,Virgil Vasquez,Not Eligible,Not Eligible
18810,Vito Tamulis,Not Eligible,Not Eligible
19597,Vito Valentinetti,Not Eligible,Not Eligible
11077,Vive Lindaman,Not Eligible,Not Eligible
15326,Vivian Potts,Not Eligible,Not Eligible
7534,Vladimir Guerrero,Inducted,Inducted
7535,Vladimir Guerrero,Not Eligible,Not Eligible
7594,Vladimir Gutierrez,Not Eligible,Not Eligible
14063,Vladimir Nunez,Not Eligible,Not Eligible
8115,Von Hayes,Not Inducted,Not Inducted
9703,Von Joshua,Not Inducted,Not Inducted
12344,Von McDaniel,Not Eligible,Not Eligible
11560,Waddy MacPhee,Not Eligible,Not Eligible
1643,Wade Blasingame,Not Inducted,Not Inducted
1728,Wade Boggs,Inducted,Inducted
4521,Wade Davis,Not Eligible,Not Eligible
10820,Wade LeBlanc,Not Eligible,Not Eligible
10878,Wade Lefler,Not Eligible,Not Eligible
12679,Wade Meckler,Not Eligible,Not Eligible
12918,Wade Miley,Not Eligible,Not Eligible
13020,Wade Miller,Not Eligible,Not Eligible
16562,Wade Rowdon,Not Eligible,Not Eligible
18926,Wade Taylor,Not Eligible,Not Eligible
8944,Waite Hoyt,Not Inducted,Inducted
9412,Waldis Joaquin,Not Eligible,Not Eligible
2424,Walker Buehler,Not Eligible,Not Eligible
3844,Walker Cooper,Not Inducted,Not Inducted
4074,Walker Cress,Not Eligible,Not Eligible
11192,Walker Lockett,Not Eligible,Not Eligible
9539,Wallace Johnson,Not Eligible,Not Eligible
447,Wally Andrews,Not Eligible,Not Eligible
680,Wally Backman,Not Inducted,Not Inducted
1375,Wally Berger,Not Inducted,Not Inducted
2459,Wally Bunker,Not Eligible,Not Eligible
2529,Wally Burnette,Not Eligible,Not Eligible
3503,Wally Clement,Not Eligible,Not Eligible
4403,Wally Dashiell,Not Eligible,Not Eligible
5898,Wally Fessenden,Not Eligible,Not Eligible
6047,Wally Flager,Not Eligible,Not Eligible
6792,Wally Gerber,Not Inducted,Not Inducted
6892,Wally Gilbert,Not Eligible,Not Eligible
7059,Wally Goldsmith,Not Eligible,Not Eligible
8170,Wally Hebert,Not Eligible,Not Eligible
8712,Wally Holborow,Not Eligible,Not Eligible
8795,Wally Hood,Not Eligible,Not Eligible
8796,Wally Hood,Not Eligible,Not Eligible
9715,Wally Joyner,Not Inducted,Not Inducted
9723,Wally Judnich,Not Eligible,Not Eligible
10108,Wally Kimmick,Not Eligible,Not Eligible
10365,Wally Kopf,Not Eligible,Not Eligible
12089,Wally Mattick,Not Eligible,Not Eligible
12154,Wally Mayer,Not Eligible,Not Eligible
13027,Wally Millies,Not Eligible,Not Eligible
13232,Wally Moon,Not Inducted,Not Inducted
13450,Wally Moses,Not Inducted,Not Inducted
15175,Wally Pipp,Not Inducted,Not Inducted
15316,Wally Post,Not Inducted,Not Inducted
15811,Wally Rehg,Not Eligible,Not Eligible
15838,Wally Reinecker,Not Eligible,Not Eligible
16103,Wally Ritchie,Not Eligible,Not Eligible
16351,Wally Roettger,Not Eligible,Not Eligible
17014,Wally Schang,Not Inducted,Not Inducted
17386,Wally Shaner,Not Eligible,Not Eligible
17399,Wally Shannon,Not Eligible,Not Eligible
17940,Wally Smith,Not Eligible,Not Eligible
17974,Wally Snell,Not Eligible,Not Eligible
20345,Wally Westlake,Not Inducted,Not Inducted
20452,Wally Whitehurst,Not Eligible,Not Eligible
20856,Wally Wolf,Not Eligible,Not Eligible
216,Walt Alexander,Not Eligible,Not Eligible
1029,Walt Bashore,Not Eligible,Not Eligible
1770,Walt Bond,Not Eligible,Not Eligible
3308,Walt Chipple,Not Eligible,Not Eligible
4013,Walt Craddock,Not Eligible,Not Eligible
4793,Walt Devoy,Not Eligible,Not Eligible
4859,Walt Dickson,Not Eligible,Not Eligible
4935,Walt Doan,Not Eligible,Not Eligible
5159,Walt Dropo,Not Inducted,Not Inducted
6364,Walt French,Not Eligible,Not Eligible
7055,Walt Goldsby,Not Eligible,Not Eligible
7067,Walt Golvin,Not Eligible,Not Eligible
8412,Walt Herrell,Not Eligible,Not Eligible
8947,Walt Hriniak,Not Eligible,Not Eligible
9086,Walt Huntzinger,Not Eligible,Not Eligible
9188,Walt Irwin,Not Eligible,Not Eligible
9748,Walt Justis,Not Eligible,Not Eligible
9918,Walt Kellner,Not Eligible,Not Eligible
10148,Walt Kinney,Not Eligible,Not Eligible
10157,Walt Kinzie,Not Eligible,Not Eligible
10501,Walt Kuhn,Not Eligible,Not Eligible
10647,Walt Lanfranconi,Not Eligible,Not Eligible
10972,Walt Lerian,Not Eligible,Not Eligible
10989,Walt Leverenz,Not Eligible,Not Eligible
11087,Walt Linden,Not Eligible,Not Eligible
11473,Walt Lynch,Not Eligible,Not Eligible
11796,Walt Marbet,Not Eligible,Not Eligible
12021,Walt Masters,Not Eligible,Not Eligible
12024,Walt Masterson,Not Inducted,Not Inducted
12518,Walt McKeel,Not Eligible,Not Eligible
12710,Walt Meinert,Not Eligible,Not Eligible
13021,Walt Miller,Not Eligible,Not Eligible
13437,Walt Moryn,Not Eligible,Not Eligible
15391,Walt Preston,Not Eligible,Not Eligible
16092,Walt Ripley,Not Eligible,Not Eligible
17173,Walt Schulz,Not Eligible,Not Eligible
17730,Walt Slagle,Not Eligible,Not Eligible
17770,Walt Smallwood,Not Eligible,Not Eligible
18524,Walt Streuli,Not Eligible,Not Eligible
18859,Walt Tauscher,Not Eligible,Not Eligible
18979,Walt Terrell,Not Inducted,Not Inducted
19079,Walt Thomas,Not Eligible,Not Eligible
19329,Walt Tragesser,Not Eligible,Not Eligible
19969,Walt Walker,Not Eligible,Not Eligible
20024,Walt Walsh,Not Eligible,Not Eligible
20252,Walt Weiss,Not Inducted,Not Inducted
20479,Walt Whittaker,Not Eligible,Not Eligible
20634,Walt Williams,Not Inducted,Not Inducted
20671,Walt Wilmot,Not Inducted,Not Inducted
20933,Walt Woods,Not Eligible,Not Eligible
307,Walter Alston,Not Eligible,Not Eligible
368,Walter Ancker,Not Eligible,Not Eligible
425,Walter Anderson,Not Eligible,Not Eligible
858,Walter Barbare,Not Eligible,Not Eligible
1128,Walter Beall,Not Eligible,Not Eligible
1405,Walter Bernhardt,Not Eligible,Not Eligible
1603,Walter Blair,Not Eligible,Not Eligible
2322,Walter Brown,Not Eligible,Not Eligible
2919,Walter Carlisle,Not Eligible,Not Eligible
3337,Walter Christensen,Not Eligible,Not Eligible
3472,Walter Clarkson,Not Eligible,Not Eligible
3630,Walter Coleman,Not Eligible,Not Eligible
4254,Walter Curley,Not Eligible,Not Eligible
6015,Walter Fisher,Not Eligible,Not Eligible
7637,Walter Hackett,Not Eligible,Not Eligible
8473,Walter Hewett,Not Eligible,Not Eligible
8528,Walter Hilcher,Not Eligible,Not Eligible
8723,Walter Holke,Not Inducted,Not Inducted
9312,Walter Jantzen,Not Eligible,Not Eligible
9540,Walter Johnson,Inducted,Inducted
9855,Walter Keating,Not Eligible,Not Eligible
11242,Walter Lonergan,Not Eligible,Not Eligible
13406,Walter Morris,Not Eligible,Not Eligible
13446,Walter Moser,Not Eligible,Not Eligible
13507,Walter Mueller,Not Eligible,Not Eligible
13632,Walter Murphy,Not Eligible,Not Eligible
14267,Walter O'Malley,Not Eligible,Not Eligible
14122,Walter Ockey,Not Eligible,Not Eligible
14832,Walter Pennington,Not Eligible,Not Eligible
15215,Walter Plock,Not Eligible,Not Eligible
15416,Walter Prince,Not Eligible,Not Eligible
17011,Walter Schaller,Not Eligible,Not Eligible
17096,Walter Schmidt,Not Inducted,Not Inducted
17342,Walter Sessi,Not Eligible,Not Eligible
17614,Walter Signer,Not Eligible,Not Eligible
17623,Walter Silva,Not Eligible,Not Eligible
18368,Walter Stephenson,Not Eligible,Not Eligible
18824,Walter Tappan,Not Eligible,Not Eligible
18987,Walter Terry,Not Eligible,Not Eligible
19150,Walter Thornton,Not Eligible,Not Eligible
20160,Walter Watson,Not Eligible,Not Eligible
20750,Walter Wilson,Not Eligible,Not Eligible
20857,Walter Wolf,Not Eligible,Not Eligible
21154,Walter Young,Not Eligible,Not Eligible
21242,Walter Zink,Not Eligible,Not Eligible
4172,Walton Cruise,Not Inducted,Not Inducted
6285,Wander Franco,Not Eligible,Not Eligible
18607,Wander Suero,Not Eligible,Not Eligible
14855,Wandy Peralta,Not Eligible,Not Eligible
16333,Wandy Rodriguez,Not Inducted,Not Inducted
16856,War Sanders,Not Eligible,Not Eligible
13022,Ward Miller,Not Eligible,Not Eligible
11594,Warner Madrigal,Not Eligible,Not Eligible
1729,Warren Bogle,Not Eligible,Not Eligible
2375,Warren Brusstar,Not Eligible,Not Eligible
4106,Warren Cromartie,Not Inducted,Not Inducted
6038,Warren Fitzgerald,Not Eligible,Not Eligible
6901,Warren Giles,Not Eligible,Not Eligible
6913,Warren Gill,Not Eligible,Not Eligible
7633,Warren Hacker,Not Inducted,Not Inducted
9113,Warren Huston,Not Eligible,Not Eligible
12562,Warren McLaughlin,Not Eligible,Not Eligible
13023,Warren Miller,Not Eligible,Not Eligible
13407,Warren Morris,Not Eligible,Not Eligible
13888,Warren Newson,Not Eligible,Not Eligible
17384,Warren Shanabrook,Not Eligible,Not Eligible
18099,Warren Spahn,Inducted,Inducted
20441,Warren White,Not Eligible,Not Eligible
16944,Warwick Saupold,Not Eligible,Not Eligible
17337,Wascar Serrano,Not Eligible,Not Eligible
20635,Wash Williams,Not Eligible,Not Eligible
6452,Washington Fulmer,Not Eligible,Not Eligible
2530,Watch Burnham,Not Eligible,Not Eligible
3444,Watson Clark,Not Inducted,Not Inducted
8759,Wattie Holm,Not Eligible,Not Eligible
4602,Wayland Dean,Not Eligible,Not Eligible
357,Wayne Ambler,Not Eligible,Not Eligible
1233,Wayne Belardi,Not Eligible,Not Eligible
2713,Wayne Cage,Not Eligible,Not Eligible
3142,Wayne Causey,Not Inducted,Not Inducted
3694,Wayne Comer,Not Eligible,Not Eligible
5421,Wayne Edwards,Not Eligible,Not Eligible
6301,Wayne Franklin,Not Eligible,Not Eligible
6669,Wayne Garland,Not Eligible,Not Eligible
6687,Wayne Garrett,Not Inducted,Not Inducted
7071,Wayne Gomes,Not Eligible,Not Eligible
7271,Wayne Graham,Not Eligible,Not Eligible
7282,Wayne Granger,Not Eligible,Not Eligible
7483,Wayne Gross,Not Inducted,Not Inducted
8884,Wayne Housie,Not Eligible,Not Eligible
10169,Wayne Kirby,Not Eligible,Not Eligible
10437,Wayne Krenchicki,Not Eligible,Not Eligible
10594,Wayne LaMaster,Not Eligible,Not Eligible
12568,Wayne McLeland,Not Eligible,Not Eligible
14010,Wayne Nordhagen,Not Eligible,Not Eligible
14377,Wayne Osborne,Not Eligible,Not Eligible
15764,Wayne Redmond,Not Eligible,Not Eligible
16514,Wayne Rosenthal,Not Eligible,Not Eligible
17181,Wayne Schurr,Not Eligible,Not Eligible
17660,Wayne Simpson,Not Eligible,Not Eligible
18991,Wayne Terwilliger,Not Eligible,Not Eligible
19238,Wayne Tolleson,Not Inducted,Not Inducted
19466,Wayne Twitchell,Not Inducted,Not Inducted
19481,Wayne Tyrone,Not Eligible,Not Eligible
17170,Webb Schultz,Not Eligible,Not Eligible
3466,Webbo Clarke,Not Eligible,Not Eligible
6693,Webster Garrison,Not Eligible,Not Eligible
12374,Webster McDonald,Not Eligible,Not Eligible
16116,Webster Rivas,Not Eligible,Not Eligible
11992,Wedo Martini,Not Eligible,Not Eligible
8950,Wei-Chieh Huang,Not Eligible,Not Eligible
20050,Wei-Chung Wang,Not Eligible,Not Eligible
3281,Wei-Yin Chen,Not Eligible,Not Eligible
6717,Welcome Gaston,Not Eligible,Not Eligible
19970,Welday Walker,Not Eligible,Not Eligible
1919,Weldon Bowlin,Not Eligible,Not Eligible
8284,Weldon Henley,Not Eligible,Not Eligible
20338,Weldon West,Not Eligible,Not Eligible
21022,Weldon Wyckoff,Not Eligible,Not Eligible
3099,Welington Castillo,Not Inducted,Not Inducted
14913,Wenceel Pérez,Not Eligible,Not Eligible
11606,Wendell Magee,Not Eligible,Not Eligible
6184,Wenty Ford,Not Eligible,Not Eligible
843,Wes Bankston,Not Eligible,Not Eligible
1320,Wes Benjamin,Not Eligible,Not Eligible
1673,Wes Blogg,Not Eligible,Not Eligible
3204,Wes Chamberlain,Not Eligible,Not Eligible
3976,Wes Covington,Not Inducted,Not Inducted
4266,Wes Curry,Not Eligible,Not Eligible
5888,Wes Ferrell,Not Inducted,Not Inducted
6020,Wes Fisler,Not Eligible,Not Eligible
6120,Wes Flowers,Not Eligible,Not Eligible
6661,Wes Gardner,Not Eligible,Not Eligible
8233,Wes Helms,Not Inducted,Not Inducted
10134,Wes Kingdon,Not Eligible,Not Eligible
11152,Wes Littleton,Not Eligible,Not Eligible
11159,Wes Livengood,Not Eligible,Not Eligible
14091,Wes Obermueller,Not Eligible,Not Eligible
14599,Wes Parker,Not Eligible,Not Eligible
14634,Wes Parsons,Not Eligible,Not Eligible
17151,Wes Schulmerich,Not Eligible,Not Eligible
18437,Wes Stock,Not Eligible,Not Eligible
20348,Wes Westrum,Not Inducted,Not Inducted
20388,Wes Whisler,Not Eligible,Not Eligible
2756,Wese Callahan,Not Eligible,Not Eligible
21009,Wesley Wright,Not Eligible,Not Eligible
20751,Weston Wilson,Not Eligible,Not Eligible
5059,Whammy Douglas,Not Eligible,Not Eligible
4684,Wheezer Dell,Not Eligible,Not Eligible
12806,Whit Merrifield,Not Eligible,Not Eligible
21021,Whit Wyatt,Not Inducted,Not Inducted
303,Whitey Alpermann,Not Eligible,Not Eligible
6185,Whitey Ford,Inducted,Inducted
6860,Whitey Gibson,Not Eligible,Not Eligible
6991,Whitey Glazner,Not Eligible,Not Eligible
7539,Whitey Guese,Not Eligible,Not Eligible
8454,Whitey Herzog,Not Eligible,Not Eligible
10515,Whitey Kurowski,Not Eligible,Not Eligible
11197,Whitey Lockman,Not Inducted,Not Inducted
13024,Whitey Miller,Not Eligible,Not Eligible
13289,Whitey Moore,Not Eligible,Not Eligible
14121,Whitey Ock,Not Eligible,Not Eligible
15206,Whitey Platt,Not Eligible,Not Eligible
16109,Whitey Ritterson,Not Eligible,Not Eligible
20503,Whitey Wietelmann,Not Eligible,Not Eligible
20819,Whitey Wistert,Not Eligible,Not Eligible
20835,Whitey Witt,Not Inducted,Not Inducted
17941,Wib Smith,Not Eligible,Not Eligible
12201,Wickey McAvoy,Not Eligible,Not Eligible
3766,Wid Conroy,Not Inducted,Not Inducted
12083,Wid Matthews,Not Eligible,Not Eligible
7144,Wiki Gonzalez,Not Eligible,Not Eligible
3877,Wil Cordero,Not Inducted,Not Inducted
4160,Wil Crowe,Not Eligible,Not Eligible
4229,Wil Culmer,Not Eligible,Not Eligible
10829,Wil Ledezma,Not Eligible,Not Eligible
13704,Wil Myers,Not Eligible,Not Eligible
13952,Wil Nieves,Not Inducted,Not Inducted
16241,Wilbert Robinson,Inducted,Inducted
3845,Wilbur Cooper,Not Inducted,Not Inducted
6016,Wilbur Fisher,Not Eligible,Not Eligible
7151,Wilbur Good,Not Inducted,Not Inducted
8914,Wilbur Howard,Not Eligible,Not Eligible
13584,Wilbur Murdoch,Not Eligible,Not Eligible
20908,Wilbur Wood,Not Inducted,Not Inducted
13290,Wilcy Moore,Not Eligible,Not Eligible
11413,Wild Bill Luhrsen,Not Eligible,Not Eligible
20493,Wild Bill Widner,Not Eligible,Not Eligible
4522,Wiley Davis,Not Eligible,Not Eligible
5239,Wiley Dunham,Not Eligible,Not Eligible
15088,Wiley Piatt,Not Eligible,Not Eligible
18927,Wiley Taylor,Not Eligible,Not Eligible
1846,Wilfredo Boscan,Not Eligible,Not Eligible
16334,Wilfredo Rodriguez,Not Eligible,Not Eligible
18945,Wilfredo Tejada,Not Eligible,Not Eligible
19308,Wilfredo Tovar,Not Eligible,Not Eligible
16490,Wilin Rosario,Not Eligible,Not Eligible
3100,Wilkin Castillo,Not Eligible,Not Eligible
15634,Wilkin Ramirez,Not Eligible,Not Eligible
16593,Wilkin Ruan,Not Eligible,Not Eligible
16335,Wilking Rodriguez,Not Eligible,Not Eligible
1342,Will Benson,Not Eligible,Not Eligible
2091,Will Brennan,Not Eligible,Not Eligible
2370,Will Brunson,Not Eligible,Not Eligible
2741,Will Calihan,Not Eligible,Not Eligible
3445,Will Clark,Not Inducted,Not Inducted
4023,Will Craig,Not Eligible,Not Eligible
4241,Will Cunnane,Not Eligible,Not Eligible
6151,Will Foley,Not Eligible,Not Eligible
7925,Will Harridge,Not Eligible,Not Eligible
7970,Will Harris,Not Eligible,Not Eligible
8731,Will Holland,Not Eligible,Not Eligible
10208,Will Klein,Not Eligible,Not Eligible
10322,Will Koenigsmark,Not Eligible,Not Eligible
12391,Will McEnaney,Not Eligible,Not Eligible
12889,Will Middlebrooks,Not Eligible,Not Eligible
14188,Will Ohman,Not Inducted,Not Inducted
14835,Will Pennyfeather,Not Eligible,Not Eligible
15963,Will Rhymes,Not Eligible,Not Eligible
16962,Will Sawyer,Not Eligible,Not Eligible
17769,Will Smalley,Not Eligible,Not Eligible
17943,Will Smith,Not Eligible,Not Eligible
17942,Will Smith,Not Eligible,Not Eligible
19132,Will Thompson,Not Eligible,Not Eligible
19723,Will Venable,Not Eligible,Not Eligible
19759,Will Vest,Not Eligible,Not Eligible
19893,Will Wagner,Not Eligible,Not Eligible
20103,Will Warren,Not Eligible,Not Eligible
20442,Will White,Not Inducted,Not Inducted
21031,Will Wynne,Not Eligible,Not Eligible
2323,Willard Brown,Not Eligible,Not Eligible
8447,Willard Hershberger,Not Eligible,Not Eligible
9084,Willard Hunter,Not Eligible,Not Eligible
11663,Willard Mains,Not Eligible,Not Eligible
11878,Willard Marshall,Not Inducted,Not Inducted
13977,Willard Nixon,Not Eligible,Not Eligible
17097,Willard Schmidt,Not Eligible,Not Eligible
3127,Willi Castro,Not Eligible,Not Eligible
861,William Barbeau,Not Eligible,Not Eligible
1275,William Bell,Not Eligible,Not Eligible
1386,William Bergolla,Not Eligible,Not Eligible
1444,William Bestick,Not Eligible,Not Eligible
2092,William Brennan,Not Eligible,Not Eligible
2324,William Brown,Not Eligible,Not Eligible
2515,William Burke,Not Eligible,Not Eligible
3467,William Clarke,Not Inducted,Not Inducted
3778,William Contreras,Not Eligible,Not Eligible
3821,William Coon,Not Eligible,Not Eligible
4217,William Cuevas,Not Eligible,Not Eligible
5143,William Drew,Not Eligible,Not Eligible
5531,William Emmerich,Not Eligible,Not Eligible
5986,William Fischer,Not Eligible,Not Eligible
6186,William Ford,Not Eligible,Not Eligible
6527,William Gallagher,Not Eligible,Not Eligible
8813,William Hoover,Not Eligible,Not Eligible
8879,William Houseman,Not Eligible,Not Eligible
9032,William Hulbert,Not Eligible,Not Eligible
9132,William Hyndman,Not Eligible,Not Eligible
9541,William Johnson,Not Eligible,Not Eligible
10153,William Kinsler,Not Eligible,Not Eligible
10544,William Lackey,Not Eligible,Not Eligible
11322,William Louden,Not Eligible,Not Eligible
11585,William Madigan,Not Eligible,Not Eligible
11853,William Marriott,Not Eligible,Not Eligible
12084,William Matthews,Not Eligible,Not Eligible
12256,William McCarthy,Not Eligible,Not Eligible
12563,William McLaughlin,Not Eligible,Not Eligible
12847,William Metzig,Not Eligible,Not Eligible
13730,William Nance,Not Eligible,Not Eligible
14070,William Nusz,Not Eligible,Not Eligible
14628,William Parson,Not Eligible,Not Eligible
15132,William Pierson,Not Eligible,Not Eligible
15905,William Rexter,Not Eligible,Not Eligible
16242,William Robinson,Not Inducted,Not Inducted
16634,William Rumler,Not Eligible,Not Eligible
18278,William Starr,Not Eligible,Not Eligible
18296,William Stecher,Not Eligible,Not Eligible
18322,William Stein,Not Eligible,Not Eligible
18608,William Suero,Not Eligible,Not Eligible
18658,William Sullivan,Not Eligible,Not Eligible
19645,William VanLandingham,Not Eligible,Not Eligible
20934,William Woods,Not Eligible,Not Eligible
21203,William Zay,Not Eligible,Not Eligible
9379,Williams Jerez,Not Eligible,Not Eligible
14909,Williams Perez,Not Eligible,Not Eligible
592,Willians Astudillo,Not Eligible,Not Eligible
109,Willie Adams,Not Eligible,Not Eligible
108,Willie Adams,Not Eligible,Not Eligible
152,Willie Aikens,Not Eligible,Not Eligible
841,Willie Banks,Not Eligible,Not Eligible
1604,Willie Blair,Not Inducted,Not Inducted
1679,Willie Bloomquist,Not Inducted,Not Inducted
2738,Willie Calhoun,Not Eligible,Not Eligible
2836,Willie Canate,Not Eligible,Not Eligible
3446,Willie Clark,Not Eligible,Not Eligible
3640,Willie Collazo,Not Eligible,Not Eligible
4057,Willie Crawford,Not Inducted,Not Inducted
4523,Willie Davis,Not Inducted,Not Inducted
5711,Willie Eyre,Not Eligible,Not Eligible
6307,Willie Fraser,Not Eligible,Not Eligible
6677,Willie Garoni,Not Eligible,Not Eligible
7375,Willie Greene,Not Eligible,Not Eligible
7971,Willie Harris,Not Inducted,Not Inducted
8400,Willie Hernandez,Not Inducted,Not Inducted
8697,Willie Hogan,Not Eligible,Not Eligible
8846,Willie Horton,Not Inducted,Not Inducted
9376,Willie Jensen,Not Eligible,Not Eligible
9664,Willie Jones,Not Inducted,Not Inducted
9780,Willie Kamm,Not Inducted,Not Inducted
9866,Willie Keeler,Inducted,Inducted
10176,Willie Kirkland,Not Eligible,Not Eligible
11371,Willie Lozado,Not Eligible,Not Eligible
11395,Willie Ludolph,Not Eligible,Not Eligible
11988,Willie Martinez,Not Eligible,Not Eligible
12167,Willie Mays,Inducted,Inducted
12314,Willie McCovey,Inducted,Inducted
12425,Willie McGee,Not Inducted,Not Inducted
12435,Willie McGill,Not Eligible,Not Eligible
13047,Willie Mills,Not Eligible,Not Eligible
13119,Willie Mitchell,Not Inducted,Not Inducted
13198,Willie Montanez,Not Inducted,Not Inducted
13305,Willie Morales,Not Eligible,Not Eligible
13508,Willie Mueller,Not Eligible,Not Eligible
13633,Willie Murphy,Not Eligible,Not Eligible
14039,Willie Norwood,Not Eligible,Not Eligible
15370,Willie Prall,Not Eligible,Not Eligible
15653,Willie Ramsdell,Not Eligible,Not Eligible
15670,Willie Randolph,Not Inducted,Not Inducted
16588,Willie Royster,Not Eligible,Not Eligible
17945,Willie Smith,Not Eligible,Not Eligible
17944,Willie Smith,Not Eligible,Not Eligible
18268,Willie Stargell,Inducted,Inducted
18606,Willie Sudhoff,Not Inducted,Not Inducted
18835,Willie Tasby,Not Eligible,Not Eligible
19523,Willie Upshaw,Not Inducted,Not Inducted
20291,Willie Wells,Not Eligible,Not Eligible
20752,Willie Wilson,Not Inducted,Not Inducted
3609,Willis Cole,Not Eligible,Not Eligible
8969,Willis Hudlin,Not Inducted,Not Inducted
14404,Willis Otanez,Not Eligible,Not Eligible
16183,Willis Roberts,Not Eligible,Not Eligible
21024,Willis Wyman,Not Eligible,Not Eligible
3779,Willson Contreras,Not Eligible,Not Eligible
71,Willy Adames,Not Eligible,Not Eligible
660,Willy Aybar,Not Eligible,Not Eligible
5904,Willy Fetzer,Not Eligible,Not Eligible
6634,Willy Garcia,Not Eligible,Not Eligible
13091,Willy Miranda,Not Eligible,Not Eligible
18868,Willy Taveras,Not Eligible,Not Eligible
20753,Willy Wilson,Not Eligible,Not Eligible
4876,Wilmer Difo,Not Eligible,Not Eligible
6111,Wilmer Flores,Not Eligible,Not Eligible
6157,Wilmer Font,Not Eligible,Not Eligible
343,Wilson Alvarez,Not Inducted,Not Inducted
1450,Wilson Betemit,Not Inducted,Not Inducted
3668,Wilson Collins,Not Eligible,Not Eligible
4680,Wilson Delgado,Not Eligible,Not Eligible
8335,Wilson Heredia,Not Eligible,Not Eligible
15651,Wilson Ramos,Not Eligible,Not Eligible
19582,Wilson Valdez,Not Eligible,Not Eligible
7536,Wilton Guerrero,Not Eligible,Not Eligible
11310,Wilton Lopez,Not Eligible,Not Eligible
19735,Wilton Veras,Not Eligible,Not Eligible
14819,Wily Mo Peña,Not Eligible,Not Eligible
14856,Wily Peralta,Not Eligible,Not Eligible
43,Wilyer Abreu,Not Eligible,Not Eligible
15527,Wimpy Quinn,Not Eligible,Not Eligible
820,Win Ballou,Not Eligible,Not Eligible
3447,Win Clark,Not Eligible,Not Eligible
9922,Win Kellum,Not Eligible,Not Eligible
12797,Win Mercer,Not Eligible,Not Eligible
14050,Win Noyes,Not Eligible,Not Eligible
15864,Win Remmerswaal,Not Eligible,Not Eligible
12229,Windy McCall,Not Eligible,Not Eligible
426,Wingo Anderson,Not Eligible,Not Eligible
44,Winston Abreu,Not Eligible,Not Eligible
11167,Winston Llenas,Not Eligible,Not Eligible
2850,Wirt Cannell,Not Eligible,Not Eligible
5433,Wish Egan,Not Eligible,Not Eligible
807,Wladimir Balentien,Not Eligible,Not Eligible
6418,Woodie Fryman,Not Inducted,Not Inducted
8220,Woodie Held,Not Inducted,Not Inducted
28,Woody Abernathy,Not Eligible,Not Eligible
4168,Woody Crowson,Not Eligible,Not Eligible
4524,Woody Davis,Not Eligible,Not Eligible
5553,Woody English,Not Inducted,Not Inducted
9377,Woody Jensen,Not Eligible,Not Eligible
11659,Woody Main,Not Eligible,Not Eligible
15979,Woody Rich,Not Eligible,Not Eligible
19517,Woody Upchurch,Not Eligible,Not Eligible
19874,Woody Wagenhorst,Not Eligible,Not Eligible
20365,Woody Wheaton,Not Eligible,Not Eligible
20636,Woody Williams,Not Inducted,Not Inducted
20637,Woody Williams,Not Eligible,Not Eligible
20942,Woody Woodward,Not Eligible,Not Eligible
10660,Wyatt Langford,Not Eligible,Not Eligible
10866,Wyatt Lee,Not Eligible,Not Eligible
12055,Wyatt Mathisen,Not Eligible,Not Eligible
13048,Wyatt Mills,Not Eligible,Not Eligible
19269,Wyatt Toregas,Not Eligible,Not Eligible
452,Wyman Andrus,Not Eligible,Not Eligible
8094,Wynn Hawkins,Not Eligible,Not Eligible
1399,Wynton Bernard,Not Eligible,Not Eligible
1720,Xander Bogaerts,Not Eligible,Not Eligible
644,Xavier Avery,Not Eligible,Not Eligible
3167,Xavier Cedeno,Not Eligible,Not Eligible
5422,Xavier Edwards,Not Eligible,Not Eligible
8401,Xavier Hernandez,Not Inducted,Not Inducted
13710,Xavier Nady,Not Inducted,Not Inducted
14703,Xavier Paul,Not Eligible,Not Eligible
15888,Xavier Rescigno,Not Eligible,Not Eligible
17244,Xavier Scruggs,Not Eligible,Not Eligible
4267,Xzavion Curry,Not Eligible,Not Eligible
16087,Yacksel Rios,Not Eligible,Not Eligible
8402,Yadiel Hernandez,Not Eligible,Not Eligible
16133,Yadiel Rivera,Not Eligible,Not Eligible
13161,Yadier Molina,Not Eligible,Not Eligible
4834,Yainer Diaz,Not Eligible,Not Eligible
13569,Yairo Munoz,Not Eligible,Not Eligible
13634,Yale Murphy,Not Eligible,Not Eligible
21056,Yam Yaryan,Not Eligible,Not Eligible
13771,Yamaico Navarro,Not Eligible,Not Eligible
7618,Yamid Haad,Not Eligible,Not Eligible
1317,Yamil Benitez,Not Eligible,Not Eligible
7072,Yan Gomes,Not Eligible,Not Eligible
4835,Yandy Diaz,Not Eligible,Not Eligible
18035,Yangervis Solarte,Not Eligible,Not Eligible
18988,Yank Terry,Not Eligible,Not Eligible
16341,Yariel Rodríguez,Not Eligible,Not Eligible
15451,Yasiel Puig,Not Eligible,Not Eligible
7278,Yasmani Grandal,Not Eligible,Not Eligible
19244,Yasmany Tomas,Not Eligible,Not Eligible
21037,Yasuhiko Yabuta,Not Eligible,Not Eligible
21016,Yats Wuestling,Not Eligible,Not Eligible
14910,Yefri Perez,Not Eligible,Not Eligible
15635,Yefry Ramirez,Not Eligible,Not Eligible
290,Yency Almonte,Not Eligible,Not Eligible
2858,Yennier Cano,Not Eligible,Not Eligible
4836,Yennsy Diaz,Not Eligible,Not Eligible
12792,Yermin Mercedes,Not Eligible,Not Eligible
4582,Yerry De Los Santos,Not Eligible,Not Eligible
16336,Yerry Rodriguez,Not Eligible,Not Eligible
2067,Yhency Brazoban,Not Eligible,Not Eligible
985,Yhonathan Barrios,Not Eligible,Not Eligible
4838,Yilber Díaz,Not Eligible,Not Eligible
6635,Yimi Garcia,Not Eligible,Not Eligible
14460,Yip Owens,Not Eligible,Not Eligible
11311,Yoan Lopez,Not Eligible,Not Eligible
13176,Yoan Moncada,Not Eligible,Not Eligible
8403,Yoel Hernandez,Not Eligible,Not Eligible
7089,Yoendrys Gómez,Not Eligible,Not Eligible
3183,Yoenis Cespedes,Not Eligible,Not Eligible
12689,Yoervis Medina,Not Eligible,Not Eligible
1410,Yogi Berra,Inducted,Inducted
6060,Yohan Flande,Not Eligible,Not Eligible
15165,Yohan Pino,Not Eligible,Not Eligible
15636,Yohan Ramirez,Not Eligible,Not Eligible
12761,Yohander Mendez,Not Eligible,Not Eligible
19602,Yohanny Valera,Not Eligible,Not Eligible
15368,Yohel Pozo,Not Eligible,Not Eligible
4544,Yonathan Daza,Not Eligible,Not Eligible
298,Yonder Alonso,Not Inducted,Not Inducted
3310,Yonny Chirinos,Not Eligible,Not Eligible
8404,Yonny Hernandez,Not Eligible,Not Eligible
344,Yordan Alvarez,Not Eligible,Not Eligible
19731,Yordano Ventura,Not Eligible,Not Eligible
14911,Yorkis Perez,Not Eligible,Not Eligible
1122,Yorman Bazardo,Not Eligible,Not Eligible
16337,Yorman Rodriguez,Not Eligible,Not Eligible
19279,Yorvit Torrealba,Not Inducted,Not Inducted
19409,Yoshi Tsutsugo,Not Eligible,Not Eligible
8610,Yoshihisa Hirano,Not Eligible,Not Eligible
21044,Yoshinobu Yamamoto,Not Eligible,Not Eligible
18846,Yoshinori Tateyama,Not Eligible,Not Eligible
8429,Yoslan Herrera,Not Eligible,Not Eligible
21261,Yosver Zulueta,Not Eligible,Not Eligible
9542,Youngy Johnson,Not Eligible,Not Eligible
6528,Yovani Gallardo,Not Inducted,Not Inducted
10686,Yovanny Lara,Not Eligible,Not Eligible
3223,Yu Chang,Not Eligible,Not Eligible
4398,Yu Darvish,Not Eligible,Not Eligible
12071,Yuki Matsui,Not Eligible,Not Eligible
7578,Yuli Gurriel,Not Eligible,Not Eligible
5615,Yunel Escobar,Not Inducted,Not Inducted
12145,Yunesky Maya,Not Eligible,Not Eligible
1448,Yuniesky Betancourt,Not Eligible,Not Eligible
11893,Yunior Marte,Not Eligible,Not Eligible
4546,Yurendell de Caster,Not Eligible,Not Eligible
10074,Yusei Kikuchi,Not Eligible,Not Eligible
14992,Yusmeiro Petit,Not Eligible,Not Eligible
4837,Yusniel Diaz,Not Eligible,Not Eligible
18928,Z. H. Taylor,Not Eligible,Not Eligible
4279,Zac Curtis,Not Eligible,Not Eligible
6532,Zac Gallen,Not Eligible,Not Eligible
7492,Zac Grotz,Not Eligible,Not Eligible
10449,Zac Kristofak,Not Eligible,Not Eligible
11369,Zac Lowther,Not Eligible,Not Eligible
15843,Zac Reininger,Not Eligible,Not Eligible
16534,Zac Rosscup,Not Eligible,Not Eligible
1965,Zach Braddock,Not Eligible,Not Eligible
2389,Zach Brzykcy,Not Eligible,Not Eligible
3448,Zach Clark,Not Eligible,Not Eligible
4148,Zach Crouch,Not Eligible,Not Eligible
4446,Zach Davies,Not Eligible,Not Eligible
4540,Zach Day,Not Eligible,Not Eligible
4689,Zach DeLoach,Not Eligible,Not Eligible
4800,Zach Dezenzo,Not Eligible,Not Eligible
5211,Zach Duke,Not Inducted,Not Inducted
5426,Zach Eflin,Not Eligible,Not Eligible
7283,Zach Granite,Not Eligible,Not Eligible
7358,Zach Green,Not Eligible,Not Eligible
9246,Zach Jackson,Not Eligible,Not Eligible
9247,Zach Jackson,Not Eligible,Not Eligible
10454,Zach Kroenke,Not Eligible,Not Eligible
10867,Zach Lee,Not Eligible,Not Eligible
11218,Zach Logue,Not Eligible,Not Eligible
11451,Zach Lutz,Not Eligible,Not Eligible
12187,Zach McAllister,Not Eligible,Not Eligible
12280,Zach McClellan,Not Eligible,Not Eligible
12539,Zach McKinstry,Not Eligible,Not Eligible
13069,Zach Miner,Not Eligible,Not Eligible
13193,Zach Monroe,Not Eligible,Not Eligible
13497,Zach Muckenhirn,Not Eligible,Not Eligible
13783,Zach Neal,Not Eligible,Not Eligible
13843,Zach Neto,Not Eligible,Not Eligible
14836,Zach Penrod,Not Eligible,Not Eligible
15081,Zach Phillips,Not Eligible,Not Eligible
15211,Zach Plesac,Not Eligible,Not Eligible
15276,Zach Pop,Not Eligible,Not Eligible
15475,Zach Putnam,Not Eligible,Not Eligible
15859,Zach Reks,Not Eligible,Not Eligible
15862,Zach Remillard,Not Eligible,Not Eligible
18058,Zach Sorensen,Not Eligible,Not Eligible
18413,Zach Stewart,Not Eligible,Not Eligible
19133,Zach Thompson,Not Eligible,Not Eligible
19793,Zach Vincej,Not Eligible,Not Eligible
20039,Zach Walters,Not Eligible,Not Eligible
2177,Zack Britton,Not Eligible,Not Eligible
2473,Zack Burdi,Not Eligible,Not Eligible
3669,Zack Collins,Not Eligible,Not Eligible
4006,Zack Cozart,Not Eligible,Not Eligible
6767,Zack Gelof,Not Eligible,Not Eligible
7030,Zack Godley,Not Eligible,Not Eligible
7401,Zack Greinke,Not Eligible,Not Eligible
9961,Zack Kelly,Not Eligible,Not Eligible
11137,Zack Littell,Not Eligible,Not Eligible
17284,Zack Segovia,Not Eligible,Not Eligible
17568,Zack Short,Not Eligible,Not Eligible
18929,Zack Taylor,Not Inducted,Not Inducted
19134,Zack Thompson,Not Eligible,Not Eligible
20253,Zack Weiss,Not Eligible,Not Eligible
20363,Zack Wheat,Inducted,Inducted
20377,Zack Wheeler,Not Eligible,Not Eligible
17529,Zak Shinall,Not Eligible,Not Eligible
17946,Zane Smith,Not Inducted,Not Inducted
8037,Zaza Harvey,Not Eligible,Not Eligible
5363,Zeb Eaton,Not Eligible,Not Eligible
18989,Zeb Terry,Not Eligible,Not Eligible
12085,Zebby Matthews,Not Eligible,Not Eligible
1276,Zeke Bella,Not Eligible,Not Eligible
1796,Zeke Bonura,Not Eligible,Not Eligible
18192,Zeke Spruill,Not Eligible,Not Eligible
20754,Zeke Wilson,Not Eligible,Not Eligible
21012,Zeke Wrigley,Not Eligible,Not Eligible
20378,Zelous Wheeler,Not Eligible,Not Eligible
8039,Ziggy Hasbrook,Not Eligible,Not Eligible
1180,Zinn Beck,Not Eligible,Not Eligible
3670,Zip Collins,Not Eligible,Not Eligible
21170,Zip Zabel,Not Eligible,Not Eligible
291,Zoilo Almonte,Not Eligible,Not Eligible
19754,Zoilo Versalles,Not Inducted,Not Inducted
